Player,Nation,Position,Squad,Age,Born,Matches Played,Starts,Minutes Played,90s,Goals Scored,Assists,Goals + Assists,Non-Penalty Goals,Penalty Goals,Penalty Attempts,Yellow Card,Red Cards,Gls/90,Ast/90,G+A /90,G-PK /90,G+A-PK /90,multi_club_season,Season,season_start_year,prev_ga90,career_seasons_so_far,cum_minutes,minutes_prev_season,minutes_trend,ga90_ewm,ga90_prev_season,ga90_2_seasons_ago,age_sq,matches,avg_possession,avg_shots_for,avg_sot_for,avg_shots_against,goals_for,goals_against,shot_share,target_next_ga90,target_next_90s,target_season,has_target,forecast_2627_ga90,forecast_2627_p10,forecast_2627_p50,forecast_2627_p90,forecast_delta,early_2627_90s,early_2627_ga90
Aaron Hickey,Scotland,"DF,MF",Brentford,23,2002,21,8,691,7.7,0,0,0,0,0,0,1,0,0.0,0.0,0.0,0.0,0.0,False,2025-26,2025,0.0,3,3320,713.0,-22.0,0.0052164840897235,0.0,0.0469483568075117,529,38.0,47.5,10.657894736842104,3.8684210526315783,13.263157894736842,55.0,52.0,0.4455445544554455,,,,False,0.07599230289645989,0.0,0.0721692159696037,0.22615034900755315,0.07599230289645989,1.5,0.0
Aaron Ramsdale,England,GK,Newcastle,27,1998,12,11,1004,11.2,0,0,0,0,0,0,2,0,0.0,0.0,0.0,0.0,0.0,False,2025-26,2025,0.0,5,10724,2700.0,-1696.0,0.0,0.0,0.0,729,38.0,52.47368421052632,12.947368421052632,4.631578947368421,12.342105263157896,53.0,55.0,0.5119667013527576,,,,False,0.0044742246295780205,0.0,0.004103991251489908,0.021573492139106375,0.0044742246295780205,,
Aaron Wan-Bissaka,DR Congo,"DF,MF",West Ham,27,1997,25,23,2081,23.1,0,2,2,0,0,0,4,0,0.0,0.0865800865800865,0.0865800865800865,0.0,0.0865800865800865,False,2025-26,2025,0.0865800865800865,5,10243,3154.0,-1073.0,0.1096467318689541,0.2,0.101010101010101,729,,,,,,,,,,,,False,0.1327115461263009,0.0,0.17424366039575084,0.23356064380389796,0.04613145954621441,1.2,0.0
Abdukodir Khusanov,Uzbekistan,DF,Manchester City,21,2004,21,15,1432,15.9,0,0,0,0,0,0,2,0,0.0,0.0,0.0,0.0,0.0,False,2025-26,2025,0.0,2,1935,503.0,929.0,0.0,0.0,,441,38.0,60.6578947368421,15.657894736842104,5.394736842105263,9.710526315789474,77.0,35.0,0.617219917012448,,,,False,0.0692159524969789,0.0,0.060859169062685424,0.1630022276496145,0.0692159524969789,3.0,0.0
Adam Armstrong,England,"FW,MF",Wolves,28,1997,14,14,1140,12.7,2,2,4,1,1,1,3,0,0.1574803149606299,0.1574803149606299,0.3149606299212598,0.0787401574803149,0.2362204724409448,False,2025-26,2025,0.3149606299212598,4,5136,1248.0,-108.0,0.2983737970032499,0.2877697841726618,0.2027027027027027,784,,,,,,,,,,,,False,0.30214500172169223,0.0,0.3458688310465196,0.5517595995974569,-0.012815628199567553,,
Adam Smith,England,DF,Bournemouth,34,1991,22,14,1077,12.0,0,2,2,0,0,0,3,0,0.0,0.1666666666666666,0.1666666666666666,0.0,0.1666666666666666,False,2025-26,2025,0.1666666666666666,4,7760,1590.0,-513.0,0.1184424094996945,0.0,0.0836820083682008,1156,38.0,50.078947368421055,13.842105263157896,4.684210526315789,12.63157894736842,58.0,54.0,0.5228628230616302,,,,False,0.1786274089945164,0.0,0.09447473679166345,0.22664053509019771,0.0119607423278498,4.0,0.0
Adam Wharton,England,MF,Crystal Palace,21,2004,34,29,2552,28.4,1,5,6,1,0,0,6,1,0.0352112676056338,0.176056338028169,0.2112676056338028,0.0352112676056338,0.2112676056338028,False,2025-26,2025,0.2112676056338028,3,5167,1318.0,1234.0,0.1944346188750974,0.136986301369863,0.2083333333333333,441,38.0,45.89473684210526,11.63157894736842,3.710526315789474,11.710526315789474,41.0,51.0,0.4983089064261555,,,,False,0.28528090899133396,0.0,0.22104886542980778,0.5293313508790826,0.07401330335753115,3.8,0.0
Adrien Truffert,France,DF,Bournemouth,23,2001,38,38,3379,37.5,1,5,6,1,0,0,5,0,0.0266666666666666,0.1333333333333333,0.16,0.0266666666666666,0.16,False,2025-26,2025,0.16,1,3379,,,0.16,,,529,38.0,50.078947368421055,13.842105263157896,4.684210526315789,12.63157894736842,58.0,54.0,0.5228628230616302,,,,False,0.12035398733758883,0.0,0.13799039391805556,0.22363358321923751,-0.039646012662411176,4.0,0.0
Alejandro Garnacho,Argentina,MF,Chelsea,21,2004,24,14,1268,14.1,1,4,5,1,0,0,2,0,0.0709219858156028,0.2836879432624113,0.3546099290780142,0.0709219858156028,0.3546099290780142,False,2025-26,2025,0.3546099290780142,5,6614,2199.0,-931.0,0.3574526737711218,0.3278688524590164,0.3859649122807017,441,38.0,57.73684210526316,13.394736842105264,4.368421052631579,10.947368421052632,58.0,52.0,0.5502702702702702,,,,False,0.38042554306051146,0.0,0.4061505649230173,0.568831079235092,0.025815613982497265,0.4,0.0
Alex Iwobi,Nigeria,MF,Fulham,29,1996,29,29,2419,26.9,4,3,7,4,0,0,3,0,0.1486988847583643,0.1115241635687732,0.2602230483271375,0.1486988847583643,0.2602230483271375,False,2025-26,2025,0.2602230483271375,4,10813,2981.0,-562.0,0.2985199723318278,0.4531722054380664,0.24,841,38.0,51.73684210526316,12.657894736842104,3.631578947368421,11.789473684210526,47.0,51.0,0.5177610333692142,,,,False,0.3760690747273996,0.0,0.3848982416332737,0.4820946341564799,0.11584602640026209,3.8,0.0
Alex Scott,England,MF,Bournemouth,21,2003,37,34,2849,31.7,3,1,4,3,0,0,5,0,0.0946372239747634,0.0315457413249211,0.1261829652996845,0.0946372239747634,0.1261829652996845,False,2025-26,2025,0.1261829652996845,3,4618,755.0,2094.0,0.1037876602489539,0.0,0.1769911504424778,441,38.0,50.078947368421055,13.842105263157896,4.684210526315789,12.63157894736842,58.0,54.0,0.5228628230616302,,,,False,0.15913894593267,0.0,0.12132885514022561,0.44657646664882295,0.03295598063298549,3.9,0.25
Alexander Isak,Sweden,FW,Liverpool,25,1999,14,8,699,7.8,3,1,4,3,0,0,0,0,0.3846153846153846,0.1282051282051282,0.5128205128205129,0.3846153846153846,0.5128205128205129,False,2025-26,2025,0.5128205128205129,4,7232,2756.0,-2057.0,0.6444666902684004,0.9477124183006536,0.9163346613545816,625,38.0,59.31578947368421,15.473684210526317,4.605263157894737,11.447368421052632,63.0,53.0,0.5747800586510264,,,,False,0.6307044546444067,0.0,0.6773372899526995,0.92774247072211,0.11788394182389383,3.7,0.81
Alexis Mac Allister,Argentina,MF,Liverpool,26,1998,37,31,2658,29.5,2,4,6,2,0,0,7,0,0.0677966101694915,0.135593220338983,0.2033898305084746,0.0677966101694915,0.2033898305084746,False,2025-26,2025,0.2033898305084746,5,12865,2599.0,59.0,0.2510101584968792,0.3460207612456747,0.3460207612456747,676,38.0,59.31578947368421,15.473684210526317,4.605263157894737,11.447368421052632,63.0,53.0,0.5747800586510264,,,,False,0.28046159492578304,0.0,0.3077606199417711,0.45824075315450297,0.07707176441730845,2.4,0.0
Alisson,Brazil,GK,Liverpool,32,1992,26,26,2340,26.0,0,0,0,0,0,0,1,0,0.0,0.0,0.0,0.0,0.0,False,2025-26,2025,0.0,5,13938,2508.0,-168.0,0.001010269528788,0.0,0.0,1024,38.0,59.31578947368421,15.473684210526317,4.605263157894737,11.447368421052632,63.0,53.0,0.5747800586510264,,,,False,0.0006636454158723768,0.0,0.008030236594884752,0.007540891562145976,0.0006636454158723768,4.0,0.0
Alphonse Areola,France,GK,West Ham,32,1993,20,20,1800,20.0,0,1,1,0,0,0,0,0,0.0,0.05,0.05,0.0,0.05,False,2025-26,2025,0.05,5,7158,2260.0,-460.0,0.0333333333333333,0.0,0.0,1024,,,,,,,,,,,,False,-0.023264897184619014,0.0,-0.0015595570216324916,-0.00990682338528764,-0.07326489718461901,,
Altay Bayındır,Turkey,GK,Manchester Utd,27,1998,6,6,540,6.0,0,0,0,0,0,0,0,0,0.0,0.0,0.0,0.0,0.0,False,2025-26,2025,0.0,2,900,360.0,180.0,0.0,0.0,,729,38.0,51.92105263157895,15.657894736842104,5.657894736842105,11.578947368421051,69.0,50.0,0.5748792270531401,,,,False,0.027975298015489435,0.0,0.0017796971900094385,0.01797897996070464,0.027975298015489435,,
Amad Diallo,Ivory Coast,MF,Manchester Utd,23,2002,32,27,2341,26.0,2,3,5,2,0,0,2,0,0.0769230769230769,0.1153846153846153,0.1923076923076923,0.0769230769230769,0.1923076923076923,False,2025-26,2025,0.1923076923076923,3,4632,1901.0,440.0,0.3273307389917111,0.6635071090047393,0.4651162790697674,529,38.0,51.92105263157895,15.657894736842104,5.657894736842105,11.578947368421051,69.0,50.0,0.5748792270531401,,,,False,0.3542736002731257,0.0,0.251032780764642,0.6327432288246104,0.16196590796543342,,
Amadou Onana,Belgium,MF,Aston Villa,23,2001,25,21,1758,19.5,2,0,2,2,0,0,3,0,0.1025641025641025,0.0,0.1025641025641025,0.1025641025641025,0.1025641025641025,False,2025-26,2025,0.1025641025641025,4,7954,1617.0,141.0,0.1158245663493039,0.1666666666666666,0.0862068965517241,529,38.0,53.6578947368421,12.710526315789474,4.473684210526316,12.894736842105264,56.0,49.0,0.4964028776978417,,,,False,0.11082863973281859,0.0,0.1496146886936582,0.38140937820495535,0.008264537168716085,,
Amine Adli,Morocco,MF,Bournemouth,25,2000,31,10,1094,12.2,3,1,4,3,0,0,2,0,0.2459016393442623,0.0819672131147541,0.3278688524590164,0.2459016393442623,0.3278688524590164,False,2025-26,2025,0.3278688524590164,1,1094,,,0.3278688524590164,,,625,38.0,50.078947368421055,13.842105263157896,4.684210526315789,12.63157894736842,58.0,54.0,0.5228628230616302,,,,False,0.2471371209178453,0.0,0.2471172511256737,0.501595799197041,-0.08073173154117114,,
Andrey Santos,Brazil,MF,Chelsea,21,2004,27,13,1260,14.0,1,0,1,1,0,0,4,0,0.0714285714285714,0.0,0.0714285714285714,0.0714285714285714,0.0714285714285714,False,2025-26,2025,0.0714285714285714,2,1268,8.0,1252.0,0.0476190476190476,0.0,,441,38.0,57.73684210526316,13.394736842105264,4.368421052631579,10.947368421052632,58.0,52.0,0.5502702702702702,,,,False,0.13733791012813337,0.0,0.11404786548012659,0.3579177300163558,0.06590933869956198,0.9,0.0
André,Brazil,MF,Wolves,24,2001,35,30,2762,30.7,1,0,1,1,0,0,12,0,0.0325732899022801,0.0,0.0325732899022801,0.0325732899022801,0.0325732899022801,False,2025-26,2025,0.0325732899022801,2,5234,2472.0,290.0,0.02171552660152,0.0,,576,,,,,,,,,,,,False,0.14741112450370406,0.0,0.10970188724467891,0.3381647647244198,0.11483783460142395,,
Andy Robertson,Scotland,DF,Liverpool,31,1994,24,11,1176,13.1,1,0,1,1,0,0,0,0,0.0763358778625954,0.0,0.0763358778625954,0.0763358778625954,0.0763358778625954,False,2025-26,2025,0.0763358778625954,5,10471,2482.0,-1306.0,0.0912165456231446,0.036231884057971,0.2659574468085106,961,38.0,59.31578947368421,15.473684210526317,4.605263157894737,11.447368421052632,63.0,53.0,0.5747800586510264,,,,False,0.1370969526190291,0.0,0.11070669790901413,0.1366521557101055,0.060761074756433706,3.1,0.0
Angel Gomes,England,"MF,FW",Wolves,24,2000,12,7,461,5.1,0,0,0,0,0,0,1,0,0.0,0.0,0.0,0.0,0.0,False,2025-26,2025,0.0,1,461,,,0.0,,,576,,,,,,,,,,,,False,0.333617752102749,0.0,0.20155923180951282,0.48665507510217504,0.333617752102749,,
Anthony Elanga,Sweden,"FW,MF",Newcastle,23,2002,32,14,1319,14.7,0,1,1,0,0,0,0,0,0.0,0.0680272108843537,0.0680272108843537,0.0,0.0680272108843537,False,2025-26,2025,0.0680272108843537,5,7893,2501.0,-1182.0,0.2285629994402523,0.6115107913669064,0.5185185185185185,529,38.0,52.47368421052632,12.947368421052632,4.631578947368421,12.342105263157896,53.0,55.0,0.5119667013527576,,,,False,0.3662760764789273,0.0,0.36157844698058367,0.5392976905208698,0.2982488655945736,2.6,0.78
Anthony Gordon,England,FW,Newcastle,24,2001,26,24,1795,19.9,6,2,8,3,3,3,3,1,0.3015075376884422,0.100502512562814,0.4020100502512563,0.1507537688442211,0.2512562814070351,False,2025-26,2025,0.4020100502512563,4,9404,2434.0,-639.0,0.4157502606059731,0.4074074074074074,0.6542056074766355,576,38.0,52.47368421052632,12.947368421052632,4.631578947368421,12.342105263157896,53.0,55.0,0.5119667013527576,,,,False,0.41021939318207373,0.0,0.5357419653520397,0.7382745044888426,0.008209342930817431,,
Antoine SemenyoAntoine Semenyo,Ghana,MF,Manchester City,25,2000,37,37,3195,35.5,17,4,21,16,1,2,7,0,0.4788732394366197,0.1126760563380281,0.5915492957746479,0.4507042253521127,0.5633802816901409,False,2025-26,2025,0.5915492957746479,1,3195,,,0.5915492957746479,,,625,38.0,60.6578947368421,15.657894736842104,5.394736842105263,9.710526315789474,77.0,35.0,0.617219917012448,,,,False,0.50304011542768,0.0,0.49374324432109384,0.6504476432002199,-0.08850918034696786,,
Anton Stach,Germany,MF,Leeds United,26,1998,29,28,2370,26.3,5,3,8,5,0,0,3,0,0.1901140684410646,0.1140684410646387,0.3041825095057034,0.1901140684410646,0.3041825095057034,False,2025-26,2025,0.3041825095057034,1,2370,,,0.3041825095057034,,,676,38.0,45.73684210526316,12.552631578947368,3.973684210526316,12.526315789473683,49.0,56.0,0.5005246589716683,,,,False,0.18215198537989874,0.0,0.19516876055824509,0.4306499448297968,-0.12203052412580467,4.0,0.25
Antonee Robinson,USA,"DF,MF",Fulham,27,1997,22,17,1492,16.6,1,0,1,0,1,1,5,0,0.0602409638554216,0.0,0.0602409638554216,0.0,0.0,False,2025-26,2025,0.0602409638554216,4,11012,3167.0,-1675.0,0.1166154013070435,0.284090909090909,0.1652892561983471,729,38.0,51.73684210526316,12.657894736842104,3.631578947368421,11.789473684210526,47.0,51.0,0.5177610333692142,,,,False,0.12639895746903634,0.0,0.17336650313044422,0.3078920203701141,0.06615799361361474,3.8,0.0
Antonín Kinský,Czechia,GK,Tottenham,22,2003,7,7,630,7.0,0,0,0,0,0,0,1,0,0.0,0.0,0.0,0.0,0.0,False,2025-26,2025,0.0,2,1170,540.0,90.0,0.0,0.0,,484,38.0,50.42105263157895,11.447368421052632,3.842105263157895,12.289473684210526,48.0,57.0,0.4822616407982262,,,,False,-0.02813989453183391,0.0,-0.0005878388504237791,0.0227825278389369,-0.02813989453183391,4.0,0.0
Ao Tanaka,Japan,MF,Leeds United,26,1998,28,14,1315,14.6,2,0,2,2,0,0,1,0,0.136986301369863,0.0,0.136986301369863,0.136986301369863,0.136986301369863,False,2025-26,2025,0.136986301369863,1,1315,,,0.136986301369863,,,676,38.0,45.73684210526316,12.552631578947368,3.973684210526316,12.526315789473683,49.0,56.0,0.5005246589716683,,,,False,0.10756536942085108,0.0,0.09589414050523706,0.35263080426716825,-0.029420931949011922,2.1,0.48
Archie Gray,England,"MF,DF",Tottenham,19,2006,24,18,1478,16.4,2,2,4,2,0,0,5,0,0.1219512195121951,0.1219512195121951,0.2439024390243902,0.1219512195121951,0.2439024390243902,False,2025-26,2025,0.2439024390243902,2,3229,1751.0,-273.0,0.1626016260162601,0.0,,361,38.0,50.42105263157895,11.447368421052632,3.842105263157895,12.289473684210526,48.0,57.0,0.4822616407982262,,,,False,0.26398196750413044,0.0,0.2808519450749176,0.49222226261499286,0.020079528479740233,2.6,0.0
Armando Broja,Albania,FW,Burnley,23,2001,24,8,860,9.6,1,1,2,1,0,0,0,0,0.1041666666666666,0.1041666666666666,0.2083333333333333,0.1041666666666666,0.2083333333333333,False,2025-26,2025,0.2083333333333333,4,3463,334.0,526.0,0.1714827114370493,0.0,0.303030303030303,529,,,,,,,,,,,,False,0.5023047546930045,0.0,0.3344691274442543,0.7531931414994701,0.29397142135967125,,
Axel Disasi,France,DF,West Ham,27,1998,14,14,1254,13.9,0,0,0,0,0,0,1,0,0.0,0.0,0.0,0.0,0.0,False,2025-26,2025,0.0,2,3833,2579.0,-1325.0,0.0232288037166085,0.0696864111498257,,729,,,,,,,,,,,,False,0.08511454549550075,0.0,0.03896945926867033,0.11084274658547533,0.08511454549550075,1.5,0.0
Axel Tuanzebe,DR Congo,DF,Burnley,27,1997,14,14,1201,13.3,1,0,1,1,0,0,1,0,0.075187969924812,0.0,0.075187969924812,0.075187969924812,0.075187969924812,False,2025-26,2025,0.075187969924812,3,3419,1710.0,-509.0,0.0618212197159565,0.0526315789473684,0.0,729,,,,,,,,,,,,False,0.10523919607673797,0.0,0.060600671164996664,0.11182949800985718,0.030051226151925972,,
Ayden Heaven,England,DF,Manchester Utd,18,2006,17,11,924,10.3,0,1,1,0,0,0,2,0,0.0,0.0970873786407767,0.0970873786407767,0.0,0.0970873786407767,False,2025-26,2025,0.0970873786407767,2,1094,170.0,754.0,0.0647249190938511,0.0,,324,38.0,51.92105263157895,15.657894736842104,5.657894736842105,11.578947368421051,69.0,50.0,0.5748792270531401,,,,False,0.19496414338292384,0.0,0.10884534288445577,0.18710849811666755,0.09787676474214714,1.0,0.0
Bafodé Diakité,France,DF,Bournemouth,24,2001,18,15,1277,14.2,0,0,0,0,0,0,1,0,0.0,0.0,0.0,0.0,0.0,False,2025-26,2025,0.0,1,1277,,,0.0,,,576,38.0,50.078947368421055,13.842105263157896,4.684210526315789,12.63157894736842,58.0,54.0,0.5228628230616302,,,,False,0.06871434236895058,0.0,0.08046503714265799,0.15174964818886705,0.06871434236895058,,
Bart Verbruggen,Netherlands,GK,Brighton,22,2002,38,38,3420,38.0,0,0,0,0,0,0,3,0,0.0,0.0,0.0,0.0,0.0,False,2025-26,2025,0.0,3,8550,3240.0,180.0,0.0061728395061728,0.0277777777777777,0.0,484,38.0,53.94736842105263,13.0,4.631578947368421,11.68421052631579,52.0,46.0,0.5266524520255864,,,,False,-0.0009303427647741227,0.0,-4.152976006748146e-05,0.04336859897588447,-0.0009303427647741227,4.0,0.0
Bashir Humphreys,England,"DF,MF",Burnley,22,2003,20,17,1578,17.5,0,0,0,0,0,0,6,0,0.0,0.0,0.0,0.0,0.0,False,2025-26,2025,0.0,1,1578,,,0.0,,,484,,,,,,,,,,,,False,0.080469350329248,0.0,0.11798600756767234,0.21541203527341402,0.080469350329248,,
Ben White,England,DF,Arsenal,27,1997,12,9,702,7.8,0,1,1,0,0,0,0,0,0.0,0.1282051282051282,0.1282051282051282,0.0,0.1282051282051282,False,2025-26,2025,0.1282051282051282,5,10823,1198.0,-496.0,0.1418346459744781,0.150375939849624,0.2409638554216867,729,38.0,56.44736842105263,14.526315789473683,4.894736842105263,8.157894736842104,71.0,27.0,0.640371229698376,,,,False,0.2640154933477063,0.0,0.17155151484167006,0.2505783150252275,0.1358103651425781,3.5,0.29
Benjamin Šeško,Slovenia,FW,Manchester Utd,22,2003,30,17,1643,18.3,11,1,12,11,0,0,2,0,0.6010928961748634,0.0546448087431694,0.6557377049180327,0.6010928961748634,0.6557377049180327,False,2025-26,2025,0.6557377049180327,1,1643,,,0.6557377049180327,,,484,38.0,51.92105263157895,15.657894736842104,5.657894736842105,11.578947368421051,69.0,50.0,0.5748792270531401,,,,False,0.5433819099796746,0.0,0.5893811744953188,0.8205488350051697,-0.11235579493835812,0.9,1.13
Benoît Badiashile,France,DF,Chelsea,24,2001,8,6,471,5.2,0,0,0,0,0,0,2,0,0.0,0.0,0.0,0.0,0.0,False,2025-26,2025,0.0,4,3048,334.0,137.0,0.0086384477373911,0.0,0.0671140939597315,576,38.0,57.73684210526316,13.394736842105264,4.368421052631579,10.947368421052632,58.0,52.0,0.5502702702702702,,,,False,0.1362952058898376,0.0,0.04872494205483501,0.18670569961764016,0.1362952058898376,,
Bernardo Silva,Portugal,MF,Manchester City,30,1994,38,34,2872,31.9,2,4,6,2,0,0,10,0,0.0626959247648902,0.1253918495297805,0.1880877742946708,0.0626959247648902,0.1880877742946708,False,2025-26,2025,0.1880877742946708,5,13182,2670.0,202.0,0.2378434639592629,0.2693602693602693,0.5244755244755245,900,38.0,60.6578947368421,15.657894736842104,5.394736842105263,9.710526315789474,77.0,35.0,0.617219917012448,,,,False,0.3063133646810245,0.0,0.28871684695609723,0.46427284752625975,0.11822559038635369,,
Bernd Leno,Germany,GK,Fulham,33,1992,38,38,3420,38.0,0,0,0,0,0,0,3,0,0.0,0.0,0.0,0.0,0.0,False,2025-26,2025,0.0,5,13860,3420.0,0.0,0.0058479532163742,0.0263157894736842,0.0,1089,38.0,51.73684210526316,12.657894736842104,3.631578947368421,11.789473684210526,47.0,51.0,0.5177610333692142,,,,False,0.000998554351355805,0.0,-0.002357530831936602,-0.00019754332048221005,0.000998554351355805,4.0,0.0
Bertrand Traoré,Burkina Faso,"MF,FW",Sunderland,29,1995,12,9,632,7.0,1,0,1,1,0,0,1,0,0.1428571428571428,0.0,0.1428571428571428,0.1428571428571428,0.1428571428571428,False,2025-26,2025,0.1428571428571428,4,1096,11.0,621.0,0.1522181522181522,0.0,0.7692307692307692,841,38.0,44.89473684210526,10.421052631578949,3.421052631578948,14.210526315789474,42.0,48.0,0.4230769230769231,,,,False,0.2993673093056452,0.0,0.18506325598548146,0.5735934779822829,0.1565101664485024,,
Beto,Guinea-Bissau,FW,Everton,27,1998,37,17,1568,17.4,9,1,10,9,0,0,3,0,0.5172413793103449,0.0574712643678161,0.574712643678161,0.5172413793103449,0.574712643678161,False,2025-26,2025,0.574712643678161,3,4053,1534.0,34.0,0.5191634667313032,0.4705882352941176,0.2830188679245283,729,38.0,43.76315789473684,11.105263157894736,3.736842105263158,13.973684210526317,47.0,50.0,0.4428121720881427,,,,False,0.5021644957698466,0.0,0.4930371026594685,0.7039447370303265,-0.07254814790831443,0.4,0.0
Boubacar Kamara,France,MF,Aston Villa,25,1999,18,17,1411,15.7,1,3,4,1,0,0,5,0,0.0636942675159235,0.1910828025477707,0.2547770700636942,0.0636942675159235,0.2547770700636942,False,2025-26,2025,0.2547770700636942,4,6566,1726.0,-315.0,0.1873312716533409,0.0520833333333333,0.0543478260869565,625,38.0,53.6578947368421,12.710526315789474,4.473684210526316,12.894736842105264,56.0,49.0,0.4964028776978417,,,,False,0.2572311411591254,0.0,0.244804350497943,0.49312540327011606,0.002454071095431165,4.0,0.0
Brajan Gruda,Germany,MF,Brighton,21,2004,18,8,719,8.0,1,1,2,1,0,0,2,0,0.125,0.125,0.25,0.125,0.25,False,2025-26,2025,0.25,2,1406,687.0,32.0,0.3859649122807018,0.6578947368421053,,441,38.0,53.94736842105263,13.0,4.631578947368421,11.68421052631579,52.0,46.0,0.5266524520255864,,,,False,0.20432243907746683,0.0,0.1763582019460799,0.5817228504976554,-0.04567756092253317,,
Brenden Aaronson,USA,"MF,FW",Leeds United,24,2000,37,30,2449,27.2,4,5,9,4,0,0,3,0,0.1470588235294117,0.1838235294117647,0.3308823529411764,0.1470588235294117,0.3308823529411764,False,2025-26,2025,0.3308823529411764,2,4821,2372.0,77.0,0.2710932857991681,0.1515151515151515,,576,38.0,45.73684210526316,12.552631578947368,3.973684210526316,12.526315789473683,49.0,56.0,0.5005246589716683,,,,False,0.3472180964537327,0.0,0.29017208707048064,0.6390940189711096,0.01633574351255629,1.9,0.0
Brennan JohnsonBrennan Johnson,Wales,"MF,FW",Tottenham,24,2001,34,19,1722,19.2,2,1,3,2,0,0,6,0,0.1041666666666666,0.0520833333333333,0.15625,0.1041666666666666,0.15625,False,2025-26,2025,0.15625,2,4044,2322.0,-600.0,0.2979651162790698,0.5813953488372093,,576,38.0,50.42105263157895,11.447368421052632,3.842105263157895,12.289473684210526,48.0,57.0,0.4822616407982262,,,,False,0.31782323003458995,0.0,0.34868313203831414,0.6219702273271854,0.16157323003458995,,
Brian Brobbey,Netherlands,FW,Sunderland,23,2002,31,22,1927,21.4,7,1,8,7,0,0,6,0,0.3271028037383178,0.0467289719626168,0.3738317757009346,0.3271028037383178,0.3738317757009346,False,2025-26,2025,0.3738317757009346,1,1927,,,0.3738317757009346,,,529,38.0,44.89473684210526,10.421052631578949,3.421052631578948,14.210526315789474,42.0,48.0,0.4230769230769231,,,,False,0.3949423647835315,0.0,0.4396458622913059,0.6125823412609699,0.021110589082596887,3.4,0.0
Bruno Fernandes,Portugal,MF,Manchester Utd,30,1994,35,35,3063,34.0,9,21,30,5,4,6,5,0,0.2647058823529412,0.6176470588235294,0.8823529411764706,0.1470588235294117,0.7647058823529411,False,2025-26,2025,0.8823529411764706,5,15626,3018.0,45.0,0.7626182822329286,0.5373134328358209,0.5202312138728323,900,38.0,51.92105263157895,15.657894736842104,5.657894736842105,11.578947368421051,69.0,50.0,0.5748792270531401,,,,False,0.7200761785719696,0.0,0.6341285194302425,0.9598060378646377,-0.16227676260450097,4.0,1.0
Bruno Guimarães,Brazil,MF,Newcastle,27,1997,29,27,2453,27.3,9,5,14,7,2,2,6,0,0.3296703296703296,0.1831501831501831,0.5128205128205128,0.2564102564102564,0.4395604395604395,False,2025-26,2025,0.5128205128205128,5,12747,3271.0,-818.0,0.4536048213111571,0.303030303030303,0.4132231404958678,729,38.0,52.47368421052632,12.947368421052632,4.631578947368421,12.342105263157896,53.0,55.0,0.5119667013527576,,,,False,0.44412905419604826,0.0,0.4775098601269694,0.5464144283634792,-0.06869145862446452,0.7,1.38
Bryan Mbeumo,Cameroon,"MF,FW",Manchester Utd,25,1999,33,31,2609,29.0,11,3,14,11,0,0,4,0,0.3793103448275862,0.1034482758620689,0.4827586206896552,0.3793103448275862,0.4827586206896552,False,2025-26,2025,0.4827586206896552,5,13794,3414.0,-805.0,0.5483186880995617,0.712401055408971,0.6880733944954128,625,38.0,51.92105263157895,15.657894736842104,5.657894736842105,11.578947368421051,69.0,50.0,0.5748792270531401,,,,False,0.6799230240635934,0.0,0.6642769291669579,0.8089353897346131,0.1971644033739382,4.0,0.5
Bukayo Saka,England,"FW,MF",Arsenal,23,2001,31,25,2222,24.7,7,5,12,6,1,1,2,0,0.2834008097165992,0.2024291497975708,0.4858299595141701,0.242914979757085,0.4453441295546559,False,2025-26,2025,0.4858299595141701,5,13029,1729.0,493.0,0.5904282059854488,0.8333333333333334,0.7716049382716049,529,38.0,56.44736842105263,14.526315789473683,4.894736842105263,8.157894736842104,71.0,27.0,0.640371229698376,,,,False,0.571764937441353,0.0,0.5372414628009196,0.7323146924027518,0.08593497792718297,3.7,0.8
Callum Hudson-Odoi,England,MF,Nottingham,24,2000,30,21,1841,20.5,3,4,7,3,0,0,0,0,0.1463414634146341,0.1951219512195122,0.3414634146341463,0.1463414634146341,0.3414634146341463,False,2025-26,2025,0.3414634146341463,4,6851,2194.0,-353.0,0.3341412288284134,0.2868852459016394,0.4368932038834951,576,38.0,46.8421052631579,12.526315789473683,4.105263157894737,13.289473684210526,48.0,51.0,0.4852191641182466,,,,False,0.2519778914596816,0.0,0.34486420838703,0.4881071414304212,-0.08948552317446473,0.0,0.0
Callum Wilson,England,FW,West Ham,33,1992,32,11,1251,13.9,7,1,8,7,0,0,1,0,0.5035971223021583,0.0719424460431654,0.5755395683453237,0.5035971223021583,0.5755395683453237,False,2025-26,2025,0.5755395683453237,5,5875,370.0,881.0,0.4846187605243518,0.0,0.9090909090909092,1089,,,,,,,,,,,,False,0.409740670684262,0.0,0.41130677140045874,0.6502076411038513,-0.1657988976610617,0.2,0.0
Calvin Bassey,Nigeria,DF,Fulham,25,1999,30,28,2534,28.2,1,0,1,1,0,0,5,0,0.0354609929078014,0.0,0.0354609929078014,0.0354609929078014,0.0354609929078014,False,2025-26,2025,0.0354609929078014,3,7911,3074.0,-540.0,0.0344786655122834,0.0292397660818713,0.0390625,625,38.0,51.73684210526316,12.657894736842104,3.631578947368421,11.789473684210526,47.0,51.0,0.5177610333692142,,,,False,0.10508708282273156,0.0,0.0903324632661576,0.1481014281360587,0.06962608991493016,4.0,0.0
Caoimhín Kelleher,Ireland,GK,Brentford,26,1998,37,37,3330,37.0,0,0,0,0,0,0,1,0,0.0,0.0,0.0,0.0,0.0,False,2025-26,2025,0.0,5,5400,900.0,2430.0,0.0,0.0,0.0,676,38.0,47.5,10.657894736842104,3.8684210526315783,13.263157894736842,55.0,52.0,0.4455445544554455,,,,False,0.006705773548133613,0.0,-0.001113576421655119,0.02469302947686021,0.006705773548133613,4.0,0.0
Carlos Alcaraz,Argentina,MF,Everton,22,2002,20,6,689,7.7,0,1,1,0,0,0,4,0,0.0,0.1298701298701298,0.1298701298701298,0.0,0.1298701298701298,False,2025-26,2025,0.1298701298701298,2,1718,1029.0,-340.0,0.2620186830713146,0.5263157894736842,,484,38.0,43.76315789473684,11.105263157894736,3.736842105263158,13.973684210526317,47.0,50.0,0.4428121720881427,,,,False,0.2987482640418966,0.0,0.1745444870523398,0.44067203774759023,0.16887813417176678,0.1,0.0
Carlos Baleba,Cameroon,MF,Brighton,21,2004,31,23,1652,18.4,0,0,0,0,0,0,5,0,0.0,0.0,0.0,0.0,0.0,False,2025-26,2025,0.0,3,5638,2661.0,-1009.0,0.03003003003003,0.1351351351351351,0.0,441,38.0,53.94736842105263,13.0,4.631578947368421,11.68421052631579,52.0,46.0,0.5266524520255864,,,,False,0.1549829830837651,0.0,0.16734603544697338,0.36392982527301687,0.1549829830837651,,
Casemiro,Brazil,MF,Manchester Utd,33,1992,34,33,2571,28.6,9,2,11,9,0,0,11,1,0.3146853146853147,0.0699300699300699,0.3846153846153846,0.3146853146853147,0.3846153846153846,False,2025-26,2025,0.3846153846153846,4,8171,1494.0,1077.0,0.2908837092010463,0.0602409638554216,0.1363636363636363,1089,38.0,51.92105263157895,15.657894736842104,5.657894736842105,11.578947368421051,69.0,50.0,0.5748792270531401,,,,False,0.1585139546537921,0.0,0.19498491311615168,0.492429357581885,-0.2261014299615925,,
Chadi Riad,Morocco,DF,Crystal Palace,22,2003,9,6,552,6.1,0,1,1,0,0,0,2,0,0.0,0.1639344262295082,0.1639344262295082,0.0,0.1639344262295082,False,2025-26,2025,0.1639344262295082,2,642,90.0,462.0,0.1092896174863388,0.0,,484,38.0,45.89473684210526,11.63157894736842,3.710526315789474,11.710526315789474,41.0,51.0,0.4983089064261555,,,,False,0.2185310625136885,0.0,0.0875438908581375,0.378922108442672,0.054596636284180294,0.8,0.0
Chemsdine Talbi,Morocco,"MF,FW",Sunderland,20,2005,28,16,1561,17.3,4,1,5,4,0,0,0,0,0.2312138728323699,0.0578034682080924,0.2890173410404624,0.2312138728323699,0.2890173410404624,False,2025-26,2025,0.2890173410404624,1,1561,,,0.2890173410404624,,,400,38.0,44.89473684210526,10.421052631578949,3.421052631578948,14.210526315789474,42.0,48.0,0.4230769230769231,,,,False,0.35627150928269524,0.0,0.3168484288909488,0.5878694054247644,0.06725416824223285,0.4,0.0
Chris Richards,USA,DF,Crystal Palace,25,2000,33,31,2827,31.4,1,0,1,1,0,0,4,0,0.0318471337579617,0.0,0.0318471337579617,0.0318471337579617,0.0318471337579617,False,2025-26,2025,0.0318471337579617,4,7290,1922.0,905.0,0.0379739281170926,0.0467289719626168,0.0858369098712446,625,38.0,45.89473684210526,11.63157894736842,3.710526315789474,11.710526315789474,41.0,51.0,0.4983089064261555,,,,False,0.07105306034475128,0.0,0.05449047481861595,0.15072049308233315,0.039205926586789584,4.0,0.0
Chris Rigg,England,MF,Sunderland,18,2007,18,11,761,8.5,1,1,2,1,0,0,1,0,0.1176470588235294,0.1176470588235294,0.2352941176470588,0.1176470588235294,0.2352941176470588,False,2025-26,2025,0.2352941176470588,1,761,,,0.2352941176470588,,,324,38.0,44.89473684210526,10.421052631578949,3.421052631578948,14.210526315789474,42.0,48.0,0.4230769230769231,,,,False,0.2771236571897407,0.0,0.2087893991791077,0.4791249291859874,0.0418295395426819,0.2,0.0
Chris Wood,New Zealand,FW,Nottingham,33,1991,15,11,901,10.0,3,0,3,3,0,0,0,0,0.3,0.0,0.3,0.3,0.3,False,2025-26,2025,0.3,3,5672,2959.0,-2058.0,0.4382716609455256,0.6990881458966566,0.7462686567164178,1089,38.0,46.8421052631579,12.526315789473683,4.105263157894737,13.289473684210526,48.0,51.0,0.4852191641182466,,,,False,0.525512557457666,0.0,0.48710238343528794,0.694622864599193,0.22551255745766602,0.5,0.0
Cody Gakpo,Netherlands,"MF,FW",Liverpool,26,1999,36,32,2737,30.4,7,5,12,7,0,0,3,0,0.2302631578947368,0.1644736842105263,0.3947368421052631,0.2302631578947368,0.3947368421052631,False,2025-26,2025,0.3947368421052631,4,7779,1935.0,802.0,0.4810577957392127,0.6511627906976745,0.7103825136612022,676,38.0,59.31578947368421,15.473684210526317,4.605263157894737,11.447368421052632,63.0,53.0,0.5747800586510264,,,,False,0.6040110007282873,0.0,0.5881236964252768,0.8056728951791309,0.20927415862302418,3.1,1.28
Cole Palmer,England,MF,Chelsea,23,2002,26,24,1955,21.7,10,1,11,5,5,6,5,0,0.4608294930875576,0.0460829493087557,0.5069124423963134,0.2304147465437788,0.2764976958525346,False,2025-26,2025,0.5069124423963134,4,5639,3191.0,-1236.0,0.4999834364757183,0.647887323943662,0.2439024390243902,529,38.0,57.73684210526316,13.394736842105264,4.368421052631579,10.947368421052632,58.0,52.0,0.5502702702702702,,,,False,0.4657496376442438,0.0,0.5355751437801224,0.627770069775926,-0.04116280475206957,3.9,1.02
Conor Bradley,Northern Ireland,DF,Liverpool,22,2003,15,12,929,10.3,0,1,1,0,0,0,5,0,0.0,0.0970873786407767,0.0970873786407767,0.0,0.0970873786407767,False,2025-26,2025,0.0970873786407767,3,2436,754.0,175.0,0.1705450249139569,0.238095238095238,0.4761904761904761,484,38.0,59.31578947368421,15.473684210526317,4.605263157894737,11.447368421052632,63.0,53.0,0.5747800586510264,,,,False,0.15881449474505088,0.0,0.11096622229145187,0.24393871379184517,0.061727116104274185,,
Conor Gallagher,England,MF,Tottenham,25,2000,16,14,1184,13.2,1,1,2,1,0,0,2,0,0.0757575757575757,0.0757575757575757,0.1515151515151515,0.0757575757575757,0.1515151515151515,False,2025-26,2025,0.1515151515151515,4,8778,3128.0,-1944.0,0.2069919983252346,0.3448275862068966,0.2222222222222222,625,38.0,50.42105263157895,11.447368421052632,3.842105263157895,12.289473684210526,48.0,57.0,0.4822616407982262,,,,False,0.28832874855972274,0.0,0.29219966904799627,0.37109411514391033,0.13681359704457124,1.4,0.0
Cristhian Mosquera,Spain,DF,Arsenal,21,2004,20,9,994,11.0,0,0,0,0,0,0,4,0,0.0,0.0,0.0,0.0,0.0,False,2025-26,2025,0.0,1,994,,,0.0,,,441,38.0,56.44736842105263,14.526315789473683,4.894736842105263,8.157894736842104,71.0,27.0,0.640371229698376,,,,False,0.07443540876803235,0.0,0.08485693619323384,0.18784337555017025,0.07443540876803235,1.9,0.0
Cristian Romero,Argentina,DF,Tottenham,27,1998,23,22,1868,20.8,4,1,5,4,0,0,11,2,0.1923076923076923,0.048076923076923,0.2403846153846153,0.1923076923076923,0.2403846153846153,False,2025-26,2025,0.2403846153846153,5,10282,1416.0,452.0,0.1878991863792719,0.0636942675159235,0.1612903225806451,729,38.0,50.42105263157895,11.447368421052632,3.842105263157895,12.289473684210526,48.0,57.0,0.4822616407982262,,,,False,0.15331665262423724,0.0,0.1845785289140287,0.3155132326524977,-0.08706796276037806,,
Crysencio Summerville,Netherlands,"MF,FW",West Ham,23,2001,31,29,2470,27.4,5,2,7,5,0,0,6,0,0.1824817518248175,0.072992700729927,0.2554744525547445,0.1824817518248175,0.2554744525547445,False,2025-26,2025,0.2554744525547445,4,4812,786.0,1684.0,0.2495312652481134,0.2298850574712644,0.3797468354430379,529,,,,,,,,,,,,False,0.5211945401378868,0.0,0.3698227395386399,0.8144168170170887,0.2657200875831423,,
Curtis Jones,England,"MF,DF",Liverpool,24,2001,34,18,1937,21.5,1,2,3,1,0,0,2,0,0.0465116279069767,0.0930232558139534,0.1395348837209302,0.0465116279069767,0.1395348837209302,False,2025-26,2025,0.1395348837209302,5,6702,1712.0,225.0,0.1857820945682156,0.3157894736842105,0.1538461538461538,576,38.0,59.31578947368421,15.473684210526317,4.605263157894737,11.447368421052632,63.0,53.0,0.5747800586510264,,,,False,0.189801934470296,0.0,0.3181520288507063,0.3854378481220101,0.0502670507493658,,
Daichi Kamada,Japan,MF,Crystal Palace,28,1996,28,22,1902,21.1,0,0,0,0,0,0,3,0,0.0,0.0,0.0,0.0,0.0,False,2025-26,2025,0.0,2,3466,1564.0,338.0,0.0,0.0,,784,38.0,45.89473684210526,11.63157894736842,3.710526315789474,11.710526315789474,41.0,51.0,0.4983089064261555,,,,False,0.06185786518003233,0.0,0.08894188472190935,0.30086098081306856,0.06185786518003233,3.9,0.77
Dan Burn,England,DF,Newcastle,33,1992,29,25,2199,24.4,1,2,3,1,0,0,11,1,0.040983606557377,0.0819672131147541,0.1229508196721311,0.040983606557377,0.1229508196721311,False,2025-26,2025,0.1229508196721311,4,11366,3330.0,-1131.0,0.1048284153765553,0.054054054054054,0.132013201320132,1089,38.0,52.47368421052632,12.947368421052632,4.631578947368421,12.342105263157896,53.0,55.0,0.5119667013527576,,,,False,0.10350260992446558,0.0,0.060841300754706486,0.16842427605735963,-0.01944820974766552,,
Dan Ndoye,Switzerland,MF,Nottingham,24,2000,24,14,1173,13.0,1,1,2,1,0,0,1,0,0.0769230769230769,0.0769230769230769,0.1538461538461538,0.0769230769230769,0.1538461538461538,False,2025-26,2025,0.1538461538461538,1,1173,,,0.1538461538461538,,,576,38.0,46.8421052631579,12.526315789473683,4.105263157894737,13.289473684210526,48.0,51.0,0.4852191641182466,,,,False,0.12807001647480182,0.0,0.1389584082100331,0.311285484358458,-0.02577613737135198,2.9,0.35
Dango Ouattara,Burkina Faso,MF,Brentford,23,2002,32,25,2276,25.3,7,3,10,7,0,0,5,0,0.2766798418972332,0.1185770750988142,0.3952569169960474,0.2766798418972332,0.3952569169960474,False,2025-26,2025,0.3952569169960474,4,6751,2005.0,271.0,0.4000769273473172,0.4932735426008968,0.218978102189781,529,38.0,47.5,10.657894736842104,3.8684210526315783,13.263157894736842,55.0,52.0,0.4455445544554455,,,,False,0.31578443991098865,0.0,0.3566778305568535,0.5456380745189723,-0.07947247708505878,1.9,0.0
Daniel Ballard,Northern Ireland,DF,Sunderland,25,1999,29,24,2149,23.9,2,0,2,2,0,0,4,1,0.0836820083682008,0.0,0.0836820083682008,0.0836820083682008,0.0836820083682008,False,2025-26,2025,0.0836820083682008,1,2149,,,0.0836820083682008,,,625,38.0,44.89473684210526,10.421052631578949,3.421052631578948,14.210526315789474,42.0,48.0,0.4230769230769231,,,,False,0.06780305576226961,0.0,0.0669811934777839,0.12611363260273722,-0.015878952605931196,4.0,0.0
Daniel James,Wales,"FW,MF",Leeds United,27,1997,19,6,559,6.2,0,0,0,0,0,0,0,0,0.0,0.0,0.0,0.0,0.0,False,2025-26,2025,0.0,1,559,,,0.0,,,729,38.0,45.73684210526316,12.552631578947368,3.973684210526316,12.526315789473683,49.0,56.0,0.5005246589716683,,,,False,0.24335159756273947,0.0,0.18007474694680548,0.48085111016344284,0.24335159756273947,0.3,0.0
Daniel Muñoz,Colombia,MF,Crystal Palace,29,1996,29,29,2399,26.7,4,3,7,4,0,0,7,0,0.149812734082397,0.1123595505617977,0.2621722846441948,0.149812734082397,0.2621722846441948,False,2025-26,2025,0.2621722846441948,3,7066,3228.0,-829.0,0.2582696072805928,0.2506963788300835,0.25,841,38.0,45.89473684210526,11.63157894736842,3.710526315789474,11.710526315789474,41.0,51.0,0.4983089064261555,,,,False,0.22573947195590002,0.0,0.3190989530957644,0.4296290862852533,-0.03643281268829476,0.6,0.0
Daniel Muñoz,Colombia,MF,Crystal Palace,29,1996,29,29,2399,26.7,4,3,7,4,0,0,7,0,0.149812734082397,0.1123595505617977,0.2621722846441948,0.149812734082397,0.2621722846441948,False,2025-26,2025,0.2621722846441948,3,7066,3228.0,-829.0,0.2582696072805928,0.2506963788300835,0.25,841,38.0,45.89473684210526,11.63157894736842,3.710526315789474,11.710526315789474,41.0,51.0,0.4983089064261555,,,,False,0.22573947195590002,0.0,0.3190989530957644,0.4296290862852533,-0.03643281268829476,1.4,0.0
Danny Welbeck,England,FW,Brighton,34,1990,37,26,2258,25.1,13,1,14,12,1,3,5,0,0.5179282868525896,0.0398406374501992,0.5577689243027888,0.4780876494023904,0.5179282868525896,False,2025-26,2025,0.5577689243027888,5,9398,2115.0,143.0,0.5446840872902073,0.5957446808510638,0.3191489361702127,1156,38.0,53.94736842105263,13.0,4.631578947368421,11.68421052631579,52.0,46.0,0.5266524520255864,,,,False,0.38609704452431864,0.0,0.4851155812946469,0.7312101735643539,-0.17167187977847015,0.2,0.0
David Brooks,Wales,MF,Bournemouth,28,1997,31,13,1204,13.4,1,3,4,1,0,0,7,0,0.0746268656716417,0.2238805970149253,0.2985074626865671,0.0746268656716417,0.2985074626865671,False,2025-26,2025,0.2985074626865671,4,2619,960.0,244.0,0.2883315643002286,0.1869158878504673,0.6451612903225806,784,38.0,50.078947368421055,13.842105263157896,4.684210526315789,12.63157894736842,58.0,54.0,0.5228628230616302,,,,False,0.33708880892939724,0.0,0.2039491109962225,0.5653682086393691,0.03858134624283016,0.4,0.0
David Møller Wolfe,Norway,"MF,DF",Wolves,23,2002,22,11,1049,11.7,0,2,2,0,0,0,1,0,0.0,0.1709401709401709,0.1709401709401709,0.0,0.1709401709401709,False,2025-26,2025,0.1709401709401709,1,1049,,,0.1709401709401709,,,529,,,,,,,,,,,,False,0.1618099670874654,0.0,0.16816057314601532,0.43892454763770866,-0.009130203852705493,,
David Raya,Spain,GK,Arsenal,29,1995,37,37,3330,37.0,0,0,0,0,0,0,1,0,0.0,0.0,0.0,0.0,0.0,False,2025-26,2025,0.0,5,15210,3420.0,-90.0,0.0,0.0,0.0,841,38.0,56.44736842105263,14.526315789473683,4.894736842105263,8.157894736842104,71.0,27.0,0.640371229698376,,,,False,-0.0042984144147064016,0.0,0.002154611824562829,0.0118982548788024,-0.0042984144147064016,4.0,0.0
Dean Henderson,England,GK,Crystal Palace,28,1997,37,37,3330,37.0,0,0,0,0,0,0,5,0,0.0,0.0,0.0,0.0,0.0,False,2025-26,2025,0.0,4,9990,3420.0,-90.0,0.0,0.0,0.0,784,38.0,45.89473684210526,11.63157894736842,3.710526315789474,11.710526315789474,41.0,51.0,0.4983089064261555,,,,False,-0.02043856271087013,0.0,-0.0014127014728127147,-0.0030674799989829473,-0.02043856271087013,3.0,0.0
Declan Rice,England,MF,Arsenal,26,1999,36,35,3094,34.4,4,5,9,4,0,0,3,0,0.1162790697674418,0.1453488372093023,0.2616279069767442,0.1162790697674418,0.2616279069767442,False,2025-26,2025,0.2616279069767442,5,15596,2825.0,269.0,0.289122460869481,0.3503184713375796,0.4189944134078213,676,38.0,56.44736842105263,14.526315789473683,4.894736842105263,8.157894736842104,71.0,27.0,0.640371229698376,,,,False,0.3964887225734087,0.0,0.4264216649435928,0.47559699578846315,0.13486081559666452,3.6,0.56
Destiny Udogie,Italy,"DF,MF",Tottenham,22,2002,20,14,1338,14.9,0,1,1,0,0,0,4,0,0.0,0.0671140939597315,0.0671140939597315,0.0,0.0671140939597315,False,2025-26,2025,0.0671140939597315,3,5653,1924.0,-586.0,0.076012492499517,0.0467289719626168,0.18796992481203,484,38.0,50.42105263157895,11.447368421052632,3.842105263157895,12.289473684210526,48.0,57.0,0.4822616407982262,,,,False,0.05927673834484524,0.0,0.10543442690883431,0.1935474227482594,-0.007837355614886264,1.0,0.0
Diego Gómez,Paraguay,"MF,FW",Brighton,22,2003,32,26,2120,23.6,5,1,6,5,0,0,9,0,0.211864406779661,0.0423728813559322,0.2542372881355932,0.211864406779661,0.2542372881355932,False,2025-26,2025,0.2542372881355932,2,2636,516.0,1604.0,0.2279710575874715,0.175438596491228,,484,38.0,53.94736842105263,13.0,4.631578947368421,11.68421052631579,52.0,46.0,0.5266524520255864,,,,False,0.4757831978189623,0.0,0.3485386693564902,0.7531514108912399,0.22154590968336907,3.9,0.26
Dilane Bakwa,France,MF,Nottingham,22,2002,14,6,553,6.1,0,2,2,0,0,0,1,0,0.0,0.3278688524590164,0.3278688524590164,0.0,0.3278688524590164,False,2025-26,2025,0.3278688524590164,1,553,,,0.3278688524590164,,,484,38.0,46.8421052631579,12.526315789473683,4.105263157894737,13.289473684210526,48.0,51.0,0.4852191641182466,,,,False,0.22267542778332958,0.0,0.22597991985407145,0.4474182727779775,-0.10519342467568685,,
Diogo Dalot,Portugal,"DF,MF",Manchester Utd,26,1999,34,29,2614,29.0,1,3,4,1,0,0,5,0,0.0344827586206896,0.1034482758620689,0.1379310344827586,0.0344827586206896,0.1379310344827586,False,2025-26,2025,0.1379310344827586,5,12557,2814.0,-200.0,0.126844689638611,0.0958466453674121,0.141643059490085,676,38.0,51.92105263157895,15.657894736842104,5.657894736842105,11.578947368421051,69.0,50.0,0.5748792270531401,,,,False,0.08781598444889838,0.0,0.17242639318254618,0.2702648740019905,-0.050115050033860215,2.9,0.0
Djed Spence,England,"DF,MF",Tottenham,24,2000,30,23,2056,22.8,0,0,0,0,0,0,4,0,0.0,0.0,0.0,0.0,0.0,False,2025-26,2025,0.0,3,3855,1792.0,264.0,0.033500837520938,0.1507537688442211,0.0,576,38.0,50.42105263157895,11.447368421052632,3.842105263157895,12.289473684210526,48.0,57.0,0.4822616407982262,,,,False,0.1062035522442058,0.0,0.12442140650863348,0.19663921253921043,0.1062035522442058,,
Dominic Calvert-Lewin,England,FW,Leeds United,28,1997,35,30,2721,30.2,14,1,15,10,4,5,3,0,0.4635761589403974,0.0331125827814569,0.4966887417218543,0.3311258278145695,0.3642384105960265,False,2025-26,2025,0.4966887417218543,5,8949,1609.0,1112.0,0.4202324579097582,0.223463687150838,0.3734439834024896,784,38.0,45.73684210526316,12.552631578947368,3.973684210526316,12.526315789473683,49.0,56.0,0.5005246589716683,,,,False,0.5300376590088172,0.0,0.5498670918919364,0.7469269632586564,0.033348917286962876,3.7,0.82
Dominic Solanke,England,FW,Tottenham,27,1997,15,11,1001,11.1,3,0,3,3,0,0,1,0,0.2702702702702703,0.0,0.2702702702702703,0.2702702702702703,0.2702702702702703,False,2025-26,2025,0.2702702702702703,4,9387,2201.0,-1200.0,0.3483280492827677,0.4897959183673469,0.5962059620596206,729,38.0,50.42105263157895,11.447368421052632,3.842105263157895,12.289473684210526,48.0,57.0,0.4822616407982262,,,,False,0.5203183228134773,0.0,0.4615647813821828,0.7308674547958265,0.25004805254320706,1.2,0.0
Dominik Szoboszlai,Hungary,"MF,DF",Liverpool,24,2000,36,36,3231,35.9,6,7,13,6,0,1,8,1,0.1671309192200557,0.1949860724233983,0.362116991643454,0.1671309192200557,0.362116991643454,False,2025-26,2025,0.362116991643454,3,7826,2491.0,740.0,0.361422572923969,0.4332129963898917,0.2136752136752137,576,38.0,59.31578947368421,15.473684210526317,4.605263157894737,11.447368421052632,63.0,53.0,0.5747800586510264,,,,False,0.488780065678974,0.0,0.5417658940425847,0.6207378376201144,0.12666307403551996,4.0,0.25
Donyell Malen,Netherlands,"FW,MF",Aston Villa,26,1999,21,5,656,7.3,4,1,5,4,0,0,0,0,0.547945205479452,0.136986301369863,0.684931506849315,0.547945205479452,0.684931506849315,False,2025-26,2025,0.684931506849315,2,961,305.0,351.0,0.7507386516250336,0.8823529411764706,,676,38.0,53.6578947368421,12.710526315789474,4.473684210526316,12.894736842105264,56.0,49.0,0.4964028776978417,,,,False,0.3365511562992243,0.0,0.31472926471967433,0.7956025952917251,-0.34838035055009076,,
Douglas LuizDouglas Luiz,Brazil,MF,Nottingham,27,1998,21,12,919,10.2,1,0,1,1,0,0,3,0,0.0980392156862745,0.0,0.0980392156862745,0.0980392156862745,0.0980392156862745,False,2025-26,2025,0.0980392156862745,1,919,,,0.0980392156862745,,,729,38.0,46.8421052631579,12.526315789473683,4.105263157894737,13.289473684210526,48.0,51.0,0.4852191641182466,,,,False,0.11683055849965457,0.0,0.105559118878499,0.2805641303338165,0.018791342813380074,,
Dwight McNeil,England,MF,Everton,25,1999,22,14,1168,13.0,0,1,1,0,0,0,1,0,0.0,0.0769230769230769,0.0769230769230769,0.0,0.0769230769230769,False,2025-26,2025,0.0769230769230769,5,11036,1371.0,-203.0,0.2274889429053862,0.6578947368421053,0.2803738317757009,625,38.0,43.76315789473684,11.105263157894736,3.736842105263158,13.973684210526317,47.0,50.0,0.4428121720881427,,,,False,0.15061925388007788,0.0,0.24772938918357754,0.42321327983542145,0.07369617695700098,0.9,0.0
Eberechi EzeEberechi Eze,England,"MF,FW",Crystal Palace,27,1998,33,22,1895,21.0,7,2,9,7,0,0,1,0,0.3333333333333333,0.0952380952380952,0.4285714285714285,0.3333333333333333,0.4285714285714285,False,2025-26,2025,0.4285714285714285,1,1895,,,0.4285714285714285,,,729,38.0,45.89473684210526,11.63157894736842,3.710526315789474,11.710526315789474,41.0,51.0,0.4983089064261555,,,,False,0.3940467435759641,0.0,0.36646922549427696,0.6019678615003508,-0.034524684995464405,,
El Hadji Malick Diouf,Senegal,"DF,MF",West Ham,20,2004,32,30,2707,30.1,0,5,5,0,0,0,6,0,0.0,0.1661129568106312,0.1661129568106312,0.0,0.1661129568106312,False,2025-26,2025,0.1661129568106312,1,2707,,,0.1661129568106312,,,400,,,,,,,,,,,,False,0.17524401413385238,0.0,0.18625366429975856,0.31106176082359893,0.00913105732322117,0.3,0.0
Eli Junior Kroupi,France,"MF,FW",Bournemouth,19,2006,33,21,1672,18.6,13,0,13,11,2,2,5,0,0.6989247311827956,0.0,0.6989247311827956,0.5913978494623655,0.5913978494623655,False,2025-26,2025,0.6989247311827956,1,1672,,,0.6989247311827956,,,361,38.0,50.078947368421055,13.842105263157896,4.684210526315789,12.63157894736842,58.0,54.0,0.5228628230616302,,,,False,0.41030433164053853,0.0,0.4466673617078772,0.6895937623191069,-0.2886203995422571,,
Eliezer Mayenda,Spain,"FW,MF",Sunderland,20,2005,20,8,759,8.4,2,0,2,2,0,0,0,0,0.238095238095238,0.0,0.238095238095238,0.238095238095238,0.238095238095238,False,2025-26,2025,0.238095238095238,1,759,,,0.238095238095238,,,400,38.0,44.89473684210526,10.421052631578949,3.421052631578948,14.210526315789474,42.0,48.0,0.4230769230769231,,,,False,0.44410336620153806,0.0,0.3171200007322087,0.5631045622578084,0.20600812810630006,,
Elliot Anderson,England,MF,Nottingham,22,2002,38,37,3331,37.0,4,4,8,3,1,1,8,0,0.1081081081081081,0.1081081081081081,0.2162162162162162,0.081081081081081,0.1891891891891892,False,2025-26,2025,0.2162162162162162,4,7496,2728.0,603.0,0.2238636594468058,0.264026402640264,0.175438596491228,484,38.0,46.8421052631579,12.526315789473683,4.105263157894737,13.289473684210526,48.0,51.0,0.4852191641182466,,,,False,0.3417036663156067,0.0,0.371475881305323,0.44291227032980623,0.12548745009939052,3.6,0.0
Emi Buendía,Argentina,MF,Aston Villa,28,1996,36,21,1755,19.5,6,2,8,6,0,0,6,0,0.3076923076923077,0.1025641025641025,0.4102564102564102,0.3076923076923077,0.4102564102564102,False,2025-26,2025,0.4102564102564102,4,6164,98.0,1657.0,0.3104050775409621,0.0,0.2611940298507462,784,38.0,53.6578947368421,12.710526315789474,4.473684210526316,12.894736842105264,56.0,49.0,0.4964028776978417,,,,False,0.2546611185198972,0.0,0.21986474858895716,0.6325357399183216,-0.155595291736513,3.5,0.0
Emile Smith Rowe,England,MF,Fulham,25,2000,37,22,1923,21.4,3,0,3,3,0,0,1,0,0.1401869158878504,0.0,0.1401869158878504,0.1401869158878504,0.1401869158878504,False,2025-26,2025,0.1401869158878504,5,6412,2043.0,-120.0,0.233503238427683,0.3964757709251101,0.2564102564102564,625,38.0,51.73684210526316,12.657894736842104,3.631578947368421,11.789473684210526,47.0,51.0,0.5177610333692142,,,,False,0.1467502222302829,0.0,0.29310822403410747,0.40893754517031683,0.00656330634243249,0.5,0.0
Emiliano Martínez,Argentina,GK,Aston Villa,32,1992,32,32,2835,31.5,0,1,1,0,0,0,2,0,0.0,0.0317460317460317,0.0317460317460317,0.0,0.0317460317460317,False,2025-26,2025,0.0317460317460317,5,15423,3194.0,-359.0,0.0211640211640211,0.0,0.0,1024,38.0,53.6578947368421,12.710526315789474,4.473684210526316,12.894736842105264,56.0,49.0,0.4964028776978417,,,,False,0.007137911655051962,0.0,-0.007440805791900894,0.008438681499566487,-0.024608120090979742,3.0,0.0
Emmanuel Agbadou,Ivory Coast,DF,Wolves,28,1997,14,12,1101,12.2,0,0,0,0,0,0,1,1,0.0,0.0,0.0,0.0,0.0,False,2025-26,2025,0.0,2,2511,1410.0,-309.0,0.0212314225053078,0.0636942675159235,,784,,,,,,,,,,,,False,0.09934238557862765,0.0,0.03394624909084889,0.10945426077041417,0.09934238557862765,,
Enzo Fernández,Argentina,MF,Chelsea,24,2001,36,35,3115,34.6,10,4,14,8,2,2,10,0,0.2890173410404624,0.1156069364161849,0.4046242774566473,0.2312138728323699,0.3468208092485548,False,2025-26,2025,0.4046242774566473,4,9818,2947.0,168.0,0.3775185344522462,0.3975535168195718,0.2040816326530612,576,38.0,57.73684210526316,13.394736842105264,4.368421052631579,10.947368421052632,58.0,52.0,0.5502702702702702,,,,False,0.4200496723415067,0.0,0.464994956461018,0.5960875857301369,0.01542539488485939,0.3,0.0
Enzo Fernández,Argentina,MF,Chelsea,24,2001,36,35,3115,34.6,10,4,14,8,2,2,10,0,0.2890173410404624,0.1156069364161849,0.4046242774566473,0.2312138728323699,0.3468208092485548,False,2025-26,2025,0.4046242774566473,4,9818,2947.0,168.0,0.3775185344522462,0.3975535168195718,0.2040816326530612,576,38.0,57.73684210526316,13.394736842105264,4.368421052631579,10.947368421052632,58.0,52.0,0.5502702702702702,,,,False,0.4200496723415067,0.0,0.464994956461018,0.5960875857301369,0.01542539488485939,1.7,0.0
Enzo Le Fée,France,"MF,FW",Sunderland,25,2000,36,33,2930,32.6,5,6,11,2,3,4,5,0,0.1533742331288343,0.1840490797546012,0.3374233128834356,0.0613496932515337,0.2453987730061349,False,2025-26,2025,0.3374233128834356,1,2930,,,0.3374233128834356,,,625,38.0,44.89473684210526,10.421052631578949,3.421052631578948,14.210526315789474,42.0,48.0,0.4230769230769231,,,,False,0.5141293572343839,0.0,0.4397427619266535,0.6707241121277661,0.17670604435094833,3.9,0.26
Erling Haaland,Norway,FW,Manchester City,25,2000,35,34,2953,32.8,27,8,35,24,3,4,2,0,0.8231707317073171,0.2439024390243902,1.0670731707317074,0.7317073170731708,0.9756097560975612,False,2025-26,2025,1.0670731707317074,4,11010,2736.0,217.0,1.0305044501784637,0.8223684210526316,1.1267605633802815,625,38.0,60.6578947368421,15.657894736842104,5.394736842105263,9.710526315789474,77.0,35.0,0.617219917012448,,,,False,0.8407753024848522,0.0,0.8695160974601104,0.9805709725114344,-0.22629786824685516,4.0,1.0
Estêvão Willian,Brazil,MF,Chelsea,18,2007,22,12,848,9.4,2,2,4,2,0,0,4,0,0.2127659574468085,0.2127659574468085,0.425531914893617,0.2127659574468085,0.425531914893617,False,2025-26,2025,0.425531914893617,1,848,,,0.425531914893617,,,324,38.0,57.73684210526316,13.394736842105264,4.368421052631579,10.947368421052632,58.0,52.0,0.5502702702702702,,,,False,0.38195528900990405,0.0,0.3173316106808218,0.5381041508010159,-0.04357662588371297,0.3,0.0
Ethan Ampadu,Wales,MF,Leeds United,24,2000,35,35,3119,34.7,1,1,2,1,0,0,10,0,0.0288184438040345,0.0288184438040345,0.0576368876080691,0.0288184438040345,0.0576368876080691,False,2025-26,2025,0.0576368876080691,1,3119,,,0.0576368876080691,,,576,38.0,45.73684210526316,12.552631578947368,3.973684210526316,12.526315789473683,49.0,56.0,0.5005246589716683,,,,False,0.15445785941095544,0.0,0.14523086141866606,0.36052910110864517,0.09682097180288635,4.0,0.0
Evanilson,Brazil,FW,Bournemouth,25,1999,36,32,2742,30.5,6,1,7,6,0,0,2,0,0.1967213114754098,0.0327868852459016,0.2295081967213114,0.1967213114754098,0.2295081967213114,False,2025-26,2025,0.2295081967213114,2,5061,2319.0,423.0,0.29512432752997,0.4263565891472868,,625,38.0,50.078947368421055,13.842105263157896,4.684210526315789,12.63157894736842,58.0,54.0,0.5228628230616302,,,,False,0.5031783337341056,0.0,0.5043544680664414,0.695717689569546,0.2736701370127942,3.7,0.81
Evann GuessandEvann Guessand,Ivory Coast,MF,Crystal Palace,24,2001,21,9,918,10.2,1,2,3,1,0,0,0,0,0.0980392156862745,0.196078431372549,0.2941176470588235,0.0980392156862745,0.2941176470588235,False,2025-26,2025,0.2941176470588235,1,918,,,0.2941176470588235,,,576,38.0,45.89473684210526,11.63157894736842,3.710526315789474,11.710526315789474,41.0,51.0,0.4983089064261555,,,,False,0.22043768724654705,0.0,0.20362964005271755,0.4296644281153225,-0.07367995981227643,,
Ezri Konsa,England,DF,Aston Villa,27,1997,34,34,3035,33.7,0,0,0,0,0,0,0,1,0.0,0.0,0.0,0.0,0.0,False,2025-26,2025,0.0,5,14839,2936.0,99.0,0.016703392968318,0.0613496932515337,0.0293255131964809,729,38.0,53.6578947368421,12.710526315789474,4.473684210526316,12.894736842105264,56.0,49.0,0.4964028776978417,,,,False,0.07985786840371252,0.0,0.07588449012217344,0.1444886082978461,0.07985786840371252,2.1,0.0
Fabian Schär,Switzerland,DF,Newcastle,33,1991,16,11,1091,12.1,0,0,0,0,0,0,1,0,0.0,0.0,0.0,0.0,0.0,False,2025-26,2025,0.0,5,12443,2934.0,-1843.0,0.0430238330500971,0.1226993865030674,0.1474926253687315,1089,38.0,52.47368421052632,12.947368421052632,4.631578947368421,12.342105263157896,53.0,55.0,0.5119667013527576,,,,False,0.11166436865096002,0.0,0.0763347742720842,0.15120078185967387,0.11166436865096002,0.0,0.0
Ferdi Kadioglu,Turkey,"DF,MF",Brighton,25,1999,37,34,3133,34.8,1,0,1,1,0,0,6,0,0.028735632183908,0.0,0.028735632183908,0.028735632183908,0.028735632183908,False,2025-26,2025,0.028735632183908,2,3518,385.0,2748.0,0.0966764679675666,0.2325581395348837,,625,38.0,53.94736842105263,13.0,4.631578947368421,11.68421052631579,52.0,46.0,0.5266524520255864,,,,False,0.13865802964119694,0.0,0.15076293451952538,0.2601720151073346,0.10992239745728895,2.9,0.0
Florentino Luís,Portugal,MF,Burnley,25,1999,31,25,2105,23.4,0,2,2,0,0,0,6,0,0.0,0.0854700854700854,0.0854700854700854,0.0,0.0854700854700854,False,2025-26,2025,0.0854700854700854,1,2105,,,0.0854700854700854,,,625,,,,,,,,,,,,False,0.14345624412294952,0.0,0.1334262526434998,0.32193600996374605,0.05798615865286412,0.2,0.0
Florian Wirtz,Germany,MF,Liverpool,22,2003,33,27,2378,26.4,5,3,8,5,0,0,1,0,0.1893939393939394,0.1136363636363636,0.303030303030303,0.1893939393939394,0.303030303030303,False,2025-26,2025,0.303030303030303,1,2378,,,0.303030303030303,,,484,38.0,59.31578947368421,15.473684210526317,4.605263157894737,11.447368421052632,63.0,53.0,0.5747800586510264,,,,False,0.23309295853765005,0.0,0.20840432919542415,0.4549336330306896,-0.06993734449265293,3.7,0.27
Freddie Potts,England,MF,West Ham,21,2003,22,12,1171,13.0,0,1,1,0,0,0,1,0,0.0,0.0769230769230769,0.0769230769230769,0.0,0.0769230769230769,False,2025-26,2025,0.0769230769230769,1,1171,,,0.0769230769230769,,,441,,,,,,,,,,,,False,0.11827903649523012,0.0,0.13215594348375373,0.33001724550931905,0.041355959572153225,,
Gabriel Gudmundsson,Sweden,"DF,MF",Leeds United,26,1999,32,31,2631,29.2,0,0,0,0,0,0,6,1,0.0,0.0,0.0,0.0,0.0,False,2025-26,2025,0.0,1,2631,,,0.0,,,676,38.0,45.73684210526316,12.552631578947368,3.973684210526316,12.526315789473683,49.0,56.0,0.5005246589716683,,,,False,0.09370392262492393,0.0,0.10690373384180298,0.2334391267484305,0.09370392262492393,1.8,0.0
Gabriel Magalhães,Brazil,DF,Arsenal,27,1997,32,30,2751,30.6,3,4,7,3,0,0,4,0,0.0980392156862745,0.130718954248366,0.2287581699346405,0.0980392156862745,0.2287581699346405,False,2025-26,2025,0.2287581699346405,5,14630,2363.0,388.0,0.1988396679357457,0.1520912547528517,0.1183431952662722,729,38.0,56.44736842105263,14.526315789473683,4.894736842105263,8.157894736842104,71.0,27.0,0.640371229698376,,,,False,0.27898369077356755,0.0,0.28589374592655575,0.324409657304388,0.05022552083892706,4.0,0.0
Gabriel Martinelli,Brazil,"FW,MF",Arsenal,24,2001,30,11,1081,12.0,1,4,5,1,0,0,3,0,0.0833333333333333,0.3333333333333333,0.4166666666666667,0.0833333333333333,0.4166666666666667,False,2025-26,2025,0.4166666666666667,5,10039,2290.0,-1209.0,0.4389202612594832,0.4724409448818898,0.4464285714285714,576,38.0,56.44736842105263,14.526315789473683,4.894736842105263,8.157894736842104,71.0,27.0,0.640371229698376,,,,False,0.5700081952144137,0.0,0.5448079950235811,0.6758769935845164,0.15334152854774702,,
Georginio Rutter,France,"MF,FW",Brighton,23,2002,32,20,1786,19.8,3,3,6,3,0,0,2,0,0.1515151515151515,0.1515151515151515,0.303030303030303,0.1515151515151515,0.303030303030303,False,2025-26,2025,0.303030303030303,3,3715,1656.0,130.0,0.3356755965451617,0.4347826086956522,0.3333333333333333,529,38.0,53.94736842105263,13.0,4.631578947368421,11.68421052631579,52.0,46.0,0.5266524520255864,,,,False,0.4342175957377714,0.0,0.4167806628531969,0.7201807158863277,0.13118729270746843,1.0,1.0
Gianluigi Donnarumma,Italy,GK,Manchester City,26,1999,34,34,3060,34.0,0,0,0,0,0,0,8,0,0.0,0.0,0.0,0.0,0.0,False,2025-26,2025,0.0,1,3060,,,0.0,,,676,38.0,60.6578947368421,15.657894736842104,5.394736842105263,9.710526315789474,77.0,35.0,0.617219917012448,,,,False,0.023101165130506345,0.0,0.0032595611764575623,0.04387494317287415,0.023101165130506345,4.0,0.0
Giorgi Mamardashvili,Georgia,GK,Liverpool,24,2000,10,10,867,9.6,0,0,0,0,0,0,0,0,0.0,0.0,0.0,0.0,0.0,False,2025-26,2025,0.0,1,867,,,0.0,,,576,38.0,59.31578947368421,15.473684210526317,4.605263157894737,11.447368421052632,63.0,53.0,0.5747800586510264,,,,False,0.10268361204199797,0.0,0.017019030624405893,0.07682133623451219,0.10268361204199797,,
Granit Xhaka,Switzerland,MF,Sunderland,32,1992,34,32,2904,32.3,1,6,7,1,0,0,8,0,0.0309597523219814,0.1857585139318885,0.21671826625387,0.0309597523219814,0.21671826625387,False,2025-26,2025,0.21671826625387,3,8224,2993.0,-89.0,0.2507756171326863,0.4204204204204204,0.1158301158301158,1024,38.0,44.89473684210526,10.421052631578949,3.421052631578948,14.210526315789474,42.0,48.0,0.4230769230769231,,,,False,0.3293454943620082,0.0,0.38813714509623204,0.42989392112408115,0.11262722810813822,4.0,0.0
Guglielmo Vicario,Italy,GK,Tottenham,28,1996,31,31,2790,31.0,0,0,0,0,0,0,1,0,0.0,0.0,0.0,0.0,0.0,False,2025-26,2025,0.0,3,8370,2160.0,630.0,0.0,0.0,0.0,784,38.0,50.42105263157895,11.447368421052632,3.842105263157895,12.289473684210526,48.0,57.0,0.4822616407982262,,,,False,-0.019118710756708398,0.0,-0.0018055753958224504,0.014656250563264228,-0.019118710756708398,,
Habib Diarra,Senegal,MF,Sunderland,21,2004,20,15,1405,15.6,2,2,4,1,1,1,6,0,0.1282051282051282,0.1282051282051282,0.2564102564102564,0.0641025641025641,0.1923076923076923,False,2025-26,2025,0.2564102564102564,1,1405,,,0.2564102564102564,,,441,38.0,44.89473684210526,10.421052631578949,3.421052631578948,14.210526315789474,42.0,48.0,0.4230769230769231,,,,False,0.18366801662025073,0.0,0.2028921900472581,0.3983203990245579,-0.07274223979000566,0.3,3.1
Hannibal Mejbri,Tunisia,MF,Burnley,22,2003,27,15,1229,13.7,1,4,5,1,0,0,10,0,0.072992700729927,0.291970802919708,0.364963503649635,0.072992700729927,0.364963503649635,False,2025-26,2025,0.364963503649635,3,1430,133.0,1096.0,0.3914571505812382,0.6666666666666666,0.0,484,,,,,,,,,,,,False,0.2023023180083135,0.0,0.17866087710007617,0.6328772867423486,-0.16266118564132148,,
Harrison Armstrong,England,MF,Everton,18,2007,13,6,529,5.9,0,0,0,0,0,0,0,0,0.0,0.0,0.0,0.0,0.0,False,2025-26,2025,0.0,2,577,48.0,481.0,0.0,0.0,,324,38.0,43.76315789473684,11.105263157894736,3.736842105263158,13.973684210526317,47.0,50.0,0.4428121720881427,,,,False,0.20568411412995755,0.0,0.13763514836990481,0.4264025923526874,0.20568411412995755,3.9,0.25
Harry Maguire,England,DF,Manchester Utd,32,1993,23,19,1653,18.4,1,2,3,1,0,0,3,1,0.0543478260869565,0.108695652173913,0.1630434782608695,0.0543478260869565,0.1630434782608695,False,2025-26,2025,0.1630434782608695,5,8346,1758.0,-105.0,0.1366372206068845,0.0512820512820512,0.2173913043478261,1024,38.0,51.92105263157895,15.657894736842104,5.657894736842105,11.578947368421051,69.0,50.0,0.5748792270531401,,,,False,0.15025345617694982,0.0,0.11024378239877321,0.17788937163661236,-0.012790022083919689,4.0,0.0
Harry Wilson,Wales,MF,Fulham,28,1997,36,32,2673,29.7,10,7,17,10,0,0,7,0,0.3367003367003367,0.2356902356902357,0.5723905723905724,0.3367003367003367,0.5723905723905724,False,2025-26,2025,0.5723905723905724,4,6555,1162.0,1511.0,0.558510793822354,0.5426356589147286,0.5555555555555556,784,38.0,51.73684210526316,12.657894736842104,3.631578947368421,11.789473684210526,47.0,51.0,0.5177610333692142,,,,False,0.570887453111081,0.0,0.4484625972455271,0.7717730801047618,-0.0015031192794914272,1.6,0.0
Harvey Barnes,England,"FW,MF",Newcastle,27,1997,37,19,1966,21.8,7,1,8,7,0,0,1,0,0.3211009174311926,0.0458715596330275,0.3669724770642201,0.3211009174311926,0.3669724770642201,False,2025-26,2025,0.3669724770642201,5,9335,1755.0,211.0,0.4793419756239959,0.6666666666666666,0.898876404494382,729,38.0,52.47368421052632,12.947368421052632,4.631578947368421,12.342105263157896,53.0,55.0,0.5119667013527576,,,,False,0.49177285645313223,0.0,0.5182674546793153,0.669831237402317,0.12480037938891214,4.0,0.25
Hjalmar Ekdal,Sweden,DF,Burnley,26,1998,19,17,1539,17.1,0,0,0,0,0,0,0,0,0.0,0.0,0.0,0.0,0.0,False,2025-26,2025,0.0,2,1976,437.0,1102.0,0.0,0.0,,676,,,,,,,,,,,,False,0.09840899730400847,0.0,0.02996322094694544,0.13427135263620832,0.09840899730400847,,
Hugo Bueno,Spain,"MF,DF",Wolves,22,2002,35,26,2366,26.3,1,2,3,1,0,0,3,0,0.0380228136882129,0.0760456273764258,0.1140684410646387,0.0380228136882129,0.1140684410646387,False,2025-26,2025,0.1140684410646387,3,4417,741.0,1625.0,0.0836559774525293,0.0,0.0684931506849315,484,,,,,,,,,,,,False,0.15263514045106022,0.0,0.11464456405116043,0.3242531284262465,0.038566699386421516,,
Hugo Ekitike,France,FW,Liverpool,23,2002,28,21,1803,20.0,11,4,15,11,0,0,0,0,0.55,0.2,0.75,0.55,0.75,False,2025-26,2025,0.75,1,1803,,,0.75,,,529,38.0,59.31578947368421,15.473684210526317,4.605263157894737,11.447368421052632,63.0,53.0,0.5747800586510264,,,,False,0.5422303079086698,0.0,0.5855109875946825,0.8087096443831888,-0.20776969209133023,,
Hwang Hee-chan,South Korea,"FW,MF",Wolves,29,1996,26,18,1446,16.1,2,2,4,1,1,1,5,0,0.124223602484472,0.124223602484472,0.248447204968944,0.062111801242236,0.186335403726708,False,2025-26,2025,0.248447204968944,5,7172,661.0,785.0,0.2853011541922411,0.273972602739726,0.6382978723404256,841,,,,,,,,,,,,False,0.4063510694440946,0.0,0.36553976899457363,0.6326673011512511,0.1579038644751506,,
Ian Maatsen,Netherlands,DF,Aston Villa,23,2002,30,17,1605,17.8,0,1,1,0,0,0,2,0,0.0,0.0561797752808988,0.0561797752808988,0.0,0.0561797752808988,False,2025-26,2025,0.0561797752808988,3,2953,1139.0,466.0,0.0899466218408092,0.2362204724409449,0.0,529,38.0,53.6578947368421,12.710526315789474,4.473684210526316,12.894736842105264,56.0,49.0,0.4964028776978417,,,,False,0.02972776643646673,0.0,0.06266536167308236,0.14932625906787644,-0.02645200884443207,3.7,0.0
Ibrahim Sangaré,Ivory Coast,MF,Nottingham,27,1997,28,25,2075,23.1,2,2,4,2,0,0,5,0,0.0865800865800865,0.0865800865800865,0.1731601731601731,0.0865800865800865,0.1731601731601731,False,2025-26,2025,0.1731601731601731,3,3700,590.0,1485.0,0.1491101491101491,0.1515151515151515,0.0,729,38.0,46.8421052631579,12.526315789473683,4.105263157894737,13.289473684210526,48.0,51.0,0.4852191641182466,,,,False,0.2729778262816013,0.0,0.15785053662620155,0.5529838219116812,0.09981765312142818,1.1,0.0
Ibrahima Konaté,France,DF,Liverpool,26,1999,36,36,3090,34.3,1,0,1,1,0,0,7,0,0.0291545189504373,0.0,0.0291545189504373,0.0291545189504373,0.0291545189504373,False,2025-26,2025,0.0291545189504373,5,9766,2560.0,530.0,0.042910524370714,0.1056338028169014,0.0,676,38.0,59.31578947368421,15.473684210526317,4.605263157894737,11.447368421052632,63.0,53.0,0.5747800586510264,,,,False,0.1217688345104923,0.0,0.13116268610882137,0.17335368386660818,0.09261431556005499,,
Idrissa Gueye,Senegal,MF,Everton,35,1989,25,25,2093,23.3,2,3,5,2,0,0,1,1,0.0858369098712446,0.1287553648068669,0.2145922746781116,0.0858369098712446,0.2145922746781116,False,2025-26,2025,0.2145922746781116,4,9617,3063.0,-970.0,0.17814121716645,0.088235294117647,0.1913875598086124,1225,38.0,43.76315789473684,11.105263157894736,3.736842105263158,13.973684210526317,47.0,50.0,0.4428121720881427,,,,False,0.17763039765289898,0.0,0.21918888190897728,0.3943500555422271,-0.036961877025212614,,
Igor Jesus,Brazil,FW,Nottingham,24,2001,37,28,2298,25.5,6,4,10,5,1,1,2,0,0.2352941176470588,0.1568627450980392,0.392156862745098,0.196078431372549,0.3529411764705882,False,2025-26,2025,0.392156862745098,1,2298,,,0.392156862745098,,,576,38.0,46.8421052631579,12.526315789473683,4.105263157894737,13.289473684210526,48.0,51.0,0.4852191641182466,,,,False,0.4070208377053125,0.0,0.42741521291212853,0.6317994360122657,0.014863974960214521,2.5,0.4
Igor Thiago,Brazil,FW,Brentford,24,2001,38,37,3282,36.5,22,1,23,14,8,9,7,0,0.6027397260273972,0.0273972602739726,0.6301369863013698,0.3835616438356164,0.410958904109589,False,2025-26,2025,0.6301369863013698,2,3457,175.0,3107.0,0.4200913242009132,0.0,,576,38.0,47.5,10.657894736842104,3.8684210526315783,13.263157894736842,55.0,52.0,0.4455445544554455,,,,False,0.53754560166561,0.0,0.5252129501868387,0.7230213001309067,-0.09259138463575978,3.9,0.0
Ilia Gruev,Bulgaria,MF,Leeds United,25,2000,23,15,1323,14.7,0,3,3,0,0,0,3,0,0.0,0.2040816326530612,0.2040816326530612,0.0,0.2040816326530612,False,2025-26,2025,0.2040816326530612,1,1323,,,0.2040816326530612,,,625,38.0,45.73684210526316,12.552631578947368,3.973684210526316,12.526315789473683,49.0,56.0,0.5005246589716683,,,,False,0.24002982611453763,0.0,0.177005607065531,0.4398099535964671,0.03594819346147643,,
Iliman Ndiaye,Senegal,MF,Everton,25,2000,32,32,2778,30.9,6,3,9,4,2,2,2,0,0.1941747572815534,0.0970873786407767,0.2912621359223301,0.1294498381877022,0.226537216828479,False,2025-26,2025,0.2912621359223301,2,5208,2430.0,348.0,0.3052858683926645,0.3333333333333333,,625,38.0,43.76315789473684,11.105263157894736,3.736842105263158,13.973684210526317,47.0,50.0,0.4428121720881427,,,,False,0.3756998842952185,0.0,0.35255809502153834,0.4476444279587981,0.08443774837288842,2.0,0.5
Iliman Ndiaye,Senegal,MF,Everton,25,2000,32,32,2778,30.9,6,3,9,4,2,2,2,0,0.1941747572815534,0.0970873786407767,0.2912621359223301,0.1294498381877022,0.226537216828479,False,2025-26,2025,0.2912621359223301,2,5208,2430.0,348.0,0.3052858683926645,0.3333333333333333,,625,38.0,43.76315789473684,11.105263157894736,3.736842105263158,13.973684210526317,47.0,50.0,0.4428121720881427,,,,False,0.3756998842952185,0.0,0.35255809502153834,0.4476444279587981,0.08443774837288842,1.5,0.0
Ismaila Sarr,Senegal,MF,Crystal Palace,27,1998,28,24,2174,24.2,9,1,10,6,3,3,2,0,0.371900826446281,0.0413223140495867,0.4132231404958678,0.2479338842975206,0.2892561983471075,False,2025-26,2025,0.4132231404958678,3,6746,2711.0,-537.0,0.4164150724802745,0.4651162790697674,0.3381642512077294,729,38.0,45.89473684210526,11.63157894736842,3.710526315789474,11.710526315789474,41.0,51.0,0.4983089064261555,,,,False,0.4178083545512141,0.0,0.43220499716216915,0.5337264598255169,0.004585214055346343,,
Issa Diop,Morocco,DF,Fulham,28,1997,13,8,816,9.1,1,0,1,1,0,0,2,0,0.1098901098901098,0.0,0.1098901098901098,0.1098901098901098,0.1098901098901098,False,2025-26,2025,0.1098901098901098,5,6554,1339.0,-523.0,0.0755161678058874,0.0,0.0,784,38.0,51.73684210526316,12.657894736842104,3.631578947368421,11.789473684210526,47.0,51.0,0.5177610333692142,,,,False,0.14610171743723324,0.0,0.11584718804378799,0.17006846494707842,0.03621160754712344,4.0,0.0
Jack Grealish,England,MF,Everton,29,1995,20,18,1627,18.1,2,6,8,2,0,0,5,1,0.1104972375690607,0.3314917127071823,0.4419889502762431,0.1104972375690607,0.4419889502762431,False,2025-26,2025,0.4419889502762431,5,7326,721.0,906.0,0.3931429898465025,0.25,0.3571428571428571,841,38.0,43.76315789473684,11.105263157894736,3.736842105263158,13.973684210526317,47.0,50.0,0.4428121720881427,,,,False,0.2667157287357579,0.0,0.2986497954326226,0.5234642235257928,-0.1752732215404852,0.6,0.0
Jack Grealish,England,MF,Everton,29,1995,20,18,1627,18.1,2,6,8,2,0,0,5,1,0.1104972375690607,0.3314917127071823,0.4419889502762431,0.1104972375690607,0.4419889502762431,False,2025-26,2025,0.4419889502762431,5,7326,721.0,906.0,0.3931429898465025,0.25,0.3571428571428571,841,38.0,43.76315789473684,11.105263157894736,3.736842105263158,13.973684210526317,47.0,50.0,0.4428121720881427,,,,False,0.2667157287357579,0.0,0.2986497954326226,0.5234642235257928,-0.1752732215404852,0.1,0.0
Jack Hinshelwood,England,MF,Brighton,20,2005,27,20,1741,19.3,4,3,7,4,0,0,0,0,0.2072538860103626,0.155440414507772,0.3626943005181347,0.2072538860103626,0.3626943005181347,False,2025-26,2025,0.3626943005181347,4,4454,1842.0,-101.0,0.3405864665986011,0.3414634146341463,0.3092783505154639,400,38.0,53.94736842105263,13.0,4.631578947368421,11.68421052631579,52.0,46.0,0.5266524520255864,,,,False,0.26193614690428113,0.0,0.32533616598560233,0.5340855674415804,-0.1007581536138536,0.7,2.86
Jackson Tchatchoua,Cameroon,"MF,DF",Wolves,23,2001,31,19,1845,20.5,0,1,1,0,0,0,3,0,0.0,0.048780487804878,0.048780487804878,0.0,0.048780487804878,False,2025-26,2025,0.048780487804878,1,1845,,,0.048780487804878,,,529,,,,,,,,,,,,False,0.10684571462412261,0.0,0.11730210172722691,0.29003979110141764,0.05806522681924461,,
Jacob Bruun Larsen,Denmark,"MF,FW",Burnley,26,1998,28,10,1030,11.4,0,1,1,0,0,0,0,0,0.0,0.087719298245614,0.087719298245614,0.0,0.087719298245614,False,2025-26,2025,0.087719298245614,2,2279,1249.0,-219.0,0.2023644242500736,0.4316546762589928,,676,,,,,,,,,,,,False,0.35857905519371525,0.0,0.23616355558577184,0.6029555144626346,0.27085975694810127,,
Jacob Murphy,England,"FW,MF",Newcastle,30,1995,33,19,1617,18.0,3,2,5,3,0,0,2,0,0.1666666666666666,0.1111111111111111,0.2777777777777778,0.1666666666666666,0.2777777777777778,False,2025-26,2025,0.2777777777777778,5,7890,2360.0,-743.0,0.4238536881791111,0.7633587786259542,0.7575757575757576,900,38.0,52.47368421052632,12.947368421052632,4.631578947368421,12.342105263157896,53.0,55.0,0.5119667013527576,,,,False,0.44095227069997495,0.0,0.5391310146108341,0.6567660715559862,0.16317449292219716,1.0,0.0
Jacob Ramsey,England,MF,Newcastle,24,2001,28,15,1450,16.1,2,3,5,2,0,0,5,1,0.124223602484472,0.186335403726708,0.3105590062111801,0.124223602484472,0.3105590062111801,False,2025-26,2025,0.3105590062111801,5,9029,1623.0,-173.0,0.2861258110660147,0.2222222222222222,0.2105263157894736,576,38.0,52.47368421052632,12.947368421052632,4.631578947368421,12.342105263157896,53.0,55.0,0.5119667013527576,,,,False,0.20578693602686818,0.0,0.32046785048403686,0.484147538418839,-0.10477207018431192,0.8,1.25
Jadon Sancho,England,MF,Aston Villa,25,2000,23,9,876,9.7,0,2,2,0,0,0,0,0,0.0,0.2061855670103093,0.2061855670103093,0.0,0.2061855670103093,False,2025-26,2025,0.2061855670103093,5,6305,1764.0,-888.0,0.2322162849582886,0.3571428571428571,0.0,625,38.0,53.6578947368421,12.710526315789474,4.473684210526316,12.894736842105264,56.0,49.0,0.4964028776978417,,,,False,0.37866261762121123,0.0,0.3255843110669756,0.561745430535331,0.17247705061090193,,
Jaidon Anthony,England,MF,Burnley,25,1999,37,32,2722,30.2,8,2,10,8,0,0,4,0,0.2649006622516556,0.0662251655629139,0.3311258278145695,0.2649006622516556,0.3311258278145695,False,2025-26,2025,0.3311258278145695,3,4131,152.0,2570.0,0.2524965836224114,0.0,0.2857142857142857,625,,,,,,,,,,,,False,0.30592431765428,0.0,0.2423564269474312,0.5505404274251673,-0.025201510160289486,2.1,0.0
Jair Cunha,Brazil,DF,Nottingham,20,2005,9,6,517,5.7,0,0,0,0,0,0,0,0,0.0,0.0,0.0,0.0,0.0,False,2025-26,2025,0.0,1,517,,,0.0,,,400,38.0,46.8421052631579,12.526315789473683,4.105263157894737,13.289473684210526,48.0,51.0,0.4852191641182466,,,,False,0.0889784245744555,0.0,0.0599507694335699,0.3056846202021608,0.0889784245744555,3.0,0.0
Jaka Bijol,Slovenia,DF,Leeds United,26,1999,25,21,1890,21.0,1,2,3,1,0,0,4,0,0.0476190476190476,0.0952380952380952,0.1428571428571428,0.0476190476190476,0.1428571428571428,False,2025-26,2025,0.1428571428571428,1,1890,,,0.1428571428571428,,,676,38.0,45.73684210526316,12.552631578947368,3.973684210526316,12.526315789473683,49.0,56.0,0.5005246589716683,,,,False,0.043798914600539515,0.0,0.0646685415101167,0.18164958403730128,-0.09905822825660328,1.8,0.0
Jake O'Brien,Ireland,DF,Everton,24,2001,37,35,3120,34.7,1,1,2,1,0,0,6,1,0.0288184438040345,0.0288184438040345,0.0576368876080691,0.0288184438040345,0.0576368876080691,False,2025-26,2025,0.0576368876080691,2,4691,1571.0,1549.0,0.0765198298339508,0.1142857142857142,,576,38.0,43.76315789473684,11.105263157894736,3.736842105263158,13.973684210526317,47.0,50.0,0.4428121720881427,,,,False,0.09962151517804196,0.0,0.07311629190293335,0.14355311134538895,0.041984627569972864,0.2,0.0
James Garner,England,"MF,DF",Everton,24,2001,38,38,3413,37.9,2,7,9,2,0,0,12,0,0.0527704485488126,0.1846965699208443,0.237467018469657,0.0527704485488126,0.237467018469657,False,2025-26,2025,0.237467018469657,4,8815,1594.0,1819.0,0.1816810982379983,0.0564971751412429,0.0898203592814371,576,38.0,43.76315789473684,11.105263157894736,3.736842105263158,13.973684210526317,47.0,50.0,0.4428121720881427,,,,False,0.2517418290738786,0.0,0.35289699851658707,0.48896081787641404,0.014274810604221588,2.7,0.0
James Hill,England,DF,Bournemouth,23,2002,29,22,2106,23.4,0,3,3,0,0,0,5,0,0.0,0.1282051282051282,0.1282051282051282,0.0,0.1282051282051282,False,2025-26,2025,0.1282051282051282,3,2630,448.0,1658.0,0.1299145299145299,0.2,0.0,529,38.0,50.078947368421055,13.842105263157896,4.684210526315789,12.63157894736842,58.0,54.0,0.5228628230616302,,,,False,0.10847932537184195,0.0,0.10764692486604875,0.23794242268033894,-0.019725802833286246,4.0,0.0
James Justin,England,"DF,MF",Leeds United,27,1998,29,21,1901,21.1,2,1,3,2,0,0,4,0,0.0947867298578199,0.0473933649289099,0.1421800947867298,0.0947867298578199,0.1421800947867298,False,2025-26,2025,0.1421800947867298,4,7063,2912.0,-1011.0,0.1222215721074769,0.1234567901234568,0.0,729,38.0,45.73684210526316,12.552631578947368,3.973684210526316,12.526315789473683,49.0,56.0,0.5005246589716683,,,,False,0.0890038070027198,0.0,0.16577819424807677,0.27943392522540833,-0.05317628778401,4.0,0.0
James Milner,England,MF,Brighton,39,1986,20,7,784,8.7,1,1,2,0,1,1,2,0,0.1149425287356322,0.1149425287356322,0.2298850574712644,0.0,0.1149425287356322,False,2025-26,2025,0.2298850574712644,5,3493,170.0,614.0,0.1742274679078088,0.0,0.2325581395348837,1521,38.0,53.94736842105263,13.0,4.631578947368421,11.68421052631579,52.0,46.0,0.5266524520255864,,,,False,0.297656803996268,0.0,0.17451254719916995,0.5811530111516973,0.06777174652500359,,
James Tarkowski,England,DF,Everton,32,1992,37,37,3330,37.0,2,3,5,2,0,0,8,0,0.054054054054054,0.081081081081081,0.1351351351351351,0.054054054054054,0.1351351351351351,False,2025-26,2025,0.1351351351351351,5,16197,2922.0,408.0,0.1100370217075022,0.0615384615384615,0.0526315789473684,1024,38.0,43.76315789473684,11.105263157894736,3.736842105263158,13.973684210526317,47.0,50.0,0.4428121720881427,,,,False,0.09856558470792724,0.0,0.11666806296286798,0.13713503201003716,-0.036569550427207845,4.0,0.25
James Ward-ProwseJames Ward-Prowse,England,MF,West Ham,30,1994,18,12,1097,12.2,0,1,1,0,0,0,1,0,0.0,0.0819672131147541,0.0819672131147541,0.0,0.0819672131147541,False,2025-26,2025,0.0819672131147541,2,2536,1439.0,-342.0,0.1175378905041757,0.1886792452830188,,900,,,,,,,,,,,,False,0.21300495575542866,0.0,0.14109993986948782,0.3354756384084376,0.13103774264067455,,
Jamie Gittens,England,MF,Chelsea,20,2004,16,5,495,5.5,0,2,2,0,0,0,0,0,0.0,0.3636363636363636,0.3636363636363636,0.0,0.3636363636363636,False,2025-26,2025,0.3636363636363636,1,495,,,0.3636363636363636,,,400,38.0,57.73684210526316,13.394736842105264,4.368421052631579,10.947368421052632,58.0,52.0,0.5502702702702702,,,,False,0.2981804188797152,0.0,0.2492611605062355,0.5383758429901428,-0.0654559447566484,,
Jan Paul van Hecke,Netherlands,DF,Brighton,25,2000,36,36,3210,35.7,3,3,6,3,0,0,9,0,0.0840336134453781,0.0840336134453781,0.1680672268907563,0.0840336134453781,0.1680672268907563,False,2025-26,2025,0.1680672268907563,4,8832,2958.0,252.0,0.1255537676063333,0.060790273556231,0.0,625,38.0,53.94736842105263,13.0,4.631578947368421,11.68421052631579,52.0,46.0,0.5266524520255864,,,,False,0.17981769912288226,0.0,0.13135776907036,0.28483543393679406,0.01175047223212597,4.0,0.0
Jarrad Branthwaite,England,DF,Everton,23,2002,10,7,680,7.6,1,0,1,1,0,0,1,0,0.131578947368421,0.0,0.131578947368421,0.131578947368421,0.131578947368421,False,2025-26,2025,0.131578947368421,4,6695,2511.0,-1831.0,0.1107201244530222,0.03584229390681,0.0867052023121387,529,38.0,43.76315789473684,11.105263157894736,3.736842105263158,13.973684210526317,47.0,50.0,0.4428121720881427,,,,False,0.14022894978136327,0.0,0.07389082138881314,0.18442983002301,0.008650002412942281,4.0,0.0
Jarrod Bowen,England,"MF,FW",West Ham,28,1996,38,38,3403,37.8,9,11,20,8,1,1,4,0,0.2380952380952381,0.291005291005291,0.5291005291005292,0.2116402116402116,0.5026455026455027,False,2025-26,2025,0.5291005291005292,5,15611,2973.0,430.0,0.5585646724924208,0.6363636363636364,0.6567164179104478,784,,,,,,,,,,,,False,0.7404949843213873,0.0,0.714548042711901,0.866040802480594,0.2113944552208581,,
Jaydee Canvot,France,DF,Crystal Palace,19,2006,20,14,1336,14.8,0,0,0,0,0,0,3,0,0.0,0.0,0.0,0.0,0.0,False,2025-26,2025,0.0,1,1336,,,0.0,,,361,38.0,45.89473684210526,11.63157894736842,3.710526315789474,11.710526315789474,41.0,51.0,0.4983089064261555,,,,False,0.08409652420337828,0.0,0.04353801530341847,0.16997496795114658,0.08409652420337828,3.0,0.0
Jayden Bogle,England,"MF,DF",Leeds United,25,2000,34,32,2793,31.0,1,2,3,1,0,0,6,0,0.032258064516129,0.064516129032258,0.0967741935483871,0.032258064516129,0.0967741935483871,False,2025-26,2025,0.0967741935483871,2,5581,2788.0,5.0,0.0967741935483871,0.0967741935483871,,625,38.0,45.73684210526316,12.552631578947368,3.973684210526316,12.526315789473683,49.0,56.0,0.5005246589716683,,,,False,0.12029972911565563,0.0,0.13316177982415556,0.3408121542554984,0.023525535567268538,3.3,0.6
Jean-Clair Todibo,France,DF,West Ham,25,1999,23,22,1814,20.2,0,1,1,0,0,0,5,1,0.0,0.0495049504950495,0.0495049504950495,0.0,0.0495049504950495,False,2025-26,2025,0.0495049504950495,2,3639,1825.0,-11.0,0.033003300330033,0.0,,625,,,,,,,,,,,,False,0.06079539168920721,0.0,0.053556469231833576,0.11154898639402848,0.011290441194157709,,
Jean-Philippe Mateta,France,FW,Crystal Palace,28,1997,32,25,2218,24.6,12,0,12,8,4,4,2,0,0.4878048780487805,0.0,0.4878048780487805,0.3252032520325203,0.3252032520325203,False,2025-26,2025,0.4878048780487805,5,9063,2648.0,-430.0,0.5189576410764517,0.54421768707483,0.8267716535433072,784,38.0,45.89473684210526,11.63157894736842,3.710526315789474,11.710526315789474,41.0,51.0,0.4983089064261555,,,,False,0.6587846028304349,0.0,0.6165894612250891,0.8000811241043411,0.17097972478165446,0.7,0.0
Jean-Ricner Bellegarde,Haiti,"MF,FW",Wolves,27,1998,26,15,1248,13.9,1,1,2,1,0,0,5,0,0.0719424460431654,0.0719424460431654,0.1438848920863309,0.0719424460431654,0.1438848920863309,False,2025-26,2025,0.1438848920863309,3,3883,1677.0,-429.0,0.2348966839918205,0.4838709677419354,0.2830188679245283,729,,,,,,,,,,,,False,0.41893342932050487,0.0,0.28418136933673066,0.5905739600415658,0.275048537234174,,
Jefferson Lerma,Colombia,"MF,DF",Crystal Palace,30,1994,31,18,1733,19.3,0,2,2,0,0,0,7,0,0.0,0.1036269430051813,0.1036269430051813,0.0,0.1036269430051813,False,2025-26,2025,0.1036269430051813,4,9659,2274.0,-541.0,0.0885465190184423,0.0395256916996047,0.0749063670411985,900,38.0,45.89473684210526,11.63157894736842,3.710526315789474,11.710526315789474,41.0,51.0,0.4983089064261555,,,,False,0.05312114069821066,0.0,0.1201096188852538,0.2844317000849011,-0.05050580230697064,0.1,0.0
Jeremie Frimpong,Netherlands,"DF,MF",Liverpool,24,2000,21,12,1040,11.6,0,1,1,0,0,0,1,0,0.0,0.0862068965517241,0.0862068965517241,0.0,0.0862068965517241,False,2025-26,2025,0.0862068965517241,1,1040,,,0.0862068965517241,,,576,38.0,59.31578947368421,15.473684210526317,4.605263157894737,11.447368421052632,63.0,53.0,0.5747800586510264,,,,False,0.10035546074411074,0.0,0.13234814342284415,0.2367897642318699,0.014148564192386637,2.0,0.0
Jeremy Doku,Belgium,"MF,FW",Manchester City,23,2002,30,19,1784,19.8,5,5,10,5,0,0,0,0,0.2525252525252525,0.2525252525252525,0.5050505050505051,0.2525252525252525,0.5050505050505051,False,2025-26,2025,0.5050505050505051,3,4895,1516.0,268.0,0.5248000586983639,0.5357142857142857,0.6214689265536724,529,38.0,60.6578947368421,15.657894736842104,5.394736842105263,9.710526315789474,77.0,35.0,0.617219917012448,,,,False,0.696083966407974,0.0,0.5979965219639263,0.7460305749191418,0.1910334613574689,,
Jhon Arias,Colombia,"FW,MF",Wolves,27,1997,23,14,1124,12.5,1,0,1,1,0,0,1,0,0.08,0.0,0.08,0.08,0.08,False,2025-26,2025,0.08,1,1124,,,0.08,,,729,,,,,,,,,,,,False,0.2042033354596641,0.0,0.18017696798781557,0.35868335006861524,0.1242033354596641,,
Joachim Andersen,Denmark,DF,Fulham,29,1996,33,33,2875,31.9,0,1,1,0,0,0,7,1,0.0,0.0313479623824451,0.0313479623824451,0.0,0.0313479623824451,False,2025-26,2025,0.0313479623824451,4,11988,3415.0,-540.0,0.0560421319556535,0.1319261213720316,0.0323624595469255,841,38.0,51.73684210526316,12.657894736842104,3.631578947368421,11.789473684210526,47.0,51.0,0.5177610333692142,,,,False,0.12991996884300672,0.0,0.12519132172160213,0.15423989028920332,0.0985720064605616,2.0,0.0
Joe Gomez,England,DF,Liverpool,28,1997,21,7,607,6.7,0,2,2,0,0,0,4,0,0.0,0.2985074626865671,0.2985074626865671,0.0,0.2985074626865671,False,2025-26,2025,0.2985074626865671,5,4709,519.0,88.0,0.2060827599799407,0.0,0.0505050505050505,784,38.0,59.31578947368421,15.473684210526317,4.605263157894737,11.447368421052632,63.0,53.0,0.5747800586510264,,,,False,0.2533554307044125,0.0,0.16247015651226424,0.3865634831876919,-0.04515203198215456,,
Joe Rodon,Wales,DF,Leeds United,27,1997,35,33,2951,32.8,2,0,2,2,0,0,3,0,0.0609756097560975,0.0,0.0609756097560975,0.0609756097560975,0.0609756097560975,False,2025-26,2025,0.0609756097560975,2,3040,89.0,2862.0,0.040650406504065,0.0,,729,38.0,45.73684210526316,12.552631578947368,3.973684210526316,12.526315789473683,49.0,56.0,0.5005246589716683,,,,False,0.10403620426037898,0.0,0.06234474703428727,0.17094104978646718,0.04306059450428148,1.4,0.0
Joe Willock,England,MF,Newcastle,25,1999,24,10,983,10.9,0,2,2,0,0,0,3,0,0.0,0.18348623853211,0.18348623853211,0.0,0.18348623853211,False,2025-26,2025,0.18348623853211,5,7084,1086.0,-103.0,0.1837328102358974,0.1652892561983471,0.2127659574468085,625,38.0,52.47368421052632,12.947368421052632,4.631578947368421,12.342105263157896,53.0,55.0,0.5119667013527576,,,,False,0.36445615935746495,0.0,0.2496235660840193,0.5673134246240613,0.18096992082535496,2.2,0.45
Joe Worrall,England,DF,Burnley,28,1997,11,5,500,5.6,0,0,0,0,0,0,0,0,0.0,0.0,0.0,0.0,0.0,False,2025-26,2025,0.0,3,3163,439.0,61.0,0.0044984255510571,0.0,0.0404858299595141,784,,,,,,,,,,,,False,0.11095343640413836,0.0,0.02957849054750218,0.13946298054375608,0.11095343640413836,,
Joelinton,Brazil,MF,Newcastle,28,1996,27,23,1951,21.7,2,1,3,2,0,0,10,0,0.0921658986175115,0.0460829493087557,0.1382488479262673,0.0921658986175115,0.1382488479262673,False,2025-26,2025,0.1382488479262673,5,10842,2393.0,-442.0,0.1743075905936487,0.2631578947368421,0.2112676056338028,784,38.0,52.47368421052632,12.947368421052632,4.631578947368421,12.342105263157896,53.0,55.0,0.5119667013527576,,,,False,0.16837404063770078,0.0,0.24142207895844334,0.3652812157731978,0.03012519271143349,,
John McGinn,Scotland,MF,Aston Villa,30,1994,30,28,2137,23.7,5,4,9,5,0,0,5,0,0.2109704641350211,0.1687763713080168,0.379746835443038,0.2109704641350211,0.379746835443038,False,2025-26,2025,0.379746835443038,5,13142,2223.0,-86.0,0.3262159971995467,0.2024291497975708,0.3003003003003003,900,38.0,53.6578947368421,12.710526315789474,4.473684210526316,12.894736842105264,56.0,49.0,0.4964028776978417,,,,False,0.20646703375795444,0.0,0.2936223335643756,0.5401311456767128,-0.17327980168508356,3.9,0.26
Jordan Henderson,England,MF,Brentford,35,1990,32,22,1919,21.3,1,3,4,1,0,0,6,0,0.0469483568075117,0.1408450704225352,0.1877934272300469,0.0469483568075117,0.1877934272300469,False,2025-26,2025,0.1877934272300469,3,6590,2074.0,-155.0,0.1714320155256127,0.0869565217391304,0.2422145328719723,1225,38.0,47.5,10.657894736842104,3.8684210526315783,13.263157894736842,55.0,52.0,0.4455445544554455,,,,False,0.11716784681346645,0.0,0.18185543893095016,0.4046871441789819,-0.07062558041658046,,
Jordan Pickford,England,GK,Everton,31,1994,38,38,3420,38.0,0,0,0,0,0,0,4,0,0.0,0.0,0.0,0.0,0.0,False,2025-26,2025,0.0,5,16740,3420.0,0.0,0.0065152872170416,0.0263157894736842,0.0,961,38.0,43.76315789473684,11.105263157894736,3.736842105263158,13.973684210526317,47.0,50.0,0.4428121720881427,,,,False,-0.018128240637595196,0.0,-0.003641251159456121,0.0007962415355272382,-0.018128240637595196,4.0,0.0
Jorge Cuenca,Spain,DF,Fulham,25,1999,15,11,938,10.4,0,0,0,0,0,0,6,0,0.0,0.0,0.0,0.0,0.0,False,2025-26,2025,0.0,2,1289,351.0,587.0,0.0,0.0,,625,38.0,51.73684210526316,12.657894736842104,3.631578947368421,11.789473684210526,47.0,51.0,0.5177610333692142,,,,False,0.09082128689802624,0.0,0.06375469540423709,0.16422552240195584,0.09082128689802624,1.0,0.0
Jorrel Hato,Netherlands,DF,Chelsea,19,2006,22,12,1148,12.8,0,0,0,0,0,0,7,0,0.0,0.0,0.0,0.0,0.0,False,2025-26,2025,0.0,1,1148,,,0.0,,,361,38.0,57.73684210526316,13.394736842105264,4.368421052631579,10.947368421052632,58.0,52.0,0.5502702702702702,,,,False,0.13372208896518156,0.0,0.08183785647167569,0.17616757167123234,0.13372208896518156,2.9,0.7
Josh Cullen,Ireland,MF,Burnley,29,1996,18,18,1514,16.8,2,2,4,2,0,0,2,0,0.119047619047619,0.119047619047619,0.238095238095238,0.119047619047619,0.238095238095238,False,2025-26,2025,0.238095238095238,2,3571,2057.0,-543.0,0.2315103625147293,0.2183406113537118,,841,,,,,,,,,,,,False,0.18119146473015885,0.0,0.2133806599617429,0.4147536605587048,-0.05690377336507915,,
Josh Laurent,England,"DF,MF",Burnley,30,1995,33,18,1764,19.6,1,0,1,1,0,0,7,1,0.0510204081632653,0.0,0.0510204081632653,0.0510204081632653,0.0510204081632653,False,2025-26,2025,0.0510204081632653,1,1764,,,0.0510204081632653,,,900,,,,,,,,,,,,False,0.09504104073187304,0.0,0.12579350909779158,0.19769681796167593,0.04402063256860774,,
Joshua Acheampong,England,DF,Chelsea,19,2006,17,8,666,7.4,1,0,1,1,0,0,1,0,0.1351351351351351,0.0,0.1351351351351351,0.1351351351351351,0.1351351351351351,False,2025-26,2025,0.1351351351351351,3,842,170.0,496.0,0.09009009009009,0.0,0.0,361,38.0,57.73684210526316,13.394736842105264,4.368421052631579,10.947368421052632,58.0,52.0,0.5502702702702702,,,,False,0.23018549905042468,0.0,0.11720689592409045,0.2493174036535002,0.09505036391528959,2.3,0.0
Joshua King,England,MF,Fulham,18,2007,32,15,1308,14.5,1,2,3,1,0,0,4,0,0.0689655172413793,0.1379310344827586,0.2068965517241379,0.0689655172413793,0.2068965517241379,False,2025-26,2025,0.2068965517241379,3,3686,130.0,1178.0,0.1734865900383141,0.0,0.32,324,38.0,51.73684210526316,12.657894736842104,3.631578947368421,11.789473684210526,47.0,51.0,0.5177610333692142,,,,False,0.34171002571495807,0.0,0.21469356236704976,0.5737023573224401,0.13481347399082017,3.8,0.52
Joshua Zirkzee,Netherlands,"FW,MF",Manchester Utd,24,2001,24,5,626,7.0,2,1,3,2,0,0,3,0,0.2857142857142857,0.1428571428571428,0.4285714285714285,0.2857142857142857,0.4285714285714285,False,2025-26,2025,0.4285714285714285,2,2028,1402.0,-776.0,0.3711843711843712,0.2564102564102564,,576,38.0,51.92105263157895,15.657894736842104,5.657894736842105,11.578947368421051,69.0,50.0,0.5748792270531401,,,,False,0.473034076539927,0.0,0.38182139318516306,0.6112806220543612,0.044462647968498525,0.1,0.0
José Sá,Portugal,GK,Wolves,32,1993,23,23,2070,23.0,0,0,0,0,0,0,2,0,0.0,0.0,0.0,0.0,0.0,False,2025-26,2025,0.0,5,14241,2609.0,-539.0,0.0025362815222306,0.0,0.029673590504451,1024,,,,,,,,,,,,False,-0.025976502118461538,0.0,0.002546141989779654,-0.011646993025468021,-0.025976502118461538,,
João Gomes,Brazil,MF,Wolves,24,2001,35,32,2829,31.4,1,1,2,1,0,0,10,0,0.0318471337579617,0.0318471337579617,0.0636942675159235,0.0318471337579617,0.0636942675159235,False,2025-26,2025,0.0636942675159235,4,9105,2974.0,-145.0,0.0820310176511954,0.1212121212121212,0.1020408163265306,576,,,,,,,,,,,,False,0.17729079592831934,0.0,0.18895982610102702,0.34396238294676995,0.11359652841239584,0.4,0.0
João Palhinha,Portugal,MF,Tottenham,30,1995,33,23,2198,24.4,5,2,7,5,0,0,8,0,0.2049180327868852,0.0819672131147541,0.2868852459016394,0.2049180327868852,0.2868852459016394,False,2025-26,2025,0.2868852459016394,3,8005,2699.0,-501.0,0.2379557033869222,0.1666666666666666,0.0869565217391304,900,38.0,50.42105263157895,11.447368421052632,3.842105263157895,12.289473684210526,48.0,57.0,0.4822616407982262,,,,False,0.25538439266502955,0.0,0.30048635294621423,0.4040480047971377,-0.03150085323660984,,
João Pedro,Brazil,"FW,MF",Chelsea,23,2001,35,31,2661,29.6,15,5,20,15,0,0,5,0,0.5067567567567567,0.1689189189189189,0.6756756756756757,0.5067567567567567,0.6756756756756757,False,2025-26,2025,0.6756756756756757,4,8298,1948.0,713.0,0.6623131320017127,0.7407407407407407,0.5286343612334802,529,38.0,57.73684210526316,13.394736842105264,4.368421052631579,10.947368421052632,58.0,52.0,0.5502702702702702,,,,False,0.540461973566303,0.0,0.5155941263668671,0.9173647704104647,-0.13521370210937267,4.0,1.5
Joël Veltman,Netherlands,DF,Brighton,33,1992,24,9,1058,11.8,1,0,1,1,0,0,5,0,0.0847457627118644,0.0,0.0847457627118644,0.0847457627118644,0.0847457627118644,False,2025-26,2025,0.0847457627118644,5,9405,1697.0,-639.0,0.0677209178582925,0.0,0.1136363636363636,1089,38.0,53.94736842105263,13.0,4.631578947368421,11.68421052631579,52.0,46.0,0.5266524520255864,,,,False,0.12271151784491939,0.0,0.08666289661346853,0.11658187906525903,0.03796575513305499,,
Joško Gvardiol,Croatia,DF,Manchester City,23,2002,18,16,1372,15.2,2,2,4,2,0,0,2,0,0.131578947368421,0.131578947368421,0.2631578947368421,0.131578947368421,0.2631578947368421,False,2025-26,2025,0.2631578947368421,3,6977,3277.0,-1905.0,0.22741364846628,0.1373626373626373,0.193050193050193,529,38.0,60.6578947368421,15.657894736842104,5.394736842105263,9.710526315789474,77.0,35.0,0.617219917012448,,,,False,0.1553159517304297,0.0,0.22972891281576757,0.32206944636871065,-0.1078419430064124,3.8,0.52
Jurriën Timber,Netherlands,DF,Arsenal,24,2001,30,28,2454,27.3,3,5,8,3,0,0,5,0,0.1098901098901098,0.1831501831501831,0.293040293040293,0.1098901098901098,0.293040293040293,False,2025-26,2025,0.293040293040293,3,4942,2417.0,37.0,0.2284043919731652,0.1486988847583643,0.0,576,38.0,56.44736842105263,14.526315789473683,4.894736842105263,8.157894736842104,71.0,27.0,0.640371229698376,,,,False,0.1362207769669401,0.0,0.17847210872126223,0.31548174605915524,-0.1568195160733529,0.5,0.0
Justin Devenny,Northern Ireland,"MF,FW",Crystal Palace,21,2003,21,7,796,8.8,1,0,1,0,1,1,0,0,0.1136363636363636,0.0,0.1136363636363636,0.0,0.0,False,2025-26,2025,0.1136363636363636,2,1303,507.0,289.0,0.1948051948051948,0.3571428571428571,,441,38.0,45.89473684210526,11.63157894736842,3.710526315789474,11.710526315789474,41.0,51.0,0.4983089064261555,,,,False,0.41563024176048446,0.0,0.24813974810960268,0.6558085767118235,0.3019938781241209,,
Justin Kluivert,Netherlands,MF,Bournemouth,26,1999,20,10,952,10.6,2,0,2,2,0,0,5,0,0.1886792452830188,0.0,0.1886792452830188,0.1886792452830188,0.1886792452830188,False,2025-26,2025,0.1886792452830188,3,5208,2340.0,-1388.0,0.3213641900859546,0.6923076923076923,0.3755868544600939,676,38.0,50.078947368421055,13.842105263157896,4.684210526315789,12.63157894736842,58.0,54.0,0.5228628230616302,,,,False,0.41873861502530346,0.0,0.2942597792666471,0.635927792262901,0.23005936974228466,3.3,0.31
Jørgen Strand LarsenJørgen Strand Larsen,Norway,FW,Wolves,25,2000,36,26,2307,25.6,4,1,5,3,1,2,4,0,0.15625,0.0390625,0.1953125,0.1171875,0.15625,False,2025-26,2025,0.1953125,1,2307,,,0.1953125,,,625,,,,,,,,,,,,False,0.32634949858205314,0.0,0.2720092951539932,0.6079885834105295,0.13103699858205314,,
Kai Havertz,Germany,"FW,MF",Arsenal,26,1999,12,7,581,6.5,2,3,5,2,0,0,1,0,0.3076923076923077,0.4615384615384615,0.7692307692307693,0.3076923076923077,0.7692307692307693,False,2025-26,2025,0.7692307692307693,5,9468,1875.0,-1294.0,0.7052753981897856,0.5769230769230769,0.68259385665529,676,38.0,56.44736842105263,14.526315789473683,4.894736842105263,8.157894736842104,71.0,27.0,0.640371229698376,,,,False,0.7238030841680126,0.0,0.5895557984448547,0.9214787170691912,-0.04542768506275663,3.9,0.52
Kaoru Mitoma,Japan,"MF,FW",Brighton,28,1997,25,19,1721,19.1,3,1,4,3,0,0,5,0,0.1570680628272251,0.0523560209424083,0.2094240837696334,0.1570680628272251,0.2094240837696334,False,2025-26,2025,0.2094240837696334,4,8128,2603.0,-882.0,0.2959188529582106,0.4844290657439447,0.4242424242424242,784,38.0,53.94736842105263,13.0,4.631578947368421,11.68421052631579,52.0,46.0,0.5266524520255864,,,,False,0.47701401197605064,0.0,0.4797902630073206,0.6393452387424107,0.26758992820641725,,
Karl Darlow,Wales,GK,Leeds United,34,1990,22,22,1980,22.0,0,0,0,0,0,0,1,0,0.0,0.0,0.0,0.0,0.0,False,2025-26,2025,0.0,2,2700,720.0,1260.0,0.0,0.0,,1156,38.0,45.73684210526316,12.552631578947368,3.973684210526316,12.526315789473683,49.0,56.0,0.5005246589716683,,,,False,-0.06749936532554199,0.0,-0.006569214940838184,0.0011521893771983818,-0.06749936532554199,,
Keane Lewis-Potter,England,"DF,MF",Brentford,24,2001,36,22,1972,21.9,3,3,6,3,0,0,1,0,0.136986301369863,0.136986301369863,0.273972602739726,0.136986301369863,0.273972602739726,False,2025-26,2025,0.273972602739726,4,6827,3093.0,-1121.0,0.2372947794702777,0.1162790697674418,0.25,576,38.0,47.5,10.657894736842104,3.8684210526315783,13.263157894736842,55.0,52.0,0.4455445544554455,,,,False,0.17001852417621072,0.0,0.346732160147841,0.35104565907432866,-0.1039540785635153,3.6,0.55
Kenny Tete,Netherlands,DF,Fulham,29,1995,22,21,1791,19.9,1,0,1,1,0,0,2,0,0.050251256281407,0.0,0.050251256281407,0.050251256281407,0.050251256281407,False,2025-26,2025,0.050251256281407,4,7001,1774.0,17.0,0.0715747895565073,0.1015228426395939,0.1041666666666666,841,38.0,51.73684210526316,12.657894736842104,3.631578947368421,11.789473684210526,47.0,51.0,0.5177610333692142,,,,False,0.04114160832492976,0.0,0.08180469039689521,0.13248918099104767,-0.009109647956477243,0.3,0.0
Kevin,Brazil,MF,Fulham,22,2003,26,9,1041,11.6,1,1,2,1,0,0,1,0,0.0862068965517241,0.0862068965517241,0.1724137931034483,0.0862068965517241,0.1724137931034483,False,2025-26,2025,0.1724137931034483,1,1041,,,0.1724137931034483,,,484,38.0,51.73684210526316,12.657894736842104,3.631578947368421,11.789473684210526,47.0,51.0,0.5177610333692142,,,,False,0.18819195458875862,0.0,0.15844852877214707,0.4504408422893882,0.015778161485310332,0.5,0.0
Kevin Danso,Austria,DF,Tottenham,26,1998,24,17,1494,16.6,0,0,0,0,0,0,8,0,0.0,0.0,0.0,0.0,0.0,False,2025-26,2025,0.0,2,2336,842.0,652.0,0.0,0.0,,676,38.0,50.42105263157895,11.447368421052632,3.842105263157895,12.289473684210526,48.0,57.0,0.4822616407982262,,,,False,0.01327878980276244,0.0,0.02824898251642386,0.13122581547809062,0.01327878980276244,2.0,0.0
Kevin Schade,Germany,"MF,FW",Brentford,23,2001,35,32,2745,30.5,8,3,11,8,0,1,6,1,0.2622950819672131,0.0983606557377049,0.360655737704918,0.2622950819672131,0.360655737704918,False,2025-26,2025,0.360655737704918,4,6103,2293.0,452.0,0.4183594525868654,0.5098039215686274,0.8108108108108107,529,38.0,47.5,10.657894736842104,3.8684210526315783,13.263157894736842,55.0,52.0,0.4455445544554455,,,,False,0.6149858759542417,0.0,0.5721080271666784,0.7910027551442494,0.2543301382493237,4.0,0.76
Kieran Trippier,England,DF,Newcastle,34,1990,21,18,1586,17.6,0,1,1,0,0,0,3,0,0.0,0.0568181818181818,0.0568181818181818,0.0,0.0568181818181818,False,2025-26,2025,0.0568181818181818,5,8901,1309.0,277.0,0.1271795504299357,0.2068965517241379,0.4435483870967742,1156,38.0,52.47368421052632,12.947368421052632,4.631578947368421,12.342105263157896,53.0,55.0,0.5119667013527576,,,,False,0.011211649850295229,0.0,0.07098955806558864,0.16654900033868886,-0.045606531967886575,,
Kiernan Dewsbury-Hall,England,MF,Everton,26,1998,31,30,2626,29.2,8,4,12,8,0,0,6,0,0.273972602739726,0.136986301369863,0.4109589041095891,0.273972602739726,0.4109589041095891,False,2025-26,2025,0.4109589041095891,4,7301,264.0,2362.0,0.366923367385893,0.3448275862068966,0.15625,676,38.0,43.76315789473684,11.105263157894736,3.736842105263158,13.973684210526317,47.0,50.0,0.4428121720881427,,,,False,0.4489671177558231,0.0,0.33741720038526096,0.5681773739325386,0.038008213646234024,4.0,0.25
Kobbie Mainoo,England,MF,Manchester Utd,20,2005,28,16,1662,18.5,1,2,3,1,0,0,2,0,0.054054054054054,0.1081081081081081,0.1621621621621621,0.054054054054054,0.1621621621621621,False,2025-26,2025,0.1621621621621621,4,5248,1651.0,11.0,0.1219537294303649,0.0,0.1869158878504673,400,38.0,51.92105263157895,15.657894736842104,5.657894736842105,11.578947368421051,69.0,50.0,0.5748792270531401,,,,False,0.19473945823725583,0.0,0.10027981156836258,0.39499075082023094,0.03257729607509374,3.1,0.33
Konstantinos Mavropanos,Greece,DF,West Ham,27,1997,31,27,2534,28.2,3,0,3,3,0,0,2,0,0.1063829787234042,0.0,0.1063829787234042,0.1063829787234042,0.1063829787234042,False,2025-26,2025,0.1063829787234042,3,6079,2045.0,489.0,0.0775753457623759,0.0,0.059880239520958,729,,,,,,,,,,,,False,0.0811257745896502,0.0,0.07955003010071364,0.11487865386111729,-0.025257204133754,,
Kristoffer Ajer,Norway,DF,Brentford,27,1998,27,20,1810,20.1,0,1,1,0,0,0,4,0,0.0,0.0497512437810945,0.0497512437810945,0.0,0.0497512437810945,False,2025-26,2025,0.0497512437810945,5,7838,1438.0,372.0,0.0462851887103179,0.0,0.1470588235294117,729,38.0,47.5,10.657894736842104,3.8684210526315783,13.263157894736842,55.0,52.0,0.4455445544554455,,,,False,0.010657561487216423,0.0,0.07691721216409446,0.10879108085208375,-0.03909368229387808,4.0,0.0
Kyle Walker,England,"DF,MF",Burnley,35,1990,36,35,3096,34.4,0,2,2,0,0,0,9,0,0.0,0.0581395348837209,0.0581395348837209,0.0,0.0581395348837209,False,2025-26,2025,0.0581395348837209,5,10546,970.0,2126.0,0.0496772585671574,0.0,0.1302931596091205,1225,,,,,,,,,,,,False,0.07536838428993971,0.0,0.1158868948020834,0.21828042986194127,0.017228849406218806,,
Kyle Walker-Peters,England,DF,West Ham,28,1997,23,15,1383,15.4,1,0,1,1,0,0,2,0,0.0649350649350649,0.0,0.0649350649350649,0.0649350649350649,0.0649350649350649,False,2025-26,2025,0.0649350649350649,4,9584,2918.0,-1535.0,0.0633191788364513,0.0617283950617284,0.0340136054421768,784,,,,,,,,,,,,False,0.0855754734973351,0.0,0.060951124096206864,0.11454138127720283,0.0206404085622702,,
Ladislav Krejčí,Czechia,"DF,MF",Wolves,26,1999,28,27,2356,26.2,2,1,3,2,0,0,5,1,0.0763358778625954,0.0381679389312977,0.1145038167938931,0.0763358778625954,0.1145038167938931,False,2025-26,2025,0.1145038167938931,1,2356,,,0.1145038167938931,,,676,,,,,,,,,,,,False,0.10053439389821436,0.0,0.10836223919166063,0.26221877469926835,-0.013969422895678735,,
Lamare Bogarde,Netherlands,"MF,DF",Aston Villa,21,2004,28,11,1053,11.7,0,0,0,0,0,0,5,0,0.0,0.0,0.0,0.0,0.0,False,2025-26,2025,0.0,2,1529,476.0,577.0,0.0,0.0,,441,38.0,53.6578947368421,12.710526315789474,4.473684210526316,12.894736842105264,56.0,49.0,0.4964028776978417,,,,False,0.0622129473583184,0.0,0.09547925246382899,0.322013018090406,0.0622129473583184,0.2,0.0
Leandro Trossard,Belgium,"FW,MF",Arsenal,30,1994,31,21,2000,22.2,6,6,12,6,0,0,2,0,0.2702702702702703,0.2702702702702703,0.5405405405405406,0.2702702702702703,0.5405405405405406,False,2025-26,2025,0.5405405405405406,4,9000,2546.0,-546.0,0.5438248471759448,0.5300353356890459,0.7103825136612022,900,38.0,56.44736842105263,14.526315789473683,4.894736842105263,8.157894736842104,71.0,27.0,0.640371229698376,,,,False,0.5631605183244233,0.0,0.583067661895408,0.6735610094671961,0.022619977783882694,,
Leny Yoro,France,DF,Manchester Utd,19,2005,32,18,1740,19.3,0,0,0,0,0,0,1,0,0.0,0.0,0.0,0.0,0.0,False,2025-26,2025,0.0,2,2905,1165.0,575.0,0.0,0.0,,361,38.0,51.92105263157895,15.657894736842104,5.657894736842105,11.578947368421051,69.0,50.0,0.5748792270531401,,,,False,0.12876513172696022,0.0,0.08814684007813761,0.18582630511553483,0.12876513172696022,0.3,0.0
Leon Bailey,Jamaica,MF,Aston Villa,27,1997,13,3,459,5.1,0,1,1,0,0,0,1,0,0.0,0.196078431372549,0.196078431372549,0.0,0.196078431372549,False,2025-26,2025,0.196078431372549,5,6394,1139.0,-680.0,0.2577809916168101,0.2362204724409449,0.8260869565217391,729,38.0,53.6578947368421,12.710526315789474,4.473684210526316,12.894736842105264,56.0,49.0,0.4964028776978417,,,,False,0.33652510316875595,0.0,0.22933524930123997,0.5497409917256392,0.14044667179620696,,
Lesley Ugochukwu,France,MF,Burnley,21,2004,35,27,2336,26.0,3,1,4,3,0,0,3,1,0.1153846153846153,0.0384615384615384,0.1538461538461538,0.1153846153846153,0.1538461538461538,False,2025-26,2025,0.1538461538461538,3,4292,1655.0,681.0,0.1267186919360832,0.108695652173913,0.0,441,,,,,,,,,,,,False,0.18775397980145989,0.0,0.12108764647697705,0.3778440470429941,0.03390782595530609,,
Lewis Cook,England,"MF,DF",Bournemouth,28,1997,18,8,874,9.7,0,1,1,0,0,0,1,1,0.0,0.1030927835051546,0.1030927835051546,0.0,0.1030927835051546,False,2025-26,2025,0.1030927835051546,4,8358,2978.0,-2104.0,0.1066298541027881,0.120845921450151,0.0967741935483871,784,38.0,50.078947368421055,13.842105263157896,4.684210526315789,12.63157894736842,58.0,54.0,0.5228628230616302,,,,False,0.2113129218190286,0.0,0.1830986822490093,0.4022810753839291,0.108220138313874,1.8,0.0
Lewis Dunk,England,DF,Brighton,33,1991,33,31,2838,31.5,1,0,1,1,0,0,10,0,0.0317460317460317,0.0,0.0317460317460317,0.0317460317460317,0.0317460317460317,False,2025-26,2025,0.0317460317460317,5,13602,2083.0,755.0,0.0315698444689504,0.0,0.1253918495297805,1089,38.0,53.94736842105263,13.0,4.631578947368421,11.68421052631579,52.0,46.0,0.5266524520255864,,,,False,0.09362634717798515,0.0,0.054104584454933706,0.12782032974632224,0.06188031543195345,4.0,0.25
Lewis Hall,England,DF,Newcastle,20,2004,30,24,2181,24.2,1,1,2,1,0,0,4,0,0.0413223140495867,0.0413223140495867,0.0826446280991735,0.0413223140495867,0.0826446280991735,False,2025-26,2025,0.0826446280991735,4,5805,2189.0,-8.0,0.1001904697868164,0.1646090534979424,0.1149425287356322,400,38.0,52.47368421052632,12.947368421052632,4.631578947368421,12.342105263157896,53.0,55.0,0.5119667013527576,,,,False,0.07906360946409176,0.0,0.0966942693284513,0.16086014720625588,-0.0035810186350817425,4.0,0.25
Lewis Miley,England,"MF,DF",Newcastle,19,2006,23,15,1496,16.6,1,4,5,1,0,0,0,0,0.0602409638554216,0.2409638554216867,0.3012048192771084,0.0602409638554216,0.3012048192771084,False,2025-26,2025,0.3012048192771084,4,3026,313.0,1183.0,0.2864069402461778,0.2857142857142857,0.2985074626865671,361,38.0,52.47368421052632,12.947368421052632,4.631578947368421,12.342105263157896,53.0,55.0,0.5119667013527576,,,,False,0.3092852159697096,0.0,0.3238191602688146,0.6141625673967175,0.008080396692601188,3.4,0.0
Liam Delap,England,FW,Chelsea,22,2003,28,12,1107,12.3,1,0,1,1,0,0,4,0,0.08130081300813,0.0,0.08130081300813,0.08130081300813,0.08130081300813,False,2025-26,2025,0.08130081300813,3,3710,2593.0,-1486.0,0.1622252333634447,0.4861111111111111,0.0,484,38.0,57.73684210526316,13.394736842105264,4.368421052631579,10.947368421052632,58.0,52.0,0.5502702702702702,,,,False,0.3790055175885209,0.0,0.3454937748194937,0.6138838648963585,0.2977047045803909,2.1,0.48
Lisandro Martínez,Argentina,DF,Manchester Utd,27,1998,18,13,1233,13.7,0,0,0,0,0,0,0,1,0.0,0.0,0.0,0.0,0.0,False,2025-26,2025,0.0,4,5744,1751.0,-518.0,0.0460521441608912,0.1538461538461538,0.1388888888888889,729,38.0,51.92105263157895,15.657894736842104,5.657894736842105,11.578947368421051,69.0,50.0,0.5748792270531401,,,,False,0.15053403822071357,0.0,0.13455826952449426,0.13617754341633934,0.15053403822071357,3.0,0.0
Loum Tchaouna,France,"MF,FW",Burnley,21,2003,29,14,1272,14.1,2,1,3,2,0,0,2,0,0.1418439716312056,0.0709219858156028,0.2127659574468085,0.1418439716312056,0.2127659574468085,False,2025-26,2025,0.2127659574468085,1,1272,,,0.2127659574468085,,,441,,,,,,,,,,,,False,0.4134717891553238,0.0,0.2871044953647937,0.6074340274876973,0.20070583170851528,1.9,0.0
Lucas,Brazil,"MF,DF",Burnley,24,2001,20,15,1409,15.7,0,0,0,0,0,0,1,1,0.0,0.0,0.0,0.0,0.0,False,2025-26,2025,0.0,1,1409,,,0.0,,,576,,,,,,,,,,,,False,0.10478395000772175,0.0,0.11459539671272746,0.2864860587661801,0.10478395000772175,,
Lucas Bergvall,Sweden,MF,Tottenham,19,2006,23,11,965,10.7,1,3,4,1,0,0,2,0,0.0934579439252336,0.2803738317757009,0.3738317757009346,0.0934579439252336,0.3738317757009346,False,2025-26,2025,0.3738317757009346,2,2177,1212.0,-247.0,0.2739125418253144,0.074074074074074,,361,38.0,50.42105263157895,11.447368421052632,3.842105263157895,12.289473684210526,48.0,57.0,0.4822616407982262,,,,False,0.21850815937284324,0.0,0.2171836019962102,0.5072061594780024,-0.15532361632809139,0.8,0.0
Lucas Digne,France,DF,Aston Villa,32,1993,31,21,1852,20.6,0,6,6,0,0,0,3,0,0.0,0.2912621359223301,0.2912621359223301,0.0,0.2912621359223301,False,2025-26,2025,0.2912621359223301,4,8115,2351.0,-499.0,0.2415054214331305,0.1532567049808429,0.1492537313432835,1024,38.0,53.6578947368421,12.710526315789474,4.473684210526316,12.894736842105264,56.0,49.0,0.4964028776978417,,,,False,0.14026144168617463,0.0,0.23101914854134856,0.2727933578478499,-0.15100069423615545,,
Lucas Paquetá,Brazil,"MF,FW",West Ham,27,1997,18,18,1511,16.8,4,1,5,2,2,2,7,1,0.238095238095238,0.0595238095238095,0.2976190476190476,0.119047619047619,0.1785714285714285,False,2025-26,2025,0.2976190476190476,4,8664,2380.0,-869.0,0.2683854081070432,0.1515151515151515,0.3436426116838488,729,,,,,,,,,,,,False,0.39622222481206193,0.0,0.3852553544553266,0.6419596554839051,0.09860317719301431,,
Lucas Perri,Brazil,GK,Leeds United,27,1997,16,16,1440,16.0,0,0,0,0,0,0,2,0,0.0,0.0,0.0,0.0,0.0,False,2025-26,2025,0.0,1,1440,,,0.0,,,729,38.0,45.73684210526316,12.552631578947368,3.973684210526316,12.526315789473683,49.0,56.0,0.5005246589716683,,,,False,-0.01227564731969761,0.0,-0.001340189926396627,0.012862043869234285,-0.01227564731969761,,
Lukas Nmecha,Germany,FW,Leeds United,26,1998,31,10,1083,12.0,6,1,7,4,2,3,0,0,0.5,0.0833333333333333,0.5833333333333334,0.3333333333333333,0.4166666666666667,False,2025-26,2025,0.5833333333333334,1,1083,,,0.5833333333333334,,,676,38.0,45.73684210526316,12.552631578947368,3.973684210526316,12.526315789473683,49.0,56.0,0.5005246589716683,,,,False,0.5428635703630026,0.0,0.544943719552667,0.7923470989981228,-0.04046976297033078,0.6,1.7
Luke O'Nien,England,DF,Sunderland,30,1994,12,5,569,6.3,0,1,1,0,0,0,1,1,0.0,0.1587301587301587,0.1587301587301587,0.0,0.1587301587301587,False,2025-26,2025,0.1587301587301587,1,569,,,0.1587301587301587,,,900,38.0,44.89473684210526,10.421052631578949,3.421052631578948,14.210526315789474,42.0,48.0,0.4230769230769231,,,,False,0.15206284957347002,0.0,0.10284780536014354,0.28960477583176275,-0.006667309156688672,0.7,0.0
Luke Shaw,England,DF,Manchester Utd,30,1995,38,38,3219,35.8,1,1,2,1,0,0,9,0,0.0279329608938547,0.0279329608938547,0.0558659217877095,0.0279329608938547,0.0558659217877095,False,2025-26,2025,0.0558659217877095,5,8680,349.0,2870.0,0.0419329223211458,0.0,0.0,900,38.0,51.92105263157895,15.657894736842104,5.657894736842105,11.578947368421051,69.0,50.0,0.5748792270531401,,,,False,0.13803516151249998,0.0,0.11893540327084073,0.15414967729077111,0.08216923972479048,2.8,0.36
Lutsharel Geertruida,Netherlands,"DF,MF",Sunderland,25,2000,28,17,1693,18.8,0,0,0,0,0,0,2,0,0.0,0.0,0.0,0.0,0.0,False,2025-26,2025,0.0,1,1693,,,0.0,,,625,38.0,44.89473684210526,10.421052631578949,3.421052631578948,14.210526315789474,42.0,48.0,0.4230769230769231,,,,False,0.09890682306655156,0.0,0.1303804431573843,0.2145374774451888,0.09890682306655156,,
Lyle Foster,South Africa,"FW,MF",Burnley,24,2000,26,15,1371,15.2,3,2,5,3,0,0,4,0,0.1973684210526315,0.131578947368421,0.3289473684210526,0.1973684210526315,0.3289473684210526,False,2025-26,2025,0.3289473684210526,2,3270,1899.0,-528.0,0.3456805520911283,0.3791469194312796,,576,,,,,,,,,,,,False,0.586485857779983,0.0,0.45279635848587846,0.6115188600833924,0.25753848935893037,,
Mads Hermansen,Denmark,GK,West Ham,25,2000,18,18,1620,18.0,0,1,1,0,0,0,0,0,0.0,0.0555555555555555,0.0555555555555555,0.0,0.0555555555555555,False,2025-26,2025,0.0555555555555555,2,4005,2385.0,-765.0,0.037037037037037,0.0,,625,,,,,,,,,,,,False,-0.028952942470425094,0.0,0.011902851901632806,0.014218447934244248,-0.0845084980259806,,
Malick Thiaw,Germany,DF,Newcastle,23,2001,35,33,2965,32.9,4,0,4,4,0,0,4,0,0.121580547112462,0.0,0.121580547112462,0.121580547112462,0.121580547112462,False,2025-26,2025,0.121580547112462,1,2965,,,0.121580547112462,,,529,38.0,52.47368421052632,12.947368421052632,4.631578947368421,12.342105263157896,53.0,55.0,0.5119667013527576,,,,False,0.0773362901691145,0.0,0.07745370064540372,0.20935310139088958,-0.04424425694334749,4.0,0.0
Malo Gusto,France,"DF,MF",Chelsea,22,2003,34,26,2261,25.1,2,3,5,2,0,0,5,1,0.0796812749003984,0.1195219123505976,0.199203187250996,0.0796812749003984,0.199203187250996,False,2025-26,2025,0.199203187250996,3,5874,1862.0,399.0,0.1777255320762451,0.0483091787439613,0.3076923076923077,484,38.0,57.73684210526316,13.394736842105264,4.368421052631579,10.947368421052632,58.0,52.0,0.5502702702702702,,,,False,0.21808642218877355,0.0,0.28411064019139165,0.36525528043165073,0.01888323493777755,3.0,0.0
Manuel Ugarte,Uruguay,MF,Manchester Utd,24,2001,22,8,887,9.9,0,0,0,0,0,0,1,0,0.0,0.0,0.0,0.0,0.0,False,2025-26,2025,0.0,2,2672,1785.0,-898.0,0.0505050505050505,0.1515151515151515,,576,38.0,51.92105263157895,15.657894736842104,5.657894736842105,11.578947368421051,69.0,50.0,0.5748792270531401,,,,False,0.23104764838364342,0.0,0.13035118396715092,0.335735027725518,0.23104764838364342,,
Marc Cucurella,Spain,DF,Chelsea,27,1998,34,31,2707,30.1,1,4,5,1,0,0,8,1,0.0332225913621262,0.1328903654485049,0.1661129568106312,0.0332225913621262,0.1661129568106312,False,2025-26,2025,0.1661129568106312,5,12237,2988.0,-281.0,0.1617596928811012,0.180722891566265,0.101010101010101,729,38.0,57.73684210526316,13.394736842105264,4.368421052631579,10.947368421052632,58.0,52.0,0.5502702702702702,,,,False,0.25334231479041763,0.0,0.22799748076128956,0.25228432352167557,0.08722935797978643,,
Marc GuéhiMarc Guéhi,England,DF,Manchester City,25,2000,35,35,3150,35.0,3,3,6,3,0,0,6,0,0.0857142857142857,0.0857142857142857,0.1714285714285714,0.0857142857142857,0.1714285714285714,False,2025-26,2025,0.1714285714285714,1,3150,,,0.1714285714285714,,,625,38.0,60.6578947368421,15.657894736842104,5.394736842105263,9.710526315789474,77.0,35.0,0.617219917012448,,,,False,0.12558556456581452,0.0,0.14376021731279498,0.3100303725701734,-0.045843006862756885,,
Marco Bizot,Netherlands,GK,Aston Villa,34,1991,7,6,585,6.5,0,0,0,0,0,0,2,0,0.0,0.0,0.0,0.0,0.0,False,2025-26,2025,0.0,1,585,,,0.0,,,1156,38.0,53.6578947368421,12.710526315789474,4.473684210526316,12.894736842105264,56.0,49.0,0.4964028776978417,,,,False,0.04063870506883679,0.0,0.0018899441268876056,0.13228744071888338,0.04063870506883679,1.0,0.0
Marcos Senesi,Argentina,DF,Bournemouth,28,1997,37,37,3288,36.5,0,5,5,0,0,0,8,0,0.0,0.136986301369863,0.136986301369863,0.0,0.136986301369863,False,2025-26,2025,0.136986301369863,4,9127,1106.0,2182.0,0.1207721169254658,0.0,0.3614457831325301,784,38.0,50.078947368421055,13.842105263157896,4.684210526315789,12.63157894736842,58.0,54.0,0.5228628230616302,,,,False,0.1757441523148084,0.0,0.13642992530219672,0.19832160743402344,0.03875785094494538,1.0,0.0
Marcus Edwards,England,"MF,FW",Burnley,26,1998,23,11,1067,11.9,1,3,4,1,0,0,0,0,0.0840336134453781,0.2521008403361344,0.3361344537815126,0.0840336134453781,0.3361344537815126,False,2025-26,2025,0.3361344537815126,1,1067,,,0.3361344537815126,,,676,,,,,,,,,,,,False,0.2856219616096693,0.0,0.3120529813734049,0.5971355660516855,-0.05051249217184328,,
Marcus Tavernier,England,MF,Bournemouth,26,1999,34,31,2731,30.3,7,4,11,5,2,2,6,0,0.231023102310231,0.132013201320132,0.363036303630363,0.165016501650165,0.297029702970297,False,2025-26,2025,0.363036303630363,4,8531,1939.0,792.0,0.3639582893150251,0.3720930232558139,0.2978723404255319,676,38.0,50.078947368421055,13.842105263157896,4.684210526315789,12.63157894736842,58.0,54.0,0.5228628230616302,,,,False,0.42530952855560106,0.0,0.4019488166604133,0.6425921480704763,0.06227322492523807,3.9,0.77
Marshall Munetsi,Zimbabwe,"MF,FW",Wolves,29,1996,13,9,875,9.7,1,1,2,1,0,0,2,0,0.1030927835051546,0.1030927835051546,0.2061855670103093,0.1030927835051546,0.2061855670103093,False,2025-26,2025,0.2061855670103093,2,1953,1078.0,-203.0,0.2207903780068728,0.25,,841,,,,,,,,,,,,False,0.5331377389689134,0.0,0.27426341741790655,0.8151745628559586,0.32695217195860404,,
Martin Dúbravka,Slovakia,GK,Burnley,36,1989,35,35,3150,35.0,0,0,0,0,0,0,1,0,0.0,0.0,0.0,0.0,0.0,False,2025-26,2025,0.0,5,8532,900.0,2250.0,0.0,0.0,0.0,1296,,,,,,,,,,,,False,0.0017442597155054728,0.0,-0.00034301662324183555,0.017027773096903277,0.0017442597155054728,,
Martin Ødegaard,Norway,MF,Arsenal,26,1998,24,16,1369,15.2,1,6,7,1,0,0,0,0,0.0657894736842105,0.3947368421052631,0.4605263157894737,0.0657894736842105,0.4605263157894737,False,2025-26,2025,0.4605263157894737,5,12697,2325.0,-956.0,0.4606855097076997,0.4263565891472868,0.5247813411078718,676,38.0,56.44736842105263,14.526315789473683,4.894736842105263,8.157894736842104,71.0,27.0,0.640371229698376,,,,False,0.4391016112449155,0.0,0.4575887466146374,0.5535325683036777,-0.021424704544558193,,
Martín Zubimendi,Spain,MF,Arsenal,26,1999,38,34,2992,33.2,5,1,6,5,0,0,4,0,0.1506024096385542,0.0301204819277108,0.180722891566265,0.1506024096385542,0.180722891566265,False,2025-26,2025,0.180722891566265,1,2992,,,0.180722891566265,,,676,38.0,56.44736842105263,14.526315789473683,4.894736842105263,8.157894736842104,71.0,27.0,0.640371229698376,,,,False,0.22372144268784094,0.0,0.17000304591702162,0.48330199248362066,0.04299855112157594,0.7,0.0
Mason Mount,England,MF,Manchester Utd,26,1999,23,12,1017,11.3,3,0,3,3,0,0,2,0,0.2654867256637168,0.0,0.2654867256637168,0.2654867256637168,0.2654867256637168,False,2025-26,2025,0.2654867256637168,5,6166,622.0,395.0,0.2387967603931624,0.144927536231884,0.175438596491228,676,38.0,51.92105263157895,15.657894736842104,5.657894736842105,11.578947368421051,69.0,50.0,0.5748792270531401,,,,False,0.33396278831922954,0.0,0.24329389516812244,0.5757442169128665,0.06847606265551276,,
Mateus Fernandes,Portugal,MF,West Ham,21,2004,36,35,3016,33.5,3,4,7,3,0,0,7,0,0.0895522388059701,0.1194029850746268,0.208955223880597,0.0895522388059701,0.208955223880597,False,2025-26,2025,0.208955223880597,2,5925,2909.0,107.0,0.2012229872310275,0.1857585139318885,,441,,,,,,,,,,,,False,0.3227945222555515,0.0,0.32019900291321707,0.4581967047465838,0.11383929837495449,2.3,0.0
Mateus Mane,Portugal,MF,Wolves,17,2007,27,19,1795,19.9,3,1,4,3,0,0,0,0,0.1507537688442211,0.050251256281407,0.2010050251256281,0.1507537688442211,0.2010050251256281,False,2025-26,2025,0.2010050251256281,2,1797,2.0,1793.0,0.134003350083752,0.0,,289,,,,,,,,,,,,False,0.28068346072941974,0.0,0.15565878265644967,0.5264251462650603,0.07967843560379165,,
Matheus Cunha,Brazil,"MF,FW",Manchester Utd,26,1999,33,29,2494,27.7,10,2,12,10,0,0,4,0,0.3610108303249097,0.0722021660649819,0.4332129963898917,0.3610108303249097,0.4332129963898917,False,2025-26,2025,0.4332129963898917,4,8496,2597.0,-103.0,0.5091416828408979,0.726643598615917,0.7011070110701106,676,38.0,51.92105263157895,15.657894736842104,5.657894736842105,11.578947368421051,69.0,50.0,0.5748792270531401,,,,False,0.5614852292843536,0.0,0.6167852701213661,0.7704725636313029,0.12827223289446193,3.5,0.28
Matheus Nunes,Portugal,DF,Manchester City,26,1998,34,32,2862,31.8,1,5,6,1,0,0,5,0,0.0314465408805031,0.1572327044025157,0.1886792452830188,0.0314465408805031,0.1886792452830188,False,2025-26,2025,0.1886792452830188,3,7003,1674.0,1188.0,0.2175284827190056,0.3763440860215054,0.072992700729927,676,38.0,60.6578947368421,15.657894736842104,5.394736842105263,9.710526315789474,77.0,35.0,0.617219917012448,,,,False,0.3400279649779414,0.0,0.2161326820770437,0.4187049843052751,0.1513487196949226,1.4,0.0
Mathias Jensen,Denmark,MF,Brentford,29,1996,36,26,2247,25.0,3,1,4,3,0,0,3,0,0.12,0.04,0.16,0.12,0.16,False,2025-26,2025,0.16,5,9717,862.0,1385.0,0.180530407762657,0.2083333333333333,0.2448979591836734,841,38.0,47.5,10.657894736842104,3.8684210526315783,13.263157894736842,55.0,52.0,0.4455445544554455,,,,False,0.26366294145196734,0.0,0.24059894553624755,0.41919134977723604,0.10366294145196733,0.7,0.0
Mathys Tel,France,"MF,FW",Tottenham,20,2005,31,13,1349,15.0,4,1,5,4,0,0,1,0,0.2666666666666666,0.0666666666666666,0.3333333333333333,0.2666666666666666,0.3333333333333333,False,2025-26,2025,0.3333333333333333,2,2260,911.0,438.0,0.3212321232123212,0.297029702970297,,400,38.0,50.42105263157895,11.447368421052632,3.842105263157895,12.289473684210526,48.0,57.0,0.4822616407982262,,,,False,0.44077711702414213,0.0,0.3357371937156711,0.782738395746487,0.10744378369080881,2.9,0.0
Mats Wieffer,Netherlands,DF,Brighton,25,1999,26,23,1903,21.1,2,3,5,2,0,0,8,0,0.0947867298578199,0.1421800947867298,0.2369668246445497,0.0947867298578199,0.2369668246445497,False,2025-26,2025,0.2369668246445497,2,2918,1015.0,888.0,0.2759719833913517,0.3539823008849557,,625,38.0,53.94736842105263,13.0,4.631578947368421,11.68421052631579,52.0,46.0,0.5266524520255864,,,,False,0.24530596973536808,0.0,0.23331762563379796,0.4449755740877091,0.008339145090818373,1.7,0.0
Matt Doherty,Ireland,"DF,MF",Wolves,33,1992,11,11,787,8.7,0,0,0,0,0,0,4,0,0.0,0.0,0.0,0.0,0.0,False,2025-26,2025,0.0,5,5588,2109.0,-1322.0,0.0452502380122655,0.1282051282051282,0.078125,1089,,,,,,,,,,,,False,0.15769996214443296,0.0,0.11875504856376685,0.2144409581473756,0.15769996214443296,,
Matthijs de Ligt,Netherlands,DF,Manchester Utd,25,1999,13,13,1170,13.0,1,0,1,1,0,0,0,0,0.0769230769230769,0.0,0.0769230769230769,0.0769230769230769,0.0769230769230769,False,2025-26,2025,0.0769230769230769,2,3293,2123.0,-953.0,0.0795306388526727,0.0847457627118644,,625,38.0,51.92105263157895,15.657894736842104,5.657894736842105,11.578947368421051,69.0,50.0,0.5748792270531401,,,,False,0.11392829735087598,0.0,0.12038355444164169,0.16307225719690505,0.03700522042779908,,
Matty Cash,Poland,DF,Aston Villa,27,1997,35,34,3014,33.5,3,3,6,3,0,0,9,0,0.0895522388059701,0.0895522388059701,0.1791044776119403,0.0895522388059701,0.1791044776119403,False,2025-26,2025,0.1791044776119403,5,12423,2070.0,944.0,0.1547029519919806,0.0869565217391304,0.1680672268907563,729,38.0,53.6578947368421,12.710526315789474,4.473684210526316,12.894736842105264,56.0,49.0,0.4964028776978417,,,,False,0.207221678937886,0.0,0.14681590265692826,0.3144457414270101,0.028117201325945723,2.8,0.0
Matz Sels,Belgium,GK,Nottingham,33,1992,31,30,2668,29.6,0,0,0,0,0,0,2,0,0.0,0.0,0.0,0.0,0.0,False,2025-26,2025,0.0,3,7528,3420.0,-752.0,0.0,0.0,0.0,1089,38.0,46.8421052631579,12.526315789473683,4.105263157894737,13.289473684210526,48.0,51.0,0.4852191641182466,,,,False,0.004188418513109106,0.0,-0.005878650737994436,-0.01619909863076274,0.004188418513109106,4.0,0.0
Max Kilman,England,DF,West Ham,28,1997,21,17,1561,17.3,0,0,0,0,0,0,4,0,0.0,0.0,0.0,0.0,0.0,False,2025-26,2025,0.0,5,14323,3348.0,-1787.0,0.0102852500923414,0.0268817204301075,0.0526315789473684,784,,,,,,,,,,,,False,0.03719103375275187,0.0,0.0482310007419198,0.12324384889857139,0.03719103375275187,,
Maxence Lacroix,France,DF,Crystal Palace,25,2000,35,35,3085,34.3,1,2,3,1,0,0,4,1,0.0291545189504373,0.0583090379008746,0.0874635568513119,0.0291545189504373,0.0874635568513119,False,2025-26,2025,0.0874635568513119,2,6201,3116.0,-31.0,0.0775768606369054,0.0578034682080924,,625,38.0,45.89473684210526,11.63157894736842,3.710526315789474,11.710526315789474,41.0,51.0,0.4983089064261555,,,,False,0.08376158497075038,0.0,0.09330591420270035,0.13950587949296125,-0.003701971880561511,3.1,0.33
Maxim De Cuyper,Belgium,"DF,MF",Brighton,24,2000,30,17,1414,15.7,2,3,5,2,0,0,2,0,0.1273885350318471,0.1910828025477707,0.3184713375796179,0.1273885350318471,0.3184713375796179,False,2025-26,2025,0.3184713375796179,1,1414,,,0.3184713375796179,,,576,38.0,53.94736842105263,13.0,4.631578947368421,11.68421052631579,52.0,46.0,0.5266524520255864,,,,False,0.2141558367305807,0.0,0.28468840096981446,0.4206177829683298,-0.10431550084903718,3.7,0.81
Maxime Estève,France,DF,Burnley,23,2002,34,34,2932,32.6,0,0,0,0,0,0,1,0,0.0,0.0,0.0,0.0,0.0,False,2025-26,2025,0.0,2,4241,1309.0,1623.0,0.0,0.0,,529,,,,,,,,,,,,False,0.03883887494519079,0.0,0.049537125627893,0.15436289904882106,0.03883887494519079,,
Merlin Röhl,Germany,MF,Everton,23,2002,16,6,682,7.6,1,0,1,1,0,0,0,0,0.131578947368421,0.0,0.131578947368421,0.131578947368421,0.131578947368421,False,2025-26,2025,0.131578947368421,1,682,,,0.131578947368421,,,529,38.0,43.76315789473684,11.105263157894736,3.736842105263158,13.973684210526317,47.0,50.0,0.4428121720881427,,,,False,0.18698375320539554,0.0,0.12346437959561143,0.43462056075108463,0.05540480583697455,2.8,0.0
Michael Kayode,Italy,DF,Brentford,21,2004,37,37,3258,36.2,1,1,2,1,0,0,8,0,0.0276243093922651,0.0276243093922651,0.0552486187845303,0.0276243093922651,0.0552486187845303,False,2025-26,2025,0.0552486187845303,2,3786,528.0,2730.0,0.0933295876642631,0.1694915254237288,,441,38.0,47.5,10.657894736842104,3.8684210526315783,13.263157894736842,55.0,52.0,0.4455445544554455,,,,False,0.15781443548845883,0.0,0.11093838465480069,0.16833965483814892,0.10256581670392853,2.5,0.4
Michael Keane,England,DF,Everton,32,1993,33,29,2591,28.8,3,1,4,3,0,0,1,1,0.1041666666666666,0.0347222222222222,0.1388888888888889,0.1041666666666666,0.1388888888888889,False,2025-26,2025,0.1388888888888889,5,7856,1049.0,1542.0,0.1734768327096291,0.2564102564102564,0.2040816326530612,1024,38.0,43.76315789473684,11.105263157894736,3.736842105263158,13.973684210526317,47.0,50.0,0.4428121720881427,,,,False,0.15248484638740695,0.0,0.14293849758460705,0.22111734811047365,0.013595957498518052,,
Micky van de Ven,Netherlands,DF,Tottenham,24,2001,35,35,3041,33.8,4,1,5,4,0,0,9,1,0.1183431952662722,0.029585798816568,0.1479289940828402,0.1183431952662722,0.1479289940828402,False,2025-26,2025,0.1479289940828402,3,6395,1015.0,2026.0,0.150771208974068,0.1769911504424778,0.1153846153846153,576,38.0,50.42105263157895,11.447368421052632,3.842105263157895,12.289473684210526,48.0,57.0,0.4822616407982262,,,,False,0.19236528658694765,0.0,0.18864669350579583,0.24979868390079643,0.044436292504107466,3.0,0.0
Mikel Merino,Spain,"MF,FW",Arsenal,29,1996,22,10,1036,11.5,4,3,7,4,0,0,1,0,0.3478260869565217,0.2608695652173913,0.6086956521739131,0.3478260869565217,0.6086956521739131,False,2025-26,2025,0.6086956521739131,2,2622,1586.0,-550.0,0.5762516469038208,0.5113636363636364,,841,38.0,56.44736842105263,14.526315789473683,4.894736842105263,8.157894736842104,71.0,27.0,0.640371229698376,,,,False,0.4954846379912418,0.0,0.48598461675248816,0.6915326099578778,-0.11321101418267127,0.6,0.0
Mikkel Damsgaard,Denmark,MF,Brentford,25,2000,33,24,2054,22.8,4,4,8,4,0,0,0,0,0.175438596491228,0.175438596491228,0.3508771929824561,0.175438596491228,0.3508771929824561,False,2025-26,2025,0.3508771929824561,4,6795,2911.0,-857.0,0.3322379094726107,0.3715170278637771,0.2127659574468085,625,38.0,47.5,10.657894736842104,3.8684210526315783,13.263157894736842,55.0,52.0,0.4455445544554455,,,,False,0.34463877065005283,0.0,0.42036127088456376,0.5075269970962543,-0.006238422332403293,2.2,0.0
Milos Kerkez,Hungary,DF,Liverpool,21,2003,34,27,2257,25.1,2,1,3,2,0,0,4,0,0.0796812749003984,0.0398406374501992,0.1195219123505976,0.0796812749003984,0.1195219123505976,False,2025-26,2025,0.1195219123505976,3,7563,3336.0,-1079.0,0.1266835627918049,0.1886792452830188,0.045662100456621,441,38.0,59.31578947368421,15.473684210526317,4.605263157894737,11.447368421052632,63.0,53.0,0.5747800586510264,,,,False,0.14794008347677537,0.0,0.16911220579994932,0.2010017013843435,0.02841817112617777,3.3,0.0
Mohamed Salah,Egypt,MF,Liverpool,33,1992,27,23,2146,23.8,7,7,14,6,1,1,1,0,0.2941176470588235,0.2941176470588235,0.5882352941176471,0.2521008403361344,0.546218487394958,False,2025-26,2025,0.5882352941176471,5,14103,3371.0,-1225.0,0.7796145703504188,1.2533333333333334,0.9929078014184396,1089,38.0,59.31578947368421,15.473684210526317,4.605263157894737,11.447368421052632,63.0,53.0,0.5747800586510264,,,,False,0.6407343384018948,0.0,0.5285779388808576,0.8961774753268853,0.052499044284247676,,
Mohammed Kudus,Ghana,"MF,FW",Tottenham,24,2000,19,19,1535,17.1,2,5,7,2,0,0,3,0,0.1169590643274853,0.2923976608187134,0.4093567251461988,0.1169590643274853,0.4093567251461988,False,2025-26,2025,0.4093567251461988,3,6609,2590.0,-1055.0,0.3909935870271492,0.2777777777777778,0.5072463768115941,576,38.0,50.42105263157895,11.447368421052632,3.842105263157895,12.289473684210526,48.0,57.0,0.4822616407982262,,,,False,0.43443225968561433,0.0,0.49374294028445437,0.7077669046911846,0.025075534539415523,0.9,0.0
Moisés Caicedo,Ecuador,MF,Chelsea,23,2001,33,32,2795,31.1,3,1,4,3,0,0,11,1,0.0964630225080385,0.0321543408360128,0.1286173633440514,0.0964630225080385,0.1286173633440514,False,2025-26,2025,0.1286173633440514,5,12811,3351.0,-556.0,0.1177809047924956,0.0806451612903225,0.1257861635220125,529,38.0,57.73684210526316,13.394736842105264,4.368421052631579,10.947368421052632,58.0,52.0,0.5502702702702702,,,,False,0.15835325379960558,0.0,0.17591159826457609,0.4215426727210361,0.029735890455554165,0.2,0.0
Morato,Brazil,DF,Nottingham,24,2001,21,14,1345,14.9,1,0,1,1,0,0,5,0,0.0671140939597315,0.0,0.0671140939597315,0.0671140939597315,0.0671140939597315,False,2025-26,2025,0.0671140939597315,2,2252,907.0,438.0,0.0447427293064876,0.0,,576,38.0,46.8421052631579,12.526315789473683,4.105263157894737,13.289473684210526,48.0,51.0,0.4852191641182466,,,,False,0.044477728292764925,0.0,0.04766861991290683,0.1273229771629147,-0.022636365666966578,,
Morgan Gibbs-White,England,MF,Nottingham,25,2000,37,35,3097,34.4,15,4,19,14,1,1,1,0,0.436046511627907,0.1162790697674418,0.5523255813953488,0.4069767441860465,0.5232558139534883,False,2025-26,2025,0.5523255813953488,4,9065,2803.0,294.0,0.5070537775947515,0.4823151125401929,0.4273504273504273,625,38.0,46.8421052631579,12.526315789473683,4.105263157894737,13.289473684210526,48.0,51.0,0.4852191641182466,,,,False,0.5701944133635904,0.0,0.5675869900616499,0.5508691985412375,0.017868831968241627,4.0,0.75
Morgan Rogers,England,MF,Aston Villa,23,2002,37,37,3280,36.4,10,6,16,10,0,0,7,0,0.2747252747252747,0.1648351648351648,0.4395604395604395,0.2747252747252747,0.4395604395604395,False,2025-26,2025,0.4395604395604395,3,7032,3114.0,166.0,0.4712450385331603,0.5202312138728323,0.5633802816901409,529,38.0,53.6578947368421,12.710526315789474,4.473684210526316,12.894736842105264,56.0,49.0,0.4964028776978417,,,,False,0.5034487570290641,0.0,0.4930001554930228,0.5761658563356858,0.06388831746862461,3.9,1.04
Murillo,Brazil,DF,Nottingham,23,2002,25,25,2130,23.7,1,0,1,1,0,0,5,0,0.0421940928270042,0.0,0.0421940928270042,0.0421940928270042,0.0421940928270042,False,2025-26,2025,0.0421940928270042,3,8107,3188.0,-1058.0,0.0478527818085299,0.0564971751412429,0.064516129032258,529,38.0,46.8421052631579,12.526315789473683,4.105263157894737,13.289473684210526,48.0,51.0,0.4852191641182466,,,,False,0.06842182071902052,0.0,0.07276834114980234,0.12120440139978866,0.02622772789201632,4.0,0.25
Myles Lewis-Skelly,England,"MF,DF",Arsenal,18,2006,20,5,709,7.9,0,0,0,0,0,0,3,0,0.0,0.0,0.0,0.0,0.0,False,2025-26,2025,0.0,2,2078,1369.0,-660.0,0.0219298245614035,0.0657894736842105,,324,38.0,56.44736842105263,14.526315789473683,4.894736842105263,8.157894736842104,71.0,27.0,0.640371229698376,,,,False,0.2208279061879139,0.0,0.11984639741859823,0.3792908344077578,0.2208279061879139,3.0,0.0
Nathan Aké,Netherlands,DF,Manchester City,30,1995,18,6,695,7.7,0,0,0,0,0,0,1,0,0.0,0.0,0.0,0.0,0.0,False,2025-26,2025,0.0,5,6211,678.0,17.0,0.0166370040234859,0.0,0.1762114537444934,900,38.0,60.6578947368421,15.657894736842104,5.394736842105263,9.710526315789474,77.0,35.0,0.617219917012448,,,,False,0.14928014968611047,0.0,0.10946681832553494,0.17187279138839157,0.14928014968611047,,
Nathan Collins,Ireland,DF,Brentford,24,2001,35,32,2975,33.1,1,2,3,1,0,0,7,0,0.0302114803625377,0.0604229607250755,0.0906344410876132,0.0302114803625377,0.0906344410876132,False,2025-26,2025,0.0906344410876132,5,12531,3420.0,-445.0,0.0960121902975318,0.131578947368421,0.0677966101694915,576,38.0,47.5,10.657894736842104,3.8684210526315783,13.263157894736842,55.0,52.0,0.4455445544554455,,,,False,0.10761366043161358,0.0,0.10228167428284102,0.12722399897909062,0.016979219344000374,2.2,0.0
Nathaniel Clyne,England,"MF,DF",Crystal Palace,34,1991,10,7,594,6.6,0,1,1,0,0,0,1,0,0.0,0.1515151515151515,0.1515151515151515,0.0,0.1515151515151515,False,2025-26,2025,0.1515151515151515,5,5406,483.0,111.0,0.1018331462775907,0.0,0.0,1156,38.0,45.89473684210526,11.63157894736842,3.710526315789474,11.710526315789474,41.0,51.0,0.4983089064261555,,,,False,0.12812968024257215,0.0,0.09590514893882558,0.3414310170965279,-0.02338547127257934,,
Neco Williams,Wales,DF,Nottingham,24,2001,37,36,3204,35.6,2,3,5,2,0,0,6,1,0.0561797752808988,0.0842696629213483,0.1404494382022471,0.0561797752808988,0.1404494382022471,False,2025-26,2025,0.1404494382022471,5,9325,2594.0,610.0,0.2532053552159998,0.1388888888888889,0.0549450549450549,576,38.0,46.8421052631579,12.526315789473683,4.105263157894737,13.289473684210526,48.0,51.0,0.4852191641182466,,,,False,0.13951183718347707,0.0,0.2151185406811986,0.1746897754011923,-0.0009376010187700234,4.0,0.0
Nick Pope,England,GK,Newcastle,33,1992,27,27,2416,26.8,0,0,0,0,0,0,2,0,0.0,0.0,0.0,0.0,0.0,False,2025-26,2025,0.0,5,12782,2520.0,-104.0,0.0,0.0,0.0,1089,38.0,52.47368421052632,12.947368421052632,4.631578947368421,12.342105263157896,53.0,55.0,0.5119667013527576,,,,False,-0.014929386349717718,0.0,0.007102138752107536,0.001805362159186554,-0.014929386349717718,,
Nick Woltemade,Germany,"FW,MF",Newcastle,23,2002,33,24,1902,21.1,8,3,11,7,1,1,0,0,0.3791469194312796,0.1421800947867298,0.5213270142180094,0.3317535545023696,0.4739336492890995,False,2025-26,2025,0.5213270142180094,1,1902,,,0.5213270142180094,,,529,38.0,52.47368421052632,12.947368421052632,4.631578947368421,12.342105263157896,53.0,55.0,0.5119667013527576,,,,False,0.4645113959985958,0.0,0.3978097236278316,0.6221730322611879,-0.05681561821941361,0.2,4.5
Nico O'Reilly,England,"DF,MF",Manchester City,20,2005,34,29,2646,29.4,5,3,8,5,0,0,5,0,0.1700680272108843,0.1020408163265306,0.272108843537415,0.1700680272108843,0.272108843537415,False,2025-26,2025,0.272108843537415,2,3174,528.0,2118.0,0.2944002459740958,0.3389830508474576,,400,38.0,60.6578947368421,15.657894736842104,5.394736842105263,9.710526315789474,77.0,35.0,0.617219917012448,,,,False,0.3251770790336553,0.0,0.36516891774657373,0.5376647525820074,0.05306823549624029,1.8,0.0
Nicolás Domínguez,Argentina,MF,Nottingham,27,1998,27,17,1175,13.1,1,1,2,1,0,0,3,0,0.0763358778625954,0.0763358778625954,0.1526717557251908,0.0763358778625954,0.1526717557251908,False,2025-26,2025,0.1526717557251908,3,4633,1963.0,-788.0,0.1387486121154318,0.0458715596330275,0.2409638554216867,729,38.0,46.8421052631579,12.526315789473683,4.105263157894737,13.289473684210526,48.0,51.0,0.4852191641182466,,,,False,0.11913365433977363,0.0,0.11848293750019456,0.28889196284177526,-0.03353810138541716,0.0,0.0
Nicolás González,Spain,MF,Manchester City,23,2002,25,17,1569,17.4,1,0,1,1,0,0,6,0,0.0574712643678161,0.0,0.0574712643678161,0.0574712643678161,0.0574712643678161,False,2025-26,2025,0.0574712643678161,2,2329,760.0,809.0,0.0779967159277504,0.119047619047619,,529,38.0,60.6578947368421,15.657894736842104,5.394736842105263,9.710526315789474,77.0,35.0,0.617219917012448,,,,False,0.1681709871801212,0.0,0.11621680881958324,0.3728012375534685,0.11069972281230508,1.8,0.0
Nicolò Savona,Italy,DF,Nottingham,22,2003,14,11,1028,11.4,2,0,2,2,0,0,2,0,0.175438596491228,0.0,0.175438596491228,0.175438596491228,0.175438596491228,False,2025-26,2025,0.175438596491228,1,1028,,,0.175438596491228,,,484,38.0,46.8421052631579,12.526315789473683,4.105263157894737,13.289473684210526,48.0,51.0,0.4852191641182466,,,,False,0.009699981874901412,0.0,0.07144646072339617,0.2653368281580114,-0.1657386146163266,,
Nikola Milenković,Serbia,DF,Nottingham,27,1997,38,37,3375,37.5,0,0,0,0,0,0,6,0,0.0,0.0,0.0,0.0,0.0,False,2025-26,2025,0.0,2,6705,3330.0,45.0,0.063063063063063,0.1891891891891892,,729,38.0,46.8421052631579,12.526315789473683,4.105263157894737,13.289473684210526,48.0,51.0,0.4852191641182466,,,,False,0.11184196042269937,0.0,0.13023505618146544,0.1272772536434676,0.11184196042269937,3.0,0.0
Noah Okafor,Switzerland,"FW,MF",Leeds United,25,2000,28,19,1561,17.3,8,1,9,8,0,0,3,0,0.4624277456647399,0.0578034682080924,0.5202312138728323,0.4624277456647399,0.5202312138728323,False,2025-26,2025,0.5202312138728323,1,1561,,,0.5202312138728323,,,625,38.0,45.73684210526316,12.552631578947368,3.973684210526316,12.526315789473683,49.0,56.0,0.5005246589716683,,,,False,0.427053074240976,0.0,0.3896233148150505,0.591145374162302,-0.09317813963185634,2.5,0.4
Noah Sadiki,DR Congo,MF,Sunderland,20,2004,33,33,2889,32.1,0,1,1,0,0,0,9,0,0.0,0.0311526479750778,0.0311526479750778,0.0,0.0311526479750778,False,2025-26,2025,0.0311526479750778,1,2889,,,0.0311526479750778,,,400,38.0,44.89473684210526,10.421052631578949,3.421052631578948,14.210526315789474,42.0,48.0,0.4230769230769231,,,,False,0.1806508209603288,0.0,0.14340506207771445,0.3439424143908169,0.149498172985251,3.8,0.0
Noni Madueke,England,"FW,MF",Arsenal,23,2002,26,16,1211,13.5,3,1,4,3,0,0,0,0,0.2222222222222222,0.074074074074074,0.2962962962962963,0.2222222222222222,0.2962962962962963,False,2025-26,2025,0.2962962962962963,4,4940,2033.0,-822.0,0.345393587295342,0.4424778761061946,0.5982905982905983,529,38.0,56.44736842105263,14.526315789473683,4.894736842105263,8.157894736842104,71.0,27.0,0.640371229698376,,,,False,0.5537072176194401,0.0,0.4982907805019678,0.6299707271680133,0.2574109213231438,0.3,0.0
Nordi Mukiele,France,DF,Sunderland,27,1997,32,32,2784,30.9,3,3,6,3,0,0,5,0,0.0970873786407767,0.0970873786407767,0.1941747572815534,0.0970873786407767,0.1941747572815534,False,2025-26,2025,0.1941747572815534,1,2784,,,0.1941747572815534,,,729,38.0,44.89473684210526,10.421052631578949,3.421052631578948,14.210526315789474,42.0,48.0,0.4230769230769231,,,,False,0.1568424494291691,0.0,0.11914306641466907,0.27664621383921084,-0.03733230785238428,3.0,0.0
Noussair Mazraoui,Morocco,"DF,MF",Manchester Utd,27,1997,20,11,985,10.9,0,0,0,0,0,0,3,0,0.0,0.0,0.0,0.0,0.0,False,2025-26,2025,0.0,2,3823,2838.0,-1853.0,0.0105820105820105,0.0317460317460317,,729,38.0,51.92105263157895,15.657894736842104,5.657894736842105,11.578947368421051,69.0,50.0,0.5748792270531401,,,,False,0.12572477957076147,0.0,0.1124735100000579,0.21977997911679245,0.12572477957076147,1.1,0.0
Ola Aina,Nigeria,DF,Nottingham,28,1996,18,18,1588,17.6,0,0,0,0,0,0,3,0,0.0,0.0,0.0,0.0,0.0,False,2025-26,2025,0.0,3,6275,2995.0,-1407.0,0.0318403509892871,0.0900900900900901,0.1063829787234042,784,38.0,46.8421052631579,12.526315789473683,4.105263157894737,13.289473684210526,48.0,51.0,0.4852191641182466,,,,False,0.035674431178181705,0.0,0.0696691287470393,0.11945187386155226,0.035674431178181705,3.4,0.0
Oliver Scarles,England,"DF,MF",West Ham,19,2005,13,9,659,7.3,0,0,0,0,0,0,2,0,0.0,0.0,0.0,0.0,0.0,False,2025-26,2025,0.0,2,1324,665.0,-6.0,0.0,0.0,,361,,,,,,,,,,,,False,0.14604268380064905,0.0,0.10240842536629015,0.188945589693007,0.14604268380064905,,
Olivier Boscagli,France,DF,Brighton,27,1997,12,9,802,8.9,0,1,1,0,0,0,2,0,0.0,0.1123595505617977,0.1123595505617977,0.0,0.1123595505617977,False,2025-26,2025,0.1123595505617977,1,802,,,0.1123595505617977,,,729,38.0,53.94736842105263,13.0,4.631578947368421,11.68421052631579,52.0,46.0,0.5266524520255864,,,,False,0.12219029844813695,0.0,0.0674412338646857,0.2460131715483769,0.009830747886339253,3.8,0.0
Ollie Watkins,England,FW,Aston Villa,29,1995,37,33,2839,31.5,16,3,19,16,0,0,4,0,0.5079365079365079,0.0952380952380952,0.6031746031746031,0.5079365079365079,0.6031746031746031,False,2025-26,2025,0.6031746031746031,5,14733,2598.0,241.0,0.6728937385300001,0.8304498269896194,0.8963585434173669,841,38.0,53.6578947368421,12.710526315789474,4.473684210526316,12.894736842105264,56.0,49.0,0.4964028776978417,,,,False,0.5663445617367925,0.0,0.6072277358984841,0.9332427351529156,-0.03683004143781066,,
Omar Alderete,Paraguay,DF,Sunderland,28,1996,33,32,2798,31.1,1,1,2,1,0,0,6,0,0.0321543408360128,0.0321543408360128,0.0643086816720257,0.0321543408360128,0.0643086816720257,False,2025-26,2025,0.0643086816720257,1,2798,,,0.0643086816720257,,,784,38.0,44.89473684210526,10.421052631578949,3.421052631578948,14.210526315789474,42.0,48.0,0.4230769230769231,,,,False,0.08060761004856698,0.0,0.08958264411677344,0.15080855746029398,0.016298928376541275,0.3,0.0
Omar Marmoush,Egypt,"FW,MF",Manchester City,26,1999,21,8,700,7.8,3,3,6,3,0,0,3,0,0.3846153846153846,0.3846153846153846,0.7692307692307693,0.3846153846153846,0.7692307692307693,False,2025-26,2025,0.7692307692307693,2,1875,1175.0,-475.0,0.6909375611665688,0.5343511450381679,,676,38.0,60.6578947368421,15.657894736842104,5.394736842105263,9.710526315789474,77.0,35.0,0.617219917012448,,,,False,0.5348255919924161,0.0,0.4333784852837406,0.8236198496134503,-0.2344051772383532,2.8,0.0
Omari Hutchinson,England,MF,Nottingham,21,2003,31,17,1688,18.8,1,5,6,1,0,0,1,0,0.0531914893617021,0.2659574468085106,0.3191489361702127,0.0531914893617021,0.3191489361702127,False,2025-26,2025,0.3191489361702127,3,4294,2583.0,-895.0,0.2514806303078228,0.1742160278745644,0.0,441,38.0,46.8421052631579,12.526315789473683,4.105263157894737,13.289473684210526,48.0,51.0,0.4852191641182466,,,,False,0.20087415044608348,0.0,0.2450841887861689,0.39483418901526457,-0.11827478572412925,,
Oscar BobbOscar Bobb,Norway,MF,Manchester City,22,2003,23,11,1039,11.5,0,1,1,0,0,0,1,0,0.0,0.0869565217391304,0.0869565217391304,0.0,0.0869565217391304,False,2025-26,2025,0.0869565217391304,1,1039,,,0.0869565217391304,,,484,38.0,60.6578947368421,15.657894736842104,5.394736842105263,9.710526315789474,77.0,35.0,0.617219917012448,,,,False,0.16249232482221254,0.0,0.14930700998327617,0.36660411408197,0.07553580308308214,,
Pablo,Brazil,"MF,FW",West Ham,21,2004,14,10,823,9.1,0,1,1,0,0,0,0,0,0.0,0.1098901098901098,0.1098901098901098,0.0,0.1098901098901098,False,2025-26,2025,0.1098901098901098,1,823,,,0.1098901098901098,,,441,,,,,,,,,,,,False,0.31495558353991815,0.0,0.20781989329037437,0.5287984846626022,0.20506547364980834,,
Pape Matar Sarr,Senegal,MF,Tottenham,22,2002,26,13,1398,15.5,2,4,6,2,0,0,3,0,0.1290322580645161,0.2580645161290322,0.3870967741935484,0.1290322580645161,0.3870967741935484,False,2025-26,2025,0.3870967741935484,4,5598,1913.0,-515.0,0.3449851272892841,0.2347417840375587,0.2608695652173913,484,38.0,50.42105263157895,11.447368421052632,3.842105263157895,12.289473684210526,48.0,57.0,0.4822616407982262,,,,False,0.2581690523728979,0.0,0.32124377473409077,0.5296360053342182,-0.1289277218206505,,
Pascal Groß,Germany,MF,Brighton,34,1991,19,18,1636,18.2,1,3,4,1,0,0,2,0,0.0549450549450549,0.1648351648351648,0.2197802197802197,0.0549450549450549,0.2197802197802197,False,2025-26,2025,0.2197802197802197,4,10027,3114.0,-1478.0,0.2812489181811852,0.4046242774566473,0.4722222222222222,1156,38.0,53.94736842105263,13.0,4.631578947368421,11.68421052631579,52.0,46.0,0.5266524520255864,,,,False,0.2758038981749712,0.0,0.3139703624566753,0.4603203034150272,0.0560236783947515,4.0,1.0
Pascal Struijk,Netherlands,DF,Leeds United,25,1999,34,33,2936,32.6,0,1,1,0,0,0,5,0,0.0,0.0306748466257668,0.0306748466257668,0.0,0.0306748466257668,False,2025-26,2025,0.0306748466257668,3,7191,2200.0,736.0,0.0526455964690745,0.1229508196721311,0.043859649122807,625,38.0,45.73684210526316,12.552631578947368,3.973684210526316,12.526315789473683,49.0,56.0,0.5005246589716683,,,,False,0.09865369977106447,0.0,0.09216818881959091,0.16787032196986437,0.06797885314529767,0.2,0.0
Patrick Dorgu,Denmark,MF,Manchester Utd,20,2004,26,15,1449,16.1,4,4,8,4,0,0,5,0,0.248447204968944,0.248447204968944,0.4968944099378881,0.248447204968944,0.4968944099378881,False,2025-26,2025,0.4968944099378881,2,2291,842.0,607.0,0.3312629399585921,0.0,,400,38.0,51.92105263157895,15.657894736842104,5.657894736842105,11.578947368421051,69.0,50.0,0.5748792270531401,,,,False,0.4049485455380869,0.0,0.29916675208209864,0.5942172409491266,-0.09194586439980118,1.9,0.0
Pau Torres,Spain,DF,Aston Villa,28,1997,21,18,1676,18.6,0,0,0,0,0,0,1,0,0.0,0.0,0.0,0.0,0.0,False,2025-26,2025,0.0,3,6160,2020.0,-344.0,0.008110300081103,0.0,0.072992700729927,784,38.0,53.6578947368421,12.710526315789474,4.473684210526316,12.894736842105264,56.0,49.0,0.4964028776978417,,,,False,0.041276109846405444,0.0,0.07272699155468547,0.1264526036919391,0.041276109846405444,2.1,0.0
Pedro Neto,Portugal,"MF,FW",Chelsea,25,2000,34,30,2631,29.2,5,6,11,5,0,0,4,1,0.1712328767123287,0.2054794520547945,0.3767123287671233,0.1712328767123287,0.3767123287671233,False,2025-26,2025,0.3767123287671233,5,7846,2269.0,362.0,0.392574193944057,0.3968253968253968,0.6547619047619048,625,38.0,57.73684210526316,13.394736842105264,4.368421052631579,10.947368421052632,58.0,52.0,0.5502702702702702,,,,False,0.523130746697506,0.0,0.5161140783530022,0.7378019816903927,0.14641841793038274,2.7,0.36
Pedro Porro,Spain,DF,Tottenham,25,1999,34,32,2796,31.1,1,2,3,1,0,0,10,0,0.0321543408360128,0.0643086816720257,0.0964630225080385,0.0321543408360128,0.0964630225080385,False,2025-26,2025,0.0964630225080385,4,9626,2610.0,186.0,0.1648439879310007,0.2758620689655172,0.2915451895043732,625,38.0,50.42105263157895,11.447368421052632,3.842105263157895,12.289473684210526,48.0,57.0,0.4822616407982262,,,,False,0.1223559768203493,0.0,0.1646143502976923,0.18036558736292402,0.025892954312310798,2.0,0.0
Phil Foden,England,MF,Manchester City,25,2000,33,23,2086,23.2,7,5,12,7,0,0,4,0,0.3017241379310345,0.2155172413793103,0.5172413793103449,0.3017241379310345,0.5172413793103449,False,2025-26,2025,0.5172413793103449,5,10690,1777.0,309.0,0.5372413796981712,0.4568527918781726,0.8517350157728707,625,38.0,60.6578947368421,15.657894736842104,5.394736842105263,9.710526315789474,77.0,35.0,0.617219917012448,,,,False,0.5453686364848627,0.0,0.47457567100978737,0.6093860876386881,0.028127257174517806,2.4,0.83
Piero Hincapié,Ecuador,DF,Arsenal,23,2002,25,20,1792,19.9,1,2,3,1,0,0,2,0,0.050251256281407,0.100502512562814,0.1507537688442211,0.050251256281407,0.1507537688442211,False,2025-26,2025,0.1507537688442211,1,1792,,,0.1507537688442211,,,529,38.0,56.44736842105263,14.526315789473683,4.894736842105263,8.157894736842104,71.0,27.0,0.640371229698376,,,,False,0.0970184442952606,0.0,0.08895163884525908,0.19634321636198263,-0.05373532454896049,0.4,0.0
Quilindschy Hartman,Netherlands,DF,Burnley,23,2001,21,21,1825,20.3,0,5,5,0,0,0,1,0,0.0,0.2463054187192118,0.2463054187192118,0.0,0.2463054187192118,False,2025-26,2025,0.2463054187192118,1,1825,,,0.2463054187192118,,,529,,,,,,,,,,,,False,0.08462484141552436,0.0,0.14233339978534837,0.25280625014309305,-0.16168057730368746,,
Radu Drăgușin,Romania,DF,Tottenham,23,2002,10,5,517,5.7,0,0,0,0,0,0,0,0,0.0,0.0,0.0,0.0,0.0,False,2025-26,2025,0.0,3,2198,1252.0,-735.0,0.0,0.0,0.0,529,38.0,50.42105263157895,11.447368421052632,3.842105263157895,12.289473684210526,48.0,57.0,0.4822616407982262,,,,False,0.05467393001381134,0.0,0.0428326299772469,0.13308973928655055,0.05467393001381134,,
Randal Kolo Muani,France,"FW,MF",Tottenham,26,1998,30,21,1664,18.5,1,1,2,1,0,0,3,0,0.054054054054054,0.054054054054054,0.1081081081081081,0.054054054054054,0.1081081081081081,False,2025-26,2025,0.1081081081081081,1,1664,,,0.1081081081081081,,,676,38.0,50.42105263157895,11.447368421052632,3.842105263157895,12.289473684210526,48.0,57.0,0.4822616407982262,,,,False,0.1663535003021532,0.0,0.16363790812901816,0.40141966106035537,0.058245392194045106,,
Rayan,Brazil,MF,Bournemouth,18,2006,15,13,1111,12.3,5,2,7,5,0,0,1,0,0.4065040650406504,0.1626016260162601,0.5691056910569106,0.4065040650406504,0.5691056910569106,False,2025-26,2025,0.5691056910569106,1,1111,,,0.5691056910569106,,,324,38.0,50.078947368421055,13.842105263157896,4.684210526315789,12.63157894736842,58.0,54.0,0.5228628230616302,,,,False,0.36083578227055396,0.0,0.34944096628260457,0.5967411407687956,-0.2082699087863566,3.9,0.0
Rayan Aït-Nouri,Algeria,DF,Manchester City,24,2001,17,12,974,10.8,0,2,2,0,0,0,2,0,0.0,0.1851851851851851,0.1851851851851851,0.0,0.1851851851851851,False,2025-26,2025,0.1851851851851851,5,9316,3109.0,-2135.0,0.2067723586131049,0.3188405797101449,0.1158301158301158,576,38.0,60.6578947368421,15.657894736842104,5.394736842105263,9.710526315789474,77.0,35.0,0.617219917012448,,,,False,0.30636229950022925,0.0,0.22344806147703944,0.3656572554601237,0.12117711431504416,,
Rayan Cherki,France,MF,Manchester City,21,2003,33,19,1786,19.8,4,12,16,4,0,0,1,0,0.202020202020202,0.6060606060606061,0.8080808080808081,0.202020202020202,0.8080808080808081,False,2025-26,2025,0.8080808080808081,1,1786,,,0.8080808080808081,,,441,38.0,60.6578947368421,15.657894736842104,5.394736842105263,9.710526315789474,77.0,35.0,0.617219917012448,,,,False,0.4787070357905414,0.0,0.409982990136789,0.7541585174851594,-0.32937377229026665,2.4,1.64
Raúl Jiménez,Mexico,FW,Fulham,34,1991,36,27,2189,24.3,9,3,12,5,4,4,5,0,0.3703703703703703,0.1234567901234567,0.4938271604938271,0.205761316872428,0.3292181069958847,False,2025-26,2025,0.4938271604938271,5,9555,2494.0,-305.0,0.489862570563772,0.5415162454873647,0.4516129032258064,1156,38.0,51.73684210526316,12.657894736842104,3.631578947368421,11.789473684210526,47.0,51.0,0.5177610333692142,,,,False,0.5515850741884787,0.0,0.5453900035333009,0.6983253070012325,0.05775791369465161,,
Reece James,England,"DF,MF",Chelsea,25,1999,29,20,1963,21.8,2,4,6,2,0,0,4,0,0.091743119266055,0.18348623853211,0.2752293577981651,0.091743119266055,0.2752293577981651,False,2025-26,2025,0.2752293577981651,5,6553,1063.0,900.0,0.2646000968267774,0.1694915254237288,0.425531914893617,625,38.0,57.73684210526316,13.394736842105264,4.368421052631579,10.947368421052632,58.0,52.0,0.5502702702702702,,,,False,0.26281764801069835,0.0,0.345581252269509,0.5164748457216355,-0.012411709787466751,3.3,0.0
Reinildo Mandava,Mozambique,DF,Sunderland,31,1994,25,23,1966,21.8,0,1,1,0,0,0,7,1,0.0,0.0458715596330275,0.0458715596330275,0.0,0.0458715596330275,False,2025-26,2025,0.0458715596330275,1,1966,,,0.0458715596330275,,,961,38.0,44.89473684210526,10.421052631578949,3.421052631578948,14.210526315789474,42.0,48.0,0.4230769230769231,,,,False,0.06456670058192963,0.0,0.05306388355878871,0.1165458243965224,0.018695140948902136,4.0,0.0
Riccardo Calafiori,Italy,DF,Arsenal,23,2002,26,22,1699,18.9,1,2,3,1,0,0,5,0,0.0529100529100529,0.1058201058201058,0.1587301587301587,0.0529100529100529,0.1587301587301587,False,2025-26,2025,0.1587301587301587,2,2682,983.0,716.0,0.1975632250861609,0.2752293577981651,,529,38.0,56.44736842105263,14.526315789473683,4.894736842105263,8.157894736842104,71.0,27.0,0.640371229698376,,,,False,0.11613797346183978,0.0,0.11518406121303502,0.2503146479437112,-0.04259218526831891,3.6,0.55
Richarlison,Brazil,"FW,MF",Tottenham,28,1997,32,20,1964,21.8,11,4,15,11,0,0,5,0,0.5045871559633027,0.18348623853211,0.6880733944954128,0.5045871559633027,0.6880733944954128,False,2025-26,2025,0.6880733944954128,5,7492,504.0,1460.0,0.7394947977922076,0.8928571428571429,0.9036144578313252,784,38.0,50.42105263157895,11.447368421052632,3.842105263157895,12.289473684210526,48.0,57.0,0.4822616407982262,,,,False,0.566534160206361,0.0,0.4996784261380898,0.9198377441409167,-0.12153923428905178,0.7,0.0
Rico Henry,Jamaica,DF,Brentford,28,1997,25,14,1328,14.8,0,1,1,0,0,0,2,0,0.0,0.0675675675675675,0.0675675675675675,0.0,0.0675675675675675,False,2025-26,2025,0.0675675675675675,5,7842,99.0,1229.0,0.0640801937098233,0.0,0.2222222222222222,784,38.0,47.5,10.657894736842104,3.8684210526315783,13.263157894736842,55.0,52.0,0.4455445544554455,,,,False,0.08597540644232976,0.0,0.06913315926585985,0.1310353248411281,0.01840783887476226,0.0,0.0
Rio Ngumoha,England,MF,Liverpool,16,2008,19,5,560,6.2,2,1,3,2,0,0,0,0,0.3225806451612903,0.1612903225806451,0.4838709677419354,0.3225806451612903,0.4838709677419354,False,2025-26,2025,0.4838709677419354,1,560,,,0.4838709677419354,,,256,38.0,59.31578947368421,15.473684210526317,4.605263157894737,11.447368421052632,63.0,53.0,0.5747800586510264,,,,False,0.37731223693622384,0.0,0.3311988534950812,0.5229346526477451,-0.10655873080571154,1.1,0.0
Robert Sánchez,Spain,GK,Chelsea,27,1997,35,35,3039,33.8,0,1,1,0,0,0,3,1,0.0,0.029585798816568,0.029585798816568,0.0,0.029585798816568,False,2025-26,2025,0.029585798816568,5,12751,2880.0,159.0,0.019723865877712,0.0,0.0,729,38.0,57.73684210526316,13.394736842105264,4.368421052631579,10.947368421052632,58.0,52.0,0.5502702702702702,,,,False,0.011725846346484726,0.0,0.004787199032785829,0.02134539155562715,-0.017859952470083276,1.0,0.0
Robin Roefs,Netherlands,GK,Sunderland,22,2003,35,35,3150,35.0,0,0,0,0,0,0,4,0,0.0,0.0,0.0,0.0,0.0,False,2025-26,2025,0.0,1,3150,,,0.0,,,484,38.0,44.89473684210526,10.421052631578949,3.421052631578948,14.210526315789474,42.0,48.0,0.4230769230769231,,,,False,0.029343124571816495,0.0,0.00467458260869855,0.04342978523037433,0.029343124571816495,4.0,0.0
Rodri,Spain,MF,Manchester City,29,1996,21,17,1511,16.8,1,0,1,1,0,0,3,0,0.0595238095238095,0.0,0.0595238095238095,0.0595238095238095,0.0595238095238095,False,2025-26,2025,0.0595238095238095,5,10310,73.0,1438.0,0.0878978531761189,0.0,0.5214723926380368,841,38.0,60.6578947368421,15.657894736842104,5.394736842105263,9.710526315789474,77.0,35.0,0.617219917012448,,,,False,0.13907075481816064,0.0,0.13812377813473914,0.362202947303513,0.07954694529435113,,
Rodrigo Bentancur,Uruguay,MF,Tottenham,28,1997,26,23,1883,20.9,1,1,2,1,0,0,7,0,0.0478468899521531,0.0478468899521531,0.0956937799043062,0.0478468899521531,0.0956937799043062,False,2025-26,2025,0.0956937799043062,5,7394,1645.0,238.0,0.114929997735312,0.1092896174863388,0.1785714285714285,784,38.0,50.42105263157895,11.447368421052632,3.842105263157895,12.289473684210526,48.0,57.0,0.4822616407982262,,,,False,0.13917805299682934,0.0,0.15116490360180979,0.33483505460827084,0.04348427309252313,3.2,0.0
Rodrigo Gomes,Portugal,"MF,FW",Wolves,22,2003,22,9,960,10.7,3,0,3,3,0,0,0,0,0.2803738317757009,0.0,0.2803738317757009,0.2803738317757009,0.2803738317757009,False,2025-26,2025,0.2803738317757009,2,1770,810.0,150.0,0.2609899619245414,0.2222222222222222,,484,,,,,,,,,,,,False,0.42001455335314386,0.0,0.27978640078066586,0.73315594495882,0.13964072157744295,,
Rodrigo Muniz,Brazil,FW,Fulham,24,2001,21,10,1000,11.1,1,1,2,1,0,0,2,0,0.0900900900900901,0.0900900900900901,0.1801801801801802,0.0900900900900901,0.1801801801801802,False,2025-26,2025,0.1801801801801802,3,3557,964.0,36.0,0.369810647016413,0.8411214953271029,0.5649717514124294,576,38.0,51.73684210526316,12.657894736842104,3.631578947368421,11.789473684210526,47.0,51.0,0.5177610333692142,,,,False,0.5012968435610201,0.0,0.330534637487593,0.791295413366123,0.3211166633808399,0.3,0.0
Ross Barkley,England,MF,Aston Villa,31,1993,21,7,857,9.5,3,1,4,3,0,0,1,0,0.3157894736842105,0.1052631578947368,0.4210526315789473,0.3157894736842105,0.4210526315789473,False,2025-26,2025,0.4210526315789473,4,4235,581.0,276.0,0.4588819171022101,0.6153846153846154,0.3092783505154639,961,38.0,53.6578947368421,12.710526315789474,4.473684210526316,12.894736842105264,56.0,49.0,0.4964028776978417,,,,False,0.36834322672576564,0.0,0.30854581589294233,0.6138799118449859,-0.05270940485318165,3.4,0.0
Ryan Christie,Scotland,MF,Bournemouth,30,1995,26,9,994,11.0,2,0,2,2,0,0,3,1,0.1818181818181818,0.0,0.1818181818181818,0.1818181818181818,0.1818181818181818,False,2025-26,2025,0.1818181818181818,4,7852,2117.0,-1123.0,0.1835911020857115,0.2127659574468085,0.1547987616099071,900,38.0,50.078947368421055,13.842105263157896,4.684210526315789,12.63157894736842,58.0,54.0,0.5228628230616302,,,,False,0.2821204329377232,0.0,0.26081224360185395,0.46209952514409613,0.10030225111954141,0.3,0.0
Ryan Gravenberch,Netherlands,MF,Liverpool,23,2002,36,34,2992,33.2,5,3,8,5,0,0,5,0,0.1506024096385542,0.0903614457831325,0.2409638554216867,0.1506024096385542,0.2409638554216867,False,2025-26,2025,0.2409638554216867,3,7273,3160.0,-168.0,0.1948559289389276,0.1139601139601139,0.08,529,38.0,59.31578947368421,15.473684210526317,4.605263157894737,11.447368421052632,63.0,53.0,0.5747800586510264,,,,False,0.26756289958184115,0.0,0.332272497741353,0.4859246816450226,0.02659904416015446,2.0,0.49
Ryan Sessegnon,England,"DF,MF",Fulham,25,2000,27,20,1823,20.3,3,1,4,3,0,0,0,0,0.147783251231527,0.0492610837438423,0.1970443349753694,0.147783251231527,0.1970443349753694,False,2025-26,2025,0.1970443349753694,4,4263,580.0,1243.0,0.3625428247075757,0.9375,0.2222222222222222,625,38.0,51.73684210526316,12.657894736842104,3.631578947368421,11.789473684210526,47.0,51.0,0.5177610333692142,,,,False,0.3068093056802126,0.0,0.29235135357456543,0.6036642548166827,0.10976497070484317,0.6,0.0
Ryan Yates,England,MF,Nottingham,27,1997,22,2,617,6.9,0,2,2,0,0,0,3,0,0.0,0.2898550724637681,0.2898550724637681,0.0,0.2898550724637681,False,2025-26,2025,0.2898550724637681,4,6361,1915.0,-1298.0,0.234870237691942,0.1408450704225352,0.090497737556561,729,38.0,46.8421052631579,12.526315789473683,4.105263157894737,13.289473684210526,48.0,51.0,0.4852191641182466,,,,False,0.2324960295963243,0.0,0.24432076482640355,0.38307874027022026,-0.05735904286744384,,
Rúben Dias,Portugal,DF,Manchester City,28,1997,26,24,2141,23.8,2,0,2,2,0,0,3,0,0.0840336134453781,0.0,0.0840336134453781,0.0840336134453781,0.0840336134453781,False,2025-26,2025,0.0840336134453781,5,11371,2271.0,-130.0,0.0587967188540001,0.0,0.0,784,38.0,60.6578947368421,15.657894736842104,5.394736842105263,9.710526315789474,77.0,35.0,0.617219917012448,,,,False,0.06947705267385637,0.0,0.14542046336616768,0.13441473071437537,-0.014556560771521732,4.0,0.0
Sam Johnstone,England,GK,Wolves,32,1993,12,12,1080,12.0,0,0,0,0,0,0,0,0,0.0,0.0,0.0,0.0,0.0,False,2025-26,2025,0.0,4,4316,630.0,450.0,0.0,0.0,0.0,1024,,,,,,,,,,,,False,0.07773704670270952,0.0,0.00233584292784382,0.0061030212460615185,0.07773704670270952,,
Samuel Chukwueze,Nigeria,MF,Fulham,26,1999,23,10,1079,12.0,3,4,7,3,0,0,0,0,0.25,0.3333333333333333,0.5833333333333334,0.25,0.5833333333333334,False,2025-26,2025,0.5833333333333334,1,1079,,,0.5833333333333334,,,676,38.0,51.73684210526316,12.657894736842104,3.631578947368421,11.789473684210526,47.0,51.0,0.5177610333692142,,,,False,0.31631787377006804,0.0,0.31985994921660676,0.6057187890667338,-0.26701545956326533,,
Sander Berge,Norway,MF,Fulham,27,1998,35,34,2905,32.3,0,1,1,0,0,0,5,0,0.0,0.0309597523219814,0.0309597523219814,0.0,0.0309597523219814,False,2025-26,2025,0.0309597523219814,3,8134,2224.0,681.0,0.0306198748014806,0.0,0.0898203592814371,729,38.0,51.73684210526316,12.657894736842104,3.631578947368421,11.789473684210526,47.0,51.0,0.5177610333692142,,,,False,0.11352989626627531,0.0,0.1417917363202701,0.3238024237490037,0.0825701439442939,3.0,0.0
Sandro Tonali,Italy,MF,Newcastle,25,2000,35,31,2534,28.2,0,2,2,0,0,0,4,0,0.0,0.0709219858156028,0.0709219858156028,0.0,0.0709219858156028,False,2025-26,2025,0.0709219858156028,3,5602,2630.0,-96.0,0.1156191612951408,0.2054794520547945,0.2040816326530612,625,38.0,52.47368421052632,12.947368421052632,4.631578947368421,12.342105263157896,53.0,55.0,0.5119667013527576,,,,False,0.12916438917742956,0.0,0.14241944440458296,0.38508117821446036,0.05824240336182676,3.8,0.0
Santiago Bueno,Uruguay,DF,Wolves,26,1998,29,28,2553,28.4,3,1,4,3,0,0,4,0,0.1056338028169014,0.0352112676056338,0.1408450704225352,0.1056338028169014,0.1408450704225352,False,2025-26,2025,0.1408450704225352,3,5062,1687.0,866.0,0.0938967136150234,0.0,0.0,676,,,,,,,,,,,,False,0.08342975575319805,0.0,0.038905703342288635,0.11487855194647675,-0.057415314669337136,,
Saša Lukić,Serbia,MF,Fulham,28,1996,26,20,1734,19.3,1,2,3,1,0,0,9,0,0.0518134715025906,0.1036269430051813,0.155440414507772,0.0518134715025906,0.155440414507772,False,2025-26,2025,0.155440414507772,4,5612,2344.0,-610.0,0.1266468860251243,0.0769230769230769,0.08,784,38.0,51.73684210526316,12.657894736842104,3.631578947368421,11.789473684210526,47.0,51.0,0.5177610333692142,,,,False,0.08581459437920806,0.0,0.10241694984732908,0.3522689989255399,-0.06962582012856393,3.6,0.27
Sean Longstaff,England,MF,Leeds United,27,1997,23,10,1011,11.2,2,2,4,2,0,0,2,0,0.1785714285714285,0.1785714285714285,0.3571428571428571,0.1785714285714285,0.3571428571428571,False,2025-26,2025,0.3571428571428571,5,8538,798.0,213.0,0.2634484817427591,0.0,0.2622950819672131,729,38.0,45.73684210526316,12.552631578947368,3.973684210526316,12.526315789473683,49.0,56.0,0.5005246589716683,,,,False,0.24520181345083292,0.0,0.2265480002004901,0.5227855843568925,-0.11194104369202418,0.1,0.0
Senne Lammens,Belgium,GK,Manchester Utd,23,2002,32,32,2880,32.0,0,0,0,0,0,0,0,0,0.0,0.0,0.0,0.0,0.0,False,2025-26,2025,0.0,1,2880,,,0.0,,,529,38.0,51.92105263157895,15.657894736842104,5.657894736842105,11.578947368421051,69.0,50.0,0.5748792270531401,,,,False,0.042463846439515084,0.0,0.0026261365699462623,0.0454500809010114,0.042463846439515084,4.0,0.0
Sepp van den Berg,Netherlands,DF,Brentford,23,2001,32,30,2763,30.7,0,2,2,0,0,0,2,0,0.0,0.0651465798045602,0.0651465798045602,0.0,0.0651465798045602,False,2025-26,2025,0.0651465798045602,2,5349,2586.0,177.0,0.0434310532030401,0.0,,529,38.0,47.5,10.657894736842104,3.8684210526315783,13.263157894736842,55.0,52.0,0.4455445544554455,,,,False,0.09403039761378121,0.0,0.07085181604619151,0.14858593015058416,0.028883817809221002,,
Simon Adingra,Ivory Coast,"MF,FW",Sunderland,23,2002,14,9,653,7.3,1,0,1,1,0,0,2,0,0.136986301369863,0.0,0.136986301369863,0.136986301369863,0.136986301369863,False,2025-26,2025,0.136986301369863,3,3972,1097.0,-444.0,0.1956729247615344,0.3278688524590164,0.2834008097165992,529,38.0,44.89473684210526,10.421052631578949,3.421052631578948,14.210526315789474,42.0,48.0,0.4230769230769231,,,,False,0.49009120512652804,0.0,0.28640854757303913,0.6272903347625952,0.35310490375666503,,
Soungoutou Magassa,France,MF,West Ham,21,2003,22,11,981,10.9,1,0,1,1,0,0,4,0,0.091743119266055,0.0,0.091743119266055,0.091743119266055,0.091743119266055,False,2025-26,2025,0.091743119266055,1,981,,,0.091743119266055,,,441,,,,,,,,,,,,False,0.1297512370067377,0.0,0.12078857533885086,0.3194814881482214,0.03800811774068272,,
Sven Botman,Netherlands,DF,Newcastle,25,2000,25,21,1835,20.4,1,1,2,1,0,0,2,0,0.0490196078431372,0.0490196078431372,0.0980392156862745,0.0490196078431372,0.0980392156862745,False,2025-26,2025,0.0980392156862745,4,6751,412.0,1423.0,0.0847252481239409,0.0,0.261437908496732,625,38.0,52.47368421052632,12.947368421052632,4.631578947368421,12.342105263157896,53.0,55.0,0.5119667013527576,,,,False,0.07274118011326482,0.0,0.07923949403152342,0.14436884559264707,-0.025298035573009678,4.0,0.0
Sávio,Brazil,MF,Manchester City,21,2004,24,7,833,9.3,1,1,2,1,0,0,2,0,0.1075268817204301,0.1075268817204301,0.2150537634408602,0.1075268817204301,0.2150537634408602,False,2025-26,2025,0.2150537634408602,2,2599,1766.0,-933.0,0.296430400117036,0.4591836734693877,,441,38.0,60.6578947368421,15.657894736842104,5.394736842105263,9.710526315789474,77.0,35.0,0.617219917012448,,,,False,0.440369068136411,0.0,0.2275296206277704,0.5223198281036956,0.22531530469555083,1.7,0.0
Taiwo Awoniyi,Nigeria,FW,Nottingham,27,1997,17,3,494,5.5,4,1,5,4,0,0,2,0,0.7272727272727273,0.1818181818181818,0.9090909090909092,0.7272727272727273,0.9090909090909092,False,2025-26,2025,0.9090909090909092,4,3356,416.0,78.0,0.7379569086215763,0.2173913043478261,0.7758620689655172,729,38.0,46.8421052631579,12.526315789473683,4.105263157894737,13.289473684210526,48.0,51.0,0.4852191641182466,,,,False,0.5101990870139783,0.0,0.4318152548860687,0.8587196996299482,-0.39889182207693086,2.6,0.0
Thierno Barry,France,FW,Everton,22,2002,38,21,1914,21.3,8,0,8,8,0,0,3,0,0.3755868544600939,0.0,0.3755868544600939,0.3755868544600939,0.3755868544600939,False,2025-26,2025,0.3755868544600939,1,1914,,,0.3755868544600939,,,484,38.0,43.76315789473684,11.105263157894736,3.736842105263158,13.973684210526317,47.0,50.0,0.4428121720881427,,,,False,0.39948571485325407,0.0,0.44084610380466044,0.6132924646316074,0.023898860393160193,3.6,0.28
Tijjani Reijnders,Netherlands,MF,Manchester City,27,1998,28,19,1631,18.1,5,2,7,5,0,0,2,0,0.2762430939226519,0.1104972375690607,0.3867403314917126,0.2762430939226519,0.3867403314917126,False,2025-26,2025,0.3867403314917126,1,1631,,,0.3867403314917126,,,729,38.0,60.6578947368421,15.657894736842104,5.394736842105263,9.710526315789474,77.0,35.0,0.617219917012448,,,,False,0.1663649605488654,0.0,0.21324856896681307,0.5272921826653884,-0.2203753709428472,,
Tim Iroegbunam,England,MF,Everton,22,2003,29,17,1487,16.5,0,2,2,0,0,0,9,0,0.0,0.1212121212121212,0.1212121212121212,0.0,0.1212121212121212,False,2025-26,2025,0.1212121212121212,4,2317,574.0,913.0,0.115530303030303,0.15625,0.0,484,38.0,43.76315789473684,11.105263157894736,3.736842105263158,13.973684210526317,47.0,50.0,0.4428121720881427,,,,False,0.182924986203878,0.0,0.11232112021765368,0.3757095480681117,0.06171286499175681,0.1,0.0
Tim Iroegbunam,England,MF,Everton,22,2003,29,17,1487,16.5,0,2,2,0,0,0,9,0,0.0,0.1212121212121212,0.1212121212121212,0.0,0.1212121212121212,False,2025-26,2025,0.1212121212121212,4,2317,574.0,913.0,0.115530303030303,0.15625,0.0,484,38.0,43.76315789473684,11.105263157894736,3.736842105263158,13.973684210526317,47.0,50.0,0.4428121720881427,,,,False,0.182924986203878,0.0,0.11232112021765368,0.3757095480681117,0.06171286499175681,0.2,0.0
Timothy Castagne,Belgium,"DF,MF",Fulham,29,1995,30,20,1845,20.5,0,0,0,0,0,0,4,0,0.0,0.0,0.0,0.0,0.0,False,2025-26,2025,0.0,5,11509,1649.0,196.0,0.0261893229708886,0.0546448087431694,0.136518771331058,841,38.0,51.73684210526316,12.657894736842104,3.631578947368421,11.789473684210526,47.0,51.0,0.5177610333692142,,,,False,0.02493722395443388,0.0,0.1111275082981693,0.18488980471396738,0.02493722395443388,3.5,0.28
Tino Livramento,England,DF,Newcastle,22,2002,17,14,1328,14.8,0,1,1,0,0,0,1,0,0.0,0.0675675675675675,0.0675675675675675,0.0,0.0675675675675675,False,2025-26,2025,0.0675675675675675,5,7712,2840.0,-1512.0,0.0581587710985681,0.0316455696202531,0.0684931506849315,484,38.0,52.47368421052632,12.947368421052632,4.631578947368421,12.342105263157896,53.0,55.0,0.5119667013527576,,,,False,0.1023354545640963,0.0,0.0897559233064811,0.15049067920143622,0.0347678869965288,0.4,0.0
Tolu Arokodare,Nigeria,FW,Wolves,24,2000,33,13,1419,15.8,3,1,4,3,0,1,1,0,0.1898734177215189,0.0632911392405063,0.2531645569620253,0.1898734177215189,0.2531645569620253,False,2025-26,2025,0.2531645569620253,1,1419,,,0.2531645569620253,,,576,,,,,,,,,,,,False,0.3441045635138076,0.0,0.3049327649185723,0.6098380789614449,0.0909400065517823,,
Tom Cairney,Scotland,MF,Fulham,34,1991,24,6,775,8.6,2,0,2,2,0,0,3,0,0.2325581395348837,0.0,0.2325581395348837,0.2325581395348837,0.2325581395348837,False,2025-26,2025,0.2325581395348837,4,3879,628.0,147.0,0.2477115190293485,0.2857142857142857,0.303030303030303,1156,38.0,51.73684210526316,12.657894736842104,3.631578947368421,11.789473684210526,47.0,51.0,0.5177610333692142,,,,False,0.2274052708418342,0.0,0.17037780966746388,0.5857837603677204,-0.005152868693049484,,
Tomáš Souček,Czechia,MF,West Ham,30,1995,35,24,2200,24.4,5,0,5,5,0,0,3,1,0.2049180327868852,0.0,0.2049180327868852,0.2049180327868852,0.2049180327868852,False,2025-26,2025,0.2049180327868852,5,13514,2567.0,-367.0,0.2416063286290706,0.3508771929824561,0.2821316614420063,900,,,,,,,,,,,,False,0.3406111217719686,0.0,0.3369001820049942,0.4357877731941921,0.13569308898508342,,
Tosin Adarabioyo,England,DF,Chelsea,27,1997,16,8,795,8.8,0,0,0,0,0,0,2,0,0.0,0.0,0.0,0.0,0.0,False,2025-26,2025,0.0,4,5906,1409.0,-614.0,0.0381354400255247,0.1273885350318471,0.1111111111111111,729,38.0,57.73684210526316,13.394736842105264,4.368421052631579,10.947368421052632,58.0,52.0,0.5502702702702702,,,,False,0.14121334791410511,0.0,0.11789603532862873,0.17360154789712678,0.14121334791410511,0.1,0.0
Toti Gomes,Portugal,DF,Wolves,26,1999,19,17,1424,15.8,0,0,0,0,0,0,2,1,0.0,0.0,0.0,0.0,0.0,False,2025-26,2025,0.0,5,8154,2614.0,-1190.0,0.0195481070731518,0.0344827586206896,0.1298701298701298,676,,,,,,,,,,,,False,0.08771659893438033,0.0,0.05220947573408661,0.1143167780837976,0.08771659893438033,,
Trai Hume,Northern Ireland,"DF,MF",Sunderland,23,2002,38,34,3036,33.7,2,1,3,2,0,0,9,0,0.059347181008902,0.029673590504451,0.0890207715133531,0.059347181008902,0.0890207715133531,False,2025-26,2025,0.0890207715133531,1,3036,,,0.0890207715133531,,,529,38.0,44.89473684210526,10.421052631578949,3.421052631578948,14.210526315789474,42.0,48.0,0.4230769230769231,,,,False,0.10770877704554419,0.0,0.12609594589175788,0.2160459579880474,0.01868800553219109,2.2,0.0
Trevoh Chalobah,England,DF,Chelsea,26,1999,34,31,2783,30.9,3,0,3,3,0,0,3,1,0.0970873786407767,0.0,0.0970873786407767,0.0970873786407767,0.0970873786407767,False,2025-26,2025,0.0970873786407767,4,6792,952.0,1831.0,0.0948910280130363,0.0943396226415094,0.0,676,38.0,57.73684210526316,13.394736842105264,4.368421052631579,10.947368421052632,58.0,52.0,0.5502702702702702,,,,False,0.15435424189414926,0.0,0.08645942748435263,0.18666938005281875,0.05726686325337256,,
Tyler Adams,USA,MF,Bournemouth,26,1999,25,21,1772,19.7,2,2,4,2,0,0,8,0,0.1015228426395939,0.1015228426395939,0.2030456852791878,0.1015228426395939,0.2030456852791878,False,2025-26,2025,0.2030456852791878,4,6014,1965.0,-193.0,0.1659448299414769,0.1376146788990825,0.0,676,38.0,50.078947368421055,13.842105263157896,4.684210526315789,12.63157894736842,58.0,54.0,0.5228628230616302,,,,False,0.18524022461986414,0.0,0.26018442399351543,0.45918121647499127,-0.017805460659323646,2.2,0.0
Tyrick Mitchell,England,MF,Crystal Palace,25,1999,38,36,3251,36.1,1,2,3,1,0,0,6,0,0.0277008310249307,0.0554016620498614,0.0831024930747922,0.0277008310249307,0.0831024930747922,False,2025-26,2025,0.0831024930747922,5,15539,3092.0,159.0,0.1003591596470712,0.1453488372093023,0.1404494382022471,625,38.0,45.89473684210526,11.63157894736842,3.710526315789474,11.710526315789474,41.0,51.0,0.4983089064261555,,,,False,0.1714110558986679,0.0,0.1926231027662949,0.33220843917868725,0.0883085628238757,3.7,0.55
Tyrone Mings,England,DF,Aston Villa,32,1993,17,15,1324,14.7,0,0,0,0,0,0,1,0,0.0,0.0,0.0,0.0,0.0,False,2025-26,2025,0.0,5,8813,1120.0,204.0,0.0035113940951982,0.0,0.0,1024,38.0,53.6578947368421,12.710526315789474,4.473684210526316,12.894736842105264,56.0,49.0,0.4964028776978417,,,,False,0.08806520006939055,0.0,0.06008240400580441,0.13523535572460416,0.08806520006939055,1.9,0.0
Valentín Castellanos,Argentina,FW,West Ham,26,1998,18,17,1384,15.4,6,0,6,6,0,0,6,0,0.3896103896103896,0.0,0.3896103896103896,0.3896103896103896,0.3896103896103896,False,2025-26,2025,0.3896103896103896,1,1384,,,0.3896103896103896,,,676,,,,,,,,,,,,False,0.34038210931469387,0.0,0.30622330062471065,0.6486208166997638,-0.0492282802956957,,
Victor Lindelöf,Sweden,"DF,MF",Aston Villa,31,1994,17,11,948,10.5,0,1,1,0,0,0,0,0,0.0,0.0952380952380952,0.0952380952380952,0.0,0.0952380952380952,False,2025-26,2025,0.0952380952380952,5,6700,704.0,244.0,0.0744444917472907,0.0,0.1351351351351351,961,38.0,53.6578947368421,12.710526315789474,4.473684210526316,12.894736842105264,56.0,49.0,0.4964028776978417,,,,False,0.127072648106319,0.0,0.14730162932882057,0.24896881177852212,0.03183455286822379,4.0,0.0
Viktor Gyökeres,Sweden,FW,Arsenal,27,1998,36,26,2224,24.7,14,1,15,11,3,3,5,0,0.5668016194331984,0.0404858299595141,0.6072874493927126,0.4453441295546559,0.4858299595141701,False,2025-26,2025,0.6072874493927126,1,2224,,,0.6072874493927126,,,729,38.0,56.44736842105263,14.526315789473683,4.894736842105263,8.157894736842104,71.0,27.0,0.640371229698376,,,,False,0.4309158734004457,0.0,0.5737879486293129,0.7590697341379932,-0.17637157599226694,0.1,0.0
Virgil van Dijk,Netherlands,DF,Liverpool,34,1991,38,38,3420,38.0,6,0,6,6,0,0,4,0,0.1578947368421052,0.0,0.1578947368421052,0.1578947368421052,0.1578947368421052,False,2025-26,2025,0.1578947368421052,5,15822,3330.0,90.0,0.1422686880711582,0.1081081081081081,0.113314447592068,1156,38.0,59.31578947368421,15.473684210526317,4.605263157894737,11.447368421052632,63.0,53.0,0.5747800586510264,,,,False,0.08143657987481563,0.0,0.134529244653376,0.17293601216163176,-0.07645815696728957,4.0,0.0
Vitaliy Mykolenko,Ukraine,DF,Everton,26,1999,33,33,2958,32.9,0,1,1,0,0,0,6,0,0.0,0.0303951367781155,0.0303951367781155,0.0,0.0303951367781155,False,2025-26,2025,0.0303951367781155,5,12219,3082.0,-124.0,0.0462186548677646,0.087719298245614,0.072992700729927,676,38.0,43.76315789473684,11.105263157894736,3.736842105263158,13.973684210526317,47.0,50.0,0.4428121720881427,,,,False,0.09473580497002905,0.0,0.10094099364505754,0.13452417496167465,0.06434066819191356,4.0,0.0
Vitaly Janelt,Germany,MF,Brentford,27,1998,25,15,1443,16.0,1,4,5,1,0,0,8,0,0.0625,0.25,0.3125,0.0625,0.3125,False,2025-26,2025,0.3125,5,11257,2254.0,-811.0,0.2585970118408993,0.16,0.1179941002949852,729,38.0,47.5,10.657894736842104,3.8684210526315783,13.263157894736842,55.0,52.0,0.4455445544554455,,,,False,0.22701668340158607,0.0,0.28179350991025826,0.38564690835930787,-0.08548331659841393,4.0,0.5
Wesley Fofana,France,DF,Chelsea,24,2000,25,20,1722,19.1,0,1,1,0,0,0,9,2,0.0,0.0523560209424083,0.0523560209424083,0.0,0.0523560209424083,False,2025-26,2025,0.0523560209424083,3,3524,1172.0,550.0,0.0349040139616055,0.0,0.0,576,38.0,57.73684210526316,13.394736842105264,4.368421052631579,10.947368421052632,58.0,52.0,0.5502702702702702,,,,False,0.06974515872820707,0.0,0.06756839689867188,0.14680602591971967,0.017389137785798765,2.7,0.0
Wilfried Gnonto,Italy,FW,Leeds United,21,2003,23,4,537,6.0,0,1,1,0,0,0,3,0,0.0,0.1666666666666666,0.1666666666666666,0.0,0.1666666666666666,False,2025-26,2025,0.1666666666666666,2,1891,1354.0,-817.0,0.2444444444444444,0.4,,441,38.0,45.73684210526316,12.552631578947368,3.973684210526316,12.526315789473683,49.0,56.0,0.5005246589716683,,,,False,0.4723653528709776,0.0,0.3203499806330814,0.7607573211517289,0.30569868620431095,,
Will Hughes,England,MF,Crystal Palace,30,1995,31,19,1571,17.5,0,0,0,0,0,0,7,0,0.0,0.0,0.0,0.0,0.0,False,2025-26,2025,0.0,5,7465,2108.0,-537.0,0.0383260320218555,0.1282051282051282,0.0476190476190476,900,38.0,45.89473684210526,11.63157894736842,3.710526315789474,11.710526315789474,41.0,51.0,0.4983089064261555,,,,False,0.102920058439047,0.0,0.15113646307406106,0.30562761316878556,0.102920058439047,0.3,0.0
William Osula,Denmark,FW,Newcastle,21,2003,24,8,819,9.1,7,0,7,7,0,0,0,0,0.7692307692307693,0.0,0.7692307692307693,0.7692307692307693,0.7692307692307693,False,2025-26,2025,0.7692307692307693,3,1739,134.0,685.0,0.6609686609686609,0.6666666666666666,0.0,441,38.0,52.47368421052632,12.947368421052632,4.631578947368421,12.342105263157896,53.0,55.0,0.5119667013527576,,,,False,0.34110282840151596,0.0,0.4232962218605641,0.8508585188914926,-0.4281279408292533,0.6,1.64
William Saliba,France,DF,Arsenal,24,2001,31,30,2614,29.0,1,0,1,1,0,0,2,0,0.0344827586206896,0.0,0.0344827586206896,0.0344827586206896,0.0344827586206896,False,2025-26,2025,0.0344827586206896,4,11488,3039.0,-425.0,0.0461316398637332,0.0591715976331361,0.0789473684210526,576,38.0,56.44736842105263,14.526315789473683,4.894736842105263,8.157894736842104,71.0,27.0,0.640371229698376,,,,False,0.10502790081643927,0.0,0.11212319069139096,0.15122613482103908,0.07054514219574967,,
Wilson Isidor,Haiti,FW,Sunderland,24,2000,32,11,1165,12.9,6,0,6,6,0,0,1,0,0.4651162790697674,0.0,0.4651162790697674,0.4651162790697674,0.4651162790697674,False,2025-26,2025,0.4651162790697674,1,1165,,,0.4651162790697674,,,576,38.0,44.89473684210526,10.421052631578949,3.421052631578948,14.210526315789474,42.0,48.0,0.4230769230769231,,,,False,0.4827034752192912,0.0,0.4797365632709694,0.684151221501552,0.01758719614952381,1.1,0.92
Wilson Odobert,France,"MF,FW",Tottenham,20,2004,24,10,985,10.9,0,2,2,0,0,0,0,0,0.0,0.18348623853211,0.18348623853211,0.0,0.18348623853211,False,2025-26,2025,0.18348623853211,3,3933,850.0,135.0,0.1698084070352867,0.1063829787234042,0.2145922746781116,400,38.0,50.42105263157895,11.447368421052632,3.842105263157895,12.289473684210526,48.0,57.0,0.4822616407982262,,,,False,0.537242966667521,0.0,0.2510518715595899,0.7775912241420331,0.35375672813541104,,
Xavi Simons,Netherlands,"MF,FW",Tottenham,22,2003,28,19,1755,19.5,2,5,7,2,0,0,5,1,0.1025641025641025,0.2564102564102564,0.358974358974359,0.1025641025641025,0.358974358974359,False,2025-26,2025,0.358974358974359,1,1755,,,0.358974358974359,,,484,38.0,50.42105263157895,11.447368421052632,3.842105263157895,12.289473684210526,48.0,57.0,0.4822616407982262,,,,False,0.2972804094814716,0.0,0.3325572365976024,0.5978777839430609,-0.06169394949288737,,
Yankuba Minteh,Gambian,MF,Brighton,21,2004,34,26,2391,26.6,3,4,7,3,0,0,3,0,0.112781954887218,0.150375939849624,0.2631578947368421,0.112781954887218,0.2631578947368421,False,2025-26,2025,0.2631578947368421,2,4229,1838.0,553.0,0.3388372893016856,0.4901960784313726,,441,38.0,53.94736842105263,13.0,4.631578947368421,11.68421052631579,52.0,46.0,0.5266524520255864,,,,False,0.3912274213730487,0.0,0.2930165370052746,0.5665350604383753,0.12806952663620663,,
Yasin Ayari,Sweden,MF,Brighton,21,2003,29,20,1929,21.4,3,3,6,3,0,0,1,0,0.1401869158878504,0.1401869158878504,0.2803738317757009,0.1401869158878504,0.2803738317757009,False,2025-26,2025,0.2803738317757009,3,3961,1965.0,-36.0,0.217496927605819,0.1376146788990825,0.0,441,38.0,53.94736842105263,13.0,4.631578947368421,11.68421052631579,52.0,46.0,0.5266524520255864,,,,False,0.1477793870873829,0.0,0.19151167811049036,0.4410730677429706,-0.13259444468831802,2.7,0.37
Yehor Yarmoliuk,Ukraine,MF,Brentford,21,2004,37,30,2659,29.5,1,2,3,1,0,0,7,0,0.0338983050847457,0.0677966101694915,0.1016949152542373,0.0338983050847457,0.1016949152542373,False,2025-26,2025,0.1016949152542373,3,4797,1450.0,1209.0,0.0677966101694915,0.0,0.0,441,38.0,47.5,10.657894736842104,3.8684210526315783,13.263157894736842,55.0,52.0,0.4455445544554455,,,,False,0.0830154319118004,0.0,0.10003454606451943,0.30789251280413327,-0.018679483342436895,1.7,0.6
Yerson Mosquera,Colombia,DF,Wolves,24,2001,27,24,2136,23.7,0,0,0,0,0,0,12,0,0.0,0.0,0.0,0.0,0.0,False,2025-26,2025,0.0,2,2577,441.0,1695.0,0.0,0.0,,576,,,,,,,,,,,,False,0.09358078821458905,0.0,0.035181685670098654,0.14158596947604002,0.09358078821458905,,
Yoane Wissa,DR Congo,FW,Newcastle,28,1996,19,4,531,5.9,1,1,2,1,0,0,3,0,0.1694915254237288,0.1694915254237288,0.3389830508474576,0.1694915254237288,0.3389830508474576,False,2025-26,2025,0.3389830508474576,5,8833,2919.0,-2388.0,0.4446295810064594,0.7098765432098766,0.5415162454873647,784,38.0,52.47368421052632,12.947368421052632,4.631578947368421,12.342105263157896,53.0,55.0,0.5119667013527576,,,,False,0.4320570979823562,0.0,0.48194531173419375,0.7552345480976375,0.09307404713489859,3.9,0.51
Youri Tielemans,Belgium,MF,Aston Villa,28,1997,25,21,1862,20.7,0,4,4,0,0,0,0,0,0.0,0.1932367149758454,0.1932367149758454,0.0,0.1932367149758454,False,2025-26,2025,0.1932367149758454,5,11485,3026.0,-1164.0,0.2368601638338915,0.2976190476190476,0.4444444444444444,784,38.0,53.6578947368421,12.710526315789474,4.473684210526316,12.894736842105264,56.0,49.0,0.4964028776978417,,,,False,0.24276678589959955,0.0,0.30931547446786,0.46139646149849683,0.04953007092375414,3.5,0.0
Yves Bissouma,Mali,MF,Tottenham,28,1996,11,7,603,6.7,0,0,0,0,0,0,4,0,0.0,0.0,0.0,0.0,0.0,False,2025-26,2025,0.0,5,7200,1408.0,-805.0,0.0300660726192641,0.1282051282051282,0.0,784,38.0,50.42105263157895,11.447368421052632,3.842105263157895,12.289473684210526,48.0,57.0,0.4822616407982262,,,,False,0.15031488694911202,0.0,0.14780996639062796,0.2786883086111921,0.15031488694911202,,
Yéremy Pino,Spain,"MF,FW",Crystal Palace,22,2002,34,26,2080,23.1,2,2,4,2,0,0,4,0,0.0865800865800865,0.0865800865800865,0.1731601731601731,0.0865800865800865,0.1731601731601731,False,2025-26,2025,0.1731601731601731,1,2080,,,0.1731601731601731,,,484,38.0,45.89473684210526,11.63157894736842,3.710526315789474,11.710526315789474,41.0,51.0,0.4983089064261555,,,,False,0.2945690030397126,0.0,0.20503436261019328,0.6127667404848234,0.12140882987953952,2.5,0.0
Zian Flemming,Netherlands,FW,Burnley,26,1998,29,21,1769,19.7,11,0,11,9,2,2,5,0,0.5583756345177665,0.0,0.5583756345177665,0.4568527918781726,0.4568527918781726,False,2025-26,2025,0.5583756345177665,1,1769,,,0.5583756345177665,,,676,,,,,,,,,,,,False,0.44227053747931183,0.0,0.49111509624391536,0.6165972669460779,-0.11610509703845467,0.6,1.7
Álex Jiménez,Spain,"DF,MF",Bournemouth,20,2005,31,26,2317,25.7,1,0,1,1,0,0,10,0,0.0389105058365758,0.0,0.0389105058365758,0.0389105058365758,0.0389105058365758,False,2025-26,2025,0.0389105058365758,1,2317,,,0.0389105058365758,,,400,38.0,50.078947368421055,13.842105263157896,4.684210526315789,12.63157894736842,58.0,54.0,0.5228628230616302,,,,False,0.13974080150428206,0.0,0.13058259034202888,0.2544889475076004,0.10083029566770627,,
Đorđe Petrović,Serbia,GK,Bournemouth,25,1999,38,38,3420,38.0,0,0,0,0,0,0,3,0,0.0,0.0,0.0,0.0,0.0,False,2025-26,2025,0.0,2,5407,1987.0,1433.0,0.0,0.0,,625,38.0,50.078947368421055,13.842105263157896,4.684210526315789,12.63157894736842,58.0,54.0,0.5228628230616302,,,,False,-0.011708364685058186,0.0,0.0005352980296061011,0.020072183614495337,-0.011708364685058186,4.0,0.0
