Player,Nation,Position,Squad,Age,Born,Matches Played,Starts,Minutes Played,90s,Goals Scored,Assists,Goals + Assists,Non-Penalty Goals,Penalty Goals,Penalty Attempts,Yellow Card,Red Cards,Gls/90,Ast/90,G+A /90,G-PK /90,G+A-PK /90,multi_club_season,Season,season_start_year,is_partial_season,gameweeks_covered
Aaron Connolly,Ireland,FW,Brighton,21.0,2000.0,4,1,156,1.7,0,0,0,0,0,0,0,0,0.0,0.0,0.0,0.0,0.0,False,2021-22,2021,False,
Aaron Cresswell,England,DF,West Ham,31.0,1989.0,31,31,2726,30.3,2,3,5,2,0,0,3,0,0.066006600660066,0.099009900990099,0.16501650165016502,0.066006600660066,0.16501650165016502,False,2021-22,2021,False,
Aaron Cresswell,England,DF,West Ham,32.0,1989.0,28,24,2235,24.8,0,1,1,0,0,0,3,0,0.0,0.04032258064516129,0.04032258064516129,0.0,0.04032258064516129,False,2022-23,2022,False,
Aaron Cresswell,England,DF,West Ham,33.0,1989.0,11,4,436,4.8,0,0,0,0,0,0,1,0,0.0,0.0,0.0,0.0,0.0,False,2023-24,2023,False,
Aaron Cresswell,England,DF,West Ham,34.0,1989.0,18,10,824,9.2,0,0,0,0,0,0,3,0,0.0,0.0,0.0,0.0,0.0,False,2024-25,2024,False,
Aaron Hickey,Scotland,DF,Brentford,20.0,2002.0,26,23,1916,21.3,0,1,1,0,0,0,7,0,0.0,0.046948356807511735,0.046948356807511735,0.0,0.046948356807511735,False,2022-23,2022,False,
Aaron Hickey,Scotland,"DF,MF",Brentford,21.0,2002.0,9,9,713,7.9,0,0,0,0,0,0,5,0,0.0,0.0,0.0,0.0,0.0,False,2023-24,2023,False,
Aaron Hickey,Scotland,"DF,MF",Brentford,23.0,2002.0,21,8,691,7.7,0,0,0,0,0,0,1,0,0.0,0.0,0.0,0.0,0.0,False,2025-26,2025,False,
Aaron Hickey,,DF,Brentford,23.0,2002.0,4,1,133,1.5,0,0,0,0,0,0,0,0,0.0,0.0,0.0,0.0,0.0,False,2026-27,2026,True,4.0
Aaron Lennon,England,"MF,FW",Burnley,34.0,1987.0,28,17,1551,17.2,2,0,2,2,0,0,2,0,0.11627906976744186,0.0,0.11627906976744186,0.11627906976744186,0.11627906976744186,False,2021-22,2021,False,
Aaron Ramsdale,England,GK,Arsenal,23.0,1998.0,34,34,3060,34.0,0,0,0,0,0,0,1,0,0.0,0.0,0.0,0.0,0.0,False,2021-22,2021,False,
Aaron Ramsdale,England,GK,Arsenal,24.0,1998.0,38,38,3420,38.0,0,0,0,0,0,0,1,0,0.0,0.0,0.0,0.0,0.0,False,2022-23,2022,False,
Aaron Ramsdale,England,GK,Arsenal,25.0,1998.0,6,6,540,6.0,0,0,0,0,0,0,0,0,0.0,0.0,0.0,0.0,0.0,False,2023-24,2023,False,
Aaron Ramsdale,England,GK,Southampton,26.0,1998.0,30,30,2700,30.0,0,0,0,0,0,0,2,0,0.0,0.0,0.0,0.0,0.0,False,2024-25,2024,False,
Aaron Ramsdale,England,GK,Newcastle,27.0,1998.0,12,11,1004,11.2,0,0,0,0,0,0,2,0,0.0,0.0,0.0,0.0,0.0,False,2025-26,2025,False,
Aaron Ramsey,England,MF,Burnley,20.0,2003.0,14,5,527,5.9,0,0,0,0,0,0,1,0,0.0,0.0,0.0,0.0,0.0,False,2023-24,2023,False,
Aaron Wan-Bissaka,DR Congo,"DF,MF",Manchester Utd,23.0,1997.0,20,20,1793,19.9,0,0,0,0,0,0,2,0,0.0,0.0,0.0,0.0,0.0,False,2021-22,2021,False,
Aaron Wan-Bissaka,DR Congo,DF,Manchester Utd,24.0,1997.0,19,16,1435,15.9,0,0,0,0,0,0,2,0,0.0,0.0,0.0,0.0,0.0,False,2022-23,2022,False,
Aaron Wan-Bissaka,DR Congo,DF,Manchester Utd,25.0,1997.0,22,20,1780,19.8,0,2,2,0,0,0,4,0,0.0,0.10101010101010101,0.10101010101010101,0.0,0.10101010101010101,False,2023-24,2023,False,
Aaron Wan-Bissaka,DR Congo,"DF,MF",West Ham,26.0,1997.0,36,35,3154,35.0,2,5,7,2,0,0,1,0,0.05714285714285714,0.14285714285714285,0.2,0.05714285714285714,0.2,False,2024-25,2024,False,
Aaron Wan-Bissaka,DR Congo,"DF,MF",West Ham,27.0,1997.0,25,23,2081,23.1,0,2,2,0,0,0,4,0,0.0,0.08658008658008658,0.08658008658008658,0.0,0.08658008658008658,False,2025-26,2025,False,
Aaron Wan-Bissaka,,DF,Aston Villa,28.0,1997.0,3,1,109,1.2,0,0,0,0,0,0,0,0,0.0,0.0,0.0,0.0,0.0,False,2026-27,2026,True,4.0
Abdoul Ouattara,,DF,Ipswich Town,,,4,0,45,0.5,0,0,0,0,0,0,0,0,0.0,0.0,0.0,0.0,0.0,False,2026-27,2026,True,4.0
Abdoulaye Doucouré,Mali,MF,Everton,28.0,1993.0,30,29,2537,28.2,2,4,6,2,0,0,6,0,0.07092198581560284,0.14184397163120568,0.2127659574468085,0.07092198581560284,0.2127659574468085,False,2021-22,2021,False,
Abdoulaye Doucouré,Mali,MF,Everton,29.0,1993.0,25,17,1533,17.0,5,2,7,5,0,0,6,1,0.29411764705882354,0.11764705882352941,0.4117647058823529,0.29411764705882354,0.4117647058823529,False,2022-23,2022,False,
Abdoulaye Doucouré,Mali,MF,Everton,30.0,1993.0,32,32,2629,29.2,7,1,8,7,0,0,7,0,0.2397260273972603,0.03424657534246575,0.273972602739726,0.2397260273972603,0.273972602739726,False,2023-24,2023,False,
Abdoulaye Doucouré,Mali,MF,Everton,31.0,1993.0,33,31,2564,28.5,3,2,5,3,0,0,5,1,0.10526315789473684,0.07017543859649122,0.17543859649122806,0.10526315789473684,0.17543859649122806,False,2024-25,2024,False,
Abdukodir Khusanov,Uzbekistan,DF,Manchester City,20.0,2004.0,6,6,503,5.6,0,0,0,0,0,0,1,0,0.0,0.0,0.0,0.0,0.0,False,2024-25,2024,False,
Abdukodir Khusanov,Uzbekistan,DF,Manchester City,21.0,2004.0,21,15,1432,15.9,0,0,0,0,0,0,2,0,0.0,0.0,0.0,0.0,0.0,False,2025-26,2025,False,
Abdukodir Khusanov,,DF,Manchester City,21.0,2004.0,3,3,268,3.0,0,0,0,0,0,0,1,0,0.0,0.0,0.0,0.0,0.0,False,2026-27,2026,True,4.0
Abdul Fatawu Issahaku,Ghana,"MF,FW",Leicester City,20.0,2004.0,11,6,579,6.4,0,2,2,0,0,0,0,0,0.0,0.3125,0.3125,0.0,0.3125,False,2024-25,2024,False,
Abdul Fatawu Issahaku,,MF,Ipswich Town,21.0,2004.0,4,4,286,3.2,0,1,1,0,0,0,2,0,0.0,0.31,0.31,0.0,0.31,False,2026-27,2026,True,4.0
Adam Armstrong,England,FW,Southampton,24.0,1997.0,23,17,1413,15.7,2,2,4,2,0,0,1,0,0.12738853503184713,0.12738853503184713,0.25477707006369427,0.12738853503184713,0.25477707006369427,False,2021-22,2021,False,
Adam Armstrong,England,"MF,FW",Southampton,25.0,1997.0,30,14,1335,14.8,2,1,3,2,0,0,2,0,0.13513513513513511,0.06756756756756756,0.2027027027027027,0.13513513513513511,0.2027027027027027,False,2022-23,2022,False,
Adam Armstrong,England,"FW,MF",Southampton,27.0,1997.0,20,15,1248,13.9,2,2,4,2,0,1,4,0,0.14388489208633093,0.14388489208633093,0.28776978417266186,0.14388489208633093,0.28776978417266186,False,2024-25,2024,False,
Adam Armstrong,England,"FW,MF",Wolves,28.0,1997.0,14,14,1140,12.7,2,2,4,1,1,1,3,0,0.15748031496062992,0.15748031496062992,0.31496062992125984,0.07874015748031496,0.23622047244094488,False,2025-26,2025,False,
Adam Forshaw,England,MF,Leeds United,29.0,1991.0,22,17,1530,17.0,0,1,1,0,0,0,5,0,0.0,0.058823529411764705,0.058823529411764705,0.0,0.058823529411764705,False,2021-22,2021,False,
Adam Forshaw,England,MF,Leeds United,30.0,1991.0,12,5,479,5.3,0,0,0,0,0,0,0,0,0.0,0.0,0.0,0.0,0.0,False,2022-23,2022,False,
Adam Idah,Ireland,"FW,MF",Norwich City,20.0,2001.0,17,6,625,6.9,1,1,2,1,0,0,0,0,0.14492753623188406,0.14492753623188406,0.2898550724637681,0.14492753623188406,0.2898550724637681,False,2021-22,2021,False,
Adam Lallana,England,MF,Brighton,33.0,1988.0,24,18,1561,17.3,0,1,1,0,0,0,4,0,0.0,0.057803468208092484,0.057803468208092484,0.0,0.057803468208092484,False,2021-22,2021,False,
Adam Lallana,England,MF,Brighton,34.0,1988.0,16,12,722,8.0,2,1,3,2,0,0,0,0,0.25,0.125,0.375,0.25,0.375,False,2022-23,2022,False,
Adam Lallana,England,MF,Brighton,35.0,1988.0,25,13,850,9.4,0,1,1,0,0,0,2,0,0.0,0.10638297872340426,0.10638297872340426,0.0,0.10638297872340426,False,2023-24,2023,False,
Adam Lallana,England,MF,Southampton,36.0,1988.0,14,5,361,4.0,0,2,2,0,0,0,4,0,0.0,0.5,0.5,0.0,0.5,False,2024-25,2024,False,
Adam Masina,Morocco,DF,Watford,27.0,1994.0,15,13,1077,12.0,0,1,1,0,0,0,0,0,0.0,0.08333333333333333,0.08333333333333333,0.0,0.08333333333333333,False,2021-22,2021,False,
Adam Smith,England,DF,Bournemouth,31.0,1991.0,37,34,2943,32.7,0,1,1,0,0,0,11,0,0.0,0.030581039755351678,0.030581039755351678,0.0,0.030581039755351678,False,2022-23,2022,False,
Adam Smith,England,DF,Bournemouth,32.0,1991.0,28,25,2150,23.9,0,2,2,0,0,0,6,0,0.0,0.08368200836820085,0.08368200836820085,0.0,0.08368200836820085,False,2023-24,2023,False,
Adam Smith,England,DF,Bournemouth,33.0,1991.0,25,19,1590,17.7,0,0,0,0,0,0,7,0,0.0,0.0,0.0,0.0,0.0,False,2024-25,2024,False,
Adam Smith,England,DF,Bournemouth,34.0,1991.0,22,14,1077,12.0,0,2,2,0,0,0,3,0,0.0,0.16666666666666666,0.16666666666666666,0.0,0.16666666666666666,False,2025-26,2025,False,
Adam Smith,,DF,Bournemouth,34.0,1991.0,4,4,360,4.0,0,0,0,0,0,0,3,0,0.0,0.0,0.0,0.0,0.0,False,2026-27,2026,True,4.0
Adam Webster,England,DF,Brighton,26.0,1995.0,22,16,1434,15.9,2,0,2,2,0,0,5,0,0.12578616352201258,0.0,0.12578616352201258,0.12578616352201258,0.12578616352201258,False,2021-22,2021,False,
Adam Webster,England,DF,Brighton,27.0,1995.0,27,23,1985,22.1,0,0,0,0,0,0,2,0,0.0,0.0,0.0,0.0,0.0,False,2022-23,2022,False,
Adam Webster,England,DF,Brighton,28.0,1995.0,15,13,1144,12.7,0,0,0,0,0,0,2,0,0.0,0.0,0.0,0.0,0.0,False,2023-24,2023,False,
Adam Webster,England,DF,Brighton,29.0,1995.0,14,11,887,9.9,0,0,0,0,0,0,1,0,0.0,0.0,0.0,0.0,0.0,False,2024-25,2024,False,
Adam Wharton,England,MF,Crystal Palace,19.0,2004.0,16,15,1297,14.4,0,3,3,0,0,0,2,0,0.0,0.20833333333333331,0.20833333333333331,0.0,0.20833333333333331,False,2023-24,2023,False,
Adam Wharton,England,MF,Crystal Palace,20.0,2004.0,20,16,1318,14.6,0,2,2,0,0,0,2,0,0.0,0.136986301369863,0.136986301369863,0.0,0.136986301369863,False,2024-25,2024,False,
Adam Wharton,England,MF,Crystal Palace,21.0,2004.0,34,29,2552,28.4,1,5,6,1,0,0,6,1,0.035211267605633804,0.17605633802816903,0.21126760563380284,0.035211267605633804,0.21126760563380284,False,2025-26,2025,False,
Adam Wharton,,MF,Crystal Palace,21.0,2004.0,4,4,346,3.8,0,0,0,0,0,0,0,0,0.0,0.0,0.0,0.0,0.0,False,2026-27,2026,True,4.0
Adama Traoré,Spain,"FW,MF",Wolves,25.0,1996.0,20,10,1067,11.9,1,0,1,1,0,0,0,0,0.08403361344537814,0.0,0.08403361344537814,0.08403361344537814,0.08403361344537814,False,2021-22,2021,False,
Adama Traoré,Spain,"MF,FW",Wolves,26.0,1996.0,34,12,1496,16.6,2,1,3,2,0,0,2,0,0.12048192771084336,0.06024096385542168,0.18072289156626503,0.12048192771084336,0.18072289156626503,False,2022-23,2022,False,
Adama Traoré,Spain,MF,Fulham,27.0,1996.0,17,1,377,4.2,2,3,5,2,0,0,2,0,0.47619047619047616,0.7142857142857143,1.1904761904761905,0.47619047619047616,1.1904761904761905,False,2023-24,2023,False,
Adama Traoré,Spain,MF,Fulham,28.0,1996.0,36,18,1772,19.7,2,7,9,2,0,0,3,0,0.10152284263959391,0.3553299492385787,0.4568527918781726,0.10152284263959391,0.4568527918781726,False,2024-25,2024,False,
Adama TraoréAdama Traoré,Spain,MF,West Ham,29.0,1996.0,24,1,395,4.3,0,0,0,0,0,0,1,0,0.0,0.0,0.0,0.0,0.0,False,2025-26,2025,False,
Ademola Lookman,Nigeria,"MF,FW",Leicester City,23.0,1997.0,26,16,1453,16.1,6,0,6,6,0,0,2,0,0.37267080745341613,0.0,0.37267080745341613,0.37267080745341613,0.37267080745341613,False,2021-22,2021,False,
Adrien Truffert,France,DF,Bournemouth,23.0,2001.0,38,38,3379,37.5,1,5,6,1,0,0,5,0,0.02666666666666667,0.13333333333333333,0.16,0.02666666666666667,0.16,False,2025-26,2025,False,
Adrien Truffert,,DF,Bournemouth,24.0,2001.0,4,4,360,4.0,0,0,0,0,0,0,1,0,0.0,0.0,0.0,0.0,0.0,False,2026-27,2026,True,4.0
Ainsley Maitland-Niles,England,MF,Arsenal,23.0,1997.0,8,2,268,3.0,0,0,0,0,0,0,0,0,0.0,0.0,0.0,0.0,0.0,False,2021-22,2021,False,
Ainsley Maitland-Niles,England,"DF,MF",Southampton,24.0,1997.0,22,13,1407,15.6,0,0,0,0,0,0,3,0,0.0,0.0,0.0,0.0,0.0,False,2022-23,2022,False,
Ainsley Maitland-Niles,,DF,Everton,28.0,1997.0,2,1,88,1.0,1,0,1,1,0,0,0,0,1.02,0.0,1.02,1.02,1.02,False,2026-27,2026,True,4.0
Aladji Bamba,,MF,Newcastle,,,2,0,26,0.3,0,0,0,0,0,0,0,0,0.0,0.0,0.0,0.0,0.0,False,2026-27,2026,True,4.0
Albert Grønbaek,Denmark,"MF,FW",Southampton,23.0,2001.0,4,2,143,1.6,0,0,0,0,0,0,0,0,0.0,0.0,0.0,0.0,0.0,False,2024-25,2024,False,
Albert Sambi Lokonga,Belgium,MF,Arsenal,21.0,1999.0,19,12,1134,12.6,0,0,0,0,0,0,5,0,0.0,0.0,0.0,0.0,0.0,False,2021-22,2021,False,
Albert Sambi Lokonga,Belgium,MF,Luton Town,23.0,1999.0,17,16,1303,14.5,1,3,4,1,0,0,4,0,0.06896551724137931,0.20689655172413793,0.27586206896551724,0.06896551724137931,0.27586206896551724,False,2023-24,2023,False,
Albert Sambi LokongaAlbert Sambi Lokonga,Belgium,MF,Crystal Palace,22.0,1999.0,15,8,734,8.2,0,0,0,0,0,0,2,0,0.0,0.0,0.0,0.0,0.0,False,2022-23,2022,False,
Alejandro Garnacho,Argentina,MF,Manchester Utd,17.0,2004.0,2,0,13,0.1,0,0,0,0,0,0,0,0,0.0,0.0,0.0,0.0,0.0,False,2021-22,2021,False,
Alejandro Garnacho,Argentina,MF,Manchester Utd,18.0,2004.0,19,5,569,6.3,3,2,5,3,0,0,3,0,0.4761904761904762,0.31746031746031744,0.7936507936507937,0.4761904761904762,0.7936507936507937,False,2022-23,2022,False,
Alejandro Garnacho,Argentina,MF,Manchester Utd,19.0,2004.0,36,30,2565,28.5,7,4,11,7,0,0,4,0,0.24561403508771928,0.14035087719298245,0.38596491228070173,0.24561403508771928,0.38596491228070173,False,2023-24,2023,False,
Alejandro Garnacho,Argentina,MF,Manchester Utd,20.0,2004.0,36,23,2199,24.4,6,2,8,6,0,0,3,0,0.24590163934426232,0.0819672131147541,0.3278688524590164,0.24590163934426232,0.3278688524590164,False,2024-25,2024,False,
Alejandro Garnacho,Argentina,MF,Chelsea,21.0,2004.0,24,14,1268,14.1,1,4,5,1,0,0,2,0,0.07092198581560284,0.28368794326241137,0.3546099290780142,0.07092198581560284,0.3546099290780142,False,2025-26,2025,False,
Alejandro Garnacho,,MF,Aston Villa,21.0,2004.0,3,0,34,0.4,0,0,0,0,0,0,0,0,0.0,0.0,0.0,0.0,0.0,False,2026-27,2026,True,4.0
Alejo Véliz,Argentina,FW,Tottenham,19.0,2003.0,8,0,50,0.6,1,0,1,1,0,0,1,0,1.6666666666666667,0.0,1.6666666666666667,1.6666666666666667,1.6666666666666667,False,2023-24,2023,False,
Aleksandar Mitrović,Serbia,FW,Fulham,27.0,1994.0,24,23,2008,22.3,14,1,15,10,4,8,7,0,0.6278026905829596,0.04484304932735426,0.6726457399103138,0.44843049327354256,0.49327354260089684,False,2022-23,2022,False,
Aleksandar Mitrović,Serbia,FW,Fulham,28.0,1994.0,1,0,33,0.4,0,0,0,0,0,0,0,0,0.0,0.0,0.0,0.0,0.0,False,2023-24,2023,False,
Alex Iwobi,Nigeria,"MF,DF",Everton,25.0,1996.0,28,22,2035,22.6,2,2,4,2,0,0,1,0,0.08849557522123894,0.08849557522123894,0.17699115044247787,0.08849557522123894,0.17699115044247787,False,2021-22,2021,False,
Alex Iwobi,Nigeria,MF,Everton,26.0,1996.0,38,38,3378,37.5,2,7,9,2,0,0,2,0,0.05333333333333334,0.18666666666666668,0.24,0.05333333333333334,0.24,False,2022-23,2022,False,
Alex Iwobi,Nigeria,MF,Fulham,28.0,1996.0,38,35,2981,33.1,9,6,15,9,0,0,1,0,0.2719033232628399,0.18126888217522658,0.45317220543806647,0.2719033232628399,0.45317220543806647,False,2024-25,2024,False,
Alex Iwobi,Nigeria,MF,Fulham,29.0,1996.0,29,29,2419,26.9,4,3,7,4,0,0,3,0,0.14869888475836432,0.11152416356877325,0.26022304832713755,0.14869888475836432,0.26022304832713755,False,2025-26,2025,False,
Alex Iwobi,,MF,Fulham,29.0,1996.0,4,4,338,3.8,0,0,0,0,0,0,0,0,0.0,0.0,0.0,0.0,0.0,False,2026-27,2026,True,4.0
Alex IwobiAlex Iwobi,Nigeria,MF,Fulham,27.0,1996.0,32,27,2332,26.0,5,2,7,5,0,0,2,0,0.19230769230769232,0.07692307692307693,0.2692307692307692,0.19230769230769232,0.2692307692307692,False,2023-24,2023,False,
Alex Král,Czechia,MF,West Ham,23.0,1998.0,1,0,1,0.0,0,0,0,0,0,0,0,0,0.0,0.0,0.0,0.0,0.0,False,2021-22,2021,False,
Alex Matos,England,MF,Chelsea,18.0,2004.0,1,0,1,0.0,0,0,0,0,0,0,0,0,0.0,0.0,0.0,0.0,0.0,False,2023-24,2023,False,
Alex McCarthy,England,GK,Southampton,31.0,1989.0,17,17,1530,17.0,0,0,0,0,0,0,1,0,0.0,0.0,0.0,0.0,0.0,False,2021-22,2021,False,
Alex McCarthy,England,GK,Southampton,32.0,1989.0,6,6,540,6.0,0,0,0,0,0,0,0,0,0.0,0.0,0.0,0.0,0.0,False,2022-23,2022,False,
Alex McCarthy,England,GK,Southampton,34.0,1989.0,5,5,450,5.0,0,0,0,0,0,0,0,0,0.0,0.0,0.0,0.0,0.0,False,2024-25,2024,False,
Alex Mighten,England,"FW,MF",Nottingham,20.0,2002.0,1,0,8,0.1,0,0,0,0,0,0,0,0,0.0,0.0,0.0,0.0,0.0,False,2022-23,2022,False,
Alex Murphy,Ireland,DF,Newcastle,19.0,2004.0,2,0,13,0.1,0,0,0,0,0,0,0,0,0.0,0.0,0.0,0.0,0.0,False,2023-24,2023,False,
Alex Murphy,Ireland,DF,Newcastle,21.0,2004.0,2,0,9,0.1,0,0,0,0,0,0,0,0,0.0,0.0,0.0,0.0,0.0,False,2025-26,2025,False,
Alex Oxlade-Chamberlain,England,"MF,FW",Liverpool,27.0,1993.0,17,9,785,8.7,2,1,3,2,0,0,0,0,0.2298850574712644,0.1149425287356322,0.3448275862068966,0.2298850574712644,0.3448275862068966,False,2021-22,2021,False,
Alex Oxlade-Chamberlain,England,FW,Liverpool,28.0,1993.0,9,4,335,3.7,1,0,1,1,0,0,0,0,0.27027027027027023,0.0,0.27027027027027023,0.27027027027027023,0.27027027027027023,False,2022-23,2022,False,
Alex Palmer,England,GK,Ipswich Town,27.0,1996.0,13,13,1170,13.0,0,0,0,0,0,0,2,0,0.0,0.0,0.0,0.0,0.0,False,2024-25,2024,False,
Alex Scott,England,MF,Bournemouth,19.0,2003.0,23,11,1014,11.3,1,1,2,1,0,0,3,0,0.08849557522123894,0.08849557522123894,0.17699115044247787,0.08849557522123894,0.17699115044247787,False,2023-24,2023,False,
Alex Scott,England,MF,Bournemouth,20.0,2003.0,20,8,755,8.4,0,0,0,0,0,0,3,0,0.0,0.0,0.0,0.0,0.0,False,2024-25,2024,False,
Alex Scott,England,MF,Bournemouth,21.0,2003.0,37,34,2849,31.7,3,1,4,3,0,0,5,0,0.09463722397476342,0.031545741324921134,0.12618296529968454,0.09463722397476342,0.12618296529968454,False,2025-26,2025,False,
Alex Scott,,MF,Bournemouth,22.0,2003.0,4,4,355,3.9,1,0,1,1,0,0,1,0,0.25,0.0,0.25,0.25,0.25,False,2026-27,2026,True,4.0
Alex Telles,Brazil,DF,Manchester Utd,28.0,1992.0,21,18,1660,18.4,0,4,4,0,0,0,1,0,0.0,0.2173913043478261,0.2173913043478261,0.0,0.2173913043478261,False,2021-22,2021,False,
Alex Tóth,Hungary,MF,Bournemouth,19.0,2005.0,9,2,140,1.6,0,0,0,0,0,0,1,0,0.0,0.0,0.0,0.0,0.0,False,2025-26,2025,False,
Alex Tóth,,MF,Bournemouth,20.0,2005.0,1,0,16,0.2,0,0,0,0,0,0,0,0,0.0,0.0,0.0,0.0,0.0,False,2026-27,2026,True,4.0
Alexander Isak,Sweden,FW,Newcastle,22.0,1999.0,22,17,1522,16.9,10,1,11,8,2,2,3,0,0.591715976331361,0.0591715976331361,0.6508875739644971,0.4733727810650888,0.5325443786982249,False,2022-23,2022,False,
Alexander Isak,Sweden,FW,Newcastle,23.0,1999.0,30,27,2255,25.1,21,2,23,16,5,6,1,0,0.8366533864541832,0.0796812749003984,0.9163346613545816,0.6374501992031872,0.7171314741035857,False,2023-24,2023,False,
Alexander Isak,Sweden,FW,Newcastle,24.0,1999.0,34,34,2756,30.6,23,6,29,19,4,4,1,0,0.7516339869281046,0.19607843137254902,0.9477124183006536,0.6209150326797386,0.8169934640522876,False,2024-25,2024,False,
Alexander Isak,Sweden,FW,Liverpool,25.0,1999.0,14,8,699,7.8,3,1,4,3,0,0,0,0,0.38461538461538464,0.12820512820512822,0.5128205128205129,0.38461538461538464,0.5128205128205129,False,2025-26,2025,False,
Alexander Isak,,FW,Liverpool,26.0,1999.0,4,4,333,3.7,3,0,3,3,0,0,0,0,0.81,0.0,0.81,0.81,0.81,False,2026-27,2026,True,4.0
Alexandre Lacazette,France,"FW,MF",Arsenal,30.0,1991.0,30,20,1782,19.8,4,7,11,2,2,3,0,0,0.20202020202020202,0.35353535353535354,0.5555555555555556,0.10101010101010101,0.4545454545454546,False,2021-22,2021,False,
Alexis Mac Allister,Argentina,"MF,FW",Brighton,22.0,1998.0,33,22,2123,23.6,5,2,7,3,2,3,4,0,0.211864406779661,0.0847457627118644,0.2966101694915254,0.1271186440677966,0.211864406779661,False,2021-22,2021,False,
Alexis Mac Allister,Argentina,MF,Brighton,23.0,1998.0,35,31,2886,32.1,10,2,12,4,6,6,8,0,0.3115264797507788,0.06230529595015576,0.37383177570093457,0.12461059190031153,0.18691588785046728,False,2022-23,2022,False,
Alexis Mac Allister,Argentina,MF,Liverpool,24.0,1998.0,33,31,2599,28.9,5,5,10,4,1,1,7,1,0.17301038062283738,0.17301038062283738,0.34602076124567477,0.1384083044982699,0.31141868512110726,False,2023-24,2023,False,
Alexis Mac Allister,Argentina,MF,Liverpool,25.0,1998.0,35,30,2599,28.9,5,5,10,5,0,0,6,0,0.17301038062283738,0.17301038062283738,0.34602076124567477,0.17301038062283738,0.34602076124567477,False,2024-25,2024,False,
Alexis Mac Allister,Argentina,MF,Liverpool,26.0,1998.0,37,31,2658,29.5,2,4,6,2,0,0,7,0,0.06779661016949153,0.13559322033898305,0.2033898305084746,0.06779661016949153,0.2033898305084746,False,2025-26,2025,False,
Alexis Mac Allister,,MF,Liverpool,27.0,1998.0,4,2,218,2.4,0,0,0,0,0,0,1,0,0.0,0.0,0.0,0.0,0.0,False,2026-27,2026,True,4.0
Alfie Dorrington,England,DF,Tottenham,19.0,2005.0,1,0,14,0.2,0,0,0,0,0,0,0,0,0.0,0.0,0.0,0.0,0.0,False,2024-25,2024,False,
Alfie Doughty,England,"MF,DF",Luton Town,23.0,1999.0,37,34,2925,32.5,2,8,10,2,0,0,5,0,0.06153846153846154,0.24615384615384617,0.3076923076923077,0.06153846153846154,0.3076923076923077,False,2023-24,2023,False,
Alfie Gilchrist,England,DF,Chelsea,19.0,2003.0,11,2,207,2.3,1,0,1,1,0,0,1,0,0.4347826086956522,0.0,0.4347826086956522,0.4347826086956522,0.4347826086956522,False,2023-24,2023,False,
Alfie Pond,England,DF,Wolves,20.0,2004.0,1,0,1,0.0,0,0,0,0,0,0,0,0,0.0,0.0,0.0,0.0,0.0,False,2024-25,2024,False,
Ali Al Hamadi,Iraq,FW,Ipswich Town,22.0,2002.0,11,0,134,1.5,0,0,0,0,0,0,3,0,0.0,0.0,0.0,0.0,0.0,False,2024-25,2024,False,
Alisson,Brazil,GK,Liverpool,28.0,1992.0,36,36,3240,36.0,0,1,1,0,0,0,0,0,0.0,0.027777777777777776,0.027777777777777776,0.0,0.027777777777777776,False,2021-22,2021,False,
Alisson,Brazil,GK,Liverpool,29.0,1992.0,37,37,3330,37.0,0,1,1,0,0,0,1,0,0.0,0.02702702702702703,0.02702702702702703,0.0,0.02702702702702703,False,2022-23,2022,False,
Alisson,Brazil,GK,Liverpool,30.0,1992.0,28,28,2520,28.0,0,0,0,0,0,0,1,0,0.0,0.0,0.0,0.0,0.0,False,2023-24,2023,False,
Alisson,Brazil,GK,Liverpool,31.0,1992.0,28,28,2508,27.9,0,0,0,0,0,0,0,0,0.0,0.0,0.0,0.0,0.0,False,2024-25,2024,False,
Alisson,Brazil,GK,Liverpool,32.0,1992.0,26,26,2340,26.0,0,0,0,0,0,0,1,0,0.0,0.0,0.0,0.0,0.0,False,2025-26,2025,False,
Alisson,,GK,Liverpool,33.0,1992.0,4,4,360,4.0,0,0,0,0,0,0,1,0,0.0,0.0,0.0,0.0,0.0,False,2026-27,2026,True,4.0
Allan,Brazil,MF,Everton,30.0,1991.0,28,25,2183,24.3,0,2,2,0,0,0,7,1,0.0,0.0823045267489712,0.0823045267489712,0.0,0.0823045267489712,False,2021-22,2021,False,
Allan Saint-Maximin,France,"FW,MF",Newcastle,24.0,1997.0,35,31,2804,31.2,5,5,10,5,0,0,6,0,0.16025641025641027,0.16025641025641027,0.32051282051282054,0.16025641025641027,0.32051282051282054,False,2021-22,2021,False,
Allan Saint-Maximin,France,FW,Newcastle,25.0,1997.0,25,12,1120,12.4,1,5,6,1,0,0,1,0,0.08064516129032258,0.4032258064516129,0.48387096774193544,0.08064516129032258,0.48387096774193544,False,2022-23,2022,False,
Alphonse Areola,France,GK,West Ham,28.0,1993.0,1,1,90,1.0,0,0,0,0,0,0,0,0,0.0,0.0,0.0,0.0,0.0,False,2021-22,2021,False,
Alphonse Areola,France,GK,West Ham,29.0,1993.0,5,2,309,3.4,0,0,0,0,0,0,0,0,0.0,0.0,0.0,0.0,0.0,False,2022-23,2022,False,
Alphonse Areola,France,GK,West Ham,30.0,1993.0,31,31,2699,30.0,0,0,0,0,0,0,1,0,0.0,0.0,0.0,0.0,0.0,False,2023-24,2023,False,
Alphonse Areola,France,GK,West Ham,31.0,1993.0,26,25,2260,25.1,0,0,0,0,0,0,0,0,0.0,0.0,0.0,0.0,0.0,False,2024-25,2024,False,
Alphonse Areola,France,GK,West Ham,32.0,1993.0,20,20,1800,20.0,0,1,1,0,0,0,0,0,0.0,0.05,0.05,0.0,0.05,False,2025-26,2025,False,
Altay Bayındır,Turkey,GK,Manchester Utd,26.0,1998.0,4,4,360,4.0,0,0,0,0,0,0,0,0,0.0,0.0,0.0,0.0,0.0,False,2024-25,2024,False,
Altay Bayındır,Turkey,GK,Manchester Utd,27.0,1998.0,6,6,540,6.0,0,0,0,0,0,0,0,0,0.0,0.0,0.0,0.0,0.0,False,2025-26,2025,False,
Alysson,,MF,Aston Villa,,,4,0,90,1.0,1,0,1,1,0,0,1,0,1.0,0.0,1.0,1.0,1.0,False,2026-27,2026,True,4.0
Alysson Edward,Brazil,MF,Aston Villa,19.0,2006.0,3,0,49,0.5,0,0,0,0,0,0,0,0,0.0,0.0,0.0,0.0,0.0,False,2025-26,2025,False,
Amad Diallo,Ivory Coast,MF,Manchester Utd,21.0,2002.0,9,3,390,4.3,1,1,2,1,0,0,1,0,0.23255813953488372,0.23255813953488372,0.46511627906976744,0.23255813953488372,0.46511627906976744,False,2023-24,2023,False,
Amad Diallo,Ivory Coast,"MF,FW",Manchester Utd,22.0,2002.0,26,20,1901,21.1,8,6,14,8,0,0,5,0,0.3791469194312796,0.2843601895734597,0.6635071090047393,0.3791469194312796,0.6635071090047393,False,2024-25,2024,False,
Amad Diallo,Ivory Coast,MF,Manchester Utd,23.0,2002.0,32,27,2341,26.0,2,3,5,2,0,0,2,0,0.07692307692307693,0.11538461538461539,0.19230769230769232,0.07692307692307693,0.19230769230769232,False,2025-26,2025,False,
Amadou Diallo,England,FW,Newcastle,20.0,2003.0,1,0,1,0.0,0,0,0,0,0,0,0,0,0.0,0.0,0.0,0.0,0.0,False,2023-24,2023,False,
Amadou Onana,Belgium,MF,Everton,20.0,2001.0,33,29,2488,27.6,1,2,3,1,0,0,9,0,0.036231884057971016,0.07246376811594203,0.10869565217391304,0.036231884057971016,0.10869565217391304,False,2022-23,2022,False,
Amadou Onana,Belgium,MF,Everton,21.0,2001.0,30,23,2091,23.2,2,0,2,2,0,0,5,0,0.08620689655172414,0.0,0.08620689655172414,0.08620689655172414,0.08620689655172414,False,2023-24,2023,False,
Amadou Onana,Belgium,MF,Aston Villa,22.0,2001.0,26,20,1617,18.0,3,0,3,3,0,0,4,0,0.16666666666666666,0.0,0.16666666666666666,0.16666666666666666,0.16666666666666666,False,2024-25,2024,False,
Amadou Onana,Belgium,MF,Aston Villa,23.0,2001.0,25,21,1758,19.5,2,0,2,2,0,0,3,0,0.10256410256410256,0.0,0.10256410256410256,0.10256410256410256,0.10256410256410256,False,2025-26,2025,False,
Amar Dedić,,DF,Newcastle,,,4,4,327,3.6,0,1,1,0,0,0,0,0,0.0,0.28,0.28,0.0,0.28,False,2026-27,2026,True,4.0
Amari'i Bell,Jamaica,DF,Luton Town,29.0,1994.0,21,21,1720,19.1,0,0,0,0,0,0,0,0,0.0,0.0,0.0,0.0,0.0,False,2023-24,2023,False,
Ameen Al-Dakhil,Belgium,DF,Burnley,21.0,2002.0,13,12,1056,11.7,1,0,1,1,0,0,1,0,0.08547008547008547,0.0,0.08547008547008547,0.08547008547008547,0.08547008547008547,False,2023-24,2023,False,
Amine Adli,Morocco,MF,Bournemouth,25.0,2000.0,31,10,1094,12.2,3,1,4,3,0,0,2,0,0.24590163934426232,0.0819672131147541,0.3278688524590164,0.24590163934426232,0.3278688524590164,False,2025-26,2025,False,
Anan Khalaili,,MF,Crystal Palace,,,4,3,290,3.2,1,0,1,1,0,0,1,0,0.31,0.0,0.31,0.31,0.31,False,2026-27,2026,True,4.0
Anass Zaroury,Morocco,FW,Burnley,22.0,2000.0,6,1,152,1.7,0,0,0,0,0,0,0,1,0.0,0.0,0.0,0.0,0.0,False,2023-24,2023,False,
Andre Brooks,Jamaica,MF,Sheffield United,19.0,2003.0,20,12,938,10.4,0,0,0,0,0,0,1,0,0.0,0.0,0.0,0.0,0.0,False,2023-24,2023,False,
Andreas Christensen,Denmark,DF,Chelsea,25.0,1996.0,19,17,1496,16.6,0,0,0,0,0,0,2,0,0.0,0.0,0.0,0.0,0.0,False,2021-22,2021,False,
Andreas Pereira,Brazil,MF,Fulham,26.0,1996.0,33,33,2692,29.9,4,6,10,3,1,1,8,0,0.13377926421404682,0.20066889632107024,0.33444816053511706,0.10033444816053512,0.3010033444816054,False,2022-23,2022,False,
Andreas Pereira,Brazil,MF,Fulham,27.0,1996.0,37,34,2613,29.0,3,7,10,3,0,0,6,0,0.10344827586206896,0.2413793103448276,0.3448275862068966,0.10344827586206896,0.3448275862068966,False,2023-24,2023,False,
Andreas Pereira,Brazil,MF,Fulham,28.0,1996.0,33,25,2013,22.4,2,4,6,2,0,1,7,0,0.08928571428571429,0.17857142857142858,0.26785714285714285,0.08928571428571429,0.26785714285714285,False,2024-25,2024,False,
Andrew Moran,Ireland,MF,Brighton,18.0,2003.0,1,0,12,0.1,0,0,0,0,0,0,0,0,0.0,0.0,0.0,0.0,0.0,False,2022-23,2022,False,
Andrew Omobamidele,Ireland,DF,Norwich City,19.0,2002.0,5,4,382,4.2,1,0,1,1,0,0,1,0,0.23809523809523808,0.0,0.23809523809523808,0.23809523809523808,0.23809523809523808,False,2021-22,2021,False,
Andrew Omobamidele,Ireland,DF,Nottingham,21.0,2002.0,11,8,783,8.7,0,0,0,0,0,0,2,0,0.0,0.0,0.0,0.0,0.0,False,2023-24,2023,False,
Andrey Santos,Brazil,MF,Nottingham,19.0,2004.0,1,0,8,0.1,0,0,0,0,0,0,0,0,0.0,0.0,0.0,0.0,0.0,False,2023-24,2023,False,
Andrey Santos,Brazil,MF,Chelsea,21.0,2004.0,27,13,1260,14.0,1,0,1,1,0,0,4,0,0.07142857142857142,0.0,0.07142857142857142,0.07142857142857142,0.07142857142857142,False,2025-26,2025,False,
Andrey Santos,,MF,Manchester Utd,21.0,2004.0,3,1,84,0.9,0,0,0,0,0,0,0,0,0.0,0.0,0.0,0.0,0.0,False,2026-27,2026,True,4.0
Andriy Yarmolenko,Ukraine,MF,West Ham,31.0,1989.0,19,1,316,3.5,1,0,1,1,0,0,1,0,0.2857142857142857,0.0,0.2857142857142857,0.2857142857142857,0.2857142857142857,False,2021-22,2021,False,
Andros Townsend,England,MF,Everton,30.0,1991.0,21,17,1455,16.2,3,2,5,2,1,1,3,0,0.1851851851851852,0.1234567901234568,0.308641975308642,0.1234567901234568,0.24691358024691362,False,2021-22,2021,False,
Andros Townsend,England,"MF,FW",Luton Town,32.0,1991.0,27,14,1210,13.4,1,3,4,1,0,0,1,0,0.07462686567164178,0.22388059701492538,0.29850746268656714,0.07462686567164178,0.29850746268656714,False,2023-24,2023,False,
André,Brazil,MF,Wolves,23.0,2001.0,33,31,2472,27.5,0,0,0,0,0,0,7,0,0.0,0.0,0.0,0.0,0.0,False,2024-25,2024,False,
André,Brazil,MF,Wolves,24.0,2001.0,35,30,2762,30.7,1,0,1,1,0,0,12,0,0.03257328990228013,0.0,0.03257328990228013,0.03257328990228013,0.03257328990228013,False,2025-26,2025,False,
André Ayew,Ghana,FW,Nottingham,32.0,1989.0,13,1,316,3.5,0,0,0,0,0,1,1,0,0.0,0.0,0.0,0.0,0.0,False,2022-23,2022,False,
André Gomes,Portugal,MF,Everton,28.0,1993.0,14,7,619,6.9,0,1,1,0,0,0,3,0,0.0,0.14492753623188406,0.14492753623188406,0.0,0.14492753623188406,False,2021-22,2021,False,
André Gomes,Portugal,MF,Everton,30.0,1993.0,12,3,508,5.6,1,0,1,1,0,0,4,0,0.17857142857142858,0.0,0.17857142857142858,0.17857142857142858,0.17857142857142858,False,2023-24,2023,False,
André Onana,Cameroon,GK,Manchester Utd,27.0,1996.0,38,38,3420,38.0,0,0,0,0,0,0,5,0,0.0,0.0,0.0,0.0,0.0,False,2023-24,2023,False,
André Onana,Cameroon,GK,Manchester Utd,28.0,1996.0,34,34,3060,34.0,0,0,0,0,0,0,0,0,0.0,0.0,0.0,0.0,0.0,False,2024-25,2024,False,
Andrés García,Spain,"DF,MF",Aston Villa,21.0,2003.0,7,5,318,3.5,0,0,0,0,0,0,0,0,0.0,0.0,0.0,0.0,0.0,False,2024-25,2024,False,
Andrés García,Spain,DF,Aston Villa,22.0,2003.0,6,1,86,1.0,0,0,0,0,0,0,0,0,0.0,0.0,0.0,0.0,0.0,False,2025-26,2025,False,
Andy Irving,Scotland,MF,West Ham,24.0,2000.0,10,1,166,1.8,0,0,0,0,0,0,2,0,0.0,0.0,0.0,0.0,0.0,False,2024-25,2024,False,
Andy Irving,Scotland,MF,West Ham,25.0,2000.0,7,2,158,1.8,0,0,0,0,0,0,0,0,0.0,0.0,0.0,0.0,0.0,False,2025-26,2025,False,
Andy Robertson,Scotland,DF,Liverpool,27.0,1994.0,29,29,2537,28.2,3,10,13,3,0,0,5,1,0.10638297872340426,0.3546099290780142,0.46099290780141844,0.10638297872340426,0.46099290780141844,False,2021-22,2021,False,
Andy Robertson,Scotland,DF,Liverpool,28.0,1994.0,34,29,2583,28.7,0,8,8,0,0,0,3,0,0.0,0.2787456445993031,0.2787456445993031,0.0,0.2787456445993031,False,2022-23,2022,False,
Andy Robertson,Scotland,DF,Liverpool,29.0,1994.0,23,18,1693,18.8,3,2,5,3,0,0,2,0,0.15957446808510636,0.10638297872340426,0.26595744680851063,0.15957446808510636,0.26595744680851063,False,2023-24,2023,False,
Andy Robertson,Scotland,DF,Liverpool,30.0,1994.0,33,29,2482,27.6,0,1,1,0,0,0,3,1,0.0,0.036231884057971016,0.036231884057971016,0.0,0.036231884057971016,False,2024-25,2024,False,
Andy Robertson,Scotland,DF,Liverpool,31.0,1994.0,24,11,1176,13.1,1,0,1,1,0,0,0,0,0.07633587786259542,0.0,0.07633587786259542,0.07633587786259542,0.07633587786259542,False,2025-26,2025,False,
Andy Robertson,,DF,Tottenham,31.0,1994.0,4,3,277,3.1,0,0,0,0,0,0,0,0,0.0,0.0,0.0,0.0,0.0,False,2026-27,2026,True,4.0
Anel Ahmedhodžić,Bosnia & Herezgovina,DF,Sheffield United,24.0,1999.0,31,29,2649,29.4,2,0,2,2,0,0,11,1,0.06802721088435375,0.0,0.06802721088435375,0.06802721088435375,0.06802721088435375,False,2023-24,2023,False,
Angel Gomes,England,"MF,FW",Wolves,24.0,2000.0,12,7,461,5.1,0,0,0,0,0,0,1,0,0.0,0.0,0.0,0.0,0.0,False,2025-26,2025,False,
Angelo Ogbonna,Italy,DF,West Ham,33.0,1988.0,11,11,921,10.2,1,0,1,1,0,0,1,0,0.09803921568627452,0.0,0.09803921568627452,0.09803921568627452,0.09803921568627452,False,2021-22,2021,False,
Angelo Ogbonna,Italy,DF,West Ham,34.0,1988.0,16,13,1237,13.7,0,0,0,0,0,0,0,0,0.0,0.0,0.0,0.0,0.0,False,2022-23,2022,False,
Angelo Ogbonna,Italy,DF,West Ham,35.0,1988.0,11,7,635,7.1,0,0,0,0,0,0,1,0,0.0,0.0,0.0,0.0,0.0,False,2023-24,2023,False,
Angus Gunn,Scotland,GK,Norwich City,25.0,1996.0,9,9,810,9.0,0,0,0,0,0,0,0,0,0.0,0.0,0.0,0.0,0.0,False,2021-22,2021,False,
Angus Gunn,Scotland,GK,Nottingham,29.0,1996.0,1,0,45,0.5,0,0,0,0,0,0,0,0,0.0,0.0,0.0,0.0,0.0,False,2025-26,2025,False,
Anis Ben Slimane,Tunisia,MF,Sheffield United,22.0,2001.0,15,4,419,4.7,0,0,0,0,0,0,2,0,0.0,0.0,0.0,0.0,0.0,False,2023-24,2023,False,
Ansu Fati,Spain,"MF,FW",Brighton,20.0,2002.0,19,3,521,5.8,2,0,2,2,0,0,2,0,0.3448275862068966,0.0,0.3448275862068966,0.3448275862068966,0.3448275862068966,False,2023-24,2023,False,
Anthony Elanga,Sweden,MF,Manchester Utd,19.0,2002.0,21,14,1214,13.5,2,2,4,2,0,0,0,0,0.14814814814814814,0.14814814814814814,0.2962962962962963,0.14814814814814814,0.2962962962962963,False,2021-22,2021,False,
Anthony Elanga,Sweden,MF,Manchester Utd,20.0,2002.0,16,5,426,4.7,0,1,1,0,0,0,0,0,0.0,0.2127659574468085,0.2127659574468085,0.0,0.2127659574468085,False,2022-23,2022,False,
Anthony Elanga,Sweden,"MF,FW",Nottingham,21.0,2002.0,36,25,2433,27.0,5,9,14,5,0,0,1,0,0.18518518518518517,0.3333333333333333,0.5185185185185185,0.18518518518518517,0.5185185185185185,False,2023-24,2023,False,
Anthony Elanga,Sweden,"MF,FW",Nottingham,22.0,2002.0,38,31,2501,27.8,6,11,17,6,0,0,1,0,0.2158273381294964,0.39568345323741005,0.6115107913669064,0.2158273381294964,0.6115107913669064,False,2024-25,2024,False,
Anthony Elanga,Sweden,"FW,MF",Newcastle,23.0,2002.0,32,14,1319,14.7,0,1,1,0,0,0,0,0,0.0,0.06802721088435375,0.06802721088435375,0.0,0.06802721088435375,False,2025-26,2025,False,
Anthony Elanga,,MF,Newcastle,23.0,2002.0,3,3,232,2.6,2,0,2,2,0,0,1,0,0.78,0.0,0.78,0.78,0.78,False,2026-27,2026,True,4.0
Anthony Gordon,England,"MF,FW",Everton,20.0,2001.0,35,25,2285,25.4,4,2,6,4,0,0,4,0,0.15748031496062992,0.07874015748031496,0.2362204724409449,0.15748031496062992,0.2362204724409449,False,2021-22,2021,False,
Anthony Gordon,England,FW,Newcastle,22.0,2001.0,35,34,2890,32.1,11,10,21,10,1,1,12,1,0.3426791277258567,0.3115264797507788,0.6542056074766355,0.3115264797507788,0.6230529595015576,False,2023-24,2023,False,
Anthony Gordon,England,"FW,MF",Newcastle,23.0,2001.0,34,28,2434,27.0,6,5,11,5,1,2,2,0,0.2222222222222222,0.18518518518518517,0.4074074074074074,0.18518518518518517,0.37037037037037035,False,2024-25,2024,False,
Anthony Gordon,England,FW,Newcastle,24.0,2001.0,26,24,1795,19.9,6,2,8,3,3,3,3,1,0.30150753768844224,0.10050251256281408,0.4020100502512563,0.15075376884422112,0.25125628140703515,False,2025-26,2025,False,
Anthony GordonAnthony Gordon,England,"FW,MF",Newcastle,21.0,2001.0,32,16,1582,17.6,4,0,4,4,0,0,7,0,0.22727272727272727,0.0,0.22727272727272727,0.22727272727272727,0.22727272727272727,False,2022-23,2022,False,
Anthony Martial,France,"MF,FW",Manchester Utd,25.0,1995.0,8,2,212,2.4,1,0,1,1,0,0,0,0,0.4166666666666667,0.0,0.4166666666666667,0.4166666666666667,0.4166666666666667,False,2021-22,2021,False,
Anthony Martial,France,FW,Manchester Utd,26.0,1995.0,21,11,978,10.9,6,2,8,5,1,1,0,0,0.5504587155963303,0.18348623853211007,0.7339449541284403,0.4587155963302752,0.6422018348623852,False,2022-23,2022,False,
Anthony Martial,France,FW,Manchester Utd,27.0,1995.0,13,5,448,5.0,1,0,1,1,0,0,0,0,0.2,0.0,0.2,0.2,0.2,False,2023-24,2023,False,
Antoine Semenyo,Ghana,"MF,FW",Bournemouth,22.0,2000.0,11,2,258,2.9,1,0,1,1,0,0,0,0,0.3448275862068966,0.0,0.3448275862068966,0.3448275862068966,0.3448275862068966,False,2022-23,2022,False,
Antoine Semenyo,Ghana,MF,Bournemouth,23.0,2000.0,33,25,2105,23.4,8,2,10,8,0,0,6,0,0.3418803418803419,0.08547008547008547,0.4273504273504274,0.3418803418803419,0.4273504273504274,False,2023-24,2023,False,
Antoine Semenyo,Ghana,MF,Bournemouth,24.0,2000.0,37,36,3203,35.6,11,5,16,11,0,0,9,0,0.3089887640449438,0.14044943820224717,0.449438202247191,0.3089887640449438,0.449438202247191,False,2024-25,2024,False,
Antoine Semenyo,,MF,Manchester City,25.0,2000.0,4,4,360,4.0,0,2,2,0,0,0,0,0,0.0,0.5,0.5,0.0,0.5,False,2026-27,2026,True,4.0
Antoine SemenyoAntoine Semenyo,Ghana,MF,Manchester City,25.0,2000.0,37,37,3195,35.5,17,4,21,16,1,2,7,0,0.4788732394366197,0.11267605633802817,0.5915492957746479,0.4507042253521127,0.5633802816901409,False,2025-26,2025,False,
Anton Stach,Germany,MF,Leeds United,26.0,1998.0,29,28,2370,26.3,5,3,8,5,0,0,3,0,0.19011406844106463,0.11406844106463879,0.3041825095057034,0.19011406844106463,0.3041825095057034,False,2025-26,2025,False,
Anton Stach,,MF,Leeds United,27.0,1998.0,4,4,357,4.0,1,0,1,1,0,0,0,0,0.25,0.0,0.25,0.25,0.25,False,2026-27,2026,True,4.0
Antonee Robinson,USA,DF,Fulham,24.0,1997.0,35,35,3088,34.3,0,1,1,0,0,0,8,0,0.0,0.02915451895043732,0.02915451895043732,0.0,0.02915451895043732,False,2022-23,2022,False,
Antonee Robinson,USA,DF,Fulham,25.0,1997.0,37,37,3265,36.3,0,6,6,0,0,0,6,0,0.0,0.1652892561983471,0.1652892561983471,0.0,0.1652892561983471,False,2023-24,2023,False,
Antonee Robinson,USA,"DF,MF",Fulham,26.0,1997.0,36,35,3167,35.2,0,10,10,0,0,0,8,0,0.0,0.28409090909090906,0.28409090909090906,0.0,0.28409090909090906,False,2024-25,2024,False,
Antonee Robinson,USA,"DF,MF",Fulham,27.0,1997.0,22,17,1492,16.6,1,0,1,0,1,1,5,0,0.06024096385542168,0.0,0.06024096385542168,0.0,0.0,False,2025-26,2025,False,
Antonee Robinson,,DF,Fulham,28.0,1997.0,4,4,339,3.8,0,0,0,0,0,0,0,0,0.0,0.0,0.0,0.0,0.0,False,2026-27,2026,True,4.0
Antoni Milambo,Netherlands,MF,Brentford,20.0,2005.0,1,1,45,0.5,0,0,0,0,0,0,0,0,0.0,0.0,0.0,0.0,0.0,False,2025-26,2025,False,
Antonio Rüdiger,Germany,DF,Chelsea,28.0,1993.0,34,34,3035,33.7,3,0,3,3,0,0,9,0,0.08902077151335311,0.0,0.08902077151335311,0.08902077151335311,0.08902077151335311,False,2021-22,2021,False,
Antony,Brazil,MF,Manchester Utd,22.0,2000.0,25,23,1802,20.0,4,2,6,4,0,0,5,0,0.2,0.1,0.3,0.2,0.3,False,2022-23,2022,False,
Antony,Brazil,MF,Manchester Utd,23.0,2000.0,29,15,1324,14.7,1,1,2,1,0,0,5,0,0.06802721088435375,0.06802721088435375,0.1360544217687075,0.06802721088435375,0.1360544217687075,False,2023-24,2023,False,
Antony,Brazil,"FW,MF",Manchester Utd,24.0,2000.0,8,0,141,1.6,0,0,0,0,0,0,0,0,0.0,0.0,0.0,0.0,0.0,False,2024-25,2024,False,
Antonín Kinský,Czechia,GK,Tottenham,21.0,2003.0,6,6,540,6.0,0,0,0,0,0,0,0,0,0.0,0.0,0.0,0.0,0.0,False,2024-25,2024,False,
Antonín Kinský,Czechia,GK,Tottenham,22.0,2003.0,7,7,630,7.0,0,0,0,0,0,0,1,0,0.0,0.0,0.0,0.0,0.0,False,2025-26,2025,False,
Antonín Kinský,,GK,Tottenham,22.0,2003.0,4,4,360,4.0,0,0,0,0,0,0,0,0,0.0,0.0,0.0,0.0,0.0,False,2026-27,2026,True,4.0
Antwoine Hackford,England,FW,Sheffield United,19.0,2004.0,2,0,13,0.1,0,0,0,0,0,0,0,0,0.0,0.0,0.0,0.0,0.0,False,2023-24,2023,False,
António Silva,,DF,Bournemouth,,,4,4,360,4.0,0,0,0,0,0,0,1,0,0.0,0.0,0.0,0.0,0.0,False,2026-27,2026,True,4.0
Anwar El GhaziAnwar El Ghazi,Netherlands,"MF,FW",Everton,26.0,1995.0,11,4,399,4.3999999999999995,1,1,2,0,1,1,2,0,0.2272727272727273,0.2272727272727273,0.4545454545454546,0.0,0.2272727272727273,False,2021-22,2021,False,
Ao Tanaka,Japan,MF,Leeds United,26.0,1998.0,28,14,1315,14.6,2,0,2,2,0,0,1,0,0.136986301369863,0.0,0.136986301369863,0.136986301369863,0.136986301369863,False,2025-26,2025,False,
Ao Tanaka,,MF,Leeds United,27.0,1998.0,3,2,188,2.1,0,1,1,0,0,0,0,0,0.0,0.48,0.48,0.0,0.48,False,2026-27,2026,True,4.0
Archie Gray,England,"DF,MF",Tottenham,18.0,2006.0,28,19,1751,19.5,0,0,0,0,0,0,1,0,0.0,0.0,0.0,0.0,0.0,False,2024-25,2024,False,
Archie Gray,England,"MF,DF",Tottenham,19.0,2006.0,24,18,1478,16.4,2,2,4,2,0,0,5,0,0.12195121951219513,0.12195121951219513,0.24390243902439027,0.12195121951219513,0.24390243902439027,False,2025-26,2025,False,
Archie Gray,,DF,Tottenham,19.0,2006.0,3,3,236,2.6,0,0,0,0,0,0,0,0,0.0,0.0,0.0,0.0,0.0,False,2026-27,2026,True,4.0
Arijanet Muric,Kosovo,GK,Burnley,24.0,1998.0,10,10,900,10.0,0,0,0,0,0,0,0,0,0.0,0.0,0.0,0.0,0.0,False,2023-24,2023,False,
Arijanet Muric,Kosovo,GK,Ipswich Town,25.0,1998.0,18,18,1620,18.0,0,0,0,0,0,0,1,0,0.0,0.0,0.0,0.0,0.0,False,2024-25,2024,False,
Armando Broja,Albania,FW,Southampton,19.0,2001.0,32,21,1975,21.9,6,0,6,6,0,0,2,0,0.27397260273972607,0.0,0.27397260273972607,0.27397260273972607,0.27397260273972607,False,2021-22,2021,False,
Armando Broja,Albania,FW,Chelsea,20.0,2001.0,12,2,294,3.3,1,0,1,1,0,0,0,0,0.30303030303030304,0.0,0.30303030303030304,0.30303030303030304,0.30303030303030304,False,2022-23,2022,False,
Armando Broja,Albania,FW,Everton,22.0,2001.0,10,4,334,3.7,0,0,0,0,0,0,1,0,0.0,0.0,0.0,0.0,0.0,False,2024-25,2024,False,
Armando Broja,Albania,FW,Burnley,23.0,2001.0,24,8,860,9.6,1,1,2,1,0,0,0,0,0.10416666666666667,0.10416666666666667,0.20833333333333334,0.10416666666666667,0.20833333333333334,False,2025-26,2025,False,
Armando BrojaArmando Broja,Albania,FW,Fulham,21.0,2001.0,21,6,542,6.0,1,1,2,1,0,0,0,0,0.16666666666666666,0.16666666666666666,0.3333333333333333,0.16666666666666666,0.3333333333333333,False,2023-24,2023,False,
Armel Bella Kotchap,Germany,DF,Southampton,20.0,2001.0,24,24,1879,20.9,0,2,2,0,0,0,4,0,0.0,0.09569377990430622,0.09569377990430622,0.0,0.09569377990430622,False,2022-23,2022,False,
Armel Bella Kotchap,Germany,DF,Southampton,22.0,2001.0,4,2,331,3.7,0,0,0,0,0,0,0,0,0.0,0.0,0.0,0.0,0.0,False,2024-25,2024,False,
Arnaud Kalimuendo,France,FW,Nottingham,23.0,2002.0,9,0,96,1.1,0,0,0,0,0,0,0,0,0.0,0.0,0.0,0.0,0.0,False,2025-26,2025,False,
Arnaud Kalimuendo,,FW,Nottingham,23.0,2002.0,1,0,1,0.0,0,0,0,0,0,0,0,0,0.0,0.0,0.0,0.0,0.0,False,2026-27,2026,True,4.0
Arnaut Danjuma,Netherlands,MF,Tottenham,25.0,1997.0,9,1,169,1.9,1,0,1,1,0,0,0,0,0.5263157894736842,0.0,0.5263157894736842,0.5263157894736842,0.5263157894736842,False,2022-23,2022,False,
Arnaut Danjuma,Netherlands,"MF,FW",Everton,26.0,1997.0,14,5,595,6.6,1,0,1,1,0,0,0,0,0.15151515151515152,0.0,0.15151515151515152,0.15151515151515152,0.15151515151515152,False,2023-24,2023,False,
Arthur Masuaku,DR Congo,"MF,DF",West Ham,27.0,1993.0,13,6,650,7.2,1,1,2,1,0,0,1,0,0.1388888888888889,0.1388888888888889,0.2777777777777778,0.1388888888888889,0.2777777777777778,False,2021-22,2021,False,
Arthur Masuaku,DR Congo,DF,Sunderland,31.0,1993.0,3,2,126,1.4,0,0,0,0,0,0,1,0,0.0,0.0,0.0,0.0,0.0,False,2025-26,2025,False,
Asher Agbinone,England,MF,Crystal Palace,18.0,2005.0,2,0,6,0.1,0,0,0,0,0,0,0,0,0.0,0.0,0.0,0.0,0.0,False,2024-25,2024,False,
Ashley Barnes,England,FW,Burnley,31.0,1989.0,23,8,808,9.0,1,0,1,0,1,1,4,0,0.1111111111111111,0.0,0.1111111111111111,0.0,0.0,False,2021-22,2021,False,
Ashley Barnes,England,"FW,MF",Burnley,35.0,1989.0,7,0,46,0.5,0,0,0,0,0,0,2,0,0.0,0.0,0.0,0.0,0.0,False,2025-26,2025,False,
Ashley Fletcher,England,FW,Watford,25.0,1995.0,3,0,30,0.3,0,0,0,0,0,0,0,0,0.0,0.0,0.0,0.0,0.0,False,2021-22,2021,False,
Ashley Westwood,England,MF,Burnley,31.0,1990.0,27,26,2287,25.4,0,3,3,0,0,0,7,0,0.0,0.11811023622047245,0.11811023622047245,0.0,0.11811023622047245,False,2021-22,2021,False,
Ashley Young,England,"DF,FW",Aston Villa,36.0,1985.0,24,10,1250,13.9,0,2,2,0,0,0,2,0,0.0,0.14388489208633093,0.14388489208633093,0.0,0.14388489208633093,False,2021-22,2021,False,
Ashley Young,England,DF,Aston Villa,37.0,1985.0,29,23,2036,22.6,1,0,1,1,0,0,7,0,0.04424778761061947,0.0,0.04424778761061947,0.04424778761061947,0.04424778761061947,False,2022-23,2022,False,
Ashley Young,England,"DF,MF",Everton,38.0,1985.0,31,27,2280,25.3,0,0,0,0,0,0,7,1,0.0,0.0,0.0,0.0,0.0,False,2023-24,2023,False,
Ashley Young,England,DF,Everton,39.0,1985.0,32,19,1875,20.8,1,3,4,1,0,0,7,1,0.04807692307692307,0.14423076923076922,0.1923076923076923,0.04807692307692307,0.1923076923076923,False,2024-25,2024,False,
Asmir Begović,Bosnia & Herezgovina,GK,Everton,34.0,1987.0,3,3,270,3.0,0,0,0,0,0,0,0,0,0.0,0.0,0.0,0.0,0.0,False,2021-22,2021,False,
Asmir Begović,Bosnia & Herezgovina,GK,Everton,35.0,1987.0,1,1,90,1.0,0,0,0,0,0,0,0,0,0.0,0.0,0.0,0.0,0.0,False,2022-23,2022,False,
Aurèle Amenda,,DF,Coventry City,,,4,4,360,4.0,0,0,0,0,0,0,1,0,0.0,0.0,0.0,0.0,0.0,False,2026-27,2026,True,4.0
Auston Trusty,USA,DF,Sheffield United,24.0,1998.0,32,28,2572,28.6,0,0,0,0,0,0,4,0,0.0,0.0,0.0,0.0,0.0,False,2023-24,2023,False,
Axel Disasi,France,DF,Chelsea,25.0,1998.0,31,29,2579,28.7,2,0,2,2,0,0,6,0,0.06968641114982578,0.0,0.06968641114982578,0.06968641114982578,0.06968641114982578,False,2023-24,2023,False,
Axel Disasi,France,DF,West Ham,27.0,1998.0,14,14,1254,13.9,0,0,0,0,0,0,1,0,0.0,0.0,0.0,0.0,0.0,False,2025-26,2025,False,
Axel Disasi,,DF,Crystal Palace,27.0,1998.0,3,2,139,1.5,0,0,0,0,0,0,0,1,0.0,0.0,0.0,0.0,0.0,False,2026-27,2026,True,4.0
Axel DisasiAxel Disasi,France,DF,Chelsea,26.0,1998.0,13,9,854,9.4,1,0,1,1,0,0,3,0,0.10638297872340426,0.0,0.10638297872340426,0.10638297872340426,0.10638297872340426,False,2024-25,2024,False,
Axel Tuanzebe,DR Congo,DF,Aston Villa,23.0,1997.0,9,6,508,5.6,0,0,0,0,0,0,1,0,0.0,0.0,0.0,0.0,0.0,False,2021-22,2021,False,
Axel Tuanzebe,DR Congo,DF,Ipswich Town,26.0,1997.0,22,20,1710,19.0,0,1,1,0,0,0,5,1,0.0,0.05263157894736842,0.05263157894736842,0.0,0.05263157894736842,False,2024-25,2024,False,
Axel Tuanzebe,DR Congo,DF,Burnley,27.0,1997.0,14,14,1201,13.3,1,0,1,1,0,0,1,0,0.07518796992481203,0.0,0.07518796992481203,0.07518796992481203,0.07518796992481203,False,2025-26,2025,False,
Ayden Heaven,England,DF,Manchester Utd,17.0,2006.0,4,2,170,1.9,0,0,0,0,0,0,1,0,0.0,0.0,0.0,0.0,0.0,False,2024-25,2024,False,
Ayden Heaven,England,DF,Manchester Utd,18.0,2006.0,17,11,924,10.3,0,1,1,0,0,0,2,0,0.0,0.0970873786407767,0.0970873786407767,0.0,0.0970873786407767,False,2025-26,2025,False,
Ayden Heaven,,DF,Manchester Utd,19.0,2006.0,1,1,90,1.0,0,0,0,0,0,0,0,0,0.0,0.0,0.0,0.0,0.0,False,2026-27,2026,True,4.0
Aymeric Laporte,Spain,DF,Manchester City,27.0,1994.0,33,33,2828,31.4,4,0,4,4,0,0,5,1,0.12738853503184713,0.0,0.12738853503184713,0.12738853503184713,0.12738853503184713,False,2021-22,2021,False,
Aymeric Laporte,Spain,"DF,MF",Manchester City,28.0,1994.0,12,11,993,11.0,0,0,0,0,0,0,0,0,0.0,0.0,0.0,0.0,0.0,False,2022-23,2022,False,
Aymeric Laporte,Spain,DF,Manchester City,29.0,1994.0,1,0,12,0.1,0,0,0,0,0,0,0,0,0.0,0.0,0.0,0.0,0.0,False,2023-24,2023,False,
Ayoze Pérez,Spain,MF,Leicester City,28.0,1993.0,14,6,445,4.9,2,3,5,2,0,0,0,1,0.4081632653061224,0.6122448979591836,1.0204081632653061,0.4081632653061224,1.0204081632653061,False,2021-22,2021,False,
Ayoze Pérez,Spain,MF,Leicester City,29.0,1993.0,8,3,382,4.2,0,1,1,0,0,0,0,0,0.0,0.23809523809523808,0.23809523809523808,0.0,0.23809523809523808,False,2022-23,2022,False,
Ayyoub Bouaddi,,MF,Manchester City,,,2,0,24,0.3,0,0,0,0,0,0,0,0,0.0,0.0,0.0,0.0,0.0,False,2026-27,2026,True,4.0
Bachir Belloumi,,MF,Hull City,,,4,4,312,3.5,2,1,3,2,0,0,0,0,0.58,0.29,0.87,0.58,0.87,False,2026-27,2026,True,4.0
Bafodé Diakité,France,DF,Bournemouth,24.0,2001.0,18,15,1277,14.2,0,0,0,0,0,0,1,0,0.0,0.0,0.0,0.0,0.0,False,2025-26,2025,False,
Bali Mumba,England,"DF,MF",Norwich City,19.0,2001.0,1,0,45,0.5,0,0,0,0,0,0,0,0,0.0,0.0,0.0,0.0,0.0,False,2021-22,2021,False,
Bart Verbruggen,Netherlands,GK,Brighton,20.0,2002.0,21,21,1890,21.0,0,0,0,0,0,0,3,0,0.0,0.0,0.0,0.0,0.0,False,2023-24,2023,False,
Bart Verbruggen,Netherlands,GK,Brighton,21.0,2002.0,36,36,3240,36.0,0,1,1,0,0,0,5,0,0.0,0.027777777777777776,0.027777777777777776,0.0,0.027777777777777776,False,2024-25,2024,False,
Bart Verbruggen,Netherlands,GK,Brighton,22.0,2002.0,38,38,3420,38.0,0,0,0,0,0,0,3,0,0.0,0.0,0.0,0.0,0.0,False,2025-26,2025,False,
Bart Verbruggen,,GK,Brighton,23.0,2002.0,4,4,360,4.0,0,0,0,0,0,0,0,0,0.0,0.0,0.0,0.0,0.0,False,2026-27,2026,True,4.0
Bashir Humphreys,England,"DF,MF",Burnley,22.0,2003.0,20,17,1578,17.5,0,0,0,0,0,0,6,0,0.0,0.0,0.0,0.0,0.0,False,2025-26,2025,False,
Bazoumana Touré,,MF,Newcastle,,,2,0,35,0.4,1,0,1,1,0,0,0,0,2.57,0.0,2.57,2.57,2.57,False,2026-27,2026,True,4.0
Ben Brereton,Chile,"FW,MF",Sheffield United,24.0,1999.0,14,14,1105,12.3,6,1,7,5,1,1,3,0,0.4878048780487805,0.08130081300813008,0.5691056910569106,0.4065040650406504,0.4878048780487805,False,2023-24,2023,False,
Ben Brereton,Chile,"FW,MF",Southampton,25.0,1999.0,10,4,449,5.0,0,0,0,0,0,0,1,0,0.0,0.0,0.0,0.0,0.0,False,2024-25,2024,False,
Ben Chilwell,England,MF,Chelsea,24.0,1996.0,7,6,542,6.0,3,1,4,3,0,0,0,0,0.5,0.16666666666666666,0.6666666666666666,0.5,0.6666666666666666,False,2021-22,2021,False,
Ben Chilwell,England,"MF,DF",Chelsea,25.0,1996.0,23,15,1408,15.6,2,2,4,2,0,0,3,0,0.12820512820512822,0.12820512820512822,0.25641025641025644,0.12820512820512822,0.25641025641025644,False,2022-23,2022,False,
Ben Chilwell,England,"MF,DF",Chelsea,26.0,1996.0,13,9,756,8.4,0,1,1,0,0,0,5,0,0.0,0.11904761904761904,0.11904761904761904,0.0,0.11904761904761904,False,2023-24,2023,False,
Ben Chilwell,England,MF,Crystal Palace,27.0,1996.0,8,1,259,2.9,1,0,1,1,0,0,1,0,0.3448275862068966,0.0,0.3448275862068966,0.3448275862068966,0.3448275862068966,False,2024-25,2024,False,
Ben Chilwell,,"DF,MF",Crystal Palace,29.0,1996.0,2,0,31,0.3,1,0,1,1,0,0,0,0,2.9,0.0,2.9,2.9,2.9,False,2026-27,2026,True,4.0
Ben Davies,Wales,DF,Tottenham,28.0,1993.0,29,28,2538,28.2,1,1,2,1,0,0,6,0,0.03546099290780142,0.03546099290780142,0.07092198581560284,0.03546099290780142,0.07092198581560284,False,2021-22,2021,False,
Ben Davies,Wales,"DF,MF",Tottenham,29.0,1993.0,31,26,2288,25.4,2,2,4,2,0,0,4,0,0.07874015748031496,0.07874015748031496,0.15748031496062992,0.07874015748031496,0.15748031496062992,False,2022-23,2022,False,
Ben Davies,Wales,DF,Tottenham,30.0,1993.0,17,12,1090,12.1,1,0,1,1,0,0,2,0,0.08264462809917356,0.0,0.08264462809917356,0.08264462809917356,0.08264462809917356,False,2023-24,2023,False,
Ben Davies,Wales,DF,Tottenham,31.0,1993.0,17,14,1331,14.8,0,0,0,0,0,0,5,0,0.0,0.0,0.0,0.0,0.0,False,2024-25,2024,False,
Ben Davies,Wales,DF,Tottenham,32.0,1993.0,3,2,137,1.5,1,0,1,1,0,0,1,0,0.6666666666666666,0.0,0.6666666666666666,0.6666666666666666,0.6666666666666666,False,2025-26,2025,False,
Ben Foster,England,GK,Watford,38.0,1983.0,26,26,2340,26.0,0,1,1,0,0,0,0,0,0.0,0.038461538461538464,0.038461538461538464,0.0,0.038461538461538464,False,2021-22,2021,False,
Ben Gannon-Doak,Scotland,MF,Liverpool,16.0,2005.0,2,0,26,0.3,0,0,0,0,0,0,0,0,0.0,0.0,0.0,0.0,0.0,False,2022-23,2022,False,
Ben Gannon-Doak,Scotland,MF,Liverpool,17.0,2005.0,1,0,14,0.2,0,0,0,0,0,0,0,0,0.0,0.0,0.0,0.0,0.0,False,2023-24,2023,False,
Ben Gannon-Doak,Scotland,MF,Bournemouth,19.0,2005.0,8,0,113,1.3,0,1,1,0,0,0,0,0,0.0,0.7692307692307692,0.7692307692307692,0.0,0.7692307692307692,False,2025-26,2025,False,
Ben Gannon-Doak,,MF,Bournemouth,20.0,2005.0,3,0,13,0.1,0,0,0,0,0,0,0,0,0.0,0.0,0.0,0.0,0.0,False,2026-27,2026,True,4.0
Ben Gibson,England,DF,Norwich City,28.0,1993.0,28,28,2494,27.7,0,0,0,0,0,0,5,1,0.0,0.0,0.0,0.0,0.0,False,2021-22,2021,False,
Ben Godfrey,England,DF,Everton,23.0,1998.0,23,23,2029,22.5,0,0,0,0,0,0,6,0,0.0,0.0,0.0,0.0,0.0,False,2021-22,2021,False,
Ben Godfrey,England,DF,Everton,24.0,1998.0,13,10,802,8.9,0,1,1,0,0,0,2,0,0.0,0.11235955056179775,0.11235955056179775,0.0,0.11235955056179775,False,2022-23,2022,False,
Ben Godfrey,England,DF,Everton,25.0,1998.0,15,13,1120,12.4,0,0,0,0,0,0,2,0,0.0,0.0,0.0,0.0,0.0,False,2023-24,2023,False,
Ben Godfrey,England,DF,Ipswich Town,26.0,1998.0,3,2,159,1.8,0,0,0,0,0,0,1,0,0.0,0.0,0.0,0.0,0.0,False,2024-25,2024,False,
Ben Johnson,England,"DF,MF",West Ham,21.0,2000.0,20,16,1397,15.5,1,0,1,1,0,0,1,0,0.06451612903225806,0.0,0.06451612903225806,0.06451612903225806,0.06451612903225806,False,2021-22,2021,False,
Ben Johnson,England,"DF,MF",West Ham,22.0,2000.0,17,9,866,9.6,0,0,0,0,0,0,0,0,0.0,0.0,0.0,0.0,0.0,False,2022-23,2022,False,
Ben Johnson,England,"MF,DF",West Ham,23.0,2000.0,14,4,544,6.0,0,0,0,0,0,0,1,0,0.0,0.0,0.0,0.0,0.0,False,2023-24,2023,False,
Ben Johnson,England,"MF,DF",Ipswich Town,24.0,2000.0,23,14,1354,15.0,1,2,3,1,0,0,5,1,0.06666666666666667,0.13333333333333333,0.2,0.06666666666666667,0.2,False,2024-25,2024,False,
Ben Mee,England,DF,Burnley,31.0,1989.0,21,21,1839,20.4,3,0,3,3,0,0,3,0,0.14705882352941177,0.0,0.14705882352941177,0.14705882352941177,0.14705882352941177,False,2021-22,2021,False,
Ben Mee,England,DF,Brentford,32.0,1989.0,37,37,3269,36.3,3,2,5,3,0,0,2,0,0.08264462809917356,0.05509641873278237,0.13774104683195593,0.08264462809917356,0.13774104683195593,False,2022-23,2022,False,
Ben Mee,England,DF,Brentford,33.0,1989.0,16,15,1272,14.1,2,0,2,2,0,0,1,1,0.14184397163120568,0.0,0.14184397163120568,0.14184397163120568,0.14184397163120568,False,2023-24,2023,False,
Ben Mee,England,DF,Brentford,34.0,1989.0,7,2,183,2.0,0,0,0,0,0,0,2,0,0.0,0.0,0.0,0.0,0.0,False,2024-25,2024,False,
Ben Osborn,England,MF,Sheffield United,28.0,1994.0,24,14,1367,15.2,0,2,2,0,0,0,3,0,0.0,0.13157894736842105,0.13157894736842105,0.0,0.13157894736842105,False,2023-24,2023,False,
Ben Parkinson,England,FW,Newcastle,18.0,2005.0,1,0,25,0.3,0,0,0,0,0,0,0,0,0.0,0.0,0.0,0.0,0.0,False,2023-24,2023,False,
Ben Pearson,England,MF,Bournemouth,27.0,1995.0,7,3,286,3.2,0,0,0,0,0,0,1,0,0.0,0.0,0.0,0.0,0.0,False,2022-23,2022,False,
Ben White,England,DF,Arsenal,23.0,1997.0,32,32,2880,32.0,0,0,0,0,0,0,3,0,0.0,0.0,0.0,0.0,0.0,False,2021-22,2021,False,
Ben White,England,DF,Arsenal,24.0,1997.0,38,36,3055,33.9,2,5,7,2,0,0,5,0,0.058997050147492625,0.14749262536873156,0.20648967551622419,0.058997050147492625,0.20648967551622419,False,2022-23,2022,False,
Ben White,England,DF,Arsenal,25.0,1997.0,37,35,2988,33.2,4,4,8,4,0,0,8,0,0.12048192771084336,0.12048192771084336,0.24096385542168672,0.12048192771084336,0.24096385542168672,False,2023-24,2023,False,
Ben White,England,DF,Arsenal,26.0,1997.0,17,13,1198,13.3,0,2,2,0,0,0,2,0,0.0,0.15037593984962405,0.15037593984962405,0.0,0.15037593984962405,False,2024-25,2024,False,
Ben White,England,DF,Arsenal,27.0,1997.0,12,9,702,7.8,0,1,1,0,0,0,0,0,0.0,0.12820512820512822,0.12820512820512822,0.0,0.12820512820512822,False,2025-26,2025,False,
Ben White,,DF,Arsenal,28.0,1997.0,4,4,315,3.5,0,1,1,0,0,0,0,0,0.0,0.29,0.29,0.0,0.29,False,2026-27,2026,True,4.0
Ben Winterburn,England,MF,Bournemouth,19.0,2004.0,4,0,24,0.3,0,0,0,0,0,0,0,0,0.0,0.0,0.0,0.0,0.0,False,2024-25,2024,False,
Ben Winterburn,England,MF,Bournemouth,20.0,2004.0,1,0,7,0.1,0,0,0,0,0,0,0,0,0.0,0.0,0.0,0.0,0.0,False,2025-26,2025,False,
Bendito Mantato,England,MF,Manchester Utd,17.0,2008.0,1,0,16,0.2,0,0,0,0,0,0,0,0,0.0,0.0,0.0,0.0,0.0,False,2025-26,2025,False,
Benicio Boaitey,England,FW,Brighton,19.0,2004.0,5,0,40,0.4,0,0,0,0,0,0,1,0,0.0,0.0,0.0,0.0,0.0,False,2023-24,2023,False,
Benjamin Mendy,France,DF,Manchester City,27.0,1994.0,1,1,78,0.9,0,0,0,0,0,0,0,0,0.0,0.0,0.0,0.0,0.0,False,2021-22,2021,False,
Benjamin Šeško,Slovenia,FW,Manchester Utd,22.0,2003.0,30,17,1643,18.3,11,1,12,11,0,0,2,0,0.6010928961748634,0.0546448087431694,0.6557377049180327,0.6010928961748634,0.6557377049180327,False,2025-26,2025,False,
Benjamin Šeško,,FW,Manchester Utd,22.0,2003.0,4,0,80,0.9,1,0,1,1,0,0,0,0,1.13,0.0,1.13,1.13,1.13,False,2026-27,2026,True,4.0
Benoît Badiashile,France,DF,Chelsea,21.0,2001.0,11,10,905,10.1,1,0,1,1,0,0,2,0,0.09900990099009901,0.0,0.09900990099009901,0.09900990099009901,0.09900990099009901,False,2022-23,2022,False,
Benoît Badiashile,France,DF,Chelsea,22.0,2001.0,18,15,1338,14.9,0,1,1,0,0,0,3,0,0.0,0.06711409395973154,0.06711409395973154,0.0,0.06711409395973154,False,2023-24,2023,False,
Benoît Badiashile,France,DF,Chelsea,23.0,2001.0,5,3,334,3.7,0,0,0,0,0,0,0,0,0.0,0.0,0.0,0.0,0.0,False,2024-25,2024,False,
Benoît Badiashile,France,DF,Chelsea,24.0,2001.0,8,6,471,5.2,0,0,0,0,0,0,2,0,0.0,0.0,0.0,0.0,0.0,False,2025-26,2025,False,
Benson Manuel,Angola,MF,Burnley,26.0,1997.0,8,1,116,1.3,0,0,0,0,0,0,0,0,0.0,0.0,0.0,0.0,0.0,False,2023-24,2023,False,
Bernardo Silva,Portugal,"MF,FW",Manchester City,26.0,1994.0,35,33,2857,31.7,8,4,12,8,0,0,6,0,0.25236593059936907,0.12618296529968454,0.37854889589905366,0.25236593059936907,0.37854889589905366,False,2021-22,2021,False,
Bernardo Silva,Portugal,"MF,FW",Manchester City,27.0,1994.0,34,24,2205,24.5,4,5,9,4,0,0,5,0,0.16326530612244897,0.20408163265306123,0.3673469387755102,0.16326530612244897,0.3673469387755102,False,2022-23,2022,False,
Bernardo Silva,Portugal,MF,Manchester City,28.0,1994.0,33,29,2578,28.6,6,9,15,6,0,0,8,0,0.2097902097902098,0.3146853146853147,0.5244755244755245,0.2097902097902098,0.5244755244755245,False,2023-24,2023,False,
Bernardo Silva,Portugal,MF,Manchester City,29.0,1994.0,33,29,2670,29.7,4,4,8,4,0,0,7,0,0.13468013468013468,0.13468013468013468,0.26936026936026936,0.13468013468013468,0.26936026936026936,False,2024-25,2024,False,
Bernardo Silva,Portugal,MF,Manchester City,30.0,1994.0,38,34,2872,31.9,2,4,6,2,0,0,10,0,0.06269592476489029,0.12539184952978058,0.18808777429467086,0.06269592476489029,0.18808777429467086,False,2025-26,2025,False,
Bernd Leno,Germany,GK,Arsenal,29.0,1992.0,4,4,360,4.0,0,0,0,0,0,0,0,0,0.0,0.0,0.0,0.0,0.0,False,2021-22,2021,False,
Bernd Leno,Germany,GK,Fulham,30.0,1992.0,36,36,3240,36.0,0,0,0,0,0,0,3,0,0.0,0.0,0.0,0.0,0.0,False,2022-23,2022,False,
Bernd Leno,Germany,GK,Fulham,31.0,1992.0,38,38,3420,38.0,0,0,0,0,0,0,3,0,0.0,0.0,0.0,0.0,0.0,False,2023-24,2023,False,
Bernd Leno,Germany,GK,Fulham,32.0,1992.0,38,38,3420,38.0,0,1,1,0,0,0,5,0,0.0,0.02631578947368421,0.02631578947368421,0.0,0.02631578947368421,False,2024-25,2024,False,
Bernd Leno,Germany,GK,Fulham,33.0,1992.0,38,38,3420,38.0,0,0,0,0,0,0,3,0,0.0,0.0,0.0,0.0,0.0,False,2025-26,2025,False,
Bernd Leno,,GK,Fulham,33.0,1992.0,4,4,360,4.0,0,0,0,0,0,0,0,0,0.0,0.0,0.0,0.0,0.0,False,2026-27,2026,True,4.0
Bertrand Traoré,Burkina Faso,FW,Aston Villa,25.0,1995.0,9,1,220,2.4,0,0,0,0,0,0,0,0,0.0,0.0,0.0,0.0,0.0,False,2021-22,2021,False,
Bertrand Traoré,Burkina Faso,MF,Aston Villa,26.0,1995.0,8,1,233,2.6,2,0,2,2,0,0,1,0,0.7692307692307692,0.0,0.7692307692307692,0.7692307692307692,0.7692307692307692,False,2022-23,2022,False,
Bertrand Traoré,Burkina Faso,"FW,MF",Aston Villa,27.0,1995.0,2,0,11,0.1,0,0,0,0,0,0,0,0,0.0,0.0,0.0,0.0,0.0,False,2023-24,2023,False,
Bertrand Traoré,Burkina Faso,"MF,FW",Sunderland,29.0,1995.0,12,9,632,7.0,1,0,1,1,0,0,1,0,0.14285714285714285,0.0,0.14285714285714285,0.14285714285714285,0.14285714285714285,False,2025-26,2025,False,
Beto,Guinea-Bissau,FW,Everton,25.0,1998.0,30,9,951,10.6,3,0,3,3,0,1,2,0,0.2830188679245283,0.0,0.2830188679245283,0.2830188679245283,0.2830188679245283,False,2023-24,2023,False,
Beto,Guinea-Bissau,FW,Everton,26.0,1998.0,30,15,1534,17.0,8,0,8,8,0,0,2,0,0.47058823529411764,0.0,0.47058823529411764,0.47058823529411764,0.47058823529411764,False,2024-25,2024,False,
Beto,Guinea-Bissau,FW,Everton,27.0,1998.0,37,17,1568,17.4,9,1,10,9,0,0,3,0,0.5172413793103449,0.0574712643678161,0.574712643678161,0.5172413793103449,0.574712643678161,False,2025-26,2025,False,
Beto,,FW,Everton,27.0,1998.0,2,0,33,0.4,0,0,0,0,0,0,0,0,0.0,0.0,0.0,0.0,0.0,False,2026-27,2026,True,4.0
Bilal El Khannouss,Morocco,MF,Leicester City,20.0,2004.0,32,27,2182,24.2,2,3,5,2,0,0,4,0,0.08264462809917356,0.12396694214876033,0.2066115702479339,0.08264462809917356,0.2066115702479339,False,2024-25,2024,False,
Billy Gilmour,Scotland,MF,Norwich City,20.0,2001.0,24,21,1855,20.6,0,1,1,0,0,0,2,0,0.0,0.04854368932038835,0.04854368932038835,0.0,0.04854368932038835,False,2021-22,2021,False,
Billy Gilmour,Scotland,MF,Brighton,21.0,2001.0,14,7,507,5.6,0,1,1,0,0,0,1,0,0.0,0.17857142857142858,0.17857142857142858,0.0,0.17857142857142858,False,2022-23,2022,False,
Billy Gilmour,Scotland,MF,Brighton,22.0,2001.0,30,24,2120,23.6,0,1,1,0,0,0,8,1,0.0,0.0423728813559322,0.0423728813559322,0.0,0.0423728813559322,False,2023-24,2023,False,
Billy Gilmour,Scotland,MF,Brighton,23.0,2001.0,2,1,98,1.1,0,0,0,0,0,0,0,0,0.0,0.0,0.0,0.0,0.0,False,2024-25,2024,False,
Bobby Clark,England,MF,Liverpool,17.0,2005.0,1,0,8,0.1,0,0,0,0,0,0,0,0,0.0,0.0,0.0,0.0,0.0,False,2022-23,2022,False,
Bobby Clark,England,MF,Liverpool,18.0,2005.0,5,1,89,1.0,0,0,0,0,0,0,0,0,0.0,0.0,0.0,0.0,0.0,False,2023-24,2023,False,
Bobby De Cordova-Reid,Jamaica,"MF,DF",Fulham,29.0,1993.0,36,29,2475,27.5,4,1,5,4,0,0,8,0,0.14545454545454545,0.03636363636363636,0.18181818181818182,0.14545454545454545,0.18181818181818182,False,2022-23,2022,False,
Bobby De Cordova-Reid,Jamaica,"MF,FW",Fulham,30.0,1993.0,33,17,1423,15.8,6,2,8,6,0,0,4,0,0.37974683544303794,0.12658227848101264,0.5063291139240506,0.37974683544303794,0.5063291139240506,False,2023-24,2023,False,
Bobby De Cordova-Reid,Jamaica,"MF,FW",Leicester City,31.0,1993.0,23,9,744,8.3,1,2,3,1,0,0,2,0,0.12048192771084336,0.24096385542168672,0.36144578313253006,0.12048192771084336,0.36144578313253006,False,2024-25,2024,False,
Bobby Thomas,,DF,Coventry City,,,4,4,347,3.9,0,0,0,0,0,0,0,0,0.0,0.0,0.0,0.0,0.0,False,2026-27,2026,True,4.0
Borna Sosa,Croatia,"DF,MF",Crystal Palace,27.0,1998.0,7,0,101,1.1,0,0,0,0,0,0,1,0,0.0,0.0,0.0,0.0,0.0,False,2025-26,2025,False,
Boubacar Kamara,France,MF,Aston Villa,22.0,1999.0,24,21,1777,19.7,0,1,1,0,0,0,4,0,0.0,0.050761421319796954,0.050761421319796954,0.0,0.050761421319796954,False,2022-23,2022,False,
Boubacar Kamara,France,MF,Aston Villa,23.0,1999.0,20,20,1652,18.4,0,1,1,0,0,0,7,1,0.0,0.05434782608695653,0.05434782608695653,0.0,0.05434782608695653,False,2023-24,2023,False,
Boubacar Kamara,France,"MF,DF",Aston Villa,24.0,1999.0,26,20,1726,19.2,1,0,1,1,0,0,2,0,0.052083333333333336,0.0,0.052083333333333336,0.052083333333333336,0.052083333333333336,False,2024-25,2024,False,
Boubacar Kamara,France,MF,Aston Villa,25.0,1999.0,18,17,1411,15.7,1,3,4,1,0,0,5,0,0.06369426751592357,0.1910828025477707,0.25477707006369427,0.06369426751592357,0.25477707006369427,False,2025-26,2025,False,
Boubacar Kamara,,MF,Aston Villa,26.0,1999.0,4,4,360,4.0,0,0,0,0,0,0,0,0,0.0,0.0,0.0,0.0,0.0,False,2026-27,2026,True,4.0
Boubacar Traoré,Mali,MF,Wolves,20.0,2001.0,10,4,411,4.6,0,1,1,0,0,0,2,0,0.0,0.2173913043478261,0.2173913043478261,0.0,0.2173913043478261,False,2022-23,2022,False,
Boubacar Traoré,Mali,MF,Wolves,21.0,2001.0,24,7,819,9.1,0,0,0,0,0,0,4,0,0.0,0.0,0.0,0.0,0.0,False,2023-24,2023,False,
Boubacar Traoré,Mali,MF,Wolves,22.0,2001.0,1,0,1,0.0,0,0,0,0,0,0,0,0,0.0,0.0,0.0,0.0,0.0,False,2024-25,2024,False,
Boubakary Soumaré,France,MF,Leicester City,22.0,1999.0,19,12,1102,12.2,0,1,1,0,0,0,0,0,0.0,0.0819672131147541,0.0819672131147541,0.0,0.0819672131147541,False,2021-22,2021,False,
Boubakary Soumaré,France,MF,Leicester City,23.0,1999.0,26,20,1629,18.1,0,0,0,0,0,0,9,0,0.0,0.0,0.0,0.0,0.0,False,2022-23,2022,False,
Boubakary Soumaré,France,MF,Leicester City,25.0,1999.0,31,25,2171,24.1,0,0,0,0,0,0,8,0,0.0,0.0,0.0,0.0,0.0,False,2024-25,2024,False,
Bradley Barcola,,MF,Liverpool,,,2,1,98,1.1,0,0,0,0,0,0,0,0,0.0,0.0,0.0,0.0,0.0,False,2026-27,2026,True,4.0
Bradley Burrowes,England,MF,Aston Villa,17.0,2008.0,1,0,17,0.2,0,0,0,0,0,0,0,0,0.0,0.0,0.0,0.0,0.0,False,2025-26,2025,False,
Brajan Gruda,Germany,"MF,FW",Brighton,20.0,2004.0,21,8,687,7.6,1,4,5,1,0,0,0,0,0.13157894736842105,0.5263157894736842,0.6578947368421053,0.13157894736842105,0.6578947368421053,False,2024-25,2024,False,
Brajan Gruda,Germany,MF,Brighton,21.0,2004.0,18,8,719,8.0,1,1,2,1,0,0,2,0,0.125,0.125,0.25,0.125,0.25,False,2025-26,2025,False,
Brandon Aguilera,Costa Rica,MF,Nottingham,20.0,2003.0,1,0,5,0.1,0,0,0,0,0,0,0,0,0.0,0.0,0.0,0.0,0.0,False,2023-24,2023,False,
Brandon Austin,England,GK,Tottenham,25.0,1999.0,1,1,90,1.0,0,0,0,0,0,0,0,0,0.0,0.0,0.0,0.0,0.0,False,2024-25,2024,False,
Brandon Thomas-Asante,,MF,Coventry City,,,4,1,139,1.5,0,0,0,0,0,0,0,0,0.0,0.0,0.0,0.0,0.0,False,2026-27,2026,True,4.0
Brandon Williams,England,DF,Norwich City,20.0,2000.0,26,23,2120,23.6,0,1,1,0,0,0,8,0,0.0,0.0423728813559322,0.0423728813559322,0.0,0.0423728813559322,False,2021-22,2021,False,
Brenden Aaronson,USA,MF,Leeds United,21.0,2000.0,36,28,2372,26.4,1,3,4,1,0,0,2,0,0.03787878787878788,0.11363636363636365,0.15151515151515152,0.03787878787878788,0.15151515151515152,False,2022-23,2022,False,
Brenden Aaronson,USA,"MF,FW",Leeds United,24.0,2000.0,37,30,2449,27.2,4,5,9,4,0,0,3,0,0.14705882352941177,0.18382352941176472,0.33088235294117646,0.14705882352941177,0.33088235294117646,False,2025-26,2025,False,
Brenden Aaronson,,MF,Leeds United,25.0,2000.0,4,2,174,1.9,0,0,0,0,0,0,0,0,0.0,0.0,0.0,0.0,0.0,False,2026-27,2026,True,4.0
Brennan Johnson,Wales,"FW,MF",Nottingham,21.0,2001.0,38,33,2934,32.6,8,3,11,7,1,3,6,0,0.24539877300613497,0.09202453987730061,0.3374233128834356,0.21472392638036808,0.3067484662576687,False,2022-23,2022,False,
Brennan Johnson,Wales,"FW,MF",Tottenham,23.0,2001.0,33,24,2177,24.2,11,3,14,11,0,0,5,0,0.4545454545454546,0.12396694214876033,0.578512396694215,0.4545454545454546,0.578512396694215,False,2024-25,2024,False,
Brennan Johnson,,MF,Everton,24.0,2001.0,4,2,175,1.9,0,0,0,0,0,0,1,0,0.0,0.0,0.0,0.0,0.0,False,2026-27,2026,True,4.0
Brennan JohnsonBrennan Johnson,Wales,"FW,MF",Tottenham,22.0,2001.0,35,26,2322,25.8,5,10,15,5,0,0,3,0,0.19379844961240308,0.38759689922480617,0.5813953488372093,0.19379844961240308,0.5813953488372093,False,2023-24,2023,False,
Brennan JohnsonBrennan Johnson,Wales,"MF,FW",Tottenham,24.0,2001.0,34,19,1722,19.2,2,1,3,2,0,0,6,0,0.10416666666666667,0.052083333333333336,0.15625,0.10416666666666667,0.15625,False,2025-26,2025,False,
Brian Brobbey,Netherlands,FW,Sunderland,23.0,2002.0,31,22,1927,21.4,7,1,8,7,0,0,6,0,0.3271028037383178,0.04672897196261683,0.3738317757009346,0.3271028037383178,0.3738317757009346,False,2025-26,2025,False,
Brian Brobbey,,FW,Sunderland,23.0,2002.0,4,4,310,3.4,0,0,0,0,0,0,1,0,0.0,0.0,0.0,0.0,0.0,False,2026-27,2026,True,4.0
Brooke Norton-Cuffy,,"DF,MF",Hull City,,,2,0,36,0.4,0,0,0,0,0,0,1,0,0.0,0.0,0.0,0.0,0.0,False,2026-27,2026,True,4.0
Bruno Fernandes,Portugal,MF,Manchester Utd,26.0,1994.0,36,35,3111,34.6,10,6,16,10,0,2,10,0,0.2890173410404624,0.17341040462427745,0.4624277456647399,0.2890173410404624,0.4624277456647399,False,2021-22,2021,False,
Bruno Fernandes,Portugal,MF,Manchester Utd,27.0,1994.0,37,37,3316,36.8,8,8,16,6,2,2,6,0,0.2173913043478261,0.2173913043478261,0.4347826086956522,0.16304347826086957,0.3804347826086957,False,2022-23,2022,False,
Bruno Fernandes,Portugal,MF,Manchester Utd,28.0,1994.0,35,35,3118,34.6,10,8,18,6,4,5,9,0,0.2890173410404624,0.23121387283236994,0.5202312138728323,0.17341040462427745,0.40462427745664736,False,2023-24,2023,False,
Bruno Fernandes,Portugal,MF,Manchester Utd,29.0,1994.0,36,35,3018,33.5,8,10,18,5,3,3,5,2,0.23880597014925373,0.29850746268656714,0.5373134328358209,0.14925373134328357,0.44776119402985076,False,2024-25,2024,False,
Bruno Fernandes,Portugal,MF,Manchester Utd,30.0,1994.0,35,35,3063,34.0,9,21,30,5,4,6,5,0,0.2647058823529412,0.6176470588235294,0.8823529411764706,0.14705882352941177,0.7647058823529411,False,2025-26,2025,False,
Bruno Fernandes,,MF,Manchester Utd,31.0,1994.0,4,4,360,4.0,3,1,4,2,1,1,0,0,0.75,0.25,1.0,0.5,0.75,False,2026-27,2026,True,4.0
Bruno Guimarães,Brazil,MF,Newcastle,23.0,1997.0,17,11,1034,11.5,5,1,6,5,0,0,4,0,0.43478260869565216,0.08695652173913043,0.5217391304347826,0.43478260869565216,0.5217391304347826,False,2021-22,2021,False,
Bruno Guimarães,Brazil,MF,Newcastle,24.0,1997.0,32,32,2726,30.3,4,5,9,4,0,0,7,0,0.132013201320132,0.16501650165016502,0.297029702970297,0.132013201320132,0.297029702970297,False,2022-23,2022,False,
Bruno Guimarães,Brazil,MF,Newcastle,25.0,1997.0,37,37,3263,36.3,7,8,15,7,0,0,9,0,0.1928374655647383,0.22038567493112948,0.4132231404958678,0.1928374655647383,0.4132231404958678,False,2023-24,2023,False,
Bruno Guimarães,Brazil,MF,Newcastle,26.0,1997.0,38,38,3271,36.3,5,6,11,5,0,0,7,0,0.13774104683195593,0.1652892561983471,0.30303030303030304,0.13774104683195593,0.30303030303030304,False,2024-25,2024,False,
Bruno Guimarães,Brazil,MF,Newcastle,27.0,1997.0,29,27,2453,27.3,9,5,14,7,2,2,6,0,0.32967032967032966,0.18315018315018314,0.5128205128205128,0.2564102564102564,0.4395604395604395,False,2025-26,2025,False,
Bruno Guimarães,,MF,Arsenal,28.0,1997.0,2,0,65,0.7,1,0,1,1,0,0,0,0,1.38,0.0,1.38,1.38,1.38,False,2026-27,2026,True,4.0
Bryan Gil,Spain,"FW,MF",Tottenham,20.0,2001.0,9,0,94,1.0,0,0,0,0,0,0,0,0,0.0,0.0,0.0,0.0,0.0,False,2021-22,2021,False,
Bryan Gil,Spain,"MF,FW",Tottenham,21.0,2001.0,4,2,148,1.6,0,1,1,0,0,0,1,0,0.0,0.625,0.625,0.0,0.625,False,2022-23,2022,False,
Bryan Gil,Spain,MF,Tottenham,22.0,2001.0,11,2,209,2.3,0,0,0,0,0,0,0,0,0.0,0.0,0.0,0.0,0.0,False,2023-24,2023,False,
Bryan Mbeumo,Cameroon,FW,Brentford,21.0,1999.0,35,34,2905,32.3,4,7,11,3,1,1,4,0,0.12383900928792571,0.21671826625387,0.3405572755417957,0.09287925696594428,0.30959752321981426,False,2021-22,2021,False,
Bryan Mbeumo,Cameroon,FW,Brentford,22.0,1999.0,38,36,2906,32.3,9,8,17,8,1,1,5,0,0.2786377708978328,0.24767801857585142,0.5263157894736843,0.24767801857585142,0.49535603715170284,False,2022-23,2022,False,
Bryan Mbeumo,Cameroon,FW,Brentford,23.0,1999.0,25,22,1960,21.8,9,6,15,6,3,3,2,0,0.4128440366972477,0.27522935779816515,0.6880733944954128,0.27522935779816515,0.5504587155963303,False,2023-24,2023,False,
Bryan Mbeumo,Cameroon,"MF,FW",Brentford,24.0,1999.0,38,38,3414,37.9,20,7,27,15,5,6,3,0,0.5277044854881267,0.18469656992084432,0.712401055408971,0.395778364116095,0.5804749340369394,False,2024-25,2024,False,
Bryan Mbeumo,Cameroon,"MF,FW",Manchester Utd,25.0,1999.0,33,31,2609,29.0,11,3,14,11,0,0,4,0,0.3793103448275862,0.10344827586206896,0.4827586206896552,0.3793103448275862,0.4827586206896552,False,2025-26,2025,False,
Bryan Mbeumo,,MF,Manchester Utd,26.0,1999.0,4,4,360,4.0,2,0,2,2,0,0,1,0,0.5,0.0,0.5,0.5,0.5,False,2026-27,2026,True,4.0
Bukayo Saka,England,"MF,FW",Arsenal,19.0,2001.0,38,36,2978,33.1,11,7,18,9,2,2,6,0,0.3323262839879154,0.21148036253776434,0.5438066465256798,0.2719033232628399,0.48338368580060426,False,2021-22,2021,False,
Bukayo Saka,England,"FW,MF",Arsenal,20.0,2001.0,38,37,3181,35.3,14,11,25,12,2,3,6,0,0.39660056657223797,0.311614730878187,0.708215297450425,0.33994334277620397,0.651558073654391,False,2022-23,2022,False,
Bukayo Saka,England,FW,Arsenal,21.0,2001.0,35,35,2919,32.4,16,9,25,10,6,6,4,0,0.4938271604938272,0.2777777777777778,0.7716049382716049,0.308641975308642,0.5864197530864197,False,2023-24,2023,False,
Bukayo Saka,England,"FW,MF",Arsenal,22.0,2001.0,25,20,1729,19.2,6,10,16,5,1,1,3,0,0.3125,0.5208333333333334,0.8333333333333334,0.2604166666666667,0.78125,False,2024-25,2024,False,
Bukayo Saka,England,"FW,MF",Arsenal,23.0,2001.0,31,25,2222,24.7,7,5,12,6,1,1,2,0,0.2834008097165992,0.20242914979757085,0.4858299595141701,0.24291497975708504,0.4453441295546559,False,2025-26,2025,False,
Bukayo Saka,,MF,Arsenal,24.0,2001.0,4,4,336,3.7,3,0,3,2,1,1,0,0,0.8,0.0,0.8,0.54,0.54,False,2026-27,2026,True,4.0
Bénie Traoré,Ivory Coast,"FW,MF",Sheffield United,20.0,2002.0,8,3,387,4.3,0,0,0,0,0,0,0,0,0.0,0.0,0.0,0.0,0.0,False,2023-24,2023,False,
CJ Egan-Riley,England,DF,Manchester City,18.0,2003.0,1,0,4,0.0,0,0,0,0,0,0,0,0,0.0,0.0,0.0,0.0,0.0,False,2021-22,2021,False,
Cafú,Portugal,MF,Nottingham,29.0,1993.0,1,0,7,0.1,0,0,0,0,0,0,0,0,0.0,0.0,0.0,0.0,0.0,False,2022-23,2022,False,
Caleb Kporha,England,DF,Crystal Palace,18.0,2006.0,2,0,13,0.1,0,0,0,0,0,0,0,0,0.0,0.0,0.0,0.0,0.0,False,2024-25,2024,False,
Caleb Okoli,Italy,DF,Leicester City,23.0,2001.0,19,12,1125,12.5,1,0,1,1,0,0,4,0,0.08,0.0,0.08,0.08,0.08,False,2024-25,2024,False,
Caleb Yirenkyi,,MF,Coventry City,,,4,2,177,2.0,0,0,0,0,0,0,1,0,0.0,0.0,0.0,0.0,0.0,False,2026-27,2026,True,4.0
Callum Hudson-Odoi,England,MF,Chelsea,20.0,2000.0,15,11,962,10.7,1,2,3,1,0,0,1,0,0.09345794392523366,0.1869158878504673,0.28037383177570097,0.09345794392523366,0.28037383177570097,False,2021-22,2021,False,
Callum Hudson-Odoi,England,"MF,FW",Nottingham,22.0,2000.0,29,20,1854,20.6,8,1,9,8,0,0,0,0,0.3883495145631068,0.04854368932038835,0.4368932038834951,0.3883495145631068,0.4368932038834951,False,2023-24,2023,False,
Callum Hudson-Odoi,England,MF,Nottingham,23.0,2000.0,31,25,2194,24.4,5,2,7,5,0,0,2,0,0.20491803278688525,0.0819672131147541,0.2868852459016394,0.20491803278688525,0.2868852459016394,False,2024-25,2024,False,
Callum Hudson-Odoi,England,MF,Nottingham,24.0,2000.0,30,21,1841,20.5,3,4,7,3,0,0,0,0,0.14634146341463414,0.1951219512195122,0.34146341463414637,0.14634146341463414,0.34146341463414637,False,2025-26,2025,False,
Callum Hudson-Odoi,,"FW,MF",Nottingham,25.0,2000.0,1,0,1,0.0,0,0,0,0,0,0,0,0,0.0,0.0,0.0,0.0,0.0,False,2026-27,2026,True,4.0
Callum Marshall,Northern Ireland,FW,West Ham,20.0,2004.0,2,0,60,0.7,0,0,0,0,0,0,0,0,0.0,0.0,0.0,0.0,0.0,False,2025-26,2025,False,
Callum Olusesi,England,MF,Tottenham,18.0,2007.0,1,0,15,0.2,0,0,0,0,0,0,0,0,0.0,0.0,0.0,0.0,0.0,False,2025-26,2025,False,
Callum Wilson,England,FW,Newcastle,29.0,1992.0,18,16,1386,15.4,8,0,8,6,2,2,4,0,0.5194805194805194,0.0,0.5194805194805194,0.38961038961038963,0.3896103896103896,False,2021-22,2021,False,
Callum Wilson,England,FW,Newcastle,30.0,1992.0,31,21,1877,20.9,18,5,23,15,3,3,4,0,0.861244019138756,0.23923444976076558,1.1004784688995215,0.7177033492822967,0.9569377990430622,False,2022-23,2022,False,
Callum Wilson,England,FW,Newcastle,31.0,1992.0,20,9,991,11.0,9,1,10,7,2,2,3,0,0.8181818181818182,0.09090909090909091,0.9090909090909091,0.6363636363636364,0.7272727272727273,False,2023-24,2023,False,
Callum Wilson,England,FW,Newcastle,32.0,1992.0,18,2,370,4.1,0,0,0,0,0,0,1,0,0.0,0.0,0.0,0.0,0.0,False,2024-25,2024,False,
Callum Wilson,England,FW,West Ham,33.0,1992.0,32,11,1251,13.9,7,1,8,7,0,0,1,0,0.5035971223021583,0.07194244604316546,0.5755395683453237,0.5035971223021583,0.5755395683453237,False,2025-26,2025,False,
Callum Wilson,,FW,Brentford,33.0,1992.0,3,0,16,0.2,0,0,0,0,0,0,0,0,0.0,0.0,0.0,0.0,0.0,False,2026-27,2026,True,4.0
Calum Chambers,England,DF,Aston Villa,27.0,1995.0,14,2,353,3.9,0,0,0,0,0,0,2,0,0.0,0.0,0.0,0.0,0.0,False,2022-23,2022,False,
Calum Chambers,England,MF,Aston Villa,28.0,1995.0,5,1,152,1.7,0,1,1,0,0,0,1,0,0.0,0.5882352941176471,0.5882352941176471,0.0,0.5882352941176471,False,2023-24,2023,False,
Calum ChambersCalum Chambers,England,DF,Aston Villa,26.0,1995.0,13,11,1001,11.1,1,0,1,1,0,0,1,0,0.0900900900900901,0.0,0.0900900900900901,0.0900900900900901,0.0900900900900901,False,2021-22,2021,False,
Calvin Bassey,Nigeria,DF,Fulham,23.0,1999.0,29,25,2303,25.6,1,0,1,1,0,0,6,1,0.0390625,0.0,0.0390625,0.0390625,0.0390625,False,2023-24,2023,False,
Calvin Bassey,Nigeria,DF,Fulham,24.0,1999.0,35,34,3074,34.2,1,0,1,1,0,0,7,0,0.029239766081871343,0.0,0.029239766081871343,0.029239766081871343,0.029239766081871343,False,2024-25,2024,False,
Calvin Bassey,Nigeria,DF,Fulham,25.0,1999.0,30,28,2534,28.2,1,0,1,1,0,0,5,0,0.03546099290780142,0.0,0.03546099290780142,0.03546099290780142,0.03546099290780142,False,2025-26,2025,False,
Calvin Bassey,,DF,Fulham,26.0,1999.0,4,4,360,4.0,0,0,0,0,0,0,1,0,0.0,0.0,0.0,0.0,0.0,False,2026-27,2026,True,4.0
Cameron Archer,England,"FW,MF",Aston Villa,20.0,2001.0,3,0,27,0.3,0,0,0,0,0,0,0,0,0.0,0.0,0.0,0.0,0.0,False,2021-22,2021,False,
Cameron Archer,England,"FW,MF",Aston Villa,21.0,2001.0,6,0,49,0.5,0,0,0,0,0,0,0,0,0.0,0.0,0.0,0.0,0.0,False,2022-23,2022,False,
Cameron Archer,England,FW,Southampton,23.0,2001.0,35,13,1441,16.0,2,0,2,2,0,1,0,0,0.125,0.0,0.125,0.125,0.125,False,2024-25,2024,False,
Cameron ArcherCameron Archer,England,"FW,MF",Sheffield United,22.0,2001.0,30,21,1838,20.5,4,1,5,4,0,0,2,0,0.1951219512195122,0.04878048780487805,0.24390243902439024,0.1951219512195122,0.24390243902439024,False,2023-24,2023,False,
Cameron Burgess,Australia,DF,Ipswich Town,28.0,1995.0,18,16,1541,17.1,0,2,2,0,0,0,0,0,0.0,0.11695906432748537,0.11695906432748537,0.0,0.11695906432748537,False,2024-25,2024,False,
Cameron Peupion,Australia,MF,Brighton,19.0,2002.0,1,0,6,0.1,0,0,0,0,0,0,0,0,0.0,0.0,0.0,0.0,0.0,False,2022-23,2022,False,
Caoimhín Kelleher,Ireland,GK,Liverpool,22.0,1998.0,2,2,180,2.0,0,0,0,0,0,0,0,0,0.0,0.0,0.0,0.0,0.0,False,2021-22,2021,False,
Caoimhín Kelleher,Ireland,GK,Liverpool,23.0,1998.0,1,1,90,1.0,0,0,0,0,0,0,0,0,0.0,0.0,0.0,0.0,0.0,False,2022-23,2022,False,
Caoimhín Kelleher,Ireland,GK,Liverpool,24.0,1998.0,10,10,900,10.0,0,0,0,0,0,0,0,0,0.0,0.0,0.0,0.0,0.0,False,2023-24,2023,False,
Caoimhín Kelleher,Ireland,GK,Liverpool,25.0,1998.0,10,10,900,10.0,0,0,0,0,0,0,0,0,0.0,0.0,0.0,0.0,0.0,False,2024-25,2024,False,
Caoimhín Kelleher,Ireland,GK,Brentford,26.0,1998.0,37,37,3330,37.0,0,0,0,0,0,0,1,0,0.0,0.0,0.0,0.0,0.0,False,2025-26,2025,False,
Caoimhín Kelleher,,GK,Brentford,27.0,1998.0,4,4,360,4.0,0,0,0,0,0,0,0,0,0.0,0.0,0.0,0.0,0.0,False,2026-27,2026,True,4.0
Carl Rushworth,,GK,Coventry City,,,4,4,360,4.0,0,0,0,0,0,0,0,0,0.0,0.0,0.0,0.0,0.0,False,2026-27,2026,True,4.0
Carlos Alcaraz,Argentina,"MF,FW",Southampton,19.0,2002.0,18,13,1029,11.4,4,2,6,4,0,0,3,0,0.3508771929824561,0.17543859649122806,0.5263157894736842,0.3508771929824561,0.5263157894736842,False,2022-23,2022,False,
Carlos Alcaraz,Argentina,MF,Everton,22.0,2002.0,20,6,689,7.7,0,1,1,0,0,0,4,0,0.0,0.12987012987012986,0.12987012987012986,0.0,0.12987012987012986,False,2025-26,2025,False,
Carlos Alcaraz,,MF,Everton,23.0,2002.0,2,0,6,0.1,0,0,0,0,0,0,1,0,0.0,0.0,0.0,0.0,0.0,False,2026-27,2026,True,4.0
Carlos AlcarazCarlos Alcaraz,Argentina,MF,Southampton,21.0,2002.0,16,7,774,8.6,2,3,5,2,0,0,4,0,0.23255813953488372,0.3488372093023256,0.5813953488372093,0.23255813953488372,0.5813953488372093,False,2024-25,2024,False,
Carlos Baleba,Cameroon,MF,Brighton,19.0,2004.0,27,15,1325,14.7,0,0,0,0,0,0,7,0,0.0,0.0,0.0,0.0,0.0,False,2023-24,2023,False,
Carlos Baleba,Cameroon,MF,Brighton,20.0,2004.0,34,31,2661,29.6,3,1,4,3,0,0,8,1,0.10135135135135134,0.03378378378378378,0.13513513513513511,0.10135135135135134,0.13513513513513511,False,2024-25,2024,False,
Carlos Baleba,Cameroon,MF,Brighton,21.0,2004.0,31,23,1652,18.4,0,0,0,0,0,0,5,0,0.0,0.0,0.0,0.0,0.0,False,2025-26,2025,False,
Carlos Forbs,Portugal,MF,Wolves,20.0,2004.0,10,1,239,2.7,0,0,0,0,0,0,2,0,0.0,0.0,0.0,0.0,0.0,False,2024-25,2024,False,
Carlos Soler,Spain,MF,West Ham,27.0,1997.0,31,14,1409,15.7,1,1,2,1,0,0,6,0,0.06369426751592357,0.06369426751592357,0.12738853503184713,0.06369426751592357,0.12738853503184713,False,2024-25,2024,False,
Carlos Vinícius,Brazil,FW,Fulham,27.0,1995.0,28,11,1109,12.3,5,2,7,5,0,0,3,0,0.4065040650406504,0.16260162601626016,0.5691056910569106,0.4065040650406504,0.5691056910569106,False,2022-23,2022,False,
Carlos Vinícius,Brazil,FW,Fulham,28.0,1995.0,13,2,315,3.5,2,0,2,2,0,0,2,0,0.5714285714285714,0.0,0.5714285714285714,0.5714285714285714,0.5714285714285714,False,2023-24,2023,False,
Carlos Vinícius,Brazil,FW,Fulham,29.0,1995.0,3,0,16,0.2,0,0,0,0,0,0,0,0,0.0,0.0,0.0,0.0,0.0,False,2024-25,2024,False,
Carlton Morris,England,"FW,MF",Luton Town,27.0,1995.0,38,32,2862,31.8,11,4,15,6,5,5,4,0,0.34591194968553457,0.12578616352201258,0.4716981132075472,0.18867924528301885,0.3144654088050315,False,2023-24,2023,False,
Carney Chukwuemeka,Austria,MF,Aston Villa,17.0,2003.0,12,2,301,3.3,0,1,1,0,0,0,0,0,0.0,0.30303030303030304,0.30303030303030304,0.0,0.30303030303030304,False,2021-22,2021,False,
Carney Chukwuemeka,Austria,MF,Chelsea,18.0,2003.0,14,2,354,3.9,0,0,0,0,0,0,0,0,0.0,0.0,0.0,0.0,0.0,False,2022-23,2022,False,
Carney Chukwuemeka,Austria,MF,Chelsea,19.0,2003.0,9,2,227,2.5,1,1,2,1,0,0,2,0,0.4,0.4,0.8,0.4,0.8,False,2023-24,2023,False,
Casemiro,Brazil,MF,Manchester Utd,30.0,1992.0,28,24,2124,23.6,4,3,7,4,0,0,7,2,0.1694915254237288,0.1271186440677966,0.2966101694915254,0.1694915254237288,0.2966101694915254,False,2022-23,2022,False,
Casemiro,Brazil,"MF,DF",Manchester Utd,31.0,1992.0,25,24,1982,22.0,1,2,3,1,0,0,7,0,0.045454545454545456,0.09090909090909091,0.13636363636363635,0.045454545454545456,0.13636363636363635,False,2023-24,2023,False,
Casemiro,Brazil,MF,Manchester Utd,32.0,1992.0,24,18,1494,16.6,1,0,1,1,0,0,5,0,0.06024096385542168,0.0,0.06024096385542168,0.06024096385542168,0.06024096385542168,False,2024-25,2024,False,
Casemiro,Brazil,MF,Manchester Utd,33.0,1992.0,34,33,2571,28.6,9,2,11,9,0,0,11,1,0.3146853146853147,0.06993006993006992,0.3846153846153846,0.3146853146853147,0.3846153846153846,False,2025-26,2025,False,
Cauley Woodrow,England,FW,Luton Town,28.0,1994.0,24,2,427,4.7,1,1,2,1,0,0,2,0,0.2127659574468085,0.2127659574468085,0.425531914893617,0.2127659574468085,0.425531914893617,False,2023-24,2023,False,
Cenk Tosun,Turkey,"FW,MF",Everton,30.0,1991.0,1,0,7,0.1,0,0,0,0,0,0,0,0,0.0,0.0,0.0,0.0,0.0,False,2021-22,2021,False,
Cesare Casadei,Italy,MF,Chelsea,20.0,2003.0,11,0,79,0.9,0,0,0,0,0,0,0,0,0.0,0.0,0.0,0.0,0.0,False,2023-24,2023,False,
Chadi Riad,Morocco,DF,Crystal Palace,21.0,2003.0,1,1,90,1.0,0,0,0,0,0,0,0,0,0.0,0.0,0.0,0.0,0.0,False,2024-25,2024,False,
Chadi Riad,Morocco,DF,Crystal Palace,22.0,2003.0,9,6,552,6.1,0,1,1,0,0,0,2,0,0.0,0.1639344262295082,0.1639344262295082,0.0,0.1639344262295082,False,2025-26,2025,False,
Chadi Riad,,DF,Crystal Palace,22.0,2003.0,1,1,71,0.8,0,0,0,0,0,0,0,0,0.0,0.0,0.0,0.0,0.0,False,2026-27,2026,True,4.0
Charalampos Kostoulas,Greece,FW,Brighton,18.0,2007.0,21,2,369,4.1,2,1,3,2,0,0,2,0,0.48780487804878053,0.24390243902439027,0.7317073170731708,0.48780487804878053,0.7317073170731708,False,2025-26,2025,False,
Charalampos Kostoulas,,FW,Brighton,18.0,2007.0,4,3,279,3.1,1,0,1,1,0,0,0,0,0.32,0.0,0.32,0.32,0.32,False,2026-27,2026,True,4.0
Charlie Cresswell,England,DF,Leeds United,18.0,2002.0,5,1,141,1.6,0,0,0,0,0,0,1,0,0.0,0.0,0.0,0.0,0.0,False,2021-22,2021,False,
Charlie Goode,England,DF,Brentford,25.0,1995.0,6,4,450,5.0,0,0,0,0,0,0,3,0,0.0,0.0,0.0,0.0,0.0,False,2021-22,2021,False,
Charlie Taylor,England,DF,Burnley,27.0,1993.0,31,30,2731,30.3,0,3,3,0,0,0,3,0,0.0,0.099009900990099,0.099009900990099,0.0,0.099009900990099,False,2021-22,2021,False,
Charlie Taylor,England,DF,Burnley,29.0,1993.0,28,25,2331,25.9,1,1,2,1,0,0,8,0,0.03861003861003861,0.03861003861003861,0.07722007722007722,0.03861003861003861,0.07722007722007722,False,2023-24,2023,False,
Charlie Taylor,England,DF,Southampton,30.0,1993.0,8,3,356,4.0,0,0,0,0,0,0,1,0,0.0,0.0,0.0,0.0,0.0,False,2024-25,2024,False,
Cheick Doucouré,Mali,MF,Crystal Palace,22.0,2000.0,34,34,2769,30.8,0,3,3,0,0,0,10,1,0.0,0.09740259740259741,0.09740259740259741,0.0,0.09740259740259741,False,2022-23,2022,False,
Cheick Doucouré,Mali,MF,Crystal Palace,23.0,2000.0,11,11,919,10.2,0,0,0,0,0,0,2,0,0.0,0.0,0.0,0.0,0.0,False,2023-24,2023,False,
Cheick Doucouré,Mali,MF,Crystal Palace,24.0,2000.0,13,4,452,5.0,0,0,0,0,0,0,1,0,0.0,0.0,0.0,0.0,0.0,False,2024-25,2024,False,
Cheikhou Kouyaté,Senegal,MF,Crystal Palace,31.0,1989.0,27,23,1974,21.9,0,1,1,0,0,0,3,0,0.0,0.04566210045662101,0.04566210045662101,0.0,0.04566210045662101,False,2021-22,2021,False,
Cheikhou Kouyaté,Senegal,"MF,DF",Nottingham,32.0,1989.0,21,10,882,9.8,1,0,1,1,0,0,3,0,0.1020408163265306,0.0,0.1020408163265306,0.1020408163265306,0.1020408163265306,False,2022-23,2022,False,
Cheikhou Kouyaté,Senegal,MF,Nottingham,33.0,1989.0,12,2,212,2.4,0,0,0,0,0,0,2,0,0.0,0.0,0.0,0.0,0.0,False,2023-24,2023,False,
Chem Campbell,Wales,"FW,MF",Wolves,18.0,2002.0,1,0,13,0.1,0,0,0,0,0,0,0,0,0.0,0.0,0.0,0.0,0.0,False,2021-22,2021,False,
Chem Campbell,Wales,"FW,MF",Wolves,19.0,2002.0,5,0,74,0.8,0,0,0,0,0,0,0,0,0.0,0.0,0.0,0.0,0.0,False,2022-23,2022,False,
Chema,,MF,Brighton,,,1,0,26,0.3,0,1,1,0,0,0,0,0,0.0,3.46,3.46,0.0,3.46,False,2026-27,2026,True,4.0
Chemsdine Talbi,Morocco,"MF,FW",Sunderland,20.0,2005.0,28,16,1561,17.3,4,1,5,4,0,0,0,0,0.23121387283236994,0.057803468208092484,0.2890173410404624,0.23121387283236994,0.2890173410404624,False,2025-26,2025,False,
Chemsdine Talbi,,MF,Sunderland,20.0,2005.0,1,0,32,0.4,0,0,0,0,0,0,0,0,0.0,0.0,0.0,0.0,0.0,False,2026-27,2026,True,4.0
Chidozie Obi-Martin,Denmark,FW,Manchester Utd,16.0,2007.0,7,1,165,1.8,0,0,0,0,0,0,1,0,0.0,0.0,0.0,0.0,0.0,False,2024-25,2024,False,
Chiedozie Ogbene,Ireland,MF,Luton Town,26.0,1997.0,30,20,1995,22.2,4,1,5,4,0,0,1,0,0.1801801801801802,0.04504504504504505,0.22522522522522523,0.1801801801801802,0.22522522522522523,False,2023-24,2023,False,
Chiedozie Ogbene,Ireland,MF,Ipswich Town,27.0,1997.0,5,3,238,2.6,0,0,0,0,0,0,0,0,0.0,0.0,0.0,0.0,0.0,False,2024-25,2024,False,
Chiquinho,Portugal,MF,Wolves,21.0,2000.0,8,1,208,2.3,0,3,3,0,0,0,0,0,0.0,1.3043478260869565,1.3043478260869565,0.0,1.3043478260869565,False,2021-22,2021,False,
Chiquinho,Portugal,"FW,MF",Wolves,24.0,2000.0,1,0,7,0.1,0,0,0,0,0,0,0,0,0.0,0.0,0.0,0.0,0.0,False,2024-25,2024,False,
Chris Basham,England,"DF,MF",Sheffield United,35.0,1988.0,8,3,321,3.6,0,0,0,0,0,0,1,0,0.0,0.0,0.0,0.0,0.0,False,2023-24,2023,False,
Chris Mepham,Wales,DF,Bournemouth,24.0,1997.0,26,24,2199,24.4,0,0,0,0,0,0,7,0,0.0,0.0,0.0,0.0,0.0,False,2022-23,2022,False,
Chris Mepham,Wales,DF,Bournemouth,25.0,1997.0,10,6,617,6.9,0,1,1,0,0,0,2,0,0.0,0.14492753623188406,0.14492753623188406,0.0,0.14492753623188406,False,2023-24,2023,False,
Chris Richards,USA,DF,Crystal Palace,22.0,2000.0,9,4,447,5.0,0,0,0,0,0,0,0,0,0.0,0.0,0.0,0.0,0.0,False,2022-23,2022,False,
Chris Richards,USA,"DF,MF",Crystal Palace,23.0,2000.0,26,23,2094,23.3,1,1,2,1,0,0,3,0,0.04291845493562232,0.04291845493562232,0.08583690987124463,0.04291845493562232,0.08583690987124463,False,2023-24,2023,False,
Chris Richards,USA,DF,Crystal Palace,24.0,2000.0,24,22,1922,21.4,1,0,1,1,0,0,4,1,0.04672897196261683,0.0,0.04672897196261683,0.04672897196261683,0.04672897196261683,False,2024-25,2024,False,
Chris Richards,USA,DF,Crystal Palace,25.0,2000.0,33,31,2827,31.4,1,0,1,1,0,0,4,0,0.03184713375796178,0.0,0.03184713375796178,0.03184713375796178,0.03184713375796178,False,2025-26,2025,False,
Chris Richards,,DF,Crystal Palace,25.0,2000.0,4,4,360,4.0,0,0,0,0,0,0,1,0,0.0,0.0,0.0,0.0,0.0,False,2026-27,2026,True,4.0
Chris Rigg,England,MF,Sunderland,18.0,2007.0,18,11,761,8.5,1,1,2,1,0,0,1,0,0.11764705882352941,0.11764705882352941,0.23529411764705882,0.11764705882352941,0.23529411764705882,False,2025-26,2025,False,
Chris Rigg,,MF,Sunderland,18.0,2007.0,2,0,19,0.2,0,0,0,0,0,0,0,0,0.0,0.0,0.0,0.0,0.0,False,2026-27,2026,True,4.0
Chris Wood,New Zealand,FW,Nottingham,31.0,1991.0,31,20,1812,20.1,14,1,15,14,0,0,0,0,0.6965174129353233,0.04975124378109452,0.7462686567164178,0.6965174129353233,0.7462686567164178,False,2023-24,2023,False,
Chris Wood,New Zealand,FW,Nottingham,32.0,1991.0,36,35,2959,32.9,20,3,23,17,3,3,1,0,0.60790273556231,0.0911854103343465,0.6990881458966566,0.5167173252279635,0.6079027355623101,False,2024-25,2024,False,
Chris Wood,New Zealand,FW,Nottingham,33.0,1991.0,15,11,901,10.0,3,0,3,3,0,0,0,0,0.3,0.0,0.3,0.3,0.3,False,2025-26,2025,False,
Chris Wood,,FW,Nottingham,34.0,1991.0,3,0,47,0.5,0,0,0,0,0,0,0,0,0.0,0.0,0.0,0.0,0.0,False,2026-27,2026,True,4.0
Chris WoodChris Wood,New Zealand,FW,Newcastle,29.0,1991.0,34,32,2694,29.9,5,0,5,4,1,1,1,0,0.16722408026755853,0.0,0.16722408026755853,0.13377926421404682,0.13377926421404682,False,2021-22,2021,False,
Chris WoodChris Wood,New Zealand,FW,Nottingham,30.0,1991.0,25,9,818,9.1,3,0,3,2,1,1,0,0,0.32967032967032966,0.0,0.32967032967032966,0.21978021978021978,0.21978021978021978,False,2022-23,2022,False,
Christantus Uche,Nigeria,FW,Crystal Palace,22.0,2003.0,14,0,173,1.9,0,0,0,0,0,0,0,0,0.0,0.0,0.0,0.0,0.0,False,2025-26,2025,False,
Christian Benteke,Belgium,FW,Crystal Palace,30.0,1990.0,25,11,1145,12.7,4,1,5,4,0,0,3,0,0.31496062992125984,0.07874015748031496,0.3937007874015748,0.31496062992125984,0.3937007874015748,False,2021-22,2021,False,
Christian Eriksen,Denmark,MF,Brentford,29.0,1992.0,11,10,939,10.4,1,4,5,1,0,0,1,0,0.09615384615384615,0.3846153846153846,0.4807692307692307,0.09615384615384615,0.4807692307692307,False,2021-22,2021,False,
Christian Eriksen,Denmark,MF,Manchester Utd,30.0,1992.0,28,25,2048,22.8,1,8,9,1,0,0,3,0,0.043859649122807015,0.3508771929824561,0.39473684210526316,0.043859649122807015,0.39473684210526316,False,2022-23,2022,False,
Christian Eriksen,Denmark,MF,Manchester Utd,31.0,1992.0,22,12,1141,12.7,1,2,3,1,0,0,1,0,0.07874015748031496,0.15748031496062992,0.2362204724409449,0.07874015748031496,0.2362204724409449,False,2023-24,2023,False,
Christian Eriksen,Denmark,MF,Manchester Utd,32.0,1992.0,23,11,1061,11.8,1,2,3,0,1,1,4,0,0.0847457627118644,0.1694915254237288,0.2542372881355932,0.0,0.1694915254237288,False,2024-25,2024,False,
Christian Kabasele,Belgium,DF,Watford,30.0,1991.0,16,12,1193,13.3,0,0,0,0,0,0,0,0,0.0,0.0,0.0,0.0,0.0,False,2021-22,2021,False,
Christian Nørgaard,Denmark,MF,Brentford,27.0,1994.0,35,35,3054,33.9,3,4,7,3,0,0,8,0,0.08849557522123894,0.11799410029498525,0.20648967551622419,0.08849557522123894,0.20648967551622419,False,2021-22,2021,False,
Christian Nørgaard,Denmark,MF,Brentford,28.0,1994.0,22,21,1763,19.6,1,3,4,1,0,0,6,0,0.0510204081632653,0.1530612244897959,0.2040816326530612,0.0510204081632653,0.2040816326530612,False,2022-23,2022,False,
Christian Nørgaard,Denmark,MF,Brentford,29.0,1994.0,31,30,2505,27.8,2,1,3,2,0,0,8,0,0.07194244604316546,0.03597122302158273,0.1079136690647482,0.07194244604316546,0.1079136690647482,False,2023-24,2023,False,
Christian Nørgaard,Denmark,MF,Brentford,30.0,1994.0,34,34,2819,31.3,5,4,9,5,0,0,8,1,0.1597444089456869,0.12779552715654952,0.28753993610223644,0.1597444089456869,0.28753993610223644,False,2024-25,2024,False,
Christian Nørgaard,Denmark,MF,Arsenal,31.0,1994.0,7,1,106,1.2,0,0,0,0,0,0,0,0,0.0,0.0,0.0,0.0,0.0,False,2025-26,2025,False,
Christian Pulisic,USA,"MF,FW",Chelsea,22.0,1998.0,22,13,1290,14.3,6,2,8,6,0,0,2,0,0.4195804195804196,0.13986013986013984,0.5594405594405594,0.4195804195804196,0.5594405594405594,False,2021-22,2021,False,
Christian Pulisic,USA,"MF,FW",Chelsea,23.0,1998.0,24,8,821,9.1,1,1,2,1,0,0,1,0,0.10989010989010989,0.10989010989010989,0.21978021978021978,0.10989010989010989,0.21978021978021978,False,2022-23,2022,False,
Christian Walton,England,GK,Ipswich Town,28.0,1995.0,7,7,630,7.0,0,0,0,0,0,0,0,0,0.0,0.0,0.0,0.0,0.0,False,2024-25,2024,False,
Christoph Zimmermann,Germany,DF,Norwich City,28.0,1993.0,3,2,157,1.7,0,0,0,0,0,0,0,0,0.0,0.0,0.0,0.0,0.0,False,2021-22,2021,False,
Christopher Nkunku,France,"MF,FW",Chelsea,25.0,1997.0,11,2,443,4.9,3,0,3,3,0,0,0,0,0.6122448979591836,0.0,0.6122448979591836,0.6122448979591836,0.6122448979591836,False,2023-24,2023,False,
Christopher Nkunku,France,"MF,FW",Chelsea,26.0,1997.0,27,9,921,10.2,3,2,5,3,0,0,2,0,0.29411764705882354,0.19607843137254904,0.4901960784313726,0.29411764705882354,0.4901960784313726,False,2024-25,2024,False,
Christos Tzolis,Greece,"MF,FW",Norwich City,19.0,2002.0,14,3,336,3.7,0,0,0,0,0,0,0,0,0.0,0.0,0.0,0.0,0.0,False,2021-22,2021,False,
Christos Tzolis,,MF,Arsenal,23.0,2002.0,4,4,290,3.2,0,1,1,0,0,0,2,0,0.0,0.31,0.31,0.0,0.31,False,2026-27,2026,True,4.0
Chuba Akpom,,"FW,MF",Ipswich Town,,,2,0,70,0.8,1,0,1,1,0,0,0,0,1.29,0.0,1.29,1.29,1.29,False,2026-27,2026,True,4.0
Ché Adams,Scotland,FW,Southampton,25.0,1996.0,30,23,2039,22.7,7,3,10,7,0,0,0,0,0.30837004405286345,0.13215859030837004,0.4405286343612335,0.30837004405286345,0.4405286343612335,False,2021-22,2021,False,
Ché Adams,Scotland,FW,Southampton,26.0,1996.0,28,23,1992,22.1,5,3,8,5,0,0,1,0,0.2262443438914027,0.13574660633484162,0.36199095022624433,0.2262443438914027,0.36199095022624433,False,2022-23,2022,False,
Ciaran Clark,Ireland,DF,Newcastle,31.0,1989.0,13,12,1014,11.3,0,1,1,0,0,0,2,1,0.0,0.08849557522123894,0.08849557522123894,0.0,0.08849557522123894,False,2021-22,2021,False,
Claudio Echeverri,Argentina,MF,Manchester City,18.0,2006.0,1,0,6,0.1,0,0,0,0,0,0,0,0,0.0,0.0,0.0,0.0,0.0,False,2024-25,2024,False,
Clément Lenglet,France,DF,Tottenham,27.0,1995.0,26,24,2019,22.4,0,2,2,0,0,0,4,0,0.0,0.08928571428571429,0.08928571428571429,0.0,0.08928571428571429,False,2022-23,2022,False,
Clément Lenglet,France,DF,Aston Villa,28.0,1995.0,14,14,1153,12.8,0,1,1,0,0,0,3,0,0.0,0.078125,0.078125,0.0,0.078125,False,2023-24,2023,False,
Cody Drameh,England,DF,Leeds United,19.0,2001.0,3,1,128,1.4,0,0,0,0,0,0,1,0,0.0,0.0,0.0,0.0,0.0,False,2021-22,2021,False,
Cody Drameh,England,DF,Leeds United,20.0,2001.0,1,1,69,0.8,0,0,0,0,0,0,0,0,0.0,0.0,0.0,0.0,0.0,False,2022-23,2022,False,
Cody Drameh,,"DF,MF",Hull City,24.0,2001.0,2,0,66,0.7,0,0,0,0,0,0,0,0,0.0,0.0,0.0,0.0,0.0,False,2026-27,2026,True,4.0
Cody Gakpo,Netherlands,FW,Liverpool,23.0,1999.0,21,17,1458,16.2,7,2,9,7,0,0,0,0,0.4320987654320988,0.1234567901234568,0.5555555555555556,0.4320987654320988,0.5555555555555556,False,2022-23,2022,False,
Cody Gakpo,Netherlands,"FW,MF",Liverpool,24.0,1999.0,35,17,1649,18.3,8,5,13,8,0,0,1,0,0.4371584699453552,0.27322404371584696,0.7103825136612022,0.4371584699453552,0.7103825136612022,False,2023-24,2023,False,
Cody Gakpo,Netherlands,MF,Liverpool,25.0,1999.0,35,23,1935,21.5,10,4,14,10,0,0,5,0,0.46511627906976744,0.18604651162790697,0.6511627906976745,0.46511627906976744,0.6511627906976745,False,2024-25,2024,False,
Cody Gakpo,Netherlands,"MF,FW",Liverpool,26.0,1999.0,36,32,2737,30.4,7,5,12,7,0,0,3,0,0.23026315789473686,0.16447368421052633,0.39473684210526316,0.23026315789473686,0.39473684210526316,False,2025-26,2025,False,
Cody Gakpo,,MF,Liverpool,26.0,1999.0,4,3,281,3.1,1,3,4,1,0,0,0,0,0.32,0.96,1.28,0.32,1.28,False,2026-27,2026,True,4.0
Cole Palmer,England,FW,Manchester City,19.0,2002.0,4,1,123,1.4,0,0,0,0,0,0,0,0,0.0,0.0,0.0,0.0,0.0,False,2021-22,2021,False,
Cole Palmer,England,"MF,FW",Manchester City,20.0,2002.0,14,2,370,4.1,0,1,1,0,0,0,1,0,0.0,0.24390243902439027,0.24390243902439027,0.0,0.24390243902439027,False,2022-23,2022,False,
Cole Palmer,England,MF,Chelsea,22.0,2002.0,37,36,3191,35.5,15,8,23,11,4,5,7,0,0.4225352112676056,0.22535211267605634,0.647887323943662,0.30985915492957744,0.5352112676056339,False,2024-25,2024,False,
Cole Palmer,England,MF,Chelsea,23.0,2002.0,26,24,1955,21.7,10,1,11,5,5,6,5,0,0.4608294930875576,0.04608294930875576,0.5069124423963134,0.2304147465437788,0.2764976958525346,False,2025-26,2025,False,
Cole Palmer,,MF,Chelsea,23.0,2002.0,4,4,352,3.9,2,2,4,2,0,0,1,0,0.51,0.51,1.02,0.51,1.02,False,2026-27,2026,True,4.0
Cole PalmerCole Palmer,England,"MF,FW",Manchester City,21.0,2002.0,34,29,2618,29.1,22,11,33,13,9,9,7,0,0.7560137457044673,0.37800687285223367,1.134020618556701,0.4467353951890034,0.8247422680412371,False,2023-24,2023,False,
Connor Roberts,Wales,DF,Burnley,25.0,1995.0,21,19,1692,18.8,1,1,2,1,0,0,2,0,0.05319148936170213,0.05319148936170213,0.10638297872340426,0.05319148936170213,0.10638297872340426,False,2021-22,2021,False,
Connor Roberts,Wales,DF,Burnley,27.0,1995.0,14,8,823,9.1,0,1,1,0,0,0,5,1,0.0,0.10989010989010989,0.10989010989010989,0.0,0.10989010989010989,False,2023-24,2023,False,
Connor Ronan,Ireland,MF,Wolves,24.0,1998.0,1,0,1,0.0,0,0,0,0,0,0,0,0,0.0,0.0,0.0,0.0,0.0,False,2022-23,2022,False,
Conor Bradley,Northern Ireland,DF,Liverpool,20.0,2003.0,11,10,753,8.4,1,3,4,1,0,0,2,0,0.11904761904761904,0.35714285714285715,0.47619047619047616,0.11904761904761904,0.47619047619047616,False,2023-24,2023,False,
Conor Bradley,Northern Ireland,DF,Liverpool,21.0,2003.0,19,7,754,8.4,0,2,2,0,0,0,4,0,0.0,0.23809523809523808,0.23809523809523808,0.0,0.23809523809523808,False,2024-25,2024,False,
Conor Bradley,Northern Ireland,DF,Liverpool,22.0,2003.0,15,12,929,10.3,0,1,1,0,0,0,5,0,0.0,0.0970873786407767,0.0970873786407767,0.0,0.0970873786407767,False,2025-26,2025,False,
Conor Chaplin,England,"MF,FW",Ipswich Town,27.0,1997.0,22,10,857,9.5,1,1,2,1,0,0,2,0,0.10526315789473684,0.10526315789473684,0.21052631578947367,0.10526315789473684,0.21052631578947367,False,2024-25,2024,False,
Conor Coady,England,DF,Wolves,28.0,1993.0,38,38,3361,37.3,4,0,4,4,0,0,4,0,0.10723860589812333,0.0,0.10723860589812333,0.10723860589812333,0.10723860589812333,False,2021-22,2021,False,
Conor Coady,England,DF,Everton,29.0,1993.0,24,23,2096,23.3,1,1,2,1,0,0,2,0,0.04291845493562232,0.04291845493562232,0.08583690987124463,0.04291845493562232,0.08583690987124463,False,2022-23,2022,False,
Conor Coady,England,DF,Leicester City,31.0,1993.0,22,19,1714,19.0,1,0,1,1,0,0,3,0,0.05263157894736842,0.0,0.05263157894736842,0.05263157894736842,0.05263157894736842,False,2024-25,2024,False,
Conor Coventry,Ireland,MF,West Ham,22.0,2000.0,1,0,1,0.0,0,0,0,0,0,0,0,0,0.0,0.0,0.0,0.0,0.0,False,2022-23,2022,False,
Conor Gallagher,England,MF,Crystal Palace,21.0,2000.0,34,33,2845,31.6,8,3,11,8,0,0,10,0,0.2531645569620253,0.09493670886075949,0.3481012658227848,0.2531645569620253,0.3481012658227848,False,2021-22,2021,False,
Conor Gallagher,England,MF,Chelsea,22.0,2000.0,35,18,1621,18.0,3,1,4,3,0,0,11,1,0.16666666666666666,0.05555555555555555,0.2222222222222222,0.16666666666666666,0.2222222222222222,False,2022-23,2022,False,
Conor Gallagher,England,MF,Chelsea,23.0,2000.0,37,37,3128,34.8,5,7,12,5,0,0,9,1,0.14367816091954025,0.20114942528735633,0.3448275862068966,0.14367816091954025,0.3448275862068966,False,2023-24,2023,False,
Conor Gallagher,England,MF,Tottenham,25.0,2000.0,16,14,1184,13.2,1,1,2,1,0,0,2,0,0.07575757575757576,0.07575757575757576,0.15151515151515152,0.07575757575757576,0.15151515151515152,False,2025-26,2025,False,
Conor Gallagher,,MF,Tottenham,25.0,2000.0,2,2,128,1.4,0,0,0,0,0,0,1,0,0.0,0.0,0.0,0.0,0.0,False,2026-27,2026,True,4.0
Conor Townsend,England,DF,Ipswich Town,31.0,1993.0,6,3,335,3.7,0,1,1,0,0,0,1,0,0.0,0.27027027027027023,0.27027027027027023,0.0,0.27027027027027023,False,2024-25,2024,False,
Costinha,,"DF,MF",Brighton,,,4,0,58,0.6,0,0,0,0,0,0,1,0,0.0,0.0,0.0,0.0,0.0,False,2026-27,2026,True,4.0
Craig Cathcart,Northern Ireland,DF,Watford,32.0,1989.0,31,27,2396,26.6,0,1,1,0,0,0,3,0,0.0,0.03759398496240601,0.03759398496240601,0.0,0.03759398496240601,False,2021-22,2021,False,
Craig Dawson,England,DF,West Ham,31.0,1990.0,34,30,2754,30.6,2,2,4,2,0,0,5,1,0.06535947712418301,0.06535947712418301,0.13071895424836602,0.06535947712418301,0.13071895424836602,False,2021-22,2021,False,
Craig Dawson,England,DF,Wolves,33.0,1990.0,25,25,2209,24.5,1,1,2,1,0,0,7,0,0.04081632653061224,0.04081632653061224,0.08163265306122448,0.04081632653061224,0.08163265306122448,False,2023-24,2023,False,
Craig Dawson,England,DF,Wolves,34.0,1990.0,15,10,971,10.8,0,0,0,0,0,0,2,0,0.0,0.0,0.0,0.0,0.0,False,2024-25,2024,False,
Craig DawsonCraig Dawson,England,DF,Wolves,32.0,1990.0,25,25,2134,23.7,1,0,1,1,0,0,6,0,0.04219409282700422,0.0,0.04219409282700422,0.04219409282700422,0.04219409282700422,False,2022-23,2022,False,
Cristhian Mosquera,Spain,DF,Arsenal,21.0,2004.0,20,9,994,11.0,0,0,0,0,0,0,4,0,0.0,0.0,0.0,0.0,0.0,False,2025-26,2025,False,
Cristhian Mosquera,,DF,Arsenal,21.0,2004.0,2,2,168,1.9,0,0,0,0,0,0,0,0,0.0,0.0,0.0,0.0,0.0,False,2026-27,2026,True,4.0
Cristian Romero,Argentina,DF,Tottenham,23.0,1998.0,22,21,1844,20.5,1,0,1,1,0,0,8,0,0.04878048780487805,0.0,0.04878048780487805,0.04878048780487805,0.04878048780487805,False,2021-22,2021,False,
Cristian Romero,Argentina,DF,Tottenham,24.0,1998.0,27,26,2364,26.3,0,1,1,0,0,0,11,1,0.0,0.03802281368821293,0.03802281368821293,0.0,0.03802281368821293,False,2022-23,2022,False,
Cristian Romero,Argentina,DF,Tottenham,25.0,1998.0,33,33,2790,31.0,5,0,5,5,0,0,7,1,0.16129032258064516,0.0,0.16129032258064516,0.16129032258064516,0.16129032258064516,False,2023-24,2023,False,
Cristian Romero,Argentina,DF,Tottenham,26.0,1998.0,18,18,1416,15.7,1,0,1,1,0,0,3,0,0.06369426751592357,0.0,0.06369426751592357,0.06369426751592357,0.06369426751592357,False,2024-25,2024,False,
Cristian Romero,Argentina,DF,Tottenham,27.0,1998.0,23,22,1868,20.8,4,1,5,4,0,0,11,2,0.1923076923076923,0.04807692307692307,0.24038461538461536,0.1923076923076923,0.24038461538461536,False,2025-26,2025,False,
Cristiano Ronaldo,Portugal,FW,Manchester Utd,36.0,1985.0,30,27,2456,27.3,18,3,21,15,3,3,8,0,0.6593406593406593,0.10989010989010989,0.7692307692307692,0.5494505494505494,0.6593406593406592,False,2021-22,2021,False,
Cristiano Ronaldo,Portugal,FW,Manchester Utd,37.0,1985.0,10,4,525,5.8,1,0,1,1,0,0,2,0,0.1724137931034483,0.0,0.1724137931034483,0.1724137931034483,0.1724137931034483,False,2022-23,2022,False,
Crysencio Summerville,Netherlands,"FW,MF",Leeds United,19.0,2001.0,6,0,130,1.4,0,0,0,0,0,0,0,0,0.0,0.0,0.0,0.0,0.0,False,2021-22,2021,False,
Crysencio Summerville,Netherlands,"MF,FW",Leeds United,20.0,2001.0,28,12,1426,15.8,4,2,6,4,0,0,4,0,0.2531645569620253,0.12658227848101264,0.37974683544303794,0.2531645569620253,0.37974683544303794,False,2022-23,2022,False,
Crysencio Summerville,Netherlands,"MF,FW",West Ham,22.0,2001.0,19,7,786,8.7,1,1,2,1,0,0,2,0,0.1149425287356322,0.1149425287356322,0.2298850574712644,0.1149425287356322,0.2298850574712644,False,2024-25,2024,False,
Crysencio Summerville,Netherlands,"MF,FW",West Ham,23.0,2001.0,31,29,2470,27.4,5,2,7,5,0,0,6,0,0.18248175182481752,0.07299270072992702,0.25547445255474455,0.18248175182481752,0.25547445255474455,False,2025-26,2025,False,
Cucho,Colombia,"MF,FW",Watford,22.0,1999.0,25,11,1147,12.7,5,2,7,5,0,0,3,0,0.3937007874015748,0.15748031496062992,0.5511811023622047,0.3937007874015748,0.5511811023622047,False,2021-22,2021,False,
Curtis Jones,England,MF,Liverpool,20.0,2001.0,15,10,851,9.5,1,1,2,1,0,0,0,0,0.10526315789473684,0.10526315789473684,0.21052631578947367,0.10526315789473684,0.21052631578947367,False,2021-22,2021,False,
Curtis Jones,England,MF,Liverpool,21.0,2001.0,18,12,1035,11.5,3,1,4,3,0,0,2,0,0.2608695652173913,0.08695652173913043,0.34782608695652173,0.2608695652173913,0.34782608695652173,False,2022-23,2022,False,
Curtis Jones,England,MF,Liverpool,22.0,2001.0,23,14,1167,13.0,1,1,2,1,0,0,3,1,0.07692307692307693,0.07692307692307693,0.15384615384615385,0.07692307692307693,0.15384615384615385,False,2023-24,2023,False,
Curtis Jones,England,"MF,DF",Liverpool,23.0,2001.0,33,19,1712,19.0,3,3,6,3,0,0,3,1,0.15789473684210525,0.15789473684210525,0.3157894736842105,0.15789473684210525,0.3157894736842105,False,2024-25,2024,False,
Curtis Jones,England,"MF,DF",Liverpool,24.0,2001.0,34,18,1937,21.5,1,2,3,1,0,0,2,0,0.046511627906976744,0.09302325581395349,0.13953488372093023,0.046511627906976744,0.13953488372093023,False,2025-26,2025,False,
Cédric Soares,Portugal,DF,Arsenal,29.0,1991.0,21,16,1486,16.5,1,1,2,1,0,0,3,0,0.06060606060606061,0.06060606060606061,0.12121212121212122,0.06060606060606061,0.12121212121212122,False,2021-22,2021,False,
Cédric Soares,Portugal,"DF,MF",Arsenal,31.0,1991.0,3,0,62,0.7,0,0,0,0,0,0,0,0,0.0,0.0,0.0,0.0,0.0,False,2023-24,2023,False,
Cédric SoaresCédric Soares,Portugal,"DF,MF",Fulham,30.0,1991.0,8,2,227,2.5,0,0,0,0,0,0,0,0,0.0,0.0,0.0,0.0,0.0,False,2022-23,2022,False,
César Azpilicueta,Spain,"DF,MF",Chelsea,31.0,1989.0,27,24,2070,23.0,1,2,3,1,0,0,3,0,0.043478260869565216,0.08695652173913043,0.13043478260869565,0.043478260869565216,0.13043478260869565,False,2021-22,2021,False,
César Azpilicueta,Spain,"DF,MF",Chelsea,32.0,1989.0,25,16,1527,17.0,0,0,0,0,0,0,3,0,0.0,0.0,0.0,0.0,0.0,False,2022-23,2022,False,
César Palacios,,MF,Fulham,,,3,3,207,2.3,1,0,1,1,0,0,1,0,0.43,0.0,0.43,0.43,0.43,False,2026-27,2026,True,4.0
Daichi Kamada,Japan,MF,Crystal Palace,27.0,1996.0,34,15,1564,17.4,0,0,0,0,0,0,4,1,0.0,0.0,0.0,0.0,0.0,False,2024-25,2024,False,
Daichi Kamada,Japan,MF,Crystal Palace,28.0,1996.0,28,22,1902,21.1,0,0,0,0,0,0,3,0,0.0,0.0,0.0,0.0,0.0,False,2025-26,2025,False,
Daichi Kamada,,MF,Crystal Palace,29.0,1996.0,4,4,351,3.9,0,3,3,0,0,0,1,0,0.0,0.77,0.77,0.0,0.77,False,2026-27,2026,True,4.0
Daiki Hashioka,Japan,"DF,MF",Luton Town,24.0,1999.0,10,6,595,6.6,0,0,0,0,0,0,0,0,0.0,0.0,0.0,0.0,0.0,False,2023-24,2023,False,
Daizen Maeda,,MF,Ipswich Town,,,4,3,244,2.7,0,0,0,0,0,0,0,0,0.0,0.0,0.0,0.0,0.0,False,2026-27,2026,True,4.0
Dale Stephens,England,MF,Burnley,32.0,1989.0,3,1,124,1.4,0,0,0,0,0,0,1,0,0.0,0.0,0.0,0.0,0.0,False,2021-22,2021,False,
Dan Burn,England,DF,Newcastle,30.0,1992.0,38,35,3111,34.6,1,0,1,1,0,0,5,0,0.028901734104046242,0.0,0.028901734104046242,0.028901734104046242,0.028901734104046242,False,2022-23,2022,False,
Dan Burn,England,DF,Newcastle,31.0,1992.0,33,32,2726,30.3,2,2,4,2,0,0,4,0,0.066006600660066,0.066006600660066,0.132013201320132,0.066006600660066,0.132013201320132,False,2023-24,2023,False,
Dan Burn,England,DF,Newcastle,32.0,1992.0,37,37,3330,37.0,1,1,2,1,0,0,11,0,0.02702702702702703,0.02702702702702703,0.05405405405405406,0.02702702702702703,0.05405405405405406,False,2024-25,2024,False,
Dan Burn,England,DF,Newcastle,33.0,1992.0,29,25,2199,24.4,1,2,3,1,0,0,11,1,0.04098360655737705,0.0819672131147541,0.12295081967213116,0.04098360655737705,0.12295081967213116,False,2025-26,2025,False,
Dan BurnDan Burn,England,DF,Newcastle,29.0,1992.0,29,28,2462,27.4,1,1,2,1,0,0,8,0,0.03649635036496351,0.03649635036496351,0.07299270072992702,0.03649635036496351,0.07299270072992702,False,2021-22,2021,False,
Dan Gosling,England,MF,Watford,31.0,1990.0,4,2,166,1.8,1,0,1,1,0,0,0,0,0.5555555555555556,0.0,0.5555555555555556,0.5555555555555556,0.5555555555555556,False,2021-22,2021,False,
Dan Ndoye,Switzerland,MF,Nottingham,24.0,2000.0,24,14,1173,13.0,1,1,2,1,0,0,1,0,0.07692307692307693,0.07692307692307693,0.15384615384615385,0.07692307692307693,0.15384615384615385,False,2025-26,2025,False,
Dan Ndoye,,MF,Nottingham,25.0,2000.0,4,4,258,2.9,1,0,1,1,0,0,1,0,0.35,0.0,0.35,0.35,0.35,False,2026-27,2026,True,4.0
Dan Neil,England,MF,Sunderland,23.0,2001.0,3,0,14,0.2,0,0,0,0,0,0,0,0,0.0,0.0,0.0,0.0,0.0,False,2025-26,2025,False,
Dane Scarlett,England,FW,Tottenham,17.0,2004.0,1,0,4,0.0,0,0,0,0,0,0,0,0,0.0,0.0,0.0,0.0,0.0,False,2021-22,2021,False,
Dane Scarlett,England,FW,Tottenham,19.0,2004.0,4,0,22,0.2,0,0,0,0,0,0,0,0,0.0,0.0,0.0,0.0,0.0,False,2023-24,2023,False,
Dane Scarlett,England,FW,Tottenham,20.0,2004.0,3,0,34,0.4,0,1,1,0,0,0,0,0,0.0,2.5,2.5,0.0,2.5,False,2024-25,2024,False,
Dane Scarlett,England,FW,Tottenham,21.0,2004.0,2,0,9,0.1,0,0,0,0,0,0,0,0,0.0,0.0,0.0,0.0,0.0,False,2025-26,2025,False,
Dango Ouattara,Burkina Faso,MF,Bournemouth,20.0,2002.0,19,15,1241,13.8,1,3,4,1,0,0,1,0,0.07246376811594203,0.21739130434782608,0.2898550724637681,0.07246376811594203,0.2898550724637681,False,2022-23,2022,False,
Dango Ouattara,Burkina Faso,"DF,MF",Bournemouth,21.0,2002.0,30,12,1229,13.7,1,2,3,1,0,0,3,0,0.07299270072992702,0.14598540145985403,0.21897810218978103,0.07299270072992702,0.21897810218978103,False,2023-24,2023,False,
Dango Ouattara,Burkina Faso,"MF,FW",Bournemouth,22.0,2002.0,32,21,2005,22.3,7,4,11,7,0,0,3,0,0.3139013452914798,0.17937219730941703,0.49327354260089684,0.3139013452914798,0.49327354260089684,False,2024-25,2024,False,
Dango Ouattara,Burkina Faso,MF,Brentford,23.0,2002.0,32,25,2276,25.3,7,3,10,7,0,0,5,0,0.2766798418972332,0.11857707509881422,0.3952569169960474,0.2766798418972332,0.3952569169960474,False,2025-26,2025,False,
Dango Ouattara,,MF,Brentford,23.0,2002.0,4,2,172,1.9,0,0,0,0,0,0,0,0,0.0,0.0,0.0,0.0,0.0,False,2026-27,2026,True,4.0
Daniel Amartey,Ghana,DF,Leicester City,26.0,1994.0,28,23,2123,23.6,0,0,0,0,0,0,4,0,0.0,0.0,0.0,0.0,0.0,False,2021-22,2021,False,
Daniel Amartey,Ghana,DF,Leicester City,27.0,1994.0,20,18,1610,17.9,0,0,0,0,0,0,1,0,0.0,0.0,0.0,0.0,0.0,False,2022-23,2022,False,
Daniel Bachmann,Austria,GK,Watford,27.0,1994.0,12,12,1080,12.0,0,0,0,0,0,0,0,0,0.0,0.0,0.0,0.0,0.0,False,2021-22,2021,False,
Daniel Ballard,Northern Ireland,DF,Sunderland,25.0,1999.0,29,24,2149,23.9,2,0,2,2,0,0,4,1,0.08368200836820085,0.0,0.08368200836820085,0.08368200836820085,0.08368200836820085,False,2025-26,2025,False,
Daniel Ballard,,DF,Sunderland,26.0,1999.0,4,4,360,4.0,0,0,0,0,0,0,2,0,0.0,0.0,0.0,0.0,0.0,False,2026-27,2026,True,4.0
Daniel Bentley,England,GK,Wolves,29.0,1993.0,2,2,180,2.0,0,0,0,0,0,0,0,0,0.0,0.0,0.0,0.0,0.0,False,2022-23,2022,False,
Daniel Bentley,England,GK,Wolves,30.0,1993.0,5,3,383,4.3,0,0,0,0,0,0,0,0,0.0,0.0,0.0,0.0,0.0,False,2023-24,2023,False,
Daniel Bentley,England,GK,Wolves,31.0,1993.0,2,2,180,2.0,0,0,0,0,0,0,0,0,0.0,0.0,0.0,0.0,0.0,False,2024-25,2024,False,
Daniel Bentley,England,GK,Wolves,32.0,1993.0,3,3,270,3.0,0,0,0,0,0,0,0,0,0.0,0.0,0.0,0.0,0.0,False,2025-26,2025,False,
Daniel Chesters,England,MF,West Ham,19.0,2002.0,1,0,1,0.0,0,0,0,0,0,0,0,0,0.0,0.0,0.0,0.0,0.0,False,2021-22,2021,False,
Daniel Gore,England,MF,Manchester Utd,18.0,2004.0,1,0,1,0.0,0,0,0,0,0,0,0,0,0.0,0.0,0.0,0.0,0.0,False,2023-24,2023,False,
Daniel Iversen,Denmark,GK,Leicester City,25.0,1997.0,12,12,1080,12.0,0,0,0,0,0,0,0,0,0.0,0.0,0.0,0.0,0.0,False,2022-23,2022,False,
Daniel James,Wales,"FW,MF",Leeds United,27.0,1997.0,19,6,559,6.2,0,0,0,0,0,0,0,0,0.0,0.0,0.0,0.0,0.0,False,2025-26,2025,False,
Daniel James,,"FW,MF",Leeds United,28.0,1997.0,2,0,31,0.3,0,0,0,0,0,0,0,0,0.0,0.0,0.0,0.0,0.0,False,2026-27,2026,True,4.0
Daniel JamesDaniel James,Wales,"FW,MF",Manchester Utd,23.0,1997.0,34,31,2492,27.7,4,4,8,4,0,0,7,1,0.1444043321299639,0.1444043321299639,0.2888086642599278,0.1444043321299639,0.2888086642599278,False,2021-22,2021,False,
Daniel JamesDaniel James,Wales,"MF,FW",Leeds United,24.0,1997.0,24,7,819,9.100000000000001,2,1,3,2,0,0,0,0,0.21978021978021975,0.10989010989010987,0.3296703296703296,0.21978021978021975,0.3296703296703296,False,2022-23,2022,False,
Daniel Jebbison,Canada,FW,Sheffield United,19.0,2003.0,1,0,21,0.2,0,0,0,0,0,0,0,0,0.0,0.0,0.0,0.0,0.0,False,2023-24,2023,False,
Daniel Jebbison,Canada,FW,Bournemouth,20.0,2003.0,16,0,119,1.3,1,0,1,1,0,0,1,0,0.7692307692307692,0.0,0.7692307692307692,0.7692307692307692,0.7692307692307692,False,2024-25,2024,False,
Daniel Jebbison,,FW,Bournemouth,22.0,2003.0,2,0,18,0.2,0,0,0,0,0,0,0,0,0.0,0.0,0.0,0.0,0.0,False,2026-27,2026,True,4.0
Daniel Muñoz,Colombia,"MF,DF",Crystal Palace,27.0,1996.0,16,16,1439,16.0,0,4,4,0,0,0,4,0,0.0,0.25,0.25,0.0,0.25,False,2023-24,2023,False,
Daniel Muñoz,Colombia,MF,Crystal Palace,28.0,1996.0,37,37,3228,35.9,4,5,9,4,0,0,10,0,0.11142061281337048,0.1392757660167131,0.25069637883008355,0.11142061281337048,0.25069637883008355,False,2024-25,2024,False,
Daniel Muñoz,Colombia,MF,Crystal Palace,29.0,1996.0,29,29,2399,26.7,4,3,7,4,0,0,7,0,0.149812734082397,0.11235955056179775,0.2621722846441948,0.149812734082397,0.2621722846441948,False,2025-26,2025,False,
Daniel Muñoz,,MF,Crystal Palace,29.0,1996.0,1,1,54,0.6,0,0,0,0,0,0,0,0,0.0,0.0,0.0,0.0,0.0,False,2026-27,2026,True,4.0
Daniel Muñoz,,MF,Nottingham,29.0,1996.0,2,1,122,1.4,0,0,0,0,0,0,0,0,0.0,0.0,0.0,0.0,0.0,False,2026-27,2026,True,4.0
Daniel Podence,Portugal,"FW,MF",Wolves,25.0,1995.0,26,15,1484,16.5,2,3,5,2,0,0,2,0,0.12121212121212122,0.18181818181818182,0.30303030303030304,0.12121212121212122,0.30303030303030304,False,2021-22,2021,False,
Daniel Podence,Portugal,"MF,FW",Wolves,26.0,1995.0,32,20,1771,19.7,6,0,6,6,0,0,5,0,0.30456852791878175,0.0,0.30456852791878175,0.30456852791878175,0.30456852791878175,False,2022-23,2022,False,
Daniel Podence,Portugal,"FW,MF",Wolves,28.0,1995.0,2,0,48,0.5,0,0,0,0,0,0,0,0,0.0,0.0,0.0,0.0,0.0,False,2024-25,2024,False,
Danilo Santos,Brazil,MF,Nottingham,21.0,2001.0,13,12,976,10.8,3,2,5,3,0,0,1,0,0.27777777777777773,0.18518518518518517,0.4629629629629629,0.27777777777777773,0.4629629629629629,False,2022-23,2022,False,
Danilo Santos,Brazil,MF,Nottingham,22.0,2001.0,29,20,1792,19.9,2,2,4,2,0,0,4,0,0.10050251256281408,0.10050251256281408,0.20100502512562815,0.10050251256281408,0.20100502512562815,False,2023-24,2023,False,
Danilo Santos,Brazil,MF,Nottingham,23.0,2001.0,8,5,275,3.1,0,0,0,0,0,0,0,0,0.0,0.0,0.0,0.0,0.0,False,2024-25,2024,False,
Danny Ings,England,FW,Aston Villa,29.0,1992.0,30,22,1898,21.1,7,6,13,6,1,1,4,0,0.33175355450236965,0.2843601895734597,0.6161137440758293,0.2843601895734597,0.5687203791469193,False,2021-22,2021,False,
Danny Ings,England,"FW,MF",West Ham,31.0,1992.0,20,3,404,4.5,1,0,1,1,0,0,1,0,0.2222222222222222,0.0,0.2222222222222222,0.2222222222222222,0.2222222222222222,False,2023-24,2023,False,
Danny Ings,England,FW,West Ham,32.0,1992.0,15,1,284,3.2,1,2,3,1,0,0,0,0,0.3125,0.625,0.9375,0.3125,0.9375,False,2024-25,2024,False,
Danny IngsDanny Ings,England,FW,West Ham,30.0,1992.0,35,15,1599,17.799999999999997,8,2,10,6,2,2,4,0,0.4494382022471911,0.11235955056179778,0.5617977528089888,0.3370786516853933,0.449438202247191,False,2022-23,2022,False,
Danny Rose,England,DF,Watford,31.0,1990.0,8,7,689,7.7,0,0,0,0,0,0,4,0,0.0,0.0,0.0,0.0,0.0,False,2021-22,2021,False,
Danny Ward,Wales,GK,Leicester City,28.0,1993.0,1,1,90,1.0,0,0,0,0,0,0,0,0,0.0,0.0,0.0,0.0,0.0,False,2021-22,2021,False,
Danny Ward,Wales,GK,Leicester City,29.0,1993.0,26,26,2340,26.0,0,0,0,0,0,0,0,0,0.0,0.0,0.0,0.0,0.0,False,2022-23,2022,False,
Danny Ward,Wales,GK,Leicester City,31.0,1993.0,2,1,135,1.5,0,0,0,0,0,0,0,0,0.0,0.0,0.0,0.0,0.0,False,2024-25,2024,False,
Danny Welbeck,England,"FW,MF",Brighton,30.0,1990.0,25,15,1478,16.4,6,2,8,6,0,0,0,0,0.3658536585365854,0.12195121951219513,0.48780487804878053,0.3658536585365854,0.48780487804878053,False,2021-22,2021,False,
Danny Welbeck,England,FW,Brighton,31.0,1990.0,31,21,1854,20.6,6,3,9,6,0,0,0,0,0.2912621359223301,0.14563106796116504,0.4368932038834951,0.2912621359223301,0.4368932038834951,False,2022-23,2022,False,
Danny Welbeck,England,"FW,MF",Brighton,32.0,1990.0,29,21,1693,18.8,5,1,6,5,0,0,4,0,0.26595744680851063,0.05319148936170213,0.3191489361702127,0.26595744680851063,0.3191489361702127,False,2023-24,2023,False,
Danny Welbeck,England,FW,Brighton,33.0,1990.0,30,24,2115,23.5,10,4,14,9,1,1,5,0,0.425531914893617,0.1702127659574468,0.5957446808510638,0.3829787234042553,0.5531914893617021,False,2024-25,2024,False,
Danny Welbeck,England,FW,Brighton,34.0,1990.0,37,26,2258,25.1,13,1,14,12,1,3,5,0,0.5179282868525896,0.0398406374501992,0.5577689243027888,0.4780876494023904,0.5179282868525896,False,2025-26,2025,False,
Danny Welbeck,,"FW,MF",Chelsea,35.0,1990.0,2,0,17,0.2,0,0,0,0,0,0,0,0,0.0,0.0,0.0,0.0,0.0,False,2026-27,2026,True,4.0
Dara O'Shea,Ireland,DF,Burnley,24.0,1999.0,33,32,2892,32.1,3,4,7,3,0,0,5,1,0.09345794392523364,0.12461059190031153,0.21806853582554517,0.09345794392523364,0.21806853582554517,False,2023-24,2023,False,
Dara O'Shea,Ireland,DF,Ipswich Town,25.0,1999.0,35,35,3122,34.7,0,2,2,0,0,0,6,0,0.0,0.05763688760806916,0.05763688760806916,0.0,0.05763688760806916,False,2024-25,2024,False,
Dara O'Shea,,DF,Ipswich Town,26.0,1999.0,4,4,360,4.0,0,0,0,0,0,0,0,0,0.0,0.0,0.0,0.0,0.0,False,2026-27,2026,True,4.0
Dario Essugo,Portugal,MF,Chelsea,20.0,2005.0,3,0,30,0.3,0,0,0,0,0,0,2,0,0.0,0.0,0.0,0.0,0.0,False,2025-26,2025,False,
Darko Gyabi,England,MF,Leeds United,18.0,2004.0,1,0,8,0.1,0,0,0,0,0,0,0,0,0.0,0.0,0.0,0.0,0.0,False,2022-23,2022,False,
Darnell Furlong,,"DF,MF",Ipswich Town,,,1,0,18,0.2,0,0,0,0,0,0,0,0,0.0,0.0,0.0,0.0,0.0,False,2026-27,2026,True,4.0
Darwin Núñez,Uruguay,FW,Liverpool,23.0,1999.0,29,19,1695,18.8,9,3,12,9,0,0,1,1,0.4787234042553191,0.15957446808510636,0.6382978723404255,0.4787234042553191,0.6382978723404255,False,2022-23,2022,False,
Darwin Núñez,Uruguay,FW,Liverpool,24.0,1999.0,36,22,2047,22.7,11,8,19,11,0,1,9,0,0.4845814977973568,0.3524229074889868,0.8370044052863437,0.4845814977973568,0.8370044052863437,False,2023-24,2023,False,
Darwin Núñez,Uruguay,FW,Liverpool,25.0,1999.0,30,8,1133,12.6,5,2,7,5,0,0,8,0,0.39682539682539686,0.15873015873015872,0.5555555555555556,0.39682539682539686,0.5555555555555556,False,2024-25,2024,False,
Darío Osorio,,"FW,MF",Crystal Palace,,,1,0,2,0.0,0,0,0,0,0,0,0,0,0.0,0.0,0.0,0.0,0.0,False,2026-27,2026,True,4.0
David Affengruber,,DF,Fulham,,,1,1,90,1.0,0,0,0,0,0,0,0,0,0.0,0.0,0.0,0.0,0.0,False,2026-27,2026,True,4.0
David Brooks,Wales,MF,Bournemouth,25.0,1997.0,6,2,173,1.9,0,0,0,0,0,0,1,0,0.0,0.0,0.0,0.0,0.0,False,2022-23,2022,False,
David Brooks,Wales,MF,Bournemouth,26.0,1997.0,13,2,282,3.1,1,1,2,1,0,0,1,0,0.3225806451612903,0.3225806451612903,0.6451612903225806,0.3225806451612903,0.6451612903225806,False,2023-24,2023,False,
David Brooks,Wales,MF,Bournemouth,27.0,1997.0,29,9,960,10.7,2,0,2,2,0,0,3,0,0.1869158878504673,0.0,0.1869158878504673,0.1869158878504673,0.1869158878504673,False,2024-25,2024,False,
David Brooks,Wales,MF,Bournemouth,28.0,1997.0,31,13,1204,13.4,1,3,4,1,0,0,7,0,0.07462686567164178,0.22388059701492538,0.29850746268656714,0.07462686567164178,0.29850746268656714,False,2025-26,2025,False,
David Brooks,,"FW,MF",Bournemouth,28.0,1997.0,3,0,33,0.4,0,0,0,0,0,0,1,0,0.0,0.0,0.0,0.0,0.0,False,2026-27,2026,True,4.0
David Datro Fofana,Ivory Coast,FW,Chelsea,19.0,2002.0,3,1,70,0.8,0,0,0,0,0,0,0,0,0.0,0.0,0.0,0.0,0.0,False,2022-23,2022,False,
David Datro Fofana,Ivory Coast,FW,Burnley,20.0,2002.0,15,10,879,9.8,4,1,5,4,0,0,1,0,0.4081632653061224,0.1020408163265306,0.5102040816326531,0.4081632653061224,0.5102040816326531,False,2023-24,2023,False,
David Møller Wolfe,Norway,"MF,DF",Wolves,23.0,2002.0,22,11,1049,11.7,0,2,2,0,0,0,1,0,0.0,0.17094017094017094,0.17094017094017094,0.0,0.17094017094017094,False,2025-26,2025,False,
David Ozoh,England,MF,Crystal Palace,17.0,2005.0,1,0,1,0.0,0,0,0,0,0,0,0,0,0.0,0.0,0.0,0.0,0.0,False,2022-23,2022,False,
David Ozoh,England,MF,Crystal Palace,18.0,2005.0,9,0,156,1.7,0,0,0,0,0,0,1,0,0.0,0.0,0.0,0.0,0.0,False,2023-24,2023,False,
David Raya,Spain,GK,Brentford,25.0,1995.0,24,24,2160,24.0,0,0,0,0,0,0,1,0,0.0,0.0,0.0,0.0,0.0,False,2021-22,2021,False,
David Raya,Spain,GK,Brentford,26.0,1995.0,38,38,3420,38.0,0,0,0,0,0,0,1,0,0.0,0.0,0.0,0.0,0.0,False,2022-23,2022,False,
David Raya,Spain,GK,Arsenal,27.0,1995.0,32,32,2880,32.0,0,0,0,0,0,0,2,0,0.0,0.0,0.0,0.0,0.0,False,2023-24,2023,False,
David Raya,Spain,GK,Arsenal,28.0,1995.0,38,38,3420,38.0,0,0,0,0,0,0,3,0,0.0,0.0,0.0,0.0,0.0,False,2024-25,2024,False,
David Raya,Spain,GK,Arsenal,29.0,1995.0,37,37,3330,37.0,0,0,0,0,0,0,1,0,0.0,0.0,0.0,0.0,0.0,False,2025-26,2025,False,
David Raya,,GK,Arsenal,30.0,1995.0,4,4,360,4.0,0,0,0,0,0,0,0,0,0.0,0.0,0.0,0.0,0.0,False,2026-27,2026,True,4.0
David de Gea,Spain,GK,Manchester Utd,30.0,1990.0,38,38,3420,38.0,0,0,0,0,0,0,0,0,0.0,0.0,0.0,0.0,0.0,False,2021-22,2021,False,
David de Gea,Spain,GK,Manchester Utd,31.0,1990.0,38,38,3420,38.0,0,0,0,0,0,0,0,0,0.0,0.0,0.0,0.0,0.0,False,2022-23,2022,False,
Davinson Sánchez,Colombia,DF,Tottenham,25.0,1996.0,23,17,1631,18.1,2,0,2,2,0,0,4,0,0.11049723756906077,0.0,0.11049723756906077,0.11049723756906077,0.11049723756906077,False,2021-22,2021,False,
Davinson Sánchez,Colombia,DF,Tottenham,26.0,1996.0,18,8,858,9.5,0,0,0,0,0,0,1,0,0.0,0.0,0.0,0.0,0.0,False,2022-23,2022,False,
Davinson Sánchez,Colombia,DF,Tottenham,27.0,1996.0,1,0,77,0.9,0,0,0,0,0,0,1,0,0.0,0.0,0.0,0.0,0.0,False,2023-24,2023,False,
Dean Henderson,England,GK,Nottingham,25.0,1997.0,18,18,1620,18.0,0,0,0,0,0,0,2,0,0.0,0.0,0.0,0.0,0.0,False,2022-23,2022,False,
Dean Henderson,England,GK,Crystal Palace,26.0,1997.0,18,18,1620,18.0,0,0,0,0,0,0,2,0,0.0,0.0,0.0,0.0,0.0,False,2023-24,2023,False,
Dean Henderson,England,GK,Crystal Palace,27.0,1997.0,38,38,3420,38.0,0,0,0,0,0,0,3,0,0.0,0.0,0.0,0.0,0.0,False,2024-25,2024,False,
Dean Henderson,England,GK,Crystal Palace,28.0,1997.0,37,37,3330,37.0,0,0,0,0,0,0,5,0,0.0,0.0,0.0,0.0,0.0,False,2025-26,2025,False,
Dean Henderson,England,GK,Crystal Palace,28.0,1997.0,3,3,270,3.0,0,0,0,0,0,0,0,0,0.0,0.0,0.0,0.0,0.0,False,2026-27,2026,True,4.0
Dean Huijsen,Spain,DF,Bournemouth,19.0,2005.0,32,26,2427,27.0,3,2,5,3,0,0,10,0,0.1111111111111111,0.07407407407407407,0.18518518518518517,0.1111111111111111,0.18518518518518517,False,2024-25,2024,False,
Declan Rice,England,MF,West Ham,22.0,1999.0,36,35,3179,35.3,1,4,5,1,0,0,8,0,0.028328611898017,0.113314447592068,0.141643059490085,0.028328611898017,0.141643059490085,False,2021-22,2021,False,
Declan Rice,England,MF,West Ham,23.0,1999.0,37,36,3273,36.4,4,2,6,4,0,1,5,0,0.10989010989010989,0.054945054945054944,0.16483516483516483,0.10989010989010989,0.16483516483516483,False,2022-23,2022,False,
Declan Rice,England,MF,Arsenal,24.0,1999.0,38,37,3225,35.8,7,8,15,7,0,0,5,0,0.19553072625698326,0.223463687150838,0.4189944134078213,0.19553072625698326,0.4189944134078213,False,2023-24,2023,False,
Declan Rice,England,MF,Arsenal,25.0,1999.0,35,33,2825,31.4,4,7,11,4,0,0,7,1,0.12738853503184713,0.2229299363057325,0.35031847133757965,0.12738853503184713,0.35031847133757965,False,2024-25,2024,False,
Declan Rice,England,MF,Arsenal,26.0,1999.0,36,35,3094,34.4,4,5,9,4,0,0,3,0,0.11627906976744186,0.14534883720930233,0.2616279069767442,0.11627906976744186,0.2616279069767442,False,2025-26,2025,False,
Declan Rice,England,MF,Arsenal,26.0,1999.0,4,4,321,3.6,0,2,2,0,0,0,0,0,0.0,0.56,0.56,0.0,0.56,False,2026-27,2026,True,4.0
Deivid Washington,Brazil,FW,Chelsea,18.0,2005.0,2,0,13,0.1,0,0,0,0,0,0,0,0,0.0,0.0,0.0,0.0,0.0,False,2023-24,2023,False,
Dejan Kulusevski,Sweden,"MF,FW",Tottenham,21.0,2000.0,18,14,1261,14.0,5,8,13,5,0,0,3,0,0.35714285714285715,0.5714285714285714,0.9285714285714286,0.35714285714285715,0.9285714285714286,False,2021-22,2021,False,
Dejan Kulusevski,Sweden,"MF,FW",Tottenham,22.0,2000.0,30,23,2067,23.0,2,7,9,2,0,0,2,0,0.08695652173913043,0.30434782608695654,0.391304347826087,0.08695652173913043,0.391304347826087,False,2022-23,2022,False,
Dejan Kulusevski,Sweden,"MF,FW",Tottenham,23.0,2000.0,36,31,2762,30.7,8,3,11,8,0,0,7,0,0.26058631921824105,0.09771986970684039,0.3583061889250814,0.26058631921824105,0.3583061889250814,False,2023-24,2023,False,
Dejan Kulusevski,Sweden,"MF,FW",Tottenham,24.0,2000.0,32,27,2389,26.5,7,4,11,7,0,0,3,0,0.2641509433962264,0.1509433962264151,0.41509433962264153,0.2641509433962264,0.41509433962264153,False,2024-25,2024,False,
Dele Alli,England,"FW,MF",Everton,26.0,1996.0,2,0,40,0.4,0,0,0,0,0,0,0,0,0.0,0.0,0.0,0.0,0.0,False,2022-23,2022,False,
Dele Alli,England,MF,Tottenham,25.0,1996.0,21,9,995,11.1,1,0,1,0,1,1,4,0,0.0900900900900901,0.0,0.0900900900900901,0.0,0.0,False,2021-22,2021,False,
Demarai Gray,Jamaica,"MF,FW",Everton,25.0,1996.0,34,28,2338,26.0,5,4,9,5,0,0,3,0,0.19230769230769232,0.15384615384615385,0.34615384615384615,0.19230769230769232,0.34615384615384615,False,2021-22,2021,False,
Demarai Gray,Jamaica,"FW,MF",Everton,26.0,1996.0,33,27,2507,27.9,4,1,5,2,2,2,3,0,0.14336917562724016,0.03584229390681004,0.17921146953405018,0.07168458781362008,0.1075268817204301,False,2022-23,2022,False,
Denis Zakaria,Switzerland,MF,Chelsea,25.0,1996.0,7,5,411,4.6,0,0,0,0,0,0,0,0,0.0,0.0,0.0,0.0,0.0,False,2022-23,2022,False,
Deniz Undav,Germany,"MF,FW",Brighton,26.0,1996.0,22,6,628,7.0,5,0,5,5,0,0,2,0,0.7142857142857143,0.0,0.7142857142857143,0.7142857142857143,0.7142857142857143,False,2022-23,2022,False,
Dennis Cirkin,Latvia,DF,Sunderland,23.0,2002.0,8,3,323,3.6,0,0,0,0,0,0,2,0,0.0,0.0,0.0,0.0,0.0,False,2025-26,2025,False,
Dennis Praet,Belgium,MF,Leicester City,28.0,1994.0,22,6,649,7.2,1,0,1,1,0,0,1,0,0.1388888888888889,0.0,0.1388888888888889,0.1388888888888889,0.1388888888888889,False,2022-23,2022,False,
Destiny Udogie,Italy,DF,Tottenham,20.0,2002.0,28,28,2391,26.6,2,3,5,2,0,0,7,1,0.07518796992481203,0.11278195488721804,0.18796992481203006,0.07518796992481203,0.18796992481203006,False,2023-24,2023,False,
Destiny Udogie,Italy,DF,Tottenham,21.0,2002.0,25,24,1924,21.4,0,1,1,0,0,0,2,0,0.0,0.04672897196261683,0.04672897196261683,0.0,0.04672897196261683,False,2024-25,2024,False,
Destiny Udogie,Italy,"DF,MF",Tottenham,22.0,2002.0,20,14,1338,14.9,0,1,1,0,0,0,4,0,0.0,0.06711409395973154,0.06711409395973154,0.0,0.06711409395973154,False,2025-26,2025,False,
Destiny Udogie,Italy,DF,Tottenham,23.0,2002.0,3,1,88,1.0,0,0,0,0,0,0,1,0,0.0,0.0,0.0,0.0,0.0,False,2026-27,2026,True,4.0
Dexter Lembikisa,Jamaica,"DF,MF",Wolves,18.0,2003.0,1,0,23,0.3,0,0,0,0,0,0,0,0,0.0,0.0,0.0,0.0,0.0,False,2022-23,2022,False,
Diego Carlos,Brazil,DF,Aston Villa,29.0,1993.0,3,2,205,2.3,0,0,0,0,0,0,0,0,0.0,0.0,0.0,0.0,0.0,False,2022-23,2022,False,
Diego Carlos,Brazil,DF,Aston Villa,30.0,1993.0,27,20,1816,20.2,0,0,0,0,0,0,4,0,0.0,0.0,0.0,0.0,0.0,False,2023-24,2023,False,
Diego Carlos,Brazil,DF,Aston Villa,31.0,1993.0,10,8,830,9.2,0,0,0,0,0,0,1,0,0.0,0.0,0.0,0.0,0.0,False,2024-25,2024,False,
Diego Coppola,Italy,DF,Brighton,21.0,2003.0,5,2,194,2.2,0,0,0,0,0,0,2,0,0.0,0.0,0.0,0.0,0.0,False,2025-26,2025,False,
Diego Costa,Spain,FW,Wolves,33.0,1988.0,23,16,1241,13.8,1,0,1,1,0,0,5,1,0.07246376811594203,0.0,0.07246376811594203,0.07246376811594203,0.07246376811594203,False,2022-23,2022,False,
Diego Gómez,Paraguay,MF,Brighton,21.0,2003.0,16,4,516,5.7,1,0,1,1,0,0,0,0,0.17543859649122806,0.0,0.17543859649122806,0.17543859649122806,0.17543859649122806,False,2024-25,2024,False,
Diego Gómez,Paraguay,"MF,FW",Brighton,22.0,2003.0,32,26,2120,23.6,5,1,6,5,0,0,9,0,0.211864406779661,0.0423728813559322,0.2542372881355932,0.211864406779661,0.2542372881355932,False,2025-26,2025,False,
Diego Gómez,Paraguay,MF,Brighton,22.0,2003.0,4,4,348,3.9,0,1,1,0,0,0,0,0,0.0,0.26,0.26,0.0,0.26,False,2026-27,2026,True,4.0
Diego Llorente,Spain,DF,Leeds United,27.0,1993.0,28,28,2340,26.0,3,0,3,3,0,0,7,0,0.11538461538461539,0.0,0.11538461538461539,0.11538461538461539,0.11538461538461539,False,2021-22,2021,False,
Diego Llorente,Spain,DF,Leeds United,28.0,1993.0,8,7,649,7.2,0,0,0,0,0,0,1,0,0.0,0.0,0.0,0.0,0.0,False,2022-23,2022,False,
Dilane Bakwa,France,MF,Nottingham,22.0,2002.0,14,6,553,6.1,0,2,2,0,0,0,1,0,0.0,0.3278688524590164,0.3278688524590164,0.0,0.3278688524590164,False,2025-26,2025,False,
Dimitris Giannoulis,Greece,"DF,MF",Norwich City,25.0,1995.0,18,14,1169,13.0,0,1,1,0,0,0,2,0,0.0,0.07692307692307693,0.07692307692307693,0.0,0.07692307692307693,False,2021-22,2021,False,
Diogo Dalot,Portugal,DF,Manchester Utd,22.0,1999.0,24,19,1801,20.0,0,0,0,0,0,0,4,0,0.0,0.0,0.0,0.0,0.0,False,2021-22,2021,False,
Diogo Dalot,Portugal,DF,Manchester Utd,23.0,1999.0,26,24,2154,23.9,1,2,3,1,0,0,6,0,0.041841004184100423,0.08368200836820085,0.12552301255230125,0.041841004184100423,0.12552301255230125,False,2022-23,2022,False,
Diogo Dalot,Portugal,DF,Manchester Utd,24.0,1999.0,36,35,3174,35.3,2,3,5,2,0,0,6,1,0.056657223796034,0.08498583569405099,0.141643059490085,0.056657223796034,0.141643059490085,False,2023-24,2023,False,
Diogo Dalot,Portugal,"MF,DF",Manchester Utd,25.0,1999.0,33,31,2814,31.3,0,3,3,0,0,0,5,0,0.0,0.09584664536741214,0.09584664536741214,0.0,0.09584664536741214,False,2024-25,2024,False,
Diogo Dalot,Portugal,"DF,MF",Manchester Utd,26.0,1999.0,34,29,2614,29.0,1,3,4,1,0,0,5,0,0.034482758620689655,0.10344827586206896,0.13793103448275862,0.034482758620689655,0.13793103448275862,False,2025-26,2025,False,
Diogo Dalot,Portugal,DF,Manchester Utd,26.0,1999.0,4,3,257,2.9,0,0,0,0,0,0,1,0,0.0,0.0,0.0,0.0,0.0,False,2026-27,2026,True,4.0
Diogo Jota,Portugal,FW,Liverpool,24.0,1996.0,35,27,2364,26.3,15,4,19,15,0,0,3,0,0.5703422053231939,0.1520912547528517,0.7224334600760456,0.5703422053231939,0.7224334600760456,False,2021-22,2021,False,
Diogo Jota,Portugal,"FW,MF",Liverpool,25.0,1996.0,22,12,1131,12.6,7,4,11,7,0,0,2,0,0.5555555555555556,0.31746031746031744,0.873015873015873,0.5555555555555556,0.873015873015873,False,2022-23,2022,False,
Diogo Jota,Portugal,FW,Liverpool,26.0,1996.0,21,14,1145,12.7,10,3,13,10,0,0,3,1,0.7874015748031497,0.2362204724409449,1.0236220472440944,0.7874015748031497,1.0236220472440944,False,2023-24,2023,False,
Diogo Jota,Portugal,FW,Liverpool,27.0,1996.0,26,14,1196,13.3,6,3,9,6,0,0,2,0,0.45112781954887216,0.22556390977443608,0.6766917293233082,0.45112781954887216,0.6766917293233082,False,2024-25,2024,False,
Divin Mubama,England,FW,West Ham,17.0,2004.0,3,0,38,0.4,0,0,0,0,0,0,0,0,0.0,0.0,0.0,0.0,0.0,False,2022-23,2022,False,
Divin Mubama,England,FW,West Ham,18.0,2004.0,5,0,80,0.9,0,0,0,0,0,0,0,0,0.0,0.0,0.0,0.0,0.0,False,2023-24,2023,False,
Divin Mubama,England,FW,Manchester City,19.0,2004.0,1,0,28,0.3,0,0,0,0,0,0,0,0,0.0,0.0,0.0,0.0,0.0,False,2024-25,2024,False,
Divine Mukasa,England,MF,Manchester City,17.0,2007.0,2,0,27,0.3,0,0,0,0,0,0,0,0,0.0,0.0,0.0,0.0,0.0,False,2025-26,2025,False,
Divock Origi,Belgium,"FW,MF",Liverpool,26.0,1995.0,7,0,133,1.5,3,0,3,3,0,0,0,0,2.0,0.0,2.0,2.0,2.0,False,2021-22,2021,False,
Divock Origi,Belgium,"MF,FW",Nottingham,28.0,1995.0,20,6,606,6.7,0,1,1,0,0,0,1,0,0.0,0.14925373134328357,0.14925373134328357,0.0,0.14925373134328357,False,2023-24,2023,False,
Djed Spence,England,"DF,MF",Tottenham,21.0,2000.0,4,0,7,0.1,0,0,0,0,0,0,0,0,0.0,0.0,0.0,0.0,0.0,False,2022-23,2022,False,
Djed Spence,England,DF,Tottenham,23.0,2000.0,25,19,1792,19.9,1,2,3,1,0,0,4,1,0.05025125628140704,0.10050251256281408,0.15075376884422112,0.05025125628140704,0.15075376884422112,False,2024-25,2024,False,
Djed Spence,England,"DF,MF",Tottenham,24.0,2000.0,30,23,2056,22.8,0,0,0,0,0,0,4,0,0.0,0.0,0.0,0.0,0.0,False,2025-26,2025,False,
Dominic Ballard,England,FW,Southampton,17.0,2005.0,2,0,26,0.3,0,0,0,0,0,0,0,0,0.0,0.0,0.0,0.0,0.0,False,2022-23,2022,False,
Dominic Calvert-Lewin,England,FW,Everton,24.0,1997.0,17,15,1283,14.3,5,2,7,3,2,3,2,0,0.34965034965034963,0.13986013986013984,0.4895104895104895,0.2097902097902098,0.34965034965034963,False,2021-22,2021,False,
Dominic Calvert-Lewin,England,FW,Everton,25.0,1997.0,17,15,1165,12.9,2,1,3,1,1,1,3,0,0.15503875968992248,0.07751937984496124,0.23255813953488372,0.07751937984496124,0.15503875968992248,False,2022-23,2022,False,
Dominic Calvert-Lewin,England,FW,Everton,26.0,1997.0,32,26,2171,24.1,7,2,9,5,2,2,2,0,0.2904564315352697,0.08298755186721991,0.37344398340248963,0.20746887966804978,0.29045643153526973,False,2023-24,2023,False,
Dominic Calvert-Lewin,England,FW,Everton,27.0,1997.0,26,19,1609,17.9,3,1,4,3,0,0,2,0,0.1675977653631285,0.0558659217877095,0.223463687150838,0.1675977653631285,0.223463687150838,False,2024-25,2024,False,
Dominic Calvert-Lewin,England,FW,Leeds United,28.0,1997.0,35,30,2721,30.2,14,1,15,10,4,5,3,0,0.4635761589403974,0.033112582781456956,0.49668874172185434,0.33112582781456956,0.3642384105960265,False,2025-26,2025,False,
Dominic Calvert-Lewin,,FW,Leeds United,28.0,1997.0,4,4,329,3.7,2,1,3,2,0,0,3,0,0.55,0.27,0.82,0.55,0.82,False,2026-27,2026,True,4.0
Dominic Sadi,England,MF,Bournemouth,19.0,2003.0,1,0,1,0.0,0,0,0,0,0,0,0,0,0.0,0.0,0.0,0.0,0.0,False,2023-24,2023,False,
Dominic Solanke,England,FW,Bournemouth,24.0,1997.0,33,32,2860,31.8,6,7,13,6,0,0,2,0,0.18867924528301885,0.22012578616352202,0.40880503144654085,0.18867924528301885,0.40880503144654085,False,2022-23,2022,False,
Dominic Solanke,England,FW,Bournemouth,25.0,1997.0,38,37,3325,36.9,19,3,22,17,2,3,3,0,0.5149051490514905,0.08130081300813008,0.5962059620596206,0.46070460704607047,0.5420054200542006,False,2023-24,2023,False,
Dominic Solanke,England,FW,Tottenham,26.0,1997.0,27,25,2201,24.5,9,3,12,8,1,1,0,0,0.3673469387755102,0.12244897959183673,0.4897959183673469,0.32653061224489793,0.4489795918367347,False,2024-25,2024,False,
Dominic Solanke,England,FW,Tottenham,27.0,1997.0,15,11,1001,11.1,3,0,3,3,0,0,1,0,0.2702702702702703,0.0,0.2702702702702703,0.2702702702702703,0.2702702702702703,False,2025-26,2025,False,
Dominic Solanke,,FW,Tottenham,28.0,1997.0,4,1,108,1.2,0,0,0,0,0,0,0,0,0.0,0.0,0.0,0.0,0.0,False,2026-27,2026,True,4.0
Dominic Thompson,England,MF,Brentford,21.0,2000.0,2,2,146,1.6,0,0,0,0,0,0,0,0,0.0,0.0,0.0,0.0,0.0,False,2021-22,2021,False,
Dominik Szoboszlai,Hungary,MF,Liverpool,22.0,2000.0,33,25,2104,23.4,3,2,5,3,0,0,1,0,0.12820512820512822,0.08547008547008547,0.2136752136752137,0.12820512820512822,0.2136752136752137,False,2023-24,2023,False,
Dominik Szoboszlai,Hungary,MF,Liverpool,23.0,2000.0,36,29,2491,27.7,6,6,12,6,0,0,6,0,0.21660649819494585,0.21660649819494585,0.4332129963898917,0.21660649819494585,0.4332129963898917,False,2024-25,2024,False,
Dominik Szoboszlai,Hungary,"MF,DF",Liverpool,24.0,2000.0,36,36,3231,35.9,6,7,13,6,0,1,8,1,0.1671309192200557,0.19498607242339833,0.36211699164345407,0.1671309192200557,0.36211699164345407,False,2025-26,2025,False,
Dominik Szoboszlai,,MF,Liverpool,25.0,2000.0,4,4,360,4.0,1,0,1,0,1,1,0,0,0.25,0.0,0.25,0.0,0.0,False,2026-27,2026,True,4.0
Donny van de Beek,Netherlands,MF,Manchester Utd,25.0,1997.0,7,2,167,1.9,0,0,0,0,0,0,0,0,0.0,0.0,0.0,0.0,0.0,False,2022-23,2022,False,
Donny van de Beek,Netherlands,MF,Manchester Utd,26.0,1997.0,1,0,3,0.0,0,0,0,0,0,0,0,0,0.0,0.0,0.0,0.0,0.0,False,2023-24,2023,False,
Donny van de BeekDonny van de Beek,Netherlands,MF,Manchester Utd,24.0,1997.0,15,5,558,6.2,2,0,2,2,0,0,1,0,0.3225806451612903,0.0,0.3225806451612903,0.3225806451612903,0.3225806451612903,False,2021-22,2021,False,
Donyell Malen,Netherlands,MF,Aston Villa,25.0,1999.0,14,2,305,3.4,3,0,3,3,0,0,0,0,0.8823529411764706,0.0,0.8823529411764706,0.8823529411764706,0.8823529411764706,False,2024-25,2024,False,
Donyell Malen,Netherlands,"FW,MF",Aston Villa,26.0,1999.0,21,5,656,7.3,4,1,5,4,0,0,0,0,0.547945205479452,0.136986301369863,0.684931506849315,0.547945205479452,0.684931506849315,False,2025-26,2025,False,
Douglas Luiz,Brazil,MF,Aston Villa,23.0,1998.0,34,31,2715,30.2,2,3,5,2,0,0,7,0,0.06622516556291391,0.09933774834437087,0.16556291390728478,0.06622516556291391,0.16556291390728478,False,2021-22,2021,False,
Douglas Luiz,Brazil,MF,Aston Villa,24.0,1998.0,37,33,2927,32.5,6,6,12,6,0,0,6,1,0.18461538461538463,0.18461538461538463,0.36923076923076925,0.18461538461538463,0.36923076923076925,False,2022-23,2022,False,
Douglas Luiz,Brazil,MF,Aston Villa,25.0,1998.0,35,35,2993,33.3,9,5,14,5,4,4,12,0,0.2702702702702703,0.15015015015015015,0.42042042042042044,0.15015015015015015,0.3003003003003003,False,2023-24,2023,False,
Douglas LuizDouglas Luiz,Brazil,MF,Nottingham,27.0,1998.0,21,12,919,10.2,1,0,1,1,0,0,3,0,0.09803921568627452,0.0,0.09803921568627452,0.09803921568627452,0.09803921568627452,False,2025-26,2025,False,
Duje Ćaleta-Car,Croatia,DF,Southampton,25.0,1996.0,13,9,946,10.5,1,0,1,1,0,0,2,0,0.09523809523809523,0.0,0.09523809523809523,0.09523809523809523,0.09523809523809523,False,2022-23,2022,False,
Dwight Gayle,England,FW,Newcastle,30.0,1990.0,8,0,38,0.4,0,0,0,0,0,0,1,0,0.0,0.0,0.0,0.0,0.0,False,2021-22,2021,False,
Dwight McNeil,England,MF,Burnley,21.0,1999.0,38,35,3107,34.5,0,1,1,0,0,0,1,0,0.0,0.028985507246376812,0.028985507246376812,0.0,0.028985507246376812,False,2021-22,2021,False,
Dwight McNeil,England,"MF,FW",Everton,22.0,1999.0,36,28,2498,27.8,7,3,10,7,0,0,5,0,0.2517985611510791,0.1079136690647482,0.3597122302158273,0.2517985611510791,0.3597122302158273,False,2022-23,2022,False,
Dwight McNeil,England,MF,Everton,23.0,1999.0,35,33,2892,32.1,3,6,9,3,0,0,2,0,0.09345794392523364,0.18691588785046728,0.2803738317757009,0.09345794392523364,0.2803738317757009,False,2023-24,2023,False,
Dwight McNeil,England,MF,Everton,24.0,1999.0,21,15,1371,15.2,4,6,10,4,0,0,1,0,0.2631578947368421,0.39473684210526316,0.6578947368421053,0.2631578947368421,0.6578947368421053,False,2024-25,2024,False,
Dwight McNeil,England,MF,Everton,25.0,1999.0,22,14,1168,13.0,0,1,1,0,0,0,1,0,0.0,0.07692307692307693,0.07692307692307693,0.0,0.07692307692307693,False,2025-26,2025,False,
Dwight McNeil,,MF,Crystal Palace,26.0,1999.0,2,1,85,0.9,0,0,0,0,0,0,0,0,0.0,0.0,0.0,0.0,0.0,False,2026-27,2026,True,4.0
Eberechi Eze,England,"MF,FW",Crystal Palace,23.0,1998.0,13,6,605,6.7,1,1,2,1,0,0,1,0,0.14925373134328357,0.14925373134328357,0.29850746268656714,0.14925373134328357,0.29850746268656714,False,2021-22,2021,False,
Eberechi Eze,England,"MF,FW",Crystal Palace,24.0,1998.0,38,30,2636,29.3,10,4,14,9,1,1,3,0,0.341296928327645,0.13651877133105803,0.4778156996587031,0.30716723549488056,0.44368600682593856,False,2022-23,2022,False,
Eberechi Eze,England,"MF,FW",Crystal Palace,25.0,1998.0,27,24,2055,22.8,11,4,15,10,1,1,3,0,0.4824561403508772,0.17543859649122806,0.6578947368421052,0.43859649122807015,0.6140350877192982,False,2023-24,2023,False,
Eberechi Eze,England,MF,Crystal Palace,26.0,1998.0,34,31,2588,28.8,8,8,16,7,1,2,1,0,0.2777777777777778,0.2777777777777778,0.5555555555555556,0.24305555555555555,0.5208333333333334,False,2024-25,2024,False,
Eberechi Eze,,"FW,MF",Arsenal,27.0,1998.0,3,0,70,0.8,0,0,0,0,0,0,0,0,0.0,0.0,0.0,0.0,0.0,False,2026-27,2026,True,4.0
Eberechi EzeEberechi Eze,England,"MF,FW",Crystal Palace,27.0,1998.0,33,22,1895,21.0,7,2,9,7,0,0,1,0,0.3333333333333333,0.09523809523809523,0.42857142857142855,0.3333333333333333,0.42857142857142855,False,2025-26,2025,False,
Eddie Nketiah,England,FW,Arsenal,22.0,1999.0,21,8,835,9.3,5,1,6,5,0,0,3,0,0.5376344086021505,0.1075268817204301,0.6451612903225806,0.5376344086021505,0.6451612903225806,False,2021-22,2021,False,
Eddie Nketiah,England,FW,Arsenal,23.0,1999.0,30,9,1089,12.1,4,1,5,4,0,0,3,0,0.3305785123966942,0.08264462809917356,0.4132231404958678,0.3305785123966942,0.4132231404958678,False,2022-23,2022,False,
Eddie Nketiah,England,FW,Arsenal,24.0,1999.0,27,10,1082,12.0,5,2,7,5,0,0,3,0,0.4166666666666667,0.16666666666666666,0.5833333333333334,0.4166666666666667,0.5833333333333334,False,2023-24,2023,False,
Eddie Nketiah,England,"FW,MF",Crystal Palace,25.0,1999.0,29,9,1034,11.5,3,1,4,3,0,0,6,1,0.2608695652173913,0.08695652173913043,0.34782608695652173,0.2608695652173913,0.34782608695652173,False,2024-25,2024,False,
Eddie Nketiah,England,MF,Crystal Palace,26.0,1999.0,12,2,424,4.7,2,0,2,2,0,0,2,0,0.425531914893617,0.0,0.425531914893617,0.425531914893617,0.425531914893617,False,2025-26,2025,False,
Eddie Nketiah,,"MF,FW",Crystal Palace,26.0,1999.0,3,3,166,1.8,0,1,1,0,0,0,0,0,0.0,0.54,0.54,0.0,0.54,False,2026-27,2026,True,4.0
Ederson Moraes,Brazil,GK,Manchester City,27.0,1993.0,37,37,3330,37.0,0,0,0,0,0,0,3,0,0.0,0.0,0.0,0.0,0.0,False,2021-22,2021,False,
Ederson Moraes,Brazil,GK,Manchester City,28.0,1993.0,35,35,3150,35.0,0,1,1,0,0,0,3,0,0.0,0.02857142857142857,0.02857142857142857,0.0,0.02857142857142857,False,2022-23,2022,False,
Ederson Moraes,Brazil,GK,Manchester City,29.0,1993.0,33,33,2785,30.9,0,0,0,0,0,0,5,0,0.0,0.0,0.0,0.0,0.0,False,2023-24,2023,False,
Ederson Moraes,Brazil,GK,Manchester City,30.0,1993.0,26,26,2320,25.8,0,4,4,0,0,0,4,0,0.0,0.15503875968992248,0.15503875968992248,0.0,0.15503875968992248,False,2024-25,2024,False,
Edinson Cavani,Uruguay,FW,Manchester Utd,34.0,1987.0,15,7,766,8.5,2,1,3,2,0,0,0,0,0.23529411764705882,0.11764705882352941,0.35294117647058826,0.23529411764705882,0.35294117647058826,False,2021-22,2021,False,
Edmond-Paris Maghoma,England,MF,Brentford,23.0,2001.0,8,0,119,1.3,0,0,0,0,0,0,0,0,0.0,0.0,0.0,0.0,0.0,False,2024-25,2024,False,
Edo Kayembe,DR Congo,MF,Watford,23.0,1998.0,13,9,799,8.9,0,0,0,0,0,0,0,0,0.0,0.0,0.0,0.0,0.0,False,2021-22,2021,False,
Edson Álvarez,Mexico,MF,West Ham,25.0,1997.0,31,28,2377,26.4,1,1,2,1,0,0,11,0,0.03787878787878788,0.03787878787878788,0.07575757575757576,0.03787878787878788,0.07575757575757576,False,2023-24,2023,False,
Edson Álvarez,Mexico,MF,West Ham,26.0,1997.0,28,20,1772,19.7,0,1,1,0,0,0,9,1,0.0,0.050761421319796954,0.050761421319796954,0.0,0.050761421319796954,False,2024-25,2024,False,
Eiran Cashin,Ireland,DF,Brighton,22.0,2001.0,2,0,20,0.2,0,0,0,0,0,0,0,0,0.0,0.0,0.0,0.0,0.0,False,2024-25,2024,False,
El Hadji Malick Diouf,Senegal,"DF,MF",West Ham,20.0,2004.0,32,30,2707,30.1,0,5,5,0,0,0,6,0,0.0,0.16611295681063123,0.16611295681063123,0.0,0.16611295681063123,False,2025-26,2025,False,
El Hadji Malick Diouf,,"DF,MF",Brentford,21.0,2004.0,1,0,31,0.3,0,0,0,0,0,0,0,0,0.0,0.0,0.0,0.0,0.0,False,2026-27,2026,True,4.0
Eli Junior Kroupi,France,"MF,FW",Bournemouth,19.0,2006.0,33,21,1672,18.6,13,0,13,11,2,2,5,0,0.6989247311827956,0.0,0.6989247311827956,0.5913978494623655,0.5913978494623655,False,2025-26,2025,False,
Eliezer Mayenda,Spain,"FW,MF",Sunderland,20.0,2005.0,20,8,759,8.4,2,0,2,2,0,0,0,0,0.23809523809523808,0.0,0.23809523809523808,0.23809523809523808,0.23809523809523808,False,2025-26,2025,False,
Elijah Adebayo,England,FW,Luton Town,25.0,1998.0,27,16,1419,15.8,10,0,10,10,0,0,1,0,0.6329113924050632,0.0,0.6329113924050632,0.6329113924050632,0.6329113924050632,False,2023-24,2023,False,
Elliot Anderson,England,MF,Newcastle,19.0,2002.0,22,3,410,4.6,0,1,1,0,0,0,0,0,0.0,0.2173913043478261,0.2173913043478261,0.0,0.2173913043478261,False,2022-23,2022,False,
Elliot Anderson,England,"MF,FW",Newcastle,20.0,2002.0,21,10,1027,11.4,0,2,2,0,0,0,3,0,0.0,0.17543859649122806,0.17543859649122806,0.0,0.17543859649122806,False,2023-24,2023,False,
Elliot Anderson,England,MF,Nottingham,21.0,2002.0,37,33,2728,30.3,2,6,8,2,0,0,10,0,0.066006600660066,0.198019801980198,0.264026402640264,0.066006600660066,0.264026402640264,False,2024-25,2024,False,
Elliot Anderson,England,MF,Nottingham,22.0,2002.0,38,37,3331,37.0,4,4,8,3,1,1,8,0,0.10810810810810811,0.10810810810810811,0.21621621621621623,0.08108108108108109,0.1891891891891892,False,2025-26,2025,False,
Elliot Anderson,,MF,Manchester City,23.0,2002.0,4,4,323,3.6,0,0,0,0,0,0,1,0,0.0,0.0,0.0,0.0,0.0,False,2026-27,2026,True,4.0
Elliot Stroud,,MF,Hull City,,,4,4,249,2.8,0,0,0,0,0,0,1,0,0.0,0.0,0.0,0.0,0.0,False,2026-27,2026,True,4.0
Ellis Simms,England,FW,Everton,20.0,2001.0,1,1,61,0.7,0,0,0,0,0,0,0,0,0.0,0.0,0.0,0.0,0.0,False,2021-22,2021,False,
Ellis Simms,England,FW,Everton,21.0,2001.0,11,2,228,2.5,1,0,1,1,0,0,0,0,0.4,0.0,0.4,0.4,0.4,False,2022-23,2022,False,
Ellis Simms,,FW,Coventry City,24.0,2001.0,2,1,89,1.0,0,0,0,0,0,0,0,0,0.0,0.0,0.0,0.0,0.0,False,2026-27,2026,True,4.0
Emerson,Brazil,"MF,DF",Tottenham,22.0,1999.0,31,26,2286,25.4,1,1,2,1,0,0,5,0,0.03937007874015748,0.03937007874015748,0.07874015748031496,0.03937007874015748,0.07874015748031496,False,2021-22,2021,False,
Emerson,Brazil,"MF,DF",Tottenham,23.0,1999.0,26,20,1735,19.3,2,1,3,2,0,0,2,1,0.10362694300518134,0.05181347150259067,0.15544041450777202,0.10362694300518134,0.15544041450777202,False,2022-23,2022,False,
Emerson,Brazil,DF,Tottenham,24.0,1999.0,22,11,1161,12.9,1,0,1,1,0,0,4,0,0.07751937984496124,0.0,0.07751937984496124,0.07751937984496124,0.07751937984496124,False,2023-24,2023,False,
Emerson Palmieri,Italy,"DF,MF",Chelsea,26.0,1994.0,1,0,5,0.1,0,0,0,0,0,0,0,0,0.0,0.0,0.0,0.0,0.0,False,2021-22,2021,False,
Emerson Palmieri,Italy,"MF,DF",West Ham,27.0,1994.0,22,16,1320,14.7,1,0,1,1,0,0,2,0,0.06802721088435375,0.0,0.06802721088435375,0.06802721088435375,0.06802721088435375,False,2022-23,2022,False,
Emerson Palmieri,Italy,DF,West Ham,28.0,1994.0,36,35,3137,34.9,1,2,3,1,0,0,10,0,0.02865329512893983,0.05730659025787966,0.08595988538681949,0.02865329512893983,0.08595988538681949,False,2023-24,2023,False,
Emerson Palmieri,Italy,"DF,MF",West Ham,29.0,1994.0,31,26,2113,23.5,2,1,3,2,0,0,5,0,0.0851063829787234,0.0425531914893617,0.1276595744680851,0.0851063829787234,0.1276595744680851,False,2024-25,2024,False,
Emersonn,,FW,Ipswich Town,,,4,4,237,2.6,2,1,3,2,0,0,0,0,0.76,0.38,1.14,0.76,1.14,False,2026-27,2026,True,4.0
Emi Buendía,Argentina,"FW,MF",Aston Villa,24.0,1996.0,35,22,1899,21.1,4,6,10,4,0,0,1,0,0.1895734597156398,0.2843601895734597,0.4739336492890995,0.1895734597156398,0.4739336492890995,False,2021-22,2021,False,
Emi Buendía,Argentina,"MF,FW",Aston Villa,25.0,1996.0,38,27,2412,26.8,5,2,7,5,0,0,0,0,0.18656716417910446,0.07462686567164178,0.26119402985074625,0.18656716417910446,0.26119402985074625,False,2022-23,2022,False,
Emi Buendía,Argentina,"FW,MF",Aston Villa,27.0,1996.0,12,0,98,1.1,0,0,0,0,0,0,1,0,0.0,0.0,0.0,0.0,0.0,False,2024-25,2024,False,
Emi Buendía,Argentina,MF,Aston Villa,28.0,1996.0,36,21,1755,19.5,6,2,8,6,0,0,6,0,0.3076923076923077,0.10256410256410256,0.41025641025641024,0.3076923076923077,0.41025641025641024,False,2025-26,2025,False,
Emi Buendía,,"MF,FW",Aston Villa,29.0,1996.0,4,4,311,3.5,0,0,0,0,0,0,0,0,0.0,0.0,0.0,0.0,0.0,False,2026-27,2026,True,4.0
Emil Krafth,Sweden,DF,Newcastle,26.0,1994.0,20,18,1634,18.2,0,1,1,0,0,0,5,0,0.0,0.054945054945054944,0.054945054945054944,0.0,0.054945054945054944,False,2021-22,2021,False,
Emil Krafth,Sweden,DF,Newcastle,27.0,1994.0,1,0,1,0.0,0,0,0,0,0,0,0,0,0.0,0.0,0.0,0.0,0.0,False,2022-23,2022,False,
Emil Krafth,Sweden,DF,Newcastle,28.0,1994.0,17,8,913,10.1,0,0,0,0,0,0,2,0,0.0,0.0,0.0,0.0,0.0,False,2023-24,2023,False,
Emil Krafth,Sweden,DF,Newcastle,29.0,1994.0,12,2,342,3.8,0,0,0,0,0,0,2,0,0.0,0.0,0.0,0.0,0.0,False,2024-25,2024,False,
Emil Krafth,Sweden,DF,Newcastle,30.0,1994.0,1,1,45,0.5,0,0,0,0,0,0,0,0,0.0,0.0,0.0,0.0,0.0,False,2025-26,2025,False,
Emile Smith Rowe,England,MF,Arsenal,21.0,2000.0,33,21,1921,21.3,10,2,12,10,0,0,1,0,0.4694835680751174,0.09389671361502347,0.5633802816901409,0.4694835680751174,0.5633802816901409,False,2021-22,2021,False,
Emile Smith Rowe,England,MF,Arsenal,22.0,2000.0,12,0,172,1.9,0,2,2,0,0,0,0,0,0.0,1.0526315789473684,1.0526315789473684,0.0,1.0526315789473684,False,2022-23,2022,False,
Emile Smith Rowe,England,MF,Arsenal,23.0,2000.0,13,3,353,3.9,0,1,1,0,0,0,0,0,0.0,0.25641025641025644,0.25641025641025644,0.0,0.25641025641025644,False,2023-24,2023,False,
Emile Smith Rowe,England,MF,Fulham,24.0,2000.0,34,25,2043,22.7,6,3,9,6,0,0,3,0,0.2643171806167401,0.13215859030837004,0.39647577092511016,0.2643171806167401,0.39647577092511016,False,2024-25,2024,False,
Emile Smith Rowe,England,MF,Fulham,25.0,2000.0,37,22,1923,21.4,3,0,3,3,0,0,1,0,0.14018691588785048,0.0,0.14018691588785048,0.14018691588785048,0.14018691588785048,False,2025-26,2025,False,
Emile Smith Rowe,,MF,Fulham,25.0,2000.0,3,0,41,0.5,0,0,0,0,0,0,0,0,0.0,0.0,0.0,0.0,0.0,False,2026-27,2026,True,4.0
Emiliano Marcondes,Denmark,"FW,MF",Bournemouth,27.0,1995.0,1,0,9,0.1,0,0,0,0,0,0,0,0,0.0,0.0,0.0,0.0,0.0,False,2022-23,2022,False,
Emiliano Martínez,Argentina,GK,Aston Villa,28.0,1992.0,36,36,3240,36.0,0,0,0,0,0,0,4,0,0.0,0.0,0.0,0.0,0.0,False,2021-22,2021,False,
Emiliano Martínez,Argentina,GK,Aston Villa,29.0,1992.0,36,36,3139,34.9,0,0,0,0,0,0,7,0,0.0,0.0,0.0,0.0,0.0,False,2022-23,2022,False,
Emiliano Martínez,Argentina,GK,Aston Villa,30.0,1992.0,34,34,3015,33.5,0,0,0,0,0,0,4,0,0.0,0.0,0.0,0.0,0.0,False,2023-24,2023,False,
Emiliano Martínez,Argentina,GK,Aston Villa,31.0,1992.0,37,37,3194,35.5,0,0,0,0,0,0,5,1,0.0,0.0,0.0,0.0,0.0,False,2024-25,2024,False,
Emiliano Martínez,Argentina,GK,Aston Villa,32.0,1992.0,32,32,2835,31.5,0,1,1,0,0,0,2,0,0.0,0.031746031746031744,0.031746031746031744,0.0,0.031746031746031744,False,2025-26,2025,False,
Emiliano Martínez,,GK,Chelsea,33.0,1992.0,3,3,270,3.0,0,0,0,0,0,0,0,0,0.0,0.0,0.0,0.0,0.0,False,2026-27,2026,True,4.0
Emmanuel Agbadou,Ivory Coast,DF,Wolves,27.0,1997.0,16,16,1410,15.7,1,0,1,1,0,0,3,0,0.06369426751592357,0.0,0.06369426751592357,0.06369426751592357,0.06369426751592357,False,2024-25,2024,False,
Emmanuel Agbadou,Ivory Coast,DF,Wolves,28.0,1997.0,14,12,1101,12.2,0,0,0,0,0,0,1,1,0.0,0.0,0.0,0.0,0.0,False,2025-26,2025,False,
Emmanuel Dennis,Nigeria,"FW,MF",Watford,23.0,1997.0,33,30,2581,28.7,10,6,16,10,0,0,9,1,0.34843205574912894,0.20905923344947736,0.5574912891986062,0.34843205574912894,0.5574912891986062,False,2021-22,2021,False,
Emmanuel Dennis,Nigeria,"MF,FW",Nottingham,24.0,1997.0,19,6,720,8.0,2,2,4,2,0,0,3,0,0.25,0.25,0.5,0.25,0.5,False,2022-23,2022,False,
Enes Ünal,Turkey,FW,Bournemouth,26.0,1997.0,16,2,328,3.6,2,2,4,2,0,0,1,0,0.5555555555555556,0.5555555555555556,1.1111111111111112,0.5555555555555556,1.1111111111111112,False,2023-24,2023,False,
Enes Ünal,Turkey,FW,Bournemouth,27.0,1997.0,17,2,345,3.8,2,1,3,2,0,0,2,0,0.5263157894736842,0.2631578947368421,0.7894736842105263,0.5263157894736842,0.7894736842105263,False,2024-25,2024,False,
Enes Ünal,Turkey,FW,Bournemouth,28.0,1997.0,23,0,232,2.6,1,0,1,1,0,0,1,0,0.3846153846153846,0.0,0.3846153846153846,0.3846153846153846,0.3846153846153846,False,2025-26,2025,False,
Enock Mwepu,Zambia,MF,Brighton,23.0,1998.0,18,12,996,11.1,2,4,6,2,0,0,2,0,0.1801801801801802,0.3603603603603604,0.5405405405405406,0.1801801801801802,0.5405405405405406,False,2021-22,2021,False,
Enock Mwepu,Zambia,"MF,FW",Brighton,24.0,1998.0,6,2,213,2.4,0,1,1,0,0,0,0,0,0.0,0.4166666666666667,0.4166666666666667,0.0,0.4166666666666667,False,2022-23,2022,False,
Enso Gonzalez,Paraguay,FW,Wolves,18.0,2005.0,1,0,1,0.0,0,0,0,0,0,0,0,0,0.0,0.0,0.0,0.0,0.0,False,2023-24,2023,False,
Enzo Fernández,Argentina,MF,Chelsea,21.0,2001.0,18,18,1547,17.2,0,2,2,0,0,0,3,0,0.0,0.11627906976744186,0.11627906976744186,0.0,0.11627906976744186,False,2022-23,2022,False,
Enzo Fernández,Argentina,MF,Chelsea,22.0,2001.0,28,26,2209,24.5,3,2,5,2,1,2,7,0,0.12244897959183673,0.08163265306122448,0.20408163265306123,0.08163265306122448,0.163265306122449,False,2023-24,2023,False,
Enzo Fernández,Argentina,MF,Chelsea,23.0,2001.0,36,32,2947,32.7,6,7,13,6,0,0,8,0,0.18348623853211007,0.21406727828746175,0.39755351681957185,0.18348623853211007,0.39755351681957185,False,2024-25,2024,False,
Enzo Fernández,Argentina,MF,Chelsea,24.0,2001.0,36,35,3115,34.6,10,4,14,8,2,2,10,0,0.2890173410404624,0.11560693641618497,0.40462427745664736,0.23121387283236994,0.34682080924855485,False,2025-26,2025,False,
Enzo Fernández,Argentina,MF,Chelsea,24.0,2001.0,1,0,26,0.3,0,0,0,0,0,0,0,0,0.0,0.0,0.0,0.0,0.0,False,2026-27,2026,True,4.0
Enzo Fernández,Argentina,MF,Manchester City,24.0,2001.0,2,2,156,1.7,0,0,0,0,0,0,1,0,0.0,0.0,0.0,0.0,0.0,False,2026-27,2026,True,4.0
Enzo Le Fée,France,"MF,FW",Sunderland,25.0,2000.0,36,33,2930,32.6,5,6,11,2,3,4,5,0,0.15337423312883436,0.18404907975460122,0.3374233128834356,0.06134969325153374,0.24539877300613497,False,2025-26,2025,False,
Enzo Le Fée,France,MF,Sunderland,25.0,2000.0,4,4,348,3.9,1,0,1,0,1,2,0,0,0.26,0.0,0.26,0.0,0.0,False,2026-27,2026,True,4.0
Ephron Mason-Clark,,MF,Coventry City,,,3,3,187,2.1,0,0,0,0,0,0,0,0,0.0,0.0,0.0,0.0,0.0,False,2026-27,2026,True,4.0
Eric Bailly,Ivory Coast,DF,Manchester Utd,27.0,1994.0,4,3,217,2.4,0,0,0,0,0,0,1,0,0.0,0.0,0.0,0.0,0.0,False,2021-22,2021,False,
Eric Dier,England,DF,Tottenham,27.0,1994.0,35,35,3071,34.1,0,0,0,0,0,0,1,0,0.0,0.0,0.0,0.0,0.0,False,2021-22,2021,False,
Eric Dier,England,DF,Tottenham,28.0,1994.0,33,31,2818,31.3,2,1,3,2,0,0,3,0,0.06389776357827476,0.03194888178913738,0.09584664536741214,0.06389776357827476,0.09584664536741214,False,2022-23,2022,False,
Eric Dier,England,DF,Tottenham,29.0,1994.0,4,1,201,2.2,0,0,0,0,0,0,0,0,0.0,0.0,0.0,0.0,0.0,False,2023-24,2023,False,
Eric da Silva Moreira,Germany,DF,Nottingham,18.0,2006.0,2,0,30,0.3,0,0,0,0,0,0,0,0,0.0,0.0,0.0,0.0,0.0,False,2024-25,2024,False,
Erik Pieters,Netherlands,DF,Burnley,32.0,1988.0,12,8,730,8.1,0,1,1,0,0,0,1,0,0.0,0.1234567901234568,0.1234567901234568,0.0,0.1234567901234568,False,2021-22,2021,False,
Erling Haaland,Norway,"FW,MF",Manchester City,22.0,2000.0,35,33,2769,30.8,36,8,44,29,7,7,5,0,1.1688311688311688,0.2597402597402597,1.4285714285714286,0.9415584415584415,1.2012987012987013,False,2022-23,2022,False,
Erling Haaland,Norway,"FW,MF",Manchester City,23.0,2000.0,31,29,2552,28.4,27,5,32,20,7,8,1,0,0.9507042253521127,0.17605633802816903,1.1267605633802817,0.7042253521126761,0.8802816901408451,False,2023-24,2023,False,
Erling Haaland,Norway,FW,Manchester City,24.0,2000.0,31,31,2736,30.4,22,3,25,19,3,4,2,0,0.7236842105263158,0.09868421052631579,0.8223684210526316,0.625,0.7236842105263158,False,2024-25,2024,False,
Erling Haaland,Norway,FW,Manchester City,25.0,2000.0,35,34,2953,32.8,27,8,35,24,3,4,2,0,0.8231707317073171,0.24390243902439027,1.0670731707317074,0.7317073170731708,0.9756097560975611,False,2025-26,2025,False,
Erling Haaland,Norway,FW,Manchester City,25.0,2000.0,4,4,360,4.0,4,0,4,4,0,0,0,0,1.0,0.0,1.0,1.0,1.0,False,2026-27,2026,True,4.0
Estêvão Willian,Brazil,MF,Chelsea,18.0,2007.0,22,12,848,9.4,2,2,4,2,0,0,4,0,0.2127659574468085,0.2127659574468085,0.425531914893617,0.2127659574468085,0.425531914893617,False,2025-26,2025,False,
Estêvão Willian,,MF,Chelsea,18.0,2007.0,3,0,23,0.3,0,0,0,0,0,0,0,0,0.0,0.0,0.0,0.0,0.0,False,2026-27,2026,True,4.0
Ethan Ampadu,Wales,MF,Leeds United,24.0,2000.0,35,35,3119,34.7,1,1,2,1,0,0,10,0,0.02881844380403458,0.02881844380403458,0.05763688760806916,0.02881844380403458,0.05763688760806916,False,2025-26,2025,False,
Ethan Ampadu,,MF,Leeds United,25.0,2000.0,4,4,360,4.0,0,0,0,0,0,0,0,0,0.0,0.0,0.0,0.0,0.0,False,2026-27,2026,True,4.0
Ethan Nwaneri,England,MF,Arsenal,15.0,2007.0,1,0,1,0.0,0,0,0,0,0,0,0,0,0.0,0.0,0.0,0.0,0.0,False,2022-23,2022,False,
Ethan Nwaneri,England,MF,Arsenal,16.0,2007.0,1,0,14,0.2,0,0,0,0,0,0,0,0,0.0,0.0,0.0,0.0,0.0,False,2023-24,2023,False,
Ethan Nwaneri,England,"FW,MF",Arsenal,17.0,2007.0,26,11,895,9.9,4,2,6,4,0,0,1,0,0.40404040404040403,0.20202020202020202,0.6060606060606061,0.40404040404040403,0.6060606060606061,False,2024-25,2024,False,
Ethan Nwaneri,England,MF,Arsenal,18.0,2007.0,6,0,171,1.9,0,0,0,0,0,0,0,0,0.0,0.0,0.0,0.0,0.0,False,2025-26,2025,False,
Ethan Pinnock,Jamaica,DF,Brentford,28.0,1993.0,32,32,2694,29.9,1,1,2,1,0,0,1,0,0.033444816053511704,0.033444816053511704,0.06688963210702341,0.033444816053511704,0.06688963210702341,False,2021-22,2021,False,
Ethan Pinnock,Jamaica,DF,Brentford,29.0,1993.0,30,30,2700,30.0,3,0,3,3,0,0,0,0,0.1,0.0,0.1,0.1,0.1,False,2022-23,2022,False,
Ethan Pinnock,Jamaica,DF,Brentford,30.0,1993.0,29,28,2521,28.0,2,0,2,2,0,0,1,0,0.07142857142857142,0.0,0.07142857142857142,0.07142857142857142,0.07142857142857142,False,2023-24,2023,False,
Ethan Pinnock,Jamaica,DF,Brentford,31.0,1993.0,22,21,1913,21.3,2,0,2,2,0,0,2,0,0.09389671361502347,0.0,0.09389671361502347,0.09389671361502347,0.09389671361502347,False,2024-25,2024,False,
Ethan Pinnock,Jamaica,DF,Brentford,32.0,1993.0,4,4,318,3.5,0,0,0,0,0,0,1,0,0.0,0.0,0.0,0.0,0.0,False,2025-26,2025,False,
Ethan Pinnock,,DF,Coventry City,32.0,1993.0,3,2,193,2.1,0,0,0,0,0,0,1,0,0.0,0.0,0.0,0.0,0.0,False,2026-27,2026,True,4.0
Ethan Wheatley,England,FW,Manchester Utd,17.0,2006.0,3,0,16,0.2,0,0,0,0,0,0,0,0,0.0,0.0,0.0,0.0,0.0,False,2023-24,2023,False,
Evan Ferguson,Ireland,FW,Brighton,16.0,2004.0,1,0,23,0.3,0,0,0,0,0,0,0,0,0.0,0.0,0.0,0.0,0.0,False,2021-22,2021,False,
Evan Ferguson,Ireland,FW,Brighton,17.0,2004.0,19,10,950,10.6,6,2,8,6,0,0,1,0,0.5660377358490566,0.18867924528301888,0.7547169811320755,0.5660377358490566,0.7547169811320755,False,2022-23,2022,False,
Evan Ferguson,Ireland,FW,Brighton,18.0,2004.0,27,15,1367,15.2,6,0,6,6,0,0,1,0,0.39473684210526316,0.0,0.39473684210526316,0.39473684210526316,0.39473684210526316,False,2023-24,2023,False,
Evan FergusonEvan Ferguson,Ireland,FW,West Ham,19.0,2004.0,21,3,402,4.4,1,0,1,1,0,0,0,0,0.22727272727272727,0.0,0.22727272727272727,0.22727272727272727,0.22727272727272727,False,2024-25,2024,False,
Evanilson,Brazil,FW,Bournemouth,24.0,1999.0,31,28,2319,25.8,10,1,11,10,0,1,1,1,0.38759689922480617,0.03875968992248062,0.4263565891472868,0.38759689922480617,0.4263565891472868,False,2024-25,2024,False,
Evanilson,Brazil,FW,Bournemouth,25.0,1999.0,36,32,2742,30.5,6,1,7,6,0,0,2,0,0.19672131147540983,0.03278688524590164,0.22950819672131148,0.19672131147540983,0.22950819672131148,False,2025-26,2025,False,
Evanilson,,FW,Bournemouth,26.0,1999.0,4,4,333,3.7,0,3,3,0,0,0,1,0,0.0,0.81,0.81,0.0,0.81,False,2026-27,2026,True,4.0
Evann Guessand,,"FW,MF",Crystal Palace,,,2,0,56,0.6,0,0,0,0,0,0,0,0,0.0,0.0,0.0,0.0,0.0,False,2026-27,2026,True,4.0
Evann GuessandEvann Guessand,Ivory Coast,MF,Crystal Palace,24.0,2001.0,21,9,918,10.2,1,2,3,1,0,0,0,0,0.09803921568627452,0.19607843137254904,0.29411764705882354,0.09803921568627452,0.29411764705882354,False,2025-26,2025,False,
Exequiel Palacios,,MF,Ipswich Town,,,3,2,196,2.2,0,0,0,0,0,0,0,0,0.0,0.0,0.0,0.0,0.0,False,2026-27,2026,True,4.0
Ezra Mayers,Barbados,DF,West Ham,18.0,2007.0,6,0,117,1.3,0,0,0,0,0,0,0,0,0.0,0.0,0.0,0.0,0.0,False,2025-26,2025,False,
Ezri Konsa,England,DF,Aston Villa,23.0,1997.0,29,29,2477,27.5,2,0,2,2,0,0,6,2,0.07272727272727272,0.0,0.07272727272727272,0.07272727272727272,0.07272727272727272,False,2021-22,2021,False,
Ezri Konsa,England,DF,Aston Villa,24.0,1997.0,38,37,3322,36.9,0,0,0,0,0,0,6,0,0.0,0.0,0.0,0.0,0.0,False,2022-23,2022,False,
Ezri Konsa,England,DF,Aston Villa,25.0,1997.0,35,35,3069,34.1,1,0,1,1,0,0,5,0,0.029325513196480937,0.0,0.029325513196480937,0.029325513196480937,0.029325513196480937,False,2023-24,2023,False,
Ezri Konsa,England,DF,Aston Villa,26.0,1997.0,34,33,2936,32.6,2,0,2,2,0,0,1,0,0.06134969325153374,0.0,0.06134969325153374,0.06134969325153374,0.06134969325153374,False,2024-25,2024,False,
Ezri Konsa,England,DF,Aston Villa,27.0,1997.0,34,34,3035,33.7,0,0,0,0,0,0,0,1,0.0,0.0,0.0,0.0,0.0,False,2025-26,2025,False,
Ezri Konsa,,DF,Arsenal,28.0,1997.0,3,2,192,2.1,0,0,0,0,0,0,0,0,0.0,0.0,0.0,0.0,0.0,False,2026-27,2026,True,4.0
Fabian Delph,England,MF,Everton,31.0,1989.0,11,8,662,7.4,0,0,0,0,0,0,2,0,0.0,0.0,0.0,0.0,0.0,False,2021-22,2021,False,
Fabian Schär,Switzerland,DF,Newcastle,29.0,1991.0,25,25,2158,24.0,2,2,4,2,0,0,4,0,0.08333333333333333,0.08333333333333333,0.16666666666666666,0.08333333333333333,0.16666666666666666,False,2021-22,2021,False,
Fabian Schär,Switzerland,DF,Newcastle,30.0,1991.0,36,36,3206,35.6,1,3,4,1,0,0,7,0,0.028089887640449437,0.08426966292134831,0.11235955056179775,0.028089887640449437,0.11235955056179775,False,2022-23,2022,False,
Fabian Schär,Switzerland,DF,Newcastle,31.0,1991.0,36,35,3054,33.9,4,1,5,4,0,0,5,0,0.11799410029498525,0.029498525073746312,0.14749262536873156,0.11799410029498525,0.14749262536873156,False,2023-24,2023,False,
Fabian Schär,Switzerland,DF,Newcastle,32.0,1991.0,34,33,2934,32.6,4,0,4,4,0,0,9,1,0.12269938650306748,0.0,0.12269938650306748,0.12269938650306748,0.12269938650306748,False,2024-25,2024,False,
Fabian Schär,Switzerland,DF,Newcastle,33.0,1991.0,16,11,1091,12.1,0,0,0,0,0,0,1,0,0.0,0.0,0.0,0.0,0.0,False,2025-26,2025,False,
Fabian Schär,,DF,Newcastle,34.0,1991.0,1,0,1,0.0,0,0,0,0,0,0,0,0,0.0,0.0,0.0,0.0,0.0,False,2026-27,2026,True,4.0
Fabinho,Brazil,MF,Liverpool,27.0,1993.0,29,26,2314,25.7,5,1,6,3,2,2,7,0,0.19455252918287938,0.038910505836575876,0.23346303501945526,0.11673151750972763,0.1556420233463035,False,2021-22,2021,False,
Fabinho,Brazil,MF,Liverpool,28.0,1993.0,36,31,2671,29.7,0,2,2,0,0,0,11,0,0.0,0.06734006734006734,0.06734006734006734,0.0,0.06734006734006734,False,2022-23,2022,False,
Fabio Carvalho,Portugal,"MF,FW",Liverpool,19.0,2002.0,13,4,347,3.9,2,0,2,2,0,0,0,0,0.5128205128205129,0.0,0.5128205128205129,0.5128205128205129,0.5128205128205129,False,2022-23,2022,False,
Fabio Carvalho,Portugal,"FW,MF",Brentford,21.0,2002.0,19,3,455,5.1,2,1,3,2,0,0,1,0,0.3921568627450981,0.19607843137254904,0.5882352941176471,0.3921568627450981,0.5882352941176471,False,2024-25,2024,False,
Fabio Carvalho,Portugal,MF,Brentford,22.0,2002.0,6,1,102,1.1,1,0,1,1,0,0,0,0,0.9090909090909091,0.0,0.9090909090909091,0.9090909090909091,0.9090909090909091,False,2025-26,2025,False,
Fabio Vieira,Portugal,MF,Arsenal,22.0,2000.0,22,3,514,5.7,1,2,3,1,0,0,0,0,0.17543859649122806,0.3508771929824561,0.5263157894736842,0.17543859649122806,0.5263157894736842,False,2022-23,2022,False,
Fabio Vieira,Portugal,MF,Arsenal,23.0,2000.0,11,2,297,3.3,1,2,3,0,1,1,0,1,0.30303030303030304,0.6060606060606061,0.9090909090909092,0.0,0.6060606060606062,False,2023-24,2023,False,
Facundo Buonanotte,Argentina,MF,Brighton,17.0,2004.0,13,6,565,6.3,1,1,2,1,0,0,2,0,0.15873015873015872,0.15873015873015872,0.31746031746031744,0.15873015873015872,0.31746031746031744,False,2022-23,2022,False,
Facundo Buonanotte,Argentina,"MF,FW",Brighton,18.0,2004.0,27,17,1364,15.2,3,1,4,3,0,0,7,0,0.19736842105263158,0.06578947368421052,0.2631578947368421,0.19736842105263158,0.2631578947368421,False,2023-24,2023,False,
Facundo Buonanotte,Argentina,"MF,FW",Leicester City,19.0,2004.0,31,14,1523,16.9,5,2,7,5,0,0,8,0,0.2958579881656805,0.1183431952662722,0.4142011834319527,0.2958579881656805,0.4142011834319527,False,2024-25,2024,False,
Facundo BuonanotteFacundo Buonanotte,Argentina,MF,Leeds United,20.0,2004.0,4,1,84,0.9,0,0,0,0,0,0,1,0,0.0,0.0,0.0,0.0,0.0,False,2025-26,2025,False,
Facundo Pellistri,Uruguay,"FW,MF",Manchester Utd,20.0,2001.0,4,0,64,0.7,0,0,0,0,0,0,0,0,0.0,0.0,0.0,0.0,0.0,False,2022-23,2022,False,
Facundo Pellistri,Uruguay,MF,Manchester Utd,21.0,2001.0,9,1,172,1.9,0,1,1,0,0,0,0,0,0.0,0.5263157894736842,0.5263157894736842,0.0,0.5263157894736842,False,2023-24,2023,False,
Federico Chiesa,Italy,FW,Liverpool,26.0,1997.0,6,1,108,1.2,0,0,0,0,0,0,0,0,0.0,0.0,0.0,0.0,0.0,False,2024-25,2024,False,
Federico Chiesa,Italy,MF,Liverpool,27.0,1997.0,26,1,339,3.8,2,1,3,2,0,0,3,0,0.5263157894736842,0.2631578947368421,0.7894736842105263,0.5263157894736842,0.7894736842105263,False,2025-26,2025,False,
Federico Fernández,Argentina,DF,Newcastle,32.0,1989.0,7,5,523,5.8,0,0,0,0,0,0,0,0,0.0,0.0,0.0,0.0,0.0,False,2021-22,2021,False,
Felipe,Brazil,DF,Nottingham,33.0,1989.0,16,15,1418,15.8,0,1,1,0,0,0,4,0,0.0,0.06329113924050632,0.06329113924050632,0.0,0.06329113924050632,False,2022-23,2022,False,
Felipe,Brazil,DF,Nottingham,34.0,1989.0,7,4,375,4.2,0,0,0,0,0,0,4,0,0.0,0.0,0.0,0.0,0.0,False,2023-24,2023,False,
Fer López,Spain,MF,Wolves,21.0,2004.0,9,2,235,2.6,0,1,1,0,0,0,1,0,0.0,0.3846153846153846,0.3846153846153846,0.0,0.3846153846153846,False,2025-26,2025,False,
Ferdi Kadioglu,Turkey,"DF,MF",Brighton,24.0,1999.0,6,5,385,4.3,1,0,1,1,0,0,1,0,0.23255813953488372,0.0,0.23255813953488372,0.23255813953488372,0.23255813953488372,False,2024-25,2024,False,
Ferdi Kadioglu,Turkey,"DF,MF",Brighton,25.0,1999.0,37,34,3133,34.8,1,0,1,1,0,0,6,0,0.02873563218390805,0.0,0.02873563218390805,0.02873563218390805,0.02873563218390805,False,2025-26,2025,False,
Ferdi Kadioglu,,DF,Brighton,26.0,1999.0,3,3,257,2.9,0,0,0,0,0,0,0,0,0.0,0.0,0.0,0.0,0.0,False,2026-27,2026,True,4.0
Fernandinho,Brazil,"MF,DF",Manchester City,36.0,1985.0,19,10,964,10.7,2,1,3,2,0,0,1,0,0.1869158878504673,0.09345794392523366,0.28037383177570097,0.1869158878504673,0.28037383177570097,False,2021-22,2021,False,
Fernando Marçal,Brazil,MF,Wolves,32.0,1989.0,18,17,1449,16.1,0,0,0,0,0,0,3,0,0.0,0.0,0.0,0.0,0.0,False,2021-22,2021,False,
Ferrán Torres,Spain,FW,Manchester City,21.0,2000.0,4,4,303,3.4,2,1,3,2,0,0,0,0,0.5882352941176471,0.29411764705882354,0.8823529411764706,0.5882352941176471,0.8823529411764706,False,2021-22,2021,False,
Filip Jørgensen,Denmark,GK,Chelsea,22.0,2002.0,6,6,540,6.0,0,0,0,0,0,0,0,0,0.0,0.0,0.0,0.0,0.0,False,2024-25,2024,False,
Filip Jørgensen,Denmark,GK,Chelsea,23.0,2002.0,5,3,379,4.2,0,0,0,0,0,0,0,0,0.0,0.0,0.0,0.0,0.0,False,2025-26,2025,False,
Finley Munroe,England,DF,Aston Villa,18.0,2005.0,1,0,4,0.0,0,0,0,0,0,0,0,0,0.0,0.0,0.0,0.0,0.0,False,2023-24,2023,False,
Finley Stevens,Wales,DF,Brentford,18.0,2003.0,1,0,15,0.2,0,0,0,0,0,0,0,0,0.0,0.0,0.0,0.0,0.0,False,2021-22,2021,False,
Florentino Luís,Portugal,MF,Burnley,25.0,1999.0,31,25,2105,23.4,0,2,2,0,0,0,6,0,0.0,0.08547008547008547,0.08547008547008547,0.0,0.08547008547008547,False,2025-26,2025,False,
Florentino Luís,,MF,Ipswich Town,26.0,1999.0,1,0,14,0.2,0,0,0,0,0,0,0,0,0.0,0.0,0.0,0.0,0.0,False,2026-27,2026,True,4.0
Florian Wirtz,Germany,MF,Liverpool,22.0,2003.0,33,27,2378,26.4,5,3,8,5,0,0,1,0,0.1893939393939394,0.11363636363636365,0.30303030303030304,0.1893939393939394,0.30303030303030304,False,2025-26,2025,False,
Florian Wirtz,,MF,Liverpool,22.0,2003.0,4,4,331,3.7,0,1,1,0,0,0,1,0,0.0,0.27,0.27,0.0,0.27,False,2026-27,2026,True,4.0
Flynn Downes,England,MF,West Ham,23.0,1999.0,21,7,762,8.5,0,0,0,0,0,0,2,0,0.0,0.0,0.0,0.0,0.0,False,2022-23,2022,False,
Flynn Downes,England,MF,Southampton,25.0,1999.0,27,25,2151,23.9,1,0,1,1,0,0,12,0,0.041841004184100423,0.0,0.041841004184100423,0.041841004184100423,0.041841004184100423,False,2024-25,2024,False,
Fodé Ballo-Touré,Senegal,"DF,MF",Fulham,26.0,1997.0,6,0,71,0.8,0,0,0,0,0,0,1,0,0.0,0.0,0.0,0.0,0.0,False,2023-24,2023,False,
Folarin Balogun,USA,FW,Arsenal,20.0,2001.0,2,1,70,0.8,0,0,0,0,0,0,0,0,0.0,0.0,0.0,0.0,0.0,False,2021-22,2021,False,
Francisco Sierralta,Chile,DF,Watford,24.0,1997.0,5,5,427,4.7,0,0,0,0,0,0,0,0,0.0,0.0,0.0,0.0,0.0,False,2021-22,2021,False,
Francisco Trincão,Portugal,"FW,MF",Wolves,21.0,1999.0,28,16,1336,14.8,2,1,3,2,0,0,0,0,0.13513513513513511,0.06756756756756756,0.2027027027027027,0.13513513513513511,0.2027027027027027,False,2021-22,2021,False,
Frank Onyeka,Nigeria,MF,Brentford,23.0,1998.0,20,12,1045,11.6,0,0,0,0,0,0,4,0,0.0,0.0,0.0,0.0,0.0,False,2021-22,2021,False,
Frank Onyeka,Nigeria,MF,Brentford,24.0,1998.0,21,8,848,9.4,0,2,2,0,0,0,0,0,0.0,0.2127659574468085,0.2127659574468085,0.0,0.2127659574468085,False,2022-23,2022,False,
Frank Onyeka,Nigeria,MF,Brentford,25.0,1998.0,26,11,1161,12.9,1,2,3,1,0,0,8,0,0.07751937984496124,0.15503875968992248,0.23255813953488372,0.07751937984496124,0.23255813953488372,False,2023-24,2023,False,
Frank Onyeka,Nigeria,MF,Brentford,26.0,1998.0,2,0,25,0.3,0,0,0,0,0,0,0,0,0.0,0.0,0.0,0.0,0.0,False,2024-25,2024,False,
Frank Onyeka,Nigeria,MF,Brentford,27.0,1998.0,6,0,92,1.0,0,1,1,0,0,0,0,0,0.0,1.0,1.0,0.0,1.0,False,2025-26,2025,False,
Frank Onyeka,,MF,Coventry City,27.0,1998.0,3,3,224,2.5,0,0,0,0,0,0,0,0,0.0,0.0,0.0,0.0,0.0,False,2026-27,2026,True,4.0
Fraser Forster,England,GK,Southampton,33.0,1988.0,19,19,1710,19.0,0,0,0,0,0,0,1,0,0.0,0.0,0.0,0.0,0.0,False,2021-22,2021,False,
Fraser Forster,England,GK,Tottenham,34.0,1988.0,14,13,1215,13.5,0,0,0,0,0,0,1,0,0.0,0.0,0.0,0.0,0.0,False,2022-23,2022,False,
Fraser Forster,England,GK,Tottenham,36.0,1988.0,7,7,630,7.0,0,0,0,0,0,0,0,0,0.0,0.0,0.0,0.0,0.0,False,2024-25,2024,False,
Fred,Brazil,MF,Manchester Utd,28.0,1993.0,28,24,2028,22.5,4,4,8,4,0,0,5,0,0.17777777777777778,0.17777777777777778,0.35555555555555557,0.17777777777777778,0.35555555555555557,False,2021-22,2021,False,
Fred,Brazil,MF,Manchester Utd,29.0,1993.0,35,12,1249,13.9,2,2,4,2,0,0,6,0,0.14388489208633093,0.14388489208633093,0.28776978417266186,0.14388489208633093,0.28776978417266186,False,2022-23,2022,False,
Fred Onyedinma,England,MF,Luton Town,26.0,1996.0,8,4,407,4.5,0,0,0,0,0,0,1,0,0.0,0.0,0.0,0.0,0.0,False,2023-24,2023,False,
Freddie Potts,England,MF,West Ham,21.0,2003.0,22,12,1171,13.0,0,1,1,0,0,0,1,0,0.0,0.07692307692307693,0.07692307692307693,0.0,0.07692307692307693,False,2025-26,2025,False,
Freddie Woodman,England,GK,Newcastle,24.0,1997.0,4,4,360,4.0,0,0,0,0,0,0,0,0,0.0,0.0,0.0,0.0,0.0,False,2021-22,2021,False,
Freddie Woodman,England,GK,Liverpool,28.0,1997.0,3,2,213,2.4,0,0,0,0,0,0,0,0,0.0,0.0,0.0,0.0,0.0,False,2025-26,2025,False,
Fábio Silva,Portugal,FW,Wolves,19.0,2002.0,22,6,572,6.4,0,0,0,0,0,0,0,0,0.0,0.0,0.0,0.0,0.0,False,2021-22,2021,False,
Fábio Silva,Portugal,FW,Wolves,21.0,2002.0,8,3,264,2.9,0,0,0,0,0,0,2,0,0.0,0.0,0.0,0.0,0.0,False,2023-24,2023,False,
Gabriel Gudmundsson,Sweden,"DF,MF",Leeds United,26.0,1999.0,32,31,2631,29.2,0,0,0,0,0,0,6,1,0.0,0.0,0.0,0.0,0.0,False,2025-26,2025,False,
Gabriel Gudmundsson,,MF,Leeds United,26.0,1999.0,2,2,161,1.8,0,0,0,0,0,0,0,0,0.0,0.0,0.0,0.0,0.0,False,2026-27,2026,True,4.0
Gabriel Jesus,Brazil,FW,Manchester City,24.0,1997.0,28,21,1877,20.9,8,8,16,7,1,1,1,0,0.3827751196172249,0.3827751196172249,0.7655502392344498,0.3349282296650718,0.7177033492822966,False,2021-22,2021,False,
Gabriel Jesus,Brazil,FW,Arsenal,25.0,1997.0,26,24,2064,22.9,11,6,17,10,1,1,6,0,0.48034934497816595,0.26200873362445415,0.7423580786026202,0.4366812227074236,0.6986899563318778,False,2022-23,2022,False,
Gabriel Jesus,Brazil,FW,Arsenal,26.0,1997.0,27,17,1478,16.4,4,5,9,4,0,0,6,0,0.24390243902439027,0.30487804878048785,0.5487804878048781,0.24390243902439027,0.5487804878048781,False,2023-24,2023,False,
Gabriel Jesus,Brazil,FW,Arsenal,27.0,1997.0,17,6,608,6.8,3,0,3,3,0,0,4,0,0.4411764705882353,0.0,0.4411764705882353,0.4411764705882353,0.4411764705882353,False,2024-25,2024,False,
Gabriel Jesus,Brazil,FW,Arsenal,28.0,1997.0,14,3,429,4.8,3,0,3,3,0,0,3,0,0.625,0.0,0.625,0.625,0.625,False,2025-26,2025,False,
Gabriel Magalhães,Brazil,DF,Arsenal,23.0,1997.0,35,35,3063,34.0,5,0,5,5,0,0,8,1,0.14705882352941177,0.0,0.14705882352941177,0.14705882352941177,0.14705882352941177,False,2021-22,2021,False,
Gabriel Magalhães,Brazil,DF,Arsenal,24.0,1997.0,38,38,3409,37.9,3,0,3,3,0,0,5,0,0.079155672823219,0.0,0.079155672823219,0.079155672823219,0.079155672823219,False,2022-23,2022,False,
Gabriel Magalhães,Brazil,DF,Arsenal,25.0,1997.0,36,34,3044,33.8,4,0,4,4,0,0,4,0,0.1183431952662722,0.0,0.1183431952662722,0.1183431952662722,0.1183431952662722,False,2023-24,2023,False,
Gabriel Magalhães,Brazil,DF,Arsenal,26.0,1997.0,28,28,2363,26.3,3,1,4,3,0,0,4,0,0.11406844106463879,0.03802281368821293,0.1520912547528517,0.11406844106463879,0.1520912547528517,False,2024-25,2024,False,
Gabriel Magalhães,Brazil,DF,Arsenal,27.0,1997.0,32,30,2751,30.6,3,4,7,3,0,0,4,0,0.09803921568627451,0.13071895424836602,0.22875816993464052,0.09803921568627451,0.22875816993464052,False,2025-26,2025,False,
Gabriel Magalhães,,DF,Arsenal,28.0,1997.0,4,4,360,4.0,0,0,0,0,0,0,2,0,0.0,0.0,0.0,0.0,0.0,False,2026-27,2026,True,4.0
Gabriel Martinelli,Brazil,"MF,FW",Arsenal,20.0,2001.0,29,21,1860,20.7,6,6,12,5,1,1,3,1,0.2898550724637681,0.2898550724637681,0.5797101449275363,0.24154589371980678,0.5314009661835749,False,2021-22,2021,False,
Gabriel Martinelli,Brazil,"FW,MF",Arsenal,21.0,2001.0,36,34,2789,31.0,15,5,20,15,0,0,3,0,0.4838709677419355,0.16129032258064516,0.6451612903225806,0.4838709677419355,0.6451612903225806,False,2022-23,2022,False,
Gabriel Martinelli,Brazil,FW,Arsenal,22.0,2001.0,35,24,2019,22.4,6,4,10,6,0,0,1,0,0.26785714285714285,0.17857142857142858,0.44642857142857145,0.26785714285714285,0.44642857142857145,False,2023-24,2023,False,
Gabriel Martinelli,Brazil,"FW,MF",Arsenal,23.0,2001.0,33,25,2290,25.4,8,4,12,8,0,0,1,0,0.31496062992125984,0.15748031496062992,0.4724409448818898,0.31496062992125984,0.4724409448818898,False,2024-25,2024,False,
Gabriel Martinelli,Brazil,"FW,MF",Arsenal,24.0,2001.0,30,11,1081,12.0,1,4,5,1,0,0,3,0,0.08333333333333333,0.3333333333333333,0.4166666666666667,0.08333333333333333,0.4166666666666667,False,2025-26,2025,False,
Gabriel Osho,Nigeria,DF,Luton Town,24.0,1998.0,21,21,1846,20.5,2,0,2,2,0,0,3,0,0.0975609756097561,0.0,0.0975609756097561,0.0975609756097561,0.0975609756097561,False,2023-24,2023,False,
Gavin Bazunu,Ireland,GK,Southampton,20.0,2002.0,32,32,2880,32.0,0,0,0,0,0,0,0,0,0.0,0.0,0.0,0.0,0.0,False,2022-23,2022,False,
George Abbott,England,MF,Tottenham,16.0,2005.0,1,0,1,0.0,0,0,0,0,0,0,0,0,0.0,0.0,0.0,0.0,0.0,False,2022-23,2022,False,
George Baldock,Greece,"DF,MF",Sheffield United,30.0,1993.0,13,11,969,10.8,0,1,1,0,0,0,4,0,0.0,0.09259259259259259,0.09259259259259259,0.0,0.09259259259259259,False,2023-24,2023,False,
George Earthy,England,MF,West Ham,18.0,2004.0,3,0,34,0.4,1,0,1,1,0,0,0,0,2.5,0.0,2.5,2.5,2.5,False,2023-24,2023,False,
George Earthy,England,MF,West Ham,20.0,2004.0,1,0,9,0.1,0,0,0,0,0,0,0,0,0.0,0.0,0.0,0.0,0.0,False,2025-26,2025,False,
George Edmundson,England,DF,Ipswich Town,26.0,1997.0,1,0,2,0.0,0,0,0,0,0,0,0,0,0.0,0.0,0.0,0.0,0.0,False,2024-25,2024,False,
George Hemmings,England,MF,Aston Villa,18.0,2007.0,2,0,27,0.3,0,0,0,0,0,0,0,0,0.0,0.0,0.0,0.0,0.0,False,2025-26,2025,False,
George Hemmings,,MF,Aston Villa,18.0,2007.0,4,4,279,3.1,0,0,0,0,0,0,0,0,0.0,0.0,0.0,0.0,0.0,False,2026-27,2026,True,4.0
George Hirst,Scotland,FW,Ipswich Town,25.0,1999.0,26,5,661,7.3,3,1,4,3,0,0,3,0,0.4109589041095891,0.136986301369863,0.547945205479452,0.4109589041095891,0.547945205479452,False,2024-25,2024,False,
Georginio Rutter,France,FW,Leeds United,20.0,2002.0,11,1,273,3.0,0,1,1,0,0,0,0,0,0.0,0.3333333333333333,0.3333333333333333,0.0,0.3333333333333333,False,2022-23,2022,False,
Georginio Rutter,France,"MF,FW",Brighton,22.0,2002.0,28,19,1656,18.4,5,3,8,5,0,0,2,0,0.27173913043478265,0.16304347826086957,0.4347826086956522,0.27173913043478265,0.4347826086956522,False,2024-25,2024,False,
Georginio Rutter,France,"MF,FW",Brighton,23.0,2002.0,32,20,1786,19.8,3,3,6,3,0,0,2,0,0.15151515151515152,0.15151515151515152,0.30303030303030304,0.15151515151515152,0.30303030303030304,False,2025-26,2025,False,
Georginio Rutter,,FW,Brighton,23.0,2002.0,1,1,90,1.0,0,1,1,0,0,0,0,0,0.0,1.0,1.0,0.0,1.0,False,2026-27,2026,True,4.0
Geovany Quenda,,MF,Chelsea,,,1,0,9,0.1,0,0,0,0,0,0,0,0,0.0,0.0,0.0,0.0,0.0,False,2026-27,2026,True,4.0
Gianluca Scamacca,Italy,FW,West Ham,23.0,1999.0,16,11,926,10.3,3,0,3,3,0,0,3,0,0.2912621359223301,0.0,0.2912621359223301,0.2912621359223301,0.2912621359223301,False,2022-23,2022,False,
Gianluigi Donnarumma,Italy,GK,Manchester City,26.0,1999.0,34,34,3060,34.0,0,0,0,0,0,0,8,0,0.0,0.0,0.0,0.0,0.0,False,2025-26,2025,False,
Gianluigi Donnarumma,,GK,Manchester City,26.0,1999.0,4,4,360,4.0,0,0,0,0,0,0,0,0,0.0,0.0,0.0,0.0,0.0,False,2026-27,2026,True,4.0
Gio Reyna,USA,MF,Nottingham,20.0,2002.0,9,2,235,2.6,0,1,1,0,0,0,0,0,0.0,0.3846153846153846,0.3846153846153846,0.0,0.3846153846153846,False,2023-24,2023,False,
Giorgi Mamardashvili,Georgia,GK,Liverpool,24.0,2000.0,10,10,867,9.6,0,0,0,0,0,0,0,0,0.0,0.0,0.0,0.0,0.0,False,2025-26,2025,False,
Giovani Lo Celso,Argentina,MF,Tottenham,25.0,1996.0,9,2,238,2.6,0,0,0,0,0,0,0,0,0.0,0.0,0.0,0.0,0.0,False,2021-22,2021,False,
Giovani Lo Celso,Argentina,MF,Tottenham,27.0,1996.0,22,4,506,5.6,2,2,4,2,0,0,2,0,0.35714285714285715,0.35714285714285715,0.7142857142857143,0.35714285714285715,0.7142857142857143,False,2023-24,2023,False,
Giulian Biancone,France,"DF,MF",Nottingham,22.0,2000.0,2,0,17,0.2,0,0,0,0,0,0,0,0,0.0,0.0,0.0,0.0,0.0,False,2022-23,2022,False,
Gonzalo García,,FW,Fulham,,,4,4,346,3.8,1,0,1,1,0,0,0,0,0.26,0.0,0.26,0.26,0.26,False,2026-27,2026,True,4.0
Gonzalo Montiel,Argentina,DF,Nottingham,26.0,1997.0,14,8,801,8.9,0,2,2,0,0,0,5,0,0.0,0.2247191011235955,0.2247191011235955,0.0,0.2247191011235955,False,2023-24,2023,False,
Gonçalo Guedes,Portugal,"FW,MF",Wolves,25.0,1996.0,13,8,707,7.9,1,1,2,1,0,0,1,0,0.12658227848101264,0.12658227848101264,0.2531645569620253,0.12658227848101264,0.2531645569620253,False,2022-23,2022,False,
Gonçalo Guedes,Portugal,"MF,FW",Wolves,27.0,1996.0,29,10,995,11.1,2,4,6,2,0,0,1,0,0.1801801801801802,0.3603603603603604,0.5405405405405406,0.1801801801801802,0.5405405405405406,False,2024-25,2024,False,
Granit Xhaka,Switzerland,MF,Arsenal,28.0,1992.0,27,27,2327,25.9,1,2,3,1,0,0,10,1,0.03861003861003861,0.07722007722007722,0.11583011583011583,0.03861003861003861,0.11583011583011583,False,2021-22,2021,False,
Granit Xhaka,Switzerland,MF,Arsenal,29.0,1992.0,37,36,2993,33.3,7,7,14,7,0,0,4,0,0.21021021021021022,0.21021021021021022,0.42042042042042044,0.21021021021021022,0.42042042042042044,False,2022-23,2022,False,
Granit Xhaka,Switzerland,MF,Sunderland,32.0,1992.0,34,32,2904,32.3,1,6,7,1,0,0,8,0,0.030959752321981428,0.18575851393188855,0.21671826625387,0.030959752321981428,0.21671826625387,False,2025-26,2025,False,
Granit Xhaka,,MF,Sunderland,33.0,1992.0,4,4,360,4.0,0,0,0,0,0,0,2,0,0.0,0.0,0.0,0.0,0.0,False,2026-27,2026,True,4.0
Grant Hanley,Scotland,DF,Norwich City,29.0,1991.0,33,33,2897,32.2,1,0,1,1,0,0,2,0,0.03105590062111801,0.0,0.03105590062111801,0.03105590062111801,0.03105590062111801,False,2021-22,2021,False,
Guglielmo Vicario,Italy,GK,Tottenham,26.0,1996.0,38,38,3420,38.0,0,0,0,0,0,0,2,0,0.0,0.0,0.0,0.0,0.0,False,2023-24,2023,False,
Guglielmo Vicario,Italy,GK,Tottenham,27.0,1996.0,24,24,2160,24.0,0,0,0,0,0,0,1,0,0.0,0.0,0.0,0.0,0.0,False,2024-25,2024,False,
Guglielmo Vicario,Italy,GK,Tottenham,28.0,1996.0,31,31,2790,31.0,0,0,0,0,0,0,1,0,0.0,0.0,0.0,0.0,0.0,False,2025-26,2025,False,
Guido Rodríguez,Argentina,MF,West Ham,30.0,1994.0,23,16,1149,12.8,0,1,1,0,0,0,6,0,0.0,0.078125,0.078125,0.0,0.078125,False,2024-25,2024,False,
Guido Rodríguez,Argentina,MF,West Ham,31.0,1994.0,6,2,180,2.0,0,0,0,0,0,0,1,0,0.0,0.0,0.0,0.0,0.0,False,2025-26,2025,False,
Gustavo Hamer,Netherlands,MF,Sheffield United,26.0,1997.0,36,34,2910,32.3,4,6,10,4,0,0,9,0,0.12383900928792571,0.18575851393188855,0.30959752321981426,0.12383900928792571,0.30959752321981426,False,2023-24,2023,False,
Gustavo Hamer,,MF,Coventry City,28.0,1997.0,3,0,35,0.4,0,0,0,0,0,0,0,0,0.0,0.0,0.0,0.0,0.0,False,2026-27,2026,True,4.0
Gustavo Nunes,Brazil,MF,Brentford,18.0,2005.0,3,0,12,0.1,0,0,0,0,0,0,0,0,0.0,0.0,0.0,0.0,0.0,False,2024-25,2024,False,
Gustavo Scarpa,Brazil,MF,Nottingham,28.0,1994.0,6,2,181,2.0,0,0,0,0,0,0,1,0,0.0,0.0,0.0,0.0,0.0,False,2022-23,2022,False,
Habib Diarra,Senegal,MF,Sunderland,21.0,2004.0,20,15,1405,15.6,2,2,4,1,1,1,6,0,0.12820512820512822,0.12820512820512822,0.25641025641025644,0.06410256410256411,0.19230769230769235,False,2025-26,2025,False,
Habib Diarra,,MF,Sunderland,21.0,2004.0,2,0,29,0.3,0,1,1,0,0,0,0,0,0.0,3.1,3.1,0.0,3.1,False,2026-27,2026,True,4.0
Hakim Ziyech,Morocco,"MF,FW",Chelsea,28.0,1993.0,23,14,1319,14.7,4,3,7,4,0,0,3,0,0.272108843537415,0.20408163265306123,0.4761904761904762,0.272108843537415,0.4761904761904762,False,2021-22,2021,False,
Hakim Ziyech,Morocco,"MF,FW",Chelsea,29.0,1993.0,18,6,661,7.3,0,3,3,0,0,0,1,0,0.0,0.4109589041095891,0.4109589041095891,0.0,0.4109589041095891,False,2022-23,2022,False,
Halil Dervişoğlu,Turkey,FW,Brentford,22.0,1999.0,1,0,8,0.1,0,0,0,0,0,0,0,0,0.0,0.0,0.0,0.0,0.0,False,2022-23,2022,False,
Hamed Junior Traorè,Ivory Coast,MF,Bournemouth,22.0,2000.0,7,5,427,4.7,0,0,0,0,0,0,0,0,0.0,0.0,0.0,0.0,0.0,False,2022-23,2022,False,
Hamed Junior Traorè,Ivory Coast,MF,Bournemouth,23.0,2000.0,3,0,47,0.5,0,0,0,0,0,0,0,0,0.0,0.0,0.0,0.0,0.0,False,2023-24,2023,False,
Hamed Junior Traorè,Ivory Coast,MF,Bournemouth,25.0,2000.0,1,0,17,0.2,0,1,1,0,0,0,0,0,0.0,5.0,5.0,0.0,5.0,False,2025-26,2025,False,
Hamza Choudhury,Bangladesh,"MF,DF",Leicester City,23.0,1997.0,6,4,285,3.2,0,0,0,0,0,0,1,0,0.0,0.0,0.0,0.0,0.0,False,2021-22,2021,False,
Hamza Choudhury,Bangladesh,MF,Leicester City,26.0,1997.0,4,1,131,1.5,0,0,0,0,0,0,0,0,0.0,0.0,0.0,0.0,0.0,False,2024-25,2024,False,
Han-Noah Massengo,France,MF,Burnley,22.0,2001.0,3,0,16,0.2,0,0,0,0,0,0,0,0,0.0,0.0,0.0,0.0,0.0,False,2023-24,2023,False,
Hannes Delcroix,Haiti,DF,Burnley,24.0,1999.0,12,5,589,6.5,0,0,0,0,0,0,2,0,0.0,0.0,0.0,0.0,0.0,False,2023-24,2023,False,
Hannibal Mejbri,Tunisia,MF,Manchester Utd,18.0,2003.0,2,1,68,0.8,0,0,0,0,0,0,2,0,0.0,0.0,0.0,0.0,0.0,False,2021-22,2021,False,
Hannibal Mejbri,Tunisia,MF,Manchester Utd,20.0,2003.0,5,1,133,1.5,1,0,1,1,0,0,1,0,0.6666666666666666,0.0,0.6666666666666666,0.6666666666666666,0.6666666666666666,False,2023-24,2023,False,
Hannibal Mejbri,Tunisia,MF,Burnley,22.0,2003.0,27,15,1229,13.7,1,4,5,1,0,0,10,0,0.07299270072992702,0.29197080291970806,0.36496350364963503,0.07299270072992702,0.36496350364963503,False,2025-26,2025,False,
Harrison Armstrong,England,MF,Everton,17.0,2007.0,3,0,48,0.5,0,0,0,0,0,0,1,0,0.0,0.0,0.0,0.0,0.0,False,2024-25,2024,False,
Harrison Armstrong,England,MF,Everton,18.0,2007.0,13,6,529,5.9,0,0,0,0,0,0,0,0,0.0,0.0,0.0,0.0,0.0,False,2025-26,2025,False,
Harrison Armstrong,,MF,Everton,18.0,2007.0,4,4,355,3.9,0,1,1,0,0,0,1,0,0.0,0.25,0.25,0.0,0.25,False,2026-27,2026,True,4.0
Harrison Ashby,Scotland,"DF,MF",West Ham,19.0,2001.0,1,0,7,0.1,0,0,0,0,0,0,0,0,0.0,0.0,0.0,0.0,0.0,False,2021-22,2021,False,
Harrison Reed,England,MF,Fulham,27.0,1995.0,37,35,2866,31.8,3,4,7,3,0,0,5,0,0.09433962264150943,0.12578616352201258,0.22012578616352202,0.09433962264150943,0.22012578616352202,False,2022-23,2022,False,
Harrison Reed,England,MF,Fulham,28.0,1995.0,27,15,1325,14.7,0,2,2,0,0,0,6,0,0.0,0.1360544217687075,0.1360544217687075,0.0,0.1360544217687075,False,2023-24,2023,False,
Harrison Reed,England,MF,Fulham,29.0,1995.0,12,0,108,1.2,0,0,0,0,0,0,2,0,0.0,0.0,0.0,0.0,0.0,False,2024-25,2024,False,
Harrison Reed,England,MF,Fulham,30.0,1995.0,7,1,94,1.0,1,0,1,1,0,0,0,0,1.0,0.0,1.0,1.0,1.0,False,2025-26,2025,False,
Harry Amass,England,MF,Manchester Utd,17.0,2007.0,5,4,346,3.8,0,0,0,0,0,0,0,0,0.0,0.0,0.0,0.0,0.0,False,2024-25,2024,False,
Harry Clarke,England,DF,Ipswich Town,23.0,2001.0,7,4,379,4.2,0,0,0,0,0,0,3,1,0.0,0.0,0.0,0.0,0.0,False,2024-25,2024,False,
Harry Howell,England,MF,Brighton,16.0,2008.0,1,0,7,0.1,0,0,0,0,0,0,0,0,0.0,0.0,0.0,0.0,0.0,False,2024-25,2024,False,
Harry Howell,England,MF,Brighton,17.0,2008.0,3,1,94,1.0,0,0,0,0,0,0,0,0,0.0,0.0,0.0,0.0,0.0,False,2025-26,2025,False,
Harry Kane,England,FW,Tottenham,28.0,1993.0,37,36,3232,35.9,17,9,26,13,4,4,5,0,0.4735376044568245,0.25069637883008355,0.7242339832869081,0.36211699164345407,0.6128133704735377,False,2021-22,2021,False,
Harry Kane,England,FW,Tottenham,29.0,1993.0,38,38,3405,37.8,30,3,33,25,5,6,6,0,0.7936507936507937,0.07936507936507937,0.8730158730158731,0.6613756613756614,0.7407407407407408,False,2022-23,2022,False,
Harry Maguire,England,DF,Manchester Utd,28.0,1993.0,30,28,2515,27.9,1,0,1,1,0,0,9,1,0.03584229390681004,0.0,0.03584229390681004,0.03584229390681004,0.03584229390681004,False,2021-22,2021,False,
Harry Maguire,England,DF,Manchester Utd,29.0,1993.0,16,8,767,8.5,0,0,0,0,0,0,4,0,0.0,0.0,0.0,0.0,0.0,False,2022-23,2022,False,
Harry Maguire,England,DF,Manchester Utd,30.0,1993.0,22,18,1653,18.4,2,2,4,2,0,0,4,0,0.10869565217391305,0.10869565217391305,0.2173913043478261,0.10869565217391305,0.2173913043478261,False,2023-24,2023,False,
Harry Maguire,England,DF,Manchester Utd,31.0,1993.0,27,19,1758,19.5,1,0,1,1,0,0,7,0,0.05128205128205128,0.0,0.05128205128205128,0.05128205128205128,0.05128205128205128,False,2024-25,2024,False,
Harry Maguire,England,DF,Manchester Utd,32.0,1993.0,23,19,1653,18.4,1,2,3,1,0,0,3,1,0.05434782608695653,0.10869565217391305,0.16304347826086957,0.05434782608695653,0.16304347826086957,False,2025-26,2025,False,
Harry Maguire,,DF,Manchester Utd,32.0,1993.0,4,4,360,4.0,0,0,0,0,0,0,2,0,0.0,0.0,0.0,0.0,0.0,False,2026-27,2026,True,4.0
Harry Souttar,Australia,DF,Leicester City,23.0,1998.0,12,11,992,11.0,0,1,1,0,0,0,2,0,0.0,0.09090909090909091,0.09090909090909091,0.0,0.09090909090909091,False,2022-23,2022,False,
Harry Toffolo,England,"DF,MF",Nottingham,26.0,1995.0,19,9,940,10.4,0,0,0,0,0,0,2,0,0.0,0.0,0.0,0.0,0.0,False,2022-23,2022,False,
Harry Toffolo,England,"DF,MF",Nottingham,27.0,1995.0,23,15,1459,16.2,1,3,4,1,0,0,3,0,0.0617283950617284,0.1851851851851852,0.2469135802469136,0.0617283950617284,0.2469135802469136,False,2023-24,2023,False,
Harry Toffolo,England,DF,Nottingham,28.0,1995.0,4,1,137,1.5,0,0,0,0,0,0,1,0,0.0,0.0,0.0,0.0,0.0,False,2024-25,2024,False,
Harry Wilson,Wales,MF,Fulham,25.0,1997.0,29,13,1100,12.2,2,3,5,2,0,0,1,0,0.1639344262295082,0.24590163934426232,0.4098360655737705,0.1639344262295082,0.4098360655737705,False,2022-23,2022,False,
Harry Wilson,Wales,"MF,FW",Fulham,26.0,1997.0,35,16,1620,18.0,4,6,10,4,0,0,6,0,0.2222222222222222,0.3333333333333333,0.5555555555555556,0.2222222222222222,0.5555555555555556,False,2023-24,2023,False,
Harry Wilson,Wales,"MF,FW",Fulham,27.0,1997.0,25,12,1162,12.9,6,1,7,6,0,0,2,0,0.46511627906976744,0.07751937984496124,0.5426356589147286,0.46511627906976744,0.5426356589147286,False,2024-25,2024,False,
Harry Wilson,Wales,MF,Fulham,28.0,1997.0,36,32,2673,29.7,10,7,17,10,0,0,7,0,0.3367003367003367,0.2356902356902357,0.5723905723905724,0.3367003367003367,0.5723905723905724,False,2025-26,2025,False,
Harry Wilson,,MF,Leeds United,28.0,1997.0,4,1,147,1.6,0,0,0,0,0,0,1,0,0.0,0.0,0.0,0.0,0.0,False,2026-27,2026,True,4.0
Harry Winks,England,MF,Tottenham,25.0,1996.0,19,9,912,10.1,0,1,1,0,0,0,2,0,0.0,0.09900990099009901,0.09900990099009901,0.0,0.09900990099009901,False,2021-22,2021,False,
Harry Winks,England,MF,Leicester City,28.0,1996.0,22,17,1538,17.1,0,2,2,0,0,0,4,0,0.0,0.11695906432748537,0.11695906432748537,0.0,0.11695906432748537,False,2024-25,2024,False,
Harvey Barnes,England,"MF,FW",Leicester City,23.0,1997.0,32,24,2101,23.3,6,10,16,6,0,0,2,0,0.2575107296137339,0.4291845493562232,0.6866952789699571,0.2575107296137339,0.6866952789699571,False,2021-22,2021,False,
Harvey Barnes,England,"MF,FW",Leicester City,24.0,1997.0,34,32,2711,30.1,13,1,14,13,0,0,3,0,0.4318936877076412,0.03322259136212624,0.46511627906976744,0.4318936877076412,0.46511627906976744,False,2022-23,2022,False,
Harvey Barnes,England,"FW,MF",Newcastle,25.0,1997.0,21,7,802,8.9,5,3,8,5,0,0,2,0,0.5617977528089887,0.33707865168539325,0.898876404494382,0.5617977528089887,0.898876404494382,False,2023-24,2023,False,
Harvey Barnes,England,"FW,MF",Newcastle,26.0,1997.0,33,17,1755,19.5,9,4,13,9,0,0,0,0,0.46153846153846156,0.20512820512820512,0.6666666666666666,0.46153846153846156,0.6666666666666666,False,2024-25,2024,False,
Harvey Barnes,England,"FW,MF",Newcastle,27.0,1997.0,37,19,1966,21.8,7,1,8,7,0,0,1,0,0.3211009174311926,0.04587155963302752,0.36697247706422015,0.3211009174311926,0.36697247706422015,False,2025-26,2025,False,
Harvey Barnes,,MF,Newcastle,28.0,1997.0,4,4,359,4.0,1,0,1,1,0,0,0,0,0.25,0.0,0.25,0.25,0.25,False,2026-27,2026,True,4.0
Harvey Elliott,England,MF,Liverpool,18.0,2003.0,6,4,346,3.8,0,0,0,0,0,0,0,0,0.0,0.0,0.0,0.0,0.0,False,2021-22,2021,False,
Harvey Elliott,England,MF,Liverpool,19.0,2003.0,32,18,1613,17.9,1,2,3,1,0,0,2,0,0.0558659217877095,0.111731843575419,0.1675977653631285,0.0558659217877095,0.1675977653631285,False,2022-23,2022,False,
Harvey Elliott,England,"MF,FW",Liverpool,20.0,2003.0,34,11,1352,15.0,3,6,9,3,0,0,2,0,0.2,0.4,0.6,0.2,0.6,False,2023-24,2023,False,
Harvey Elliott,England,MF,Liverpool,21.0,2003.0,18,2,371,4.1,1,2,3,1,0,0,1,0,0.24390243902439027,0.48780487804878053,0.7317073170731708,0.24390243902439027,0.7317073170731708,False,2024-25,2024,False,
Harvey ElliottHarvey Elliott,England,MF,Liverpool,22.0,2003.0,5,1,113,1.2,0,0,0,0,0,0,0,0,0.0,0.0,0.0,0.0,0.0,False,2025-26,2025,False,
Harvey White,England,MF,Tottenham,20.0,2001.0,1,0,5,0.1,0,0,0,0,0,0,0,0,0.0,0.0,0.0,0.0,0.0,False,2022-23,2022,False,
Hassane Kamara,Ivory Coast,DF,Watford,27.0,1994.0,19,18,1623,18.0,1,0,1,1,0,0,5,1,0.05555555555555555,0.0,0.05555555555555555,0.05555555555555555,0.05555555555555555,False,2021-22,2021,False,
Hayden Hackney,,MF,Everton,,,4,1,139,1.5,0,1,1,0,0,0,0,0,0.0,0.65,0.65,0.0,0.65,False,2026-27,2026,True,4.0
Hidemasa Morita,,MF,Hull City,,,1,1,45,0.5,0,0,0,0,0,0,0,0,0.0,0.0,0.0,0.0,0.0,False,2026-27,2026,True,4.0
Hjalmar Ekdal,Sweden,DF,Burnley,24.0,1998.0,8,5,437,4.9,0,0,0,0,0,0,2,0,0.0,0.0,0.0,0.0,0.0,False,2023-24,2023,False,
Hjalmar Ekdal,Sweden,DF,Burnley,26.0,1998.0,19,17,1539,17.1,0,0,0,0,0,0,0,0,0.0,0.0,0.0,0.0,0.0,False,2025-26,2025,False,
Honest Ahanor,,DF,Crystal Palace,,,1,1,90,1.0,0,0,0,0,0,0,0,0,0.0,0.0,0.0,0.0,0.0,False,2026-27,2026,True,4.0
Hugo Bueno,Spain,DF,Wolves,19.0,2002.0,21,16,1310,14.6,0,1,1,0,0,0,1,0,0.0,0.0684931506849315,0.0684931506849315,0.0,0.0684931506849315,False,2022-23,2022,False,
Hugo Bueno,Spain,"MF,DF",Wolves,20.0,2002.0,22,7,741,8.2,0,0,0,0,0,0,1,0,0.0,0.0,0.0,0.0,0.0,False,2023-24,2023,False,
Hugo Bueno,Spain,"MF,DF",Wolves,22.0,2002.0,35,26,2366,26.3,1,2,3,1,0,0,3,0,0.03802281368821293,0.07604562737642585,0.11406844106463879,0.03802281368821293,0.11406844106463879,False,2025-26,2025,False,
Hugo Ekitike,France,FW,Liverpool,23.0,2002.0,28,21,1803,20.0,11,4,15,11,0,0,0,0,0.55,0.2,0.75,0.55,0.75,False,2025-26,2025,False,
Hugo Larsson,,MF,Fulham,,,2,0,26,0.3,0,0,0,0,0,0,0,0,0.0,0.0,0.0,0.0,0.0,False,2026-27,2026,True,4.0
Hugo Lloris,France,GK,Tottenham,34.0,1986.0,38,38,3420,38.0,0,0,0,0,0,0,2,0,0.0,0.0,0.0,0.0,0.0,False,2021-22,2021,False,
Hugo Lloris,France,GK,Tottenham,35.0,1986.0,25,25,2205,24.5,0,0,0,0,0,0,0,0,0.0,0.0,0.0,0.0,0.0,False,2022-23,2022,False,
Hwang Hee-chan,South Korea,"FW,MF",Wolves,25.0,1996.0,30,20,1816,20.2,5,1,6,5,0,0,2,0,0.24752475247524752,0.04950495049504951,0.297029702970297,0.24752475247524752,0.297029702970297,False,2021-22,2021,False,
Hwang Hee-chan,South Korea,"FW,MF",Wolves,26.0,1996.0,27,12,1130,12.6,3,1,4,3,0,0,1,0,0.2380952380952381,0.07936507936507936,0.31746031746031744,0.2380952380952381,0.31746031746031744,False,2022-23,2022,False,
Hwang Hee-chan,South Korea,"FW,MF",Wolves,27.0,1996.0,29,25,2119,23.5,12,3,15,11,1,1,6,0,0.5106382978723404,0.1276595744680851,0.6382978723404256,0.46808510638297873,0.5957446808510639,False,2023-24,2023,False,
Hwang Hee-chan,South Korea,"MF,FW",Wolves,28.0,1996.0,21,5,661,7.3,2,0,2,2,0,0,0,0,0.273972602739726,0.0,0.273972602739726,0.273972602739726,0.273972602739726,False,2024-25,2024,False,
Hwang Hee-chan,South Korea,"FW,MF",Wolves,29.0,1996.0,26,18,1446,16.1,2,2,4,1,1,1,5,0,0.12422360248447203,0.12422360248447203,0.24844720496894407,0.06211180124223602,0.18633540372670804,False,2025-26,2025,False,
Hákon Valdimarsson,Iceland,GK,Brentford,22.0,2001.0,2,1,145,1.6,0,0,0,0,0,0,0,0,0.0,0.0,0.0,0.0,0.0,False,2024-25,2024,False,
Hákon Valdimarsson,Iceland,GK,Brentford,23.0,2001.0,1,1,90,1.0,0,0,0,0,0,0,0,0,0.0,0.0,0.0,0.0,0.0,False,2025-26,2025,False,
Hélder Costa,Angola,"FW,MF",Leeds United,27.0,1994.0,1,0,22,0.2,0,0,0,0,0,0,0,0,0.0,0.0,0.0,0.0,0.0,False,2021-22,2021,False,
Ian Maatsen,Netherlands,MF,Chelsea,21.0,2002.0,12,1,209,2.3,0,0,0,0,0,0,1,0,0.0,0.0,0.0,0.0,0.0,False,2023-24,2023,False,
Ian Maatsen,Netherlands,DF,Aston Villa,22.0,2002.0,29,10,1139,12.7,1,2,3,1,0,0,2,0,0.07874015748031496,0.15748031496062992,0.2362204724409449,0.07874015748031496,0.2362204724409449,False,2024-25,2024,False,
Ian Maatsen,Netherlands,DF,Aston Villa,23.0,2002.0,30,17,1605,17.8,0,1,1,0,0,0,2,0,0.0,0.056179775280898875,0.056179775280898875,0.0,0.056179775280898875,False,2025-26,2025,False,
Ian Maatsen,,DF,Aston Villa,23.0,2002.0,4,4,335,3.7,0,0,0,0,0,0,1,0,0.0,0.0,0.0,0.0,0.0,False,2026-27,2026,True,4.0
Ibrahim Mbaye,,FW,Aston Villa,,,1,0,28,0.3,0,0,0,0,0,0,0,0,0.0,0.0,0.0,0.0,0.0,False,2026-27,2026,True,4.0
Ibrahim Osman,,"FW,MF",Brighton,,,3,0,43,0.5,0,0,0,0,0,0,0,0,0.0,0.0,0.0,0.0,0.0,False,2026-27,2026,True,4.0
Ibrahim Sangaré,Ivory Coast,MF,Nottingham,25.0,1997.0,17,13,1035,11.5,0,0,0,0,0,0,6,0,0.0,0.0,0.0,0.0,0.0,False,2023-24,2023,False,
Ibrahim Sangaré,Ivory Coast,MF,Nottingham,26.0,1997.0,13,7,590,6.6,0,1,1,0,0,0,3,0,0.0,0.15151515151515152,0.15151515151515152,0.0,0.15151515151515152,False,2024-25,2024,False,
Ibrahim Sangaré,Ivory Coast,MF,Nottingham,27.0,1997.0,28,25,2075,23.1,2,2,4,2,0,0,5,0,0.08658008658008658,0.08658008658008658,0.17316017316017315,0.08658008658008658,0.17316017316017315,False,2025-26,2025,False,
Ibrahim Sangaré,,MF,Nottingham,28.0,1997.0,2,1,99,1.1,0,0,0,0,0,0,0,0,0.0,0.0,0.0,0.0,0.0,False,2026-27,2026,True,4.0
Ibrahima Diallo,France,MF,Southampton,22.0,1999.0,23,10,1023,11.4,0,2,2,0,0,0,1,0,0.0,0.17543859649122806,0.17543859649122806,0.0,0.17543859649122806,False,2021-22,2021,False,
Ibrahima Diallo,France,MF,Southampton,23.0,1999.0,18,11,819,9.1,0,0,0,0,0,0,4,0,0.0,0.0,0.0,0.0,0.0,False,2022-23,2022,False,
Ibrahima Konaté,France,DF,Liverpool,22.0,1999.0,11,11,990,11.0,0,0,0,0,0,0,2,0,0.0,0.0,0.0,0.0,0.0,False,2021-22,2021,False,
Ibrahima Konaté,France,DF,Liverpool,23.0,1999.0,18,17,1552,17.2,0,0,0,0,0,0,5,0,0.0,0.0,0.0,0.0,0.0,False,2022-23,2022,False,
Ibrahima Konaté,France,DF,Liverpool,24.0,1999.0,22,17,1574,17.5,0,0,0,0,0,0,5,1,0.0,0.0,0.0,0.0,0.0,False,2023-24,2023,False,
Ibrahima Konaté,France,DF,Liverpool,25.0,1999.0,31,30,2560,28.4,1,2,3,1,0,0,5,0,0.035211267605633804,0.07042253521126761,0.10563380281690142,0.035211267605633804,0.10563380281690142,False,2024-25,2024,False,
Ibrahima Konaté,France,DF,Liverpool,26.0,1999.0,36,36,3090,34.3,1,0,1,1,0,0,7,0,0.02915451895043732,0.0,0.02915451895043732,0.02915451895043732,0.02915451895043732,False,2025-26,2025,False,
Idrissa Gueye,Senegal,MF,Everton,32.0,1989.0,33,32,2577,28.6,0,1,1,0,0,0,7,0,0.0,0.03496503496503496,0.03496503496503496,0.0,0.03496503496503496,False,2022-23,2022,False,
Idrissa Gueye,Senegal,MF,Everton,33.0,1989.0,25,24,1884,20.9,4,0,4,4,0,0,8,0,0.19138755980861244,0.0,0.19138755980861244,0.19138755980861244,0.19138755980861244,False,2023-24,2023,False,
Idrissa Gueye,Senegal,MF,Everton,34.0,1989.0,37,35,3063,34.0,0,3,3,0,0,0,9,0,0.0,0.08823529411764706,0.08823529411764706,0.0,0.08823529411764706,False,2024-25,2024,False,
Idrissa Gueye,Senegal,MF,Everton,35.0,1989.0,25,25,2093,23.3,2,3,5,2,0,0,1,1,0.08583690987124463,0.12875536480686695,0.2145922746781116,0.08583690987124463,0.2145922746781116,False,2025-26,2025,False,
Igor,Brazil,DF,Brighton,25.0,1998.0,24,17,1637,18.2,0,0,0,0,0,0,4,0,0.0,0.0,0.0,0.0,0.0,False,2023-24,2023,False,
Igor,Brazil,DF,Brighton,26.0,1998.0,13,10,961,10.7,0,0,0,0,0,0,4,0,0.0,0.0,0.0,0.0,0.0,False,2024-25,2024,False,
Igor,Brazil,DF,West Ham,27.0,1998.0,4,1,105,1.2,0,0,0,0,0,0,0,0,0.0,0.0,0.0,0.0,0.0,False,2025-26,2025,False,
Igor Jesus,Brazil,FW,Nottingham,24.0,2001.0,37,28,2298,25.5,6,4,10,5,1,1,2,0,0.23529411764705882,0.1568627450980392,0.39215686274509803,0.19607843137254902,0.3529411764705882,False,2025-26,2025,False,
Igor Jesus,,FW,Nottingham,24.0,2001.0,4,2,227,2.5,1,0,1,1,0,0,1,0,0.4,0.0,0.4,0.4,0.4,False,2026-27,2026,True,4.0
Igor Thiago,Brazil,FW,Brentford,23.0,2001.0,8,1,175,1.9,0,0,0,0,0,0,0,0,0.0,0.0,0.0,0.0,0.0,False,2024-25,2024,False,
Igor Thiago,Brazil,FW,Brentford,24.0,2001.0,38,37,3282,36.5,22,1,23,14,8,9,7,0,0.6027397260273972,0.0273972602739726,0.6301369863013698,0.3835616438356164,0.410958904109589,False,2025-26,2025,False,
Igor Thiago,,FW,Brentford,24.0,2001.0,4,4,352,3.9,0,0,0,0,0,1,1,0,0.0,0.0,0.0,0.0,0.0,False,2026-27,2026,True,4.0
Ilia Gruev,Bulgaria,MF,Leeds United,25.0,2000.0,23,15,1323,14.7,0,3,3,0,0,0,3,0,0.0,0.20408163265306123,0.20408163265306123,0.0,0.20408163265306123,False,2025-26,2025,False,
Iliman Ndiaye,Senegal,"MF,FW",Everton,24.0,2000.0,33,29,2430,27.0,9,0,9,7,2,2,3,0,0.3333333333333333,0.0,0.3333333333333333,0.25925925925925924,0.25925925925925924,False,2024-25,2024,False,
Iliman Ndiaye,Senegal,MF,Everton,25.0,2000.0,32,32,2778,30.9,6,3,9,4,2,2,2,0,0.1941747572815534,0.0970873786407767,0.29126213592233013,0.12944983818770228,0.226537216828479,False,2025-26,2025,False,
Iliman Ndiaye,,MF,Everton,25.0,2000.0,2,2,180,2.0,0,1,1,0,0,0,0,0,0.0,0.5,0.5,0.0,0.5,False,2026-27,2026,True,4.0
Iliman Ndiaye,,MF,Manchester City,25.0,2000.0,2,1,131,1.5,0,0,0,0,0,0,0,0,0.0,0.0,0.0,0.0,0.0,False,2026-27,2026,True,4.0
Illan Meslier,France,GK,Leeds United,21.0,2000.0,38,38,3384,37.6,0,0,0,0,0,0,2,0,0.0,0.0,0.0,0.0,0.0,False,2021-22,2021,False,
Illan Meslier,France,GK,Leeds United,22.0,2000.0,34,34,3060,34.0,0,0,0,0,0,0,3,0,0.0,0.0,0.0,0.0,0.0,False,2022-23,2022,False,
Illia Zabarnyi,Ukraine,DF,Bournemouth,19.0,2002.0,5,3,299,3.3,0,0,0,0,0,0,0,0,0.0,0.0,0.0,0.0,0.0,False,2022-23,2022,False,
Illia Zabarnyi,Ukraine,DF,Bournemouth,20.0,2002.0,37,37,3330,37.0,1,0,1,1,0,0,5,0,0.02702702702702703,0.0,0.02702702702702703,0.02702702702702703,0.02702702702702703,False,2023-24,2023,False,
Illia Zabarnyi,Ukraine,DF,Bournemouth,21.0,2002.0,36,35,3109,34.5,0,1,1,0,0,0,4,1,0.0,0.028985507246376812,0.028985507246376812,0.0,0.028985507246376812,False,2024-25,2024,False,
Imran Louza,Morocco,MF,Watford,22.0,1999.0,20,17,1416,15.7,0,0,0,0,0,0,6,0,0.0,0.0,0.0,0.0,0.0,False,2021-22,2021,False,
Ionuț Radu,Romania,GK,Bournemouth,26.0,1997.0,2,2,180,2.0,0,0,0,0,0,0,0,0,0.0,0.0,0.0,0.0,0.0,False,2023-24,2023,False,
Isaac Hayden,Jamaica,"MF,DF",Newcastle,26.0,1995.0,14,12,1002,11.1,1,0,1,1,0,0,5,0,0.0900900900900901,0.0,0.0900900900900901,0.0900900900900901,0.0900900900900901,False,2021-22,2021,False,
Isaac Price,Northern Ireland,MF,Everton,17.0,2003.0,1,0,14,0.2,0,0,0,0,0,0,0,0,0.0,0.0,0.0,0.0,0.0,False,2021-22,2021,False,
Isaac Price,Northern Ireland,MF,Everton,18.0,2003.0,1,0,33,0.4,0,0,0,0,0,0,1,0,0.0,0.0,0.0,0.0,0.0,False,2022-23,2022,False,
Ismaila Sarr,Senegal,"MF,FW",Watford,23.0,1998.0,22,21,1861,20.7,5,2,7,5,0,1,2,0,0.24154589371980678,0.0966183574879227,0.33816425120772947,0.24154589371980678,0.33816425120772947,False,2021-22,2021,False,
Ismaila Sarr,Senegal,MF,Crystal Palace,26.0,1998.0,38,30,2711,30.1,8,6,14,8,0,0,4,0,0.26578073089700993,0.19933554817275748,0.46511627906976744,0.26578073089700993,0.46511627906976744,False,2024-25,2024,False,
Ismaila Sarr,Senegal,MF,Crystal Palace,27.0,1998.0,28,24,2174,24.2,9,1,10,6,3,3,2,0,0.37190082644628103,0.04132231404958678,0.4132231404958678,0.24793388429752067,0.2892561983471075,False,2025-26,2025,False,
Issa Diop,Morocco,DF,West Ham,24.0,1997.0,13,10,963,10.7,0,1,1,0,0,0,0,0,0.0,0.09345794392523366,0.09345794392523366,0.0,0.09345794392523366,False,2021-22,2021,False,
Issa Diop,Morocco,DF,Fulham,25.0,1997.0,25,21,2012,22.4,1,0,1,1,0,0,2,0,0.044642857142857144,0.0,0.044642857142857144,0.044642857142857144,0.044642857142857144,False,2022-23,2022,False,
Issa Diop,Morocco,DF,Fulham,26.0,1997.0,18,16,1424,15.8,0,0,0,0,0,0,4,1,0.0,0.0,0.0,0.0,0.0,False,2023-24,2023,False,
Issa Diop,Morocco,DF,Fulham,27.0,1997.0,21,15,1339,14.9,0,0,0,0,0,0,2,0,0.0,0.0,0.0,0.0,0.0,False,2024-25,2024,False,
Issa Diop,Morocco,DF,Fulham,28.0,1997.0,13,8,816,9.1,1,0,1,1,0,0,2,0,0.10989010989010989,0.0,0.10989010989010989,0.10989010989010989,0.10989010989010989,False,2025-26,2025,False,
Issa Diop,,DF,Ipswich Town,28.0,1997.0,4,4,360,4.0,0,0,0,0,0,0,0,0,0.0,0.0,0.0,0.0,0.0,False,2026-27,2026,True,4.0
Issa Kaboré,Burkina Faso,"MF,DF",Luton Town,22.0,2001.0,24,21,1729,19.2,0,2,2,0,0,0,7,0,0.0,0.10416666666666667,0.10416666666666667,0.0,0.10416666666666667,False,2023-24,2023,False,
Ivan Perišić,Croatia,MF,Tottenham,33.0,1989.0,34,23,2108,23.4,1,8,9,1,0,0,6,0,0.042735042735042736,0.3418803418803419,0.38461538461538464,0.042735042735042736,0.38461538461538464,False,2022-23,2022,False,
Ivan Perišić,Croatia,"FW,MF",Tottenham,34.0,1989.0,5,0,103,1.1,0,1,1,0,0,0,2,0,0.0,0.9090909090909091,0.9090909090909091,0.0,0.9090909090909091,False,2023-24,2023,False,
Ivan Toney,England,FW,Brentford,25.0,1996.0,33,32,2909,32.3,12,5,17,7,5,5,8,0,0.3715170278637771,0.15479876160990713,0.5263157894736843,0.21671826625387,0.37151702786377716,False,2021-22,2021,False,
Ivan Toney,England,FW,Brentford,26.0,1996.0,33,33,2951,32.8,20,4,24,14,6,7,9,0,0.6097560975609757,0.12195121951219513,0.7317073170731708,0.426829268292683,0.5487804878048781,False,2022-23,2022,False,
Ivan Toney,England,FW,Brentford,27.0,1996.0,17,16,1450,16.1,4,2,6,4,0,0,5,0,0.24844720496894407,0.12422360248447203,0.37267080745341613,0.24844720496894407,0.37267080745341613,False,2023-24,2023,False,
Ivo Grbić,Croatia,GK,Sheffield United,27.0,1996.0,9,9,771,8.6,0,0,0,0,0,0,1,0,0.0,0.0,0.0,0.0,0.0,False,2023-24,2023,False,
Jack Butland,England,GK,Crystal Palace,28.0,1993.0,9,8,765,8.5,0,0,0,0,0,0,0,0,0.0,0.0,0.0,0.0,0.0,False,2021-22,2021,False,
Jack Clarke,England,MF,Ipswich Town,23.0,2000.0,32,12,1181,13.1,0,4,4,0,0,0,2,0,0.0,0.3053435114503817,0.3053435114503817,0.0,0.3053435114503817,False,2024-25,2024,False,
Jack Clarke,,MF,Ipswich Town,25.0,2000.0,3,1,107,1.2,1,0,1,1,0,0,1,0,0.84,0.0,0.84,0.84,0.84,False,2026-27,2026,True,4.0
Jack Colback,England,MF,Nottingham,32.0,1989.0,11,4,497,5.5,0,0,0,0,0,0,0,0,0.0,0.0,0.0,0.0,0.0,False,2022-23,2022,False,
Jack Cork,England,MF,Burnley,32.0,1989.0,20,20,1670,18.6,1,0,1,1,0,0,4,0,0.05376344086021505,0.0,0.05376344086021505,0.05376344086021505,0.05376344086021505,False,2021-22,2021,False,
Jack Cork,England,"DF,MF",Burnley,34.0,1989.0,4,0,27,0.3,0,0,0,0,0,0,0,0,0.0,0.0,0.0,0.0,0.0,False,2023-24,2023,False,
Jack Fletcher,England,MF,Manchester Utd,18.0,2007.0,3,0,108,1.2,0,0,0,0,0,0,0,0,0.0,0.0,0.0,0.0,0.0,False,2025-26,2025,False,
Jack Grealish,England,"FW,MF",Manchester City,25.0,1995.0,26,22,1914,21.3,3,3,6,3,0,0,3,0,0.14084507042253522,0.14084507042253522,0.28169014084507044,0.14084507042253522,0.28169014084507044,False,2021-22,2021,False,
Jack Grealish,England,"FW,MF",Manchester City,26.0,1995.0,28,23,2055,22.8,5,7,12,5,0,0,4,0,0.21929824561403508,0.30701754385964913,0.5263157894736842,0.21929824561403508,0.5263157894736842,False,2022-23,2022,False,
Jack Grealish,England,"MF,FW",Manchester City,27.0,1995.0,20,10,1009,11.2,3,1,4,3,0,0,6,0,0.26785714285714285,0.08928571428571429,0.35714285714285715,0.26785714285714285,0.35714285714285715,False,2023-24,2023,False,
Jack Grealish,England,"MF,FW",Manchester City,28.0,1995.0,20,7,721,8.0,1,1,2,1,0,0,3,0,0.125,0.125,0.25,0.125,0.25,False,2024-25,2024,False,
Jack Grealish,England,MF,Everton,29.0,1995.0,20,18,1627,18.1,2,6,8,2,0,0,5,1,0.11049723756906077,0.3314917127071823,0.4419889502762431,0.11049723756906077,0.4419889502762431,False,2025-26,2025,False,
Jack Grealish,,"FW,MF",Everton,30.0,1995.0,2,0,51,0.6,0,0,0,0,0,0,0,0,0.0,0.0,0.0,0.0,0.0,False,2026-27,2026,True,4.0
Jack Grealish,,"FW,MF",Manchester City,30.0,1995.0,1,0,9,0.1,0,0,0,0,0,0,0,0,0.0,0.0,0.0,0.0,0.0,False,2026-27,2026,True,4.0
Jack Harrison,England,MF,Leeds United,24.0,1996.0,35,32,2639,29.3,8,1,9,8,0,0,3,0,0.27303754266211605,0.034129692832764506,0.30716723549488056,0.27303754266211605,0.30716723549488056,False,2021-22,2021,False,
Jack Harrison,England,MF,Leeds United,25.0,1996.0,36,34,2708,30.1,5,7,12,5,0,0,2,0,0.16611295681063123,0.23255813953488372,0.39867109634551495,0.16611295681063123,0.39867109634551495,False,2022-23,2022,False,
Jack Harrison,England,MF,Everton,26.0,1996.0,29,25,2214,24.6,3,3,6,3,0,0,1,0,0.12195121951219512,0.12195121951219512,0.24390243902439024,0.12195121951219512,0.24390243902439024,False,2023-24,2023,False,
Jack Harrison,England,"MF,FW",Everton,27.0,1996.0,34,24,2076,23.1,1,0,1,1,0,0,0,0,0.04329004329004329,0.0,0.04329004329004329,0.04329004329004329,0.04329004329004329,False,2024-25,2024,False,
Jack Harrison,England,FW,Leeds United,28.0,1996.0,11,1,269,3.0,0,0,0,0,0,0,0,0,0.0,0.0,0.0,0.0,0.0,False,2025-26,2025,False,
Jack Hinshelwood,England,"DF,MF",Brighton,17.0,2005.0,1,0,2,0.0,0,0,0,0,0,0,0,0,0.0,0.0,0.0,0.0,0.0,False,2022-23,2022,False,
Jack Hinshelwood,England,"DF,MF",Brighton,18.0,2005.0,12,8,869,9.7,3,0,3,3,0,0,1,0,0.30927835051546393,0.0,0.30927835051546393,0.30927835051546393,0.30927835051546393,False,2023-24,2023,False,
Jack Hinshelwood,England,"MF,DF",Brighton,19.0,2005.0,26,22,1842,20.5,5,2,7,5,0,0,5,0,0.24390243902439024,0.0975609756097561,0.34146341463414637,0.24390243902439024,0.34146341463414637,False,2024-25,2024,False,
Jack Hinshelwood,England,MF,Brighton,20.0,2005.0,27,20,1741,19.3,4,3,7,4,0,0,0,0,0.20725388601036268,0.15544041450777202,0.3626943005181347,0.20725388601036268,0.3626943005181347,False,2025-26,2025,False,
Jack Hinshelwood,,MF,Brighton,20.0,2005.0,1,1,63,0.7,2,0,2,2,0,0,0,0,2.86,0.0,2.86,2.86,2.86,False,2026-27,2026,True,4.0
Jack Robinson,England,DF,Sheffield United,29.0,1993.0,34,31,2885,32.1,1,1,2,1,0,0,10,0,0.03115264797507788,0.03115264797507788,0.06230529595015576,0.03115264797507788,0.06230529595015576,False,2023-24,2023,False,
Jack Rudoni,,MF,Coventry City,,,4,3,225,2.5,0,0,0,0,0,0,0,0,0.0,0.0,0.0,0.0,0.0,False,2026-27,2026,True,4.0
Jack Stacey,England,"DF,MF",Bournemouth,26.0,1996.0,10,3,299,3.3,0,0,0,0,0,0,2,0,0.0,0.0,0.0,0.0,0.0,False,2022-23,2022,False,
Jack Stephens,England,DF,Southampton,27.0,1994.0,11,9,811,9.0,0,0,0,0,0,0,3,0,0.0,0.0,0.0,0.0,0.0,False,2021-22,2021,False,
Jack Stephens,England,DF,Southampton,30.0,1994.0,19,17,1389,15.4,1,0,1,1,0,0,2,2,0.06493506493506493,0.0,0.06493506493506493,0.06493506493506493,0.06493506493506493,False,2024-25,2024,False,
Jack StephensJack Stephens,England,DF,Southampton,28.0,1994.0,17,13,1219,13.5,0,0,0,0,0,0,3,0,0.0,0.0,0.0,0.0,0.0,False,2022-23,2022,False,
Jack Taylor,Ireland,MF,Ipswich Town,26.0,1998.0,32,4,860,9.6,1,0,1,1,0,0,4,0,0.10416666666666667,0.0,0.10416666666666667,0.10416666666666667,0.10416666666666667,False,2024-25,2024,False,
Jackson Tchatchoua,Cameroon,"MF,DF",Wolves,23.0,2001.0,31,19,1845,20.5,0,1,1,0,0,0,3,0,0.0,0.04878048780487805,0.04878048780487805,0.0,0.04878048780487805,False,2025-26,2025,False,
Jacob Brown,Scotland,"MF,FW",Luton Town,25.0,1998.0,19,12,1019,11.3,2,0,2,2,0,0,4,0,0.17699115044247787,0.0,0.17699115044247787,0.17699115044247787,0.17699115044247787,False,2023-24,2023,False,
Jacob Bruun Larsen,Denmark,MF,Burnley,24.0,1998.0,32,16,1249,13.9,6,0,6,5,1,1,1,0,0.4316546762589928,0.0,0.4316546762589928,0.3597122302158273,0.3597122302158273,False,2023-24,2023,False,
Jacob Bruun Larsen,Denmark,"MF,FW",Burnley,26.0,1998.0,28,10,1030,11.4,0,1,1,0,0,0,0,0,0.0,0.08771929824561403,0.08771929824561403,0.0,0.08771929824561403,False,2025-26,2025,False,
Jacob Greaves,England,DF,Ipswich Town,23.0,2000.0,25,25,2205,24.5,1,0,1,1,0,0,5,0,0.04081632653061224,0.0,0.04081632653061224,0.04081632653061224,0.04081632653061224,False,2024-25,2024,False,
Jacob Greaves,,DF,Ipswich Town,25.0,2000.0,4,4,357,4.0,0,0,0,0,0,0,1,0,0.0,0.0,0.0,0.0,0.0,False,2026-27,2026,True,4.0
Jacob Murphy,England,"FW,MF",Newcastle,26.0,1995.0,33,13,1473,16.4,1,2,3,1,0,0,4,0,0.06097560975609757,0.12195121951219513,0.1829268292682927,0.06097560975609757,0.1829268292682927,False,2021-22,2021,False,
Jacob Murphy,England,FW,Newcastle,27.0,1995.0,36,14,1251,13.9,4,2,6,4,0,0,0,0,0.28776978417266186,0.14388489208633093,0.4316546762589928,0.28776978417266186,0.4316546762589928,False,2022-23,2022,False,
Jacob Murphy,England,"FW,MF",Newcastle,28.0,1995.0,21,14,1189,13.2,3,7,10,3,0,0,1,0,0.2272727272727273,0.5303030303030303,0.7575757575757576,0.2272727272727273,0.7575757575757576,False,2023-24,2023,False,
Jacob Murphy,England,"FW,MF",Newcastle,29.0,1995.0,35,31,2360,26.2,8,12,20,8,0,0,4,0,0.3053435114503817,0.4580152671755725,0.7633587786259542,0.3053435114503817,0.7633587786259542,False,2024-25,2024,False,
Jacob Murphy,England,"FW,MF",Newcastle,30.0,1995.0,33,19,1617,18.0,3,2,5,3,0,0,2,0,0.16666666666666666,0.1111111111111111,0.2777777777777778,0.16666666666666666,0.2777777777777778,False,2025-26,2025,False,
Jacob Murphy,,MF,Newcastle,30.0,1995.0,4,1,94,1.0,0,0,0,0,0,0,2,0,0.0,0.0,0.0,0.0,0.0,False,2026-27,2026,True,4.0
Jacob Ramsey,England,MF,Aston Villa,20.0,2001.0,34,29,2467,27.4,6,1,7,6,0,0,6,0,0.21897810218978103,0.03649635036496351,0.25547445255474455,0.21897810218978103,0.25547445255474455,False,2021-22,2021,False,
Jacob Ramsey,England,MF,Aston Villa,21.0,2001.0,35,31,2636,29.3,6,7,13,6,0,0,5,0,0.20477815699658702,0.23890784982935154,0.44368600682593856,0.20477815699658702,0.44368600682593856,False,2022-23,2022,False,
Jacob Ramsey,England,MF,Aston Villa,22.0,2001.0,16,8,853,9.5,1,1,2,1,0,0,2,0,0.10526315789473684,0.10526315789473684,0.21052631578947367,0.10526315789473684,0.21052631578947367,False,2023-24,2023,False,
Jacob Ramsey,England,MF,Aston Villa,23.0,2001.0,29,19,1623,18.0,1,3,4,1,0,0,4,1,0.05555555555555555,0.16666666666666666,0.2222222222222222,0.05555555555555555,0.2222222222222222,False,2024-25,2024,False,
Jacob Ramsey,England,MF,Newcastle,24.0,2001.0,28,15,1450,16.1,2,3,5,2,0,0,5,1,0.12422360248447203,0.18633540372670807,0.3105590062111801,0.12422360248447203,0.3105590062111801,False,2025-26,2025,False,
Jacob Ramsey,,MF,Newcastle,24.0,2001.0,3,0,72,0.8,1,0,1,1,0,0,1,0,1.25,0.0,1.25,1.25,1.25,False,2026-27,2026,True,4.0
Jaden Philogene Bidace,England,"FW,MF",Aston Villa,19.0,2002.0,1,0,5,0.1,0,0,0,0,0,0,0,0,0.0,0.0,0.0,0.0,0.0,False,2021-22,2021,False,
Jaden Philogene Bidace,England,"FW,MF",Aston Villa,21.0,2002.0,1,0,4,0.0,0,0,0,0,0,0,0,0,0.0,0.0,0.0,0.0,0.0,False,2023-24,2023,False,
Jaden Philogene Bidace,,"FW,MF",Ipswich Town,23.0,2002.0,1,0,29,0.3,0,0,0,0,0,0,0,0,0.0,0.0,0.0,0.0,0.0,False,2026-27,2026,True,4.0
Jaden Philogene BidaceJaden Philogene Bidace,England,MF,Ipswich Town,22.0,2002.0,21,7,806,9.0,2,0,2,2,0,0,5,1,0.2222222222222222,0.0,0.2222222222222222,0.2222222222222222,0.2222222222222222,False,2024-25,2024,False,
Jadon Sancho,England,"MF,FW",Manchester Utd,21.0,2000.0,29,20,1900,21.1,3,3,6,3,0,0,0,0,0.14218009478672985,0.14218009478672985,0.2843601895734597,0.14218009478672985,0.2843601895734597,False,2021-22,2021,False,
Jadon Sancho,England,MF,Manchester Utd,22.0,2000.0,26,21,1686,18.7,6,3,9,6,0,0,0,0,0.32085561497326204,0.16042780748663102,0.4812834224598931,0.32085561497326204,0.4812834224598931,False,2022-23,2022,False,
Jadon Sancho,England,"FW,MF",Manchester Utd,23.0,2000.0,3,0,79,0.9,0,0,0,0,0,0,0,0,0.0,0.0,0.0,0.0,0.0,False,2023-24,2023,False,
Jadon Sancho,England,MF,Chelsea,24.0,2000.0,31,19,1764,19.6,3,4,7,3,0,0,2,0,0.1530612244897959,0.2040816326530612,0.3571428571428571,0.1530612244897959,0.3571428571428571,False,2024-25,2024,False,
Jadon Sancho,England,MF,Aston Villa,25.0,2000.0,23,9,876,9.7,0,2,2,0,0,0,0,0,0.0,0.2061855670103093,0.2061855670103093,0.0,0.2061855670103093,False,2025-26,2025,False,
Jahmai Simpson-Pusey,England,DF,Manchester City,18.0,2005.0,2,1,96,1.1,0,0,0,0,0,0,1,0,0.0,0.0,0.0,0.0,0.0,False,2024-25,2024,False,
Jaidon Anthony,England,MF,Bournemouth,22.0,1999.0,30,11,1257,14.0,3,1,4,3,0,0,2,0,0.21428571428571427,0.07142857142857142,0.2857142857142857,0.21428571428571427,0.2857142857142857,False,2022-23,2022,False,
Jaidon Anthony,England,MF,Bournemouth,23.0,1999.0,3,2,152,1.7,0,0,0,0,0,0,1,0,0.0,0.0,0.0,0.0,0.0,False,2023-24,2023,False,
Jaidon Anthony,England,MF,Burnley,25.0,1999.0,37,32,2722,30.2,8,2,10,8,0,0,4,0,0.26490066225165565,0.06622516556291391,0.33112582781456956,0.26490066225165565,0.33112582781456956,False,2025-26,2025,False,
Jaidon Anthony,,MF,Brentford,26.0,1999.0,4,2,188,2.1,0,0,0,0,0,0,1,0,0.0,0.0,0.0,0.0,0.0,False,2026-27,2026,True,4.0
Jair Cunha,Brazil,DF,Nottingham,20.0,2005.0,9,6,517,5.7,0,0,0,0,0,0,0,0,0.0,0.0,0.0,0.0,0.0,False,2025-26,2025,False,
Jair Cunha,,DF,Nottingham,20.0,2005.0,3,3,270,3.0,0,0,0,0,0,0,1,0,0.0,0.0,0.0,0.0,0.0,False,2026-27,2026,True,4.0
Jaka Bijol,Slovenia,DF,Leeds United,26.0,1999.0,25,21,1890,21.0,1,2,3,1,0,0,4,0,0.047619047619047616,0.09523809523809523,0.14285714285714285,0.047619047619047616,0.14285714285714285,False,2025-26,2025,False,
Jaka Bijol,,DF,Leeds United,26.0,1999.0,3,2,165,1.8,0,0,0,0,0,0,0,0,0.0,0.0,0.0,0.0,0.0,False,2026-27,2026,True,4.0
Jake Evans,England,MF,Leicester City,15.0,2008.0,4,0,24,0.3,0,0,0,0,0,0,0,0,0.0,0.0,0.0,0.0,0.0,False,2024-25,2024,False,
Jake O'Brien,Ireland,DF,Everton,23.0,2001.0,20,17,1571,17.5,2,0,2,2,0,0,5,0,0.11428571428571428,0.0,0.11428571428571428,0.11428571428571428,0.11428571428571428,False,2024-25,2024,False,
Jake O'Brien,Ireland,DF,Everton,24.0,2001.0,37,35,3120,34.7,1,1,2,1,0,0,6,1,0.02881844380403458,0.02881844380403458,0.05763688760806916,0.02881844380403458,0.05763688760806916,False,2025-26,2025,False,
Jake O'Brien,,DF,Everton,24.0,2001.0,1,0,16,0.2,0,0,0,0,0,0,0,0,0.0,0.0,0.0,0.0,0.0,False,2026-27,2026,True,4.0
Jakob Sørensen,Denmark,"MF,DF",Norwich City,23.0,1998.0,10,6,604,6.7,0,0,0,0,0,0,0,0,0.0,0.0,0.0,0.0,0.0,False,2021-22,2021,False,
Jakub Kiwior,Poland,DF,Arsenal,22.0,2000.0,7,5,427,4.7,1,0,1,1,0,0,0,0,0.2127659574468085,0.0,0.2127659574468085,0.2127659574468085,0.2127659574468085,False,2022-23,2022,False,
Jakub Kiwior,Poland,DF,Arsenal,23.0,2000.0,20,11,946,10.5,1,3,4,1,0,0,1,0,0.09523809523809523,0.2857142857142857,0.38095238095238093,0.09523809523809523,0.38095238095238093,False,2023-24,2023,False,
Jakub Kiwior,Poland,DF,Arsenal,24.0,2000.0,17,10,1122,12.5,1,0,1,1,0,0,1,0,0.08,0.0,0.08,0.08,0.08,False,2024-25,2024,False,
Jakub Moder,Poland,"MF,FW",Brighton,22.0,1999.0,28,19,1701,18.9,0,3,3,0,0,0,1,0,0.0,0.15873015873015875,0.15873015873015875,0.0,0.15873015873015875,False,2021-22,2021,False,
Jakub Moder,Poland,"MF,DF",Brighton,24.0,1999.0,17,6,618,6.9,0,0,0,0,0,0,2,0,0.0,0.0,0.0,0.0,0.0,False,2023-24,2023,False,
Jakub Moder,Poland,MF,Brighton,25.0,1999.0,4,0,11,0.1,0,0,0,0,0,0,0,0,0.0,0.0,0.0,0.0,0.0,False,2024-25,2024,False,
Jakub Stolarczyk,Poland,GK,Leicester City,23.0,2000.0,10,10,900,10.0,0,0,0,0,0,0,1,0,0.0,0.0,0.0,0.0,0.0,False,2024-25,2024,False,
Jamaal Lascelles,England,DF,Newcastle,27.0,1993.0,26,22,2058,22.9,1,0,1,1,0,0,5,0,0.04366812227074236,0.0,0.04366812227074236,0.04366812227074236,0.04366812227074236,False,2021-22,2021,False,
Jamaal Lascelles,England,DF,Newcastle,28.0,1993.0,7,2,218,2.4,0,0,0,0,0,0,4,0,0.0,0.0,0.0,0.0,0.0,False,2022-23,2022,False,
Jamaal Lascelles,England,DF,Newcastle,29.0,1993.0,16,13,1080,12.0,1,0,1,1,0,0,4,0,0.08333333333333333,0.0,0.08333333333333333,0.08333333333333333,0.08333333333333333,False,2023-24,2023,False,
Jamaal Lascelles,England,DF,Newcastle,31.0,1993.0,2,0,21,0.2,0,0,0,0,0,0,0,0,0.0,0.0,0.0,0.0,0.0,False,2025-26,2025,False,
Jamal Lewis,Northern Ireland,DF,Newcastle,23.0,1998.0,5,4,262,2.9,0,0,0,0,0,0,1,0,0.0,0.0,0.0,0.0,0.0,False,2021-22,2021,False,
Jamal Lewis,Northern Ireland,"DF,MF",Newcastle,24.0,1998.0,2,0,11,0.1,0,0,0,0,0,0,0,0,0.0,0.0,0.0,0.0,0.0,False,2022-23,2022,False,
Jamal Lowe,Jamaica,"FW,MF",Bournemouth,28.0,1994.0,2,0,12,0.1,0,0,0,0,0,0,0,0,0.0,0.0,0.0,0.0,0.0,False,2022-23,2022,False,
Jamaldeen Jimoh,England,MF,Aston Villa,18.0,2006.0,1,0,9,0.1,0,0,0,0,0,0,0,0,0.0,0.0,0.0,0.0,0.0,False,2025-26,2025,False,
James Bree,England,DF,Southampton,24.0,1997.0,5,4,367,4.1,0,0,0,0,0,0,1,0,0.0,0.0,0.0,0.0,0.0,False,2022-23,2022,False,
James Bree,England,"DF,MF",Southampton,26.0,1997.0,17,13,1075,11.9,0,1,1,0,0,0,0,0,0.0,0.08403361344537814,0.08403361344537814,0.0,0.08403361344537814,False,2024-25,2024,False,
James Garner,England,MF,Everton,21.0,2001.0,16,7,804,8.9,0,1,1,0,0,0,3,0,0.0,0.11235955056179775,0.11235955056179775,0.0,0.11235955056179775,False,2022-23,2022,False,
James Garner,England,MF,Everton,22.0,2001.0,37,34,3004,33.4,1,2,3,1,0,0,7,0,0.029940119760479042,0.059880239520958084,0.08982035928143713,0.029940119760479042,0.08982035928143713,False,2023-24,2023,False,
James Garner,England,"MF,DF",Everton,23.0,2001.0,21,17,1594,17.7,0,1,1,0,0,0,5,0,0.0,0.05649717514124294,0.05649717514124294,0.0,0.05649717514124294,False,2024-25,2024,False,
James Garner,England,"MF,DF",Everton,24.0,2001.0,38,38,3413,37.9,2,7,9,2,0,0,12,0,0.052770448548812667,0.18469656992084432,0.237467018469657,0.052770448548812667,0.237467018469657,False,2025-26,2025,False,
James Garner,,MF,Everton,24.0,2001.0,4,3,239,2.7,0,0,0,0,0,0,2,0,0.0,0.0,0.0,0.0,0.0,False,2026-27,2026,True,4.0
James Hill,England,DF,Bournemouth,21.0,2002.0,5,1,76,0.8,0,0,0,0,0,0,0,0,0.0,0.0,0.0,0.0,0.0,False,2023-24,2023,False,
James Hill,England,DF,Bournemouth,22.0,2002.0,10,6,448,5.0,0,1,1,0,0,0,1,0,0.0,0.2,0.2,0.0,0.2,False,2024-25,2024,False,
James Hill,England,DF,Bournemouth,23.0,2002.0,29,22,2106,23.4,0,3,3,0,0,0,5,0,0.0,0.12820512820512822,0.12820512820512822,0.0,0.12820512820512822,False,2025-26,2025,False,
James Hill,,DF,Bournemouth,23.0,2002.0,4,4,360,4.0,0,0,0,0,0,0,1,0,0.0,0.0,0.0,0.0,0.0,False,2026-27,2026,True,4.0
James Justin,England,DF,Leicester City,23.0,1998.0,13,11,998,11.1,0,0,0,0,0,0,0,0,0.0,0.0,0.0,0.0,0.0,False,2021-22,2021,False,
James Justin,England,"DF,MF",Leicester City,24.0,1998.0,14,14,1252,13.9,0,0,0,0,0,0,0,0,0.0,0.0,0.0,0.0,0.0,False,2022-23,2022,False,
James Justin,England,"DF,MF",Leicester City,26.0,1998.0,36,34,2912,32.4,2,2,4,2,0,0,6,0,0.0617283950617284,0.0617283950617284,0.1234567901234568,0.0617283950617284,0.1234567901234568,False,2024-25,2024,False,
James Justin,England,"DF,MF",Leeds United,27.0,1998.0,29,21,1901,21.1,2,1,3,2,0,0,4,0,0.0947867298578199,0.04739336492890995,0.14218009478672985,0.0947867298578199,0.14218009478672985,False,2025-26,2025,False,
James Justin,,"MF,DF",Leeds United,27.0,1998.0,4,4,360,4.0,0,0,0,0,0,0,0,0,0.0,0.0,0.0,0.0,0.0,False,2026-27,2026,True,4.0
James Maddison,England,"MF,FW",Leicester City,24.0,1996.0,35,28,2459,27.3,12,8,20,12,0,0,3,0,0.43956043956043955,0.29304029304029305,0.7326007326007326,0.43956043956043955,0.7326007326007326,False,2021-22,2021,False,
James Maddison,England,"MF,FW",Leicester City,25.0,1996.0,30,28,2480,27.6,10,9,19,9,1,2,10,0,0.36231884057971014,0.32608695652173914,0.6884057971014492,0.32608695652173914,0.6521739130434782,False,2022-23,2022,False,
James Maddison,England,MF,Tottenham,26.0,1996.0,28,26,2135,23.7,4,9,13,4,0,0,5,0,0.16877637130801687,0.379746835443038,0.5485232067510548,0.16877637130801687,0.5485232067510548,False,2023-24,2023,False,
James Maddison,England,MF,Tottenham,27.0,1996.0,31,21,1809,20.1,9,7,16,9,0,0,6,0,0.4477611940298507,0.34825870646766166,0.7960199004975124,0.4477611940298507,0.7960199004975124,False,2024-25,2024,False,
James Maddison,England,"FW,MF",Tottenham,28.0,1996.0,3,0,37,0.4,0,0,0,0,0,0,0,0,0.0,0.0,0.0,0.0,0.0,False,2025-26,2025,False,
James Maddison,,"FW,MF",Tottenham,29.0,1996.0,2,0,37,0.4,0,0,0,0,0,0,0,0,0.0,0.0,0.0,0.0,0.0,False,2026-27,2026,True,4.0
James McArthur,Scotland,MF,Crystal Palace,33.0,1987.0,21,15,1439,16.0,0,3,3,0,0,0,4,0,0.0,0.1875,0.1875,0.0,0.1875,False,2021-22,2021,False,
James McArthur,Scotland,MF,Crystal Palace,34.0,1987.0,4,0,54,0.6,0,0,0,0,0,0,0,0,0.0,0.0,0.0,0.0,0.0,False,2022-23,2022,False,
James McConnell,England,MF,Liverpool,18.0,2004.0,3,0,4,0.0,0,0,0,0,0,0,0,0,0.0,0.0,0.0,0.0,0.0,False,2023-24,2023,False,
James Mcatee,England,MF,Manchester City,18.0,2002.0,2,0,20,0.2,0,0,0,0,0,0,0,0,0.0,0.0,0.0,0.0,0.0,False,2021-22,2021,False,
James Mcatee,England,MF,Manchester City,21.0,2002.0,15,3,349,3.9,3,0,3,3,0,0,1,0,0.7692307692307693,0.0,0.7692307692307693,0.7692307692307693,0.7692307692307693,False,2024-25,2024,False,
James Mcatee,England,MF,Nottingham,22.0,2002.0,14,2,298,3.3,0,1,1,0,0,0,1,0,0.0,0.30303030303030304,0.30303030303030304,0.0,0.30303030303030304,False,2025-26,2025,False,
James Mcatee,,MF,Nottingham,23.0,2002.0,4,4,333,3.7,0,0,0,0,0,0,2,0,0.0,0.0,0.0,0.0,0.0,False,2026-27,2026,True,4.0
James McateeJames Mcatee,England,MF,Sheffield United,20.0,2002.0,31,20,1823,20.2,3,3,6,2,1,1,2,0,0.1485148514851485,0.1485148514851485,0.297029702970297,0.09900990099009901,0.24752475247524752,False,2023-24,2023,False,
James Milner,England,"MF,DF",Liverpool,35.0,1986.0,24,9,853,9.5,0,1,1,0,0,0,2,0,0.0,0.10526315789473684,0.10526315789473684,0.0,0.10526315789473684,False,2021-22,2021,False,
James Milner,England,"MF,DF",Liverpool,36.0,1986.0,31,7,913,10.1,0,1,1,0,0,0,2,0,0.0,0.09900990099009901,0.09900990099009901,0.0,0.09900990099009901,False,2022-23,2022,False,
James Milner,England,"DF,MF",Brighton,37.0,1986.0,15,11,773,8.6,0,2,2,0,0,0,3,0,0.0,0.23255813953488372,0.23255813953488372,0.0,0.23255813953488372,False,2023-24,2023,False,
James Milner,England,MF,Brighton,38.0,1986.0,4,3,170,1.9,0,0,0,0,0,0,1,0,0.0,0.0,0.0,0.0,0.0,False,2024-25,2024,False,
James Milner,England,MF,Brighton,39.0,1986.0,20,7,784,8.7,1,1,2,0,1,1,2,0,0.1149425287356322,0.1149425287356322,0.2298850574712644,0.0,0.1149425287356322,False,2025-26,2025,False,
James Rowswell,England,DF,Tottenham,19.0,2006.0,1,0,1,0.0,0,0,0,0,0,0,0,0,0.0,0.0,0.0,0.0,0.0,False,2025-26,2025,False,
James Shea,England,GK,Luton Town,32.0,1991.0,1,0,15,0.2,0,0,0,0,0,0,0,0,0.0,0.0,0.0,0.0,0.0,False,2023-24,2023,False,
James Tarkowski,England,DF,Burnley,28.0,1992.0,35,35,3106,34.5,1,2,3,1,0,0,11,0,0.028985507246376812,0.057971014492753624,0.08695652173913043,0.028985507246376812,0.08695652173913043,False,2021-22,2021,False,
James Tarkowski,England,DF,Everton,29.0,1992.0,38,38,3420,38.0,1,1,2,1,0,0,6,0,0.02631578947368421,0.02631578947368421,0.05263157894736842,0.02631578947368421,0.05263157894736842,False,2022-23,2022,False,
James Tarkowski,England,DF,Everton,30.0,1992.0,38,38,3419,38.0,1,1,2,1,0,0,11,0,0.02631578947368421,0.02631578947368421,0.05263157894736842,0.02631578947368421,0.05263157894736842,False,2023-24,2023,False,
James Tarkowski,England,DF,Everton,31.0,1992.0,33,33,2922,32.5,1,1,2,1,0,0,6,0,0.03076923076923077,0.03076923076923077,0.06153846153846154,0.03076923076923077,0.06153846153846154,False,2024-25,2024,False,
James Tarkowski,England,DF,Everton,32.0,1992.0,37,37,3330,37.0,2,3,5,2,0,0,8,0,0.05405405405405406,0.08108108108108109,0.13513513513513514,0.05405405405405406,0.13513513513513514,False,2025-26,2025,False,
James Tarkowski,,DF,Everton,33.0,1992.0,4,4,360,4.0,1,0,1,1,0,0,0,0,0.25,0.0,0.25,0.25,0.25,False,2026-27,2026,True,4.0
James Tomkins,England,DF,Crystal Palace,32.0,1989.0,8,6,547,6.1,1,0,1,1,0,0,2,0,0.1639344262295082,0.0,0.1639344262295082,0.1639344262295082,0.1639344262295082,False,2021-22,2021,False,
James Tomkins,England,DF,Crystal Palace,33.0,1989.0,6,3,338,3.8,1,0,1,1,0,0,3,1,0.2631578947368421,0.0,0.2631578947368421,0.2631578947368421,0.2631578947368421,False,2022-23,2022,False,
James Tomkins,England,"DF,MF",Crystal Palace,34.0,1989.0,4,0,10,0.1,0,0,0,0,0,0,0,0,0.0,0.0,0.0,0.0,0.0,False,2023-24,2023,False,
James Trafford,England,GK,Burnley,20.0,2002.0,28,28,2520,28.0,0,0,0,0,0,0,2,0,0.0,0.0,0.0,0.0,0.0,False,2023-24,2023,False,
James Trafford,England,GK,Manchester City,22.0,2002.0,4,4,360,4.0,0,0,0,0,0,0,0,0,0.0,0.0,0.0,0.0,0.0,False,2025-26,2025,False,
James Trafford,,GK,Leeds United,23.0,2002.0,4,4,360,4.0,0,0,0,0,0,0,0,0,0.0,0.0,0.0,0.0,0.0,False,2026-27,2026,True,4.0
James Ward-Prowse,England,MF,Southampton,26.0,1994.0,36,36,3215,35.7,10,5,15,6,4,4,3,1,0.2801120448179272,0.1400560224089636,0.4201680672268907,0.1680672268907563,0.30812324929971985,False,2021-22,2021,False,
James Ward-Prowse,England,MF,Southampton,27.0,1994.0,38,38,3371,37.5,9,4,13,7,2,4,6,0,0.24,0.10666666666666667,0.3466666666666667,0.18666666666666668,0.29333333333333333,False,2022-23,2022,False,
James Ward-Prowse,England,MF,West Ham,28.0,1994.0,37,34,3001,33.3,7,7,14,5,2,2,4,0,0.21021021021021022,0.21021021021021022,0.42042042042042044,0.15015015015015015,0.36036036036036034,False,2023-24,2023,False,
James Ward-ProwseJames Ward-Prowse,England,MF,West Ham,29.0,1994.0,24,17,1439,15.9,1,2,3,1,0,0,4,1,0.06289308176100629,0.12578616352201258,0.18867924528301885,0.06289308176100629,0.18867924528301885,False,2024-25,2024,False,
James Ward-ProwseJames Ward-Prowse,England,MF,West Ham,30.0,1994.0,18,12,1097,12.2,0,1,1,0,0,0,1,0,0.0,0.0819672131147541,0.0819672131147541,0.0,0.0819672131147541,False,2025-26,2025,False,
Jamie Donley,Northern Ireland,MF,Tottenham,18.0,2005.0,3,0,3,0.0,0,0,0,0,0,0,1,0,0.0,0.0,0.0,0.0,0.0,False,2023-24,2023,False,
Jamie Gittens,England,MF,Chelsea,20.0,2004.0,16,5,495,5.5,0,2,2,0,0,0,0,0,0.0,0.36363636363636365,0.36363636363636365,0.0,0.36363636363636365,False,2025-26,2025,False,
Jamie Shackleton,England,"DF,MF",Leeds United,21.0,1999.0,14,7,709,7.9,0,0,0,0,0,0,4,0,0.0,0.0,0.0,0.0,0.0,False,2021-22,2021,False,
Jamie Vardy,England,FW,Leicester City,34.0,1987.0,25,20,1806,20.1,15,2,17,15,0,0,2,0,0.7462686567164178,0.09950248756218905,0.8457711442786069,0.7462686567164178,0.8457711442786069,False,2021-22,2021,False,
Jamie Vardy,England,FW,Leicester City,35.0,1987.0,37,19,1857,20.6,3,4,7,3,0,1,1,0,0.14563106796116504,0.1941747572815534,0.3398058252427184,0.14563106796116504,0.3398058252427184,False,2022-23,2022,False,
Jamie Vardy,England,FW,Leicester City,37.0,1987.0,35,35,2823,31.4,9,4,13,8,1,2,5,0,0.28662420382165604,0.12738853503184713,0.4140127388535032,0.25477707006369427,0.3821656050955414,False,2024-25,2024,False,
Jan Bednarek,Poland,DF,Southampton,25.0,1996.0,31,30,2629,29.2,4,0,4,4,0,0,10,0,0.136986301369863,0.0,0.136986301369863,0.136986301369863,0.136986301369863,False,2021-22,2021,False,
Jan Bednarek,Poland,DF,Southampton,28.0,1996.0,30,30,2531,28.1,2,0,2,2,0,0,7,0,0.07117437722419928,0.0,0.07117437722419928,0.07117437722419928,0.07117437722419928,False,2024-25,2024,False,
Jan BednarekJan Bednarek,Poland,DF,Southampton,26.0,1996.0,23,21,1772,19.700000000000003,0,0,0,0,0,0,5,0,0.0,0.0,0.0,0.0,0.0,False,2022-23,2022,False,
Jan Paul van Hecke,Netherlands,DF,Brighton,22.0,2000.0,8,3,295,3.3,0,0,0,0,0,0,2,0,0.0,0.0,0.0,0.0,0.0,False,2022-23,2022,False,
Jan Paul van Hecke,Netherlands,DF,Brighton,23.0,2000.0,28,26,2369,26.3,0,0,0,0,0,0,4,0,0.0,0.0,0.0,0.0,0.0,False,2023-24,2023,False,
Jan Paul van Hecke,Netherlands,DF,Brighton,24.0,2000.0,34,33,2958,32.9,1,1,2,1,0,0,8,1,0.030395136778115502,0.030395136778115502,0.060790273556231005,0.030395136778115502,0.060790273556231005,False,2024-25,2024,False,
Jan Paul van Hecke,Netherlands,DF,Brighton,25.0,2000.0,36,36,3210,35.7,3,3,6,3,0,0,9,0,0.08403361344537814,0.08403361344537814,0.1680672268907563,0.08403361344537814,0.1680672268907563,False,2025-26,2025,False,
Jan Paul van Hecke,,DF,Tottenham,25.0,2000.0,4,4,360,4.0,0,0,0,0,0,0,0,0,0.0,0.0,0.0,0.0,0.0,False,2026-27,2026,True,4.0
Jannik Schuster,,DF,Brentford,,,2,1,164,1.8,0,0,0,0,0,0,0,0,0.0,0.0,0.0,0.0,0.0,False,2026-27,2026,True,4.0
Jannik Vestergaard,Denmark,DF,Leicester City,28.0,1992.0,10,6,567,6.3,0,0,0,0,0,0,2,0,0.0,0.0,0.0,0.0,0.0,False,2021-22,2021,False,
Jannik Vestergaard,Denmark,DF,Leicester City,31.0,1992.0,18,16,1391,15.5,0,0,0,0,0,0,5,0,0.0,0.0,0.0,0.0,0.0,False,2024-25,2024,False,
Japhet Tanganga,England,"DF,MF",Tottenham,22.0,1999.0,11,10,735,8.2,0,0,0,0,0,0,4,1,0.0,0.0,0.0,0.0,0.0,False,2021-22,2021,False,
Japhet Tanganga,England,DF,Tottenham,23.0,1999.0,4,2,146,1.6,0,0,0,0,0,0,0,0,0.0,0.0,0.0,0.0,0.0,False,2022-23,2022,False,
Jarell Quansah,England,DF,Liverpool,20.0,2003.0,17,13,1190,13.2,2,0,2,2,0,0,1,0,0.15151515151515152,0.0,0.15151515151515152,0.15151515151515152,0.15151515151515152,False,2023-24,2023,False,
Jarell Quansah,England,DF,Liverpool,21.0,2003.0,13,4,495,5.5,0,0,0,0,0,0,2,0,0.0,0.0,0.0,0.0,0.0,False,2024-25,2024,False,
Jarrad Branthwaite,England,DF,Everton,19.0,2002.0,6,4,388,4.3,1,0,1,1,0,0,0,1,0.23255813953488372,0.0,0.23255813953488372,0.23255813953488372,0.23255813953488372,False,2021-22,2021,False,
Jarrad Branthwaite,England,DF,Everton,21.0,2002.0,35,35,3116,34.6,3,0,3,3,0,0,8,0,0.08670520231213873,0.0,0.08670520231213873,0.08670520231213873,0.08670520231213873,False,2023-24,2023,False,
Jarrad Branthwaite,England,DF,Everton,22.0,2002.0,30,28,2511,27.9,0,1,1,0,0,0,4,0,0.0,0.03584229390681004,0.03584229390681004,0.0,0.03584229390681004,False,2024-25,2024,False,
Jarrad Branthwaite,England,DF,Everton,23.0,2002.0,10,7,680,7.6,1,0,1,1,0,0,1,0,0.13157894736842105,0.0,0.13157894736842105,0.13157894736842105,0.13157894736842105,False,2025-26,2025,False,
Jarrad Branthwaite,,DF,Everton,23.0,2002.0,4,4,360,4.0,0,0,0,0,0,0,0,0,0.0,0.0,0.0,0.0,0.0,False,2026-27,2026,True,4.0
Jarrod Bowen,England,MF,West Ham,24.0,1996.0,36,34,2983,33.1,12,10,22,12,0,0,6,0,0.36253776435045315,0.3021148036253776,0.6646525679758308,0.36253776435045315,0.6646525679758308,False,2021-22,2021,False,
Jarrod Bowen,England,"MF,FW",West Ham,25.0,1996.0,38,36,3233,35.9,6,5,11,5,1,2,2,0,0.1671309192200557,0.1392757660167131,0.30640668523676884,0.1392757660167131,0.2785515320334262,False,2022-23,2022,False,
Jarrod Bowen,England,"MF,FW",West Ham,26.0,1996.0,34,34,3019,33.5,16,6,22,16,0,0,2,0,0.47761194029850745,0.1791044776119403,0.6567164179104478,0.47761194029850745,0.6567164179104478,False,2023-24,2023,False,
Jarrod Bowen,England,"MF,FW",West Ham,27.0,1996.0,34,34,2973,33.0,13,8,21,12,1,1,1,0,0.3939393939393939,0.24242424242424243,0.6363636363636364,0.36363636363636365,0.6060606060606061,False,2024-25,2024,False,
Jarrod Bowen,England,"MF,FW",West Ham,28.0,1996.0,38,38,3403,37.8,9,11,20,8,1,1,4,0,0.2380952380952381,0.29100529100529104,0.5291005291005292,0.21164021164021166,0.5026455026455027,False,2025-26,2025,False,
Jason Steele,England,GK,Brighton,30.0,1990.0,1,1,90,1.0,0,0,0,0,0,0,0,0,0.0,0.0,0.0,0.0,0.0,False,2021-22,2021,False,
Jason Steele,England,GK,Brighton,31.0,1990.0,15,15,1350,15.0,0,1,1,0,0,0,1,0,0.0,0.06666666666666667,0.06666666666666667,0.0,0.06666666666666667,False,2022-23,2022,False,
Jason Steele,England,GK,Brighton,32.0,1990.0,17,17,1530,17.0,0,0,0,0,0,0,0,0,0.0,0.0,0.0,0.0,0.0,False,2023-24,2023,False,
Jason Steele,England,GK,Brighton,33.0,1990.0,2,2,180,2.0,0,0,0,0,0,0,0,0,0.0,0.0,0.0,0.0,0.0,False,2024-25,2024,False,
Javier Manquillo,Spain,DF,Newcastle,27.0,1994.0,19,15,1257,14.0,1,2,3,1,0,0,5,0,0.07142857142857142,0.14285714285714285,0.21428571428571427,0.07142857142857142,0.21428571428571427,False,2021-22,2021,False,
Javier Manquillo,Spain,DF,Newcastle,28.0,1994.0,4,0,37,0.4,0,0,0,0,0,0,0,0,0.0,0.0,0.0,0.0,0.0,False,2022-23,2022,False,
Jay Dasilva,,"MF,DF",Coventry City,,,4,4,354,3.9,0,0,0,0,0,0,0,0,0.0,0.0,0.0,0.0,0.0,False,2026-27,2026,True,4.0
Jay Robinson,England,MF,Southampton,17.0,2007.0,4,1,137,1.5,0,0,0,0,0,0,0,0,0.0,0.0,0.0,0.0,0.0,False,2024-25,2024,False,
Jay Rodriguez,England,FW,Burnley,32.0,1989.0,29,13,1382,15.4,2,2,4,2,0,0,3,0,0.12987012987012986,0.12987012987012986,0.2597402597402597,0.12987012987012986,0.2597402597402597,False,2021-22,2021,False,
Jay Rodriguez,England,FW,Burnley,34.0,1989.0,21,7,822,9.1,2,1,3,1,1,1,0,0,0.21978021978021978,0.10989010989010989,0.32967032967032966,0.10989010989010989,0.21978021978021978,False,2023-24,2023,False,
Jay Stansfield,England,MF,Fulham,19.0,2002.0,3,1,87,1.0,0,0,0,0,0,0,0,0,0.0,0.0,0.0,0.0,0.0,False,2022-23,2022,False,
Jay Stansfield,England,"FW,MF",Fulham,21.0,2002.0,1,0,1,0.0,0,0,0,0,0,0,0,0,0.0,0.0,0.0,0.0,0.0,False,2024-25,2024,False,
Jaydee Canvot,France,DF,Crystal Palace,19.0,2006.0,20,14,1336,14.8,0,0,0,0,0,0,3,0,0.0,0.0,0.0,0.0,0.0,False,2025-26,2025,False,
Jaydee Canvot,,DF,Crystal Palace,19.0,2006.0,3,3,270,3.0,0,0,0,0,0,0,0,0,0.0,0.0,0.0,0.0,0.0,False,2026-27,2026,True,4.0
Jayden Bogle,England,"MF,DF",Sheffield United,23.0,2000.0,34,32,2788,31.0,3,0,3,3,0,0,9,0,0.0967741935483871,0.0,0.0967741935483871,0.0967741935483871,0.0967741935483871,False,2023-24,2023,False,
Jayden Bogle,England,"MF,DF",Leeds United,25.0,2000.0,34,32,2793,31.0,1,2,3,1,0,0,6,0,0.03225806451612903,0.06451612903225806,0.0967741935483871,0.03225806451612903,0.0967741935483871,False,2025-26,2025,False,
Jayden Bogle,,MF,Leeds United,25.0,2000.0,4,4,299,3.3,2,0,2,2,0,0,1,0,0.6,0.0,0.6,0.6,0.6,False,2026-27,2026,True,4.0
Jayden Danns,England,FW,Liverpool,17.0,2006.0,2,0,9,0.1,0,0,0,0,0,0,1,0,0.0,0.0,0.0,0.0,0.0,False,2023-24,2023,False,
Jayden Danns,England,FW,Liverpool,18.0,2006.0,1,0,11,0.1,0,0,0,0,0,0,0,0,0.0,0.0,0.0,0.0,0.0,False,2024-25,2024,False,
Jayden Meghoma,England,DF,Brentford,18.0,2006.0,1,0,5,0.1,0,0,0,0,0,0,0,0,0.0,0.0,0.0,0.0,0.0,False,2024-25,2024,False,
Jaydon Amauri Banel,Netherlands,"FW,MF",Burnley,20.0,2004.0,1,0,10,0.1,0,0,0,0,0,0,0,0,0.0,0.0,0.0,0.0,0.0,False,2025-26,2025,False,
Jaïro Riedewald,Netherlands,MF,Crystal Palace,24.0,1996.0,3,1,118,1.3,0,0,0,0,0,0,0,0,0.0,0.0,0.0,0.0,0.0,False,2021-22,2021,False,
Jaïro Riedewald,Netherlands,"DF,MF",Crystal Palace,25.0,1996.0,6,0,64,0.7,0,0,0,0,0,0,0,0,0.0,0.0,0.0,0.0,0.0,False,2022-23,2022,False,
Jaïro Riedewald,Netherlands,MF,Crystal Palace,26.0,1996.0,9,2,235,2.6,0,0,0,0,0,0,0,0,0.0,0.0,0.0,0.0,0.0,False,2023-24,2023,False,
Jean-Clair Todibo,France,DF,West Ham,24.0,1999.0,27,20,1825,20.3,0,0,0,0,0,0,3,0,0.0,0.0,0.0,0.0,0.0,False,2024-25,2024,False,
Jean-Clair Todibo,France,DF,West Ham,25.0,1999.0,23,22,1814,20.2,0,1,1,0,0,0,5,1,0.0,0.04950495049504951,0.04950495049504951,0.0,0.04950495049504951,False,2025-26,2025,False,
Jean-Philippe Gbamin,Ivory Coast,MF,Everton,25.0,1995.0,3,1,67,0.7,0,0,0,0,0,0,0,0,0.0,0.0,0.0,0.0,0.0,False,2021-22,2021,False,
Jean-Philippe Mateta,France,FW,Crystal Palace,24.0,1997.0,22,13,1145,12.7,5,1,6,5,0,0,2,0,0.3937007874015748,0.07874015748031496,0.4724409448818898,0.3937007874015748,0.4724409448818898,False,2021-22,2021,False,
Jean-Philippe Mateta,France,FW,Crystal Palace,25.0,1997.0,29,6,770,8.6,2,0,2,2,0,0,3,0,0.23255813953488372,0.0,0.23255813953488372,0.23255813953488372,0.23255813953488372,False,2022-23,2022,False,
Jean-Philippe Mateta,France,FW,Crystal Palace,26.0,1997.0,35,25,2282,25.4,16,5,21,14,2,2,3,0,0.6299212598425197,0.1968503937007874,0.8267716535433072,0.5511811023622047,0.7480314960629922,False,2023-24,2023,False,
Jean-Philippe Mateta,France,FW,Crystal Palace,27.0,1997.0,37,33,2648,29.4,14,2,16,12,2,2,2,0,0.4761904761904762,0.06802721088435375,0.54421768707483,0.40816326530612246,0.4761904761904762,False,2024-25,2024,False,
Jean-Philippe Mateta,France,FW,Crystal Palace,28.0,1997.0,32,25,2218,24.6,12,0,12,8,4,4,2,0,0.4878048780487805,0.0,0.4878048780487805,0.3252032520325203,0.3252032520325203,False,2025-26,2025,False,
Jean-Philippe Mateta,,FW,Crystal Palace,28.0,1997.0,1,1,62,0.7,0,0,0,0,0,0,0,0,0.0,0.0,0.0,0.0,0.0,False,2026-27,2026,True,4.0
Jean-Ricner Bellegarde,Haiti,"MF,FW",Wolves,25.0,1998.0,22,10,958,10.6,2,1,3,2,0,0,0,1,0.18867924528301888,0.09433962264150944,0.2830188679245283,0.18867924528301888,0.2830188679245283,False,2023-24,2023,False,
Jean-Ricner Bellegarde,Haiti,MF,Wolves,26.0,1998.0,35,20,1677,18.6,2,7,9,2,0,0,3,0,0.1075268817204301,0.3763440860215054,0.48387096774193544,0.1075268817204301,0.48387096774193544,False,2024-25,2024,False,
Jean-Ricner Bellegarde,Haiti,"MF,FW",Wolves,27.0,1998.0,26,15,1248,13.9,1,1,2,1,0,0,5,0,0.07194244604316546,0.07194244604316546,0.14388489208633093,0.07194244604316546,0.14388489208633093,False,2025-26,2025,False,
Jed Steer,England,GK,Aston Villa,28.0,1992.0,1,1,90,1.0,0,0,0,0,0,0,0,0,0.0,0.0,0.0,0.0,0.0,False,2021-22,2021,False,
Jeff Hendrick,Ireland,MF,Newcastle,29.0,1992.0,3,0,72,0.8,1,0,1,1,0,0,0,0,1.25,0.0,1.25,1.25,1.25,False,2021-22,2021,False,
Jefferson Lerma,Colombia,MF,Bournemouth,27.0,1994.0,37,37,3252,36.1,5,0,5,5,0,0,7,0,0.13850415512465372,0.0,0.13850415512465372,0.13850415512465372,0.13850415512465372,False,2022-23,2022,False,
Jefferson Lerma,Colombia,"MF,DF",Crystal Palace,28.0,1994.0,28,27,2400,26.7,1,1,2,1,0,0,8,0,0.03745318352059925,0.03745318352059925,0.0749063670411985,0.03745318352059925,0.0749063670411985,False,2023-24,2023,False,
Jefferson Lerma,Colombia,"MF,DF",Crystal Palace,29.0,1994.0,33,26,2274,25.3,0,1,1,0,0,0,9,0,0.0,0.039525691699604744,0.039525691699604744,0.0,0.039525691699604744,False,2024-25,2024,False,
Jefferson Lerma,Colombia,"MF,DF",Crystal Palace,30.0,1994.0,31,18,1733,19.3,0,2,2,0,0,0,7,0,0.0,0.10362694300518134,0.10362694300518134,0.0,0.10362694300518134,False,2025-26,2025,False,
Jefferson Lerma,,"DF,MF",Crystal Palace,31.0,1994.0,1,0,7,0.1,0,0,0,0,0,0,0,0,0.0,0.0,0.0,0.0,0.0,False,2026-27,2026,True,4.0
Jeffrey Schlupp,Ghana,"MF,FW",Crystal Palace,28.0,1992.0,32,20,1851,20.6,4,1,5,4,0,0,1,0,0.1941747572815534,0.04854368932038835,0.24271844660194172,0.1941747572815534,0.24271844660194172,False,2021-22,2021,False,
Jeffrey Schlupp,Ghana,MF,Crystal Palace,29.0,1992.0,34,30,2531,28.1,3,1,4,3,0,0,7,0,0.10676156583629892,0.03558718861209964,0.14234875444839856,0.10676156583629892,0.14234875444839856,False,2022-23,2022,False,
Jeffrey Schlupp,Ghana,"MF,FW",Crystal Palace,30.0,1992.0,29,17,1352,15.0,2,2,4,2,0,0,1,0,0.13333333333333333,0.13333333333333333,0.26666666666666666,0.13333333333333333,0.26666666666666666,False,2023-24,2023,False,
Jeffrey Schlupp,Ghana,"DF,FW",Crystal Palace,31.0,1992.0,12,0,103,1.1,0,0,0,0,0,0,0,0,0.0,0.0,0.0,0.0,0.0,False,2024-25,2024,False,
Jens Cajuste,Sweden,MF,Ipswich Town,24.0,1999.0,30,25,1959,21.8,1,1,2,1,0,0,2,0,0.04587155963302752,0.04587155963302752,0.09174311926605504,0.04587155963302752,0.09174311926605504,False,2024-25,2024,False,
Jens Hjertø-Dahl,,MF,Hull City,,,1,0,9,0.1,0,0,0,0,0,0,0,0,0.0,0.0,0.0,0.0,0.0,False,2026-27,2026,True,4.0
Jenson Seelt,Netherlands,DF,Sunderland,22.0,2003.0,2,1,134,1.5,0,0,0,0,0,0,0,0,0.0,0.0,0.0,0.0,0.0,False,2025-26,2025,False,
Jeremie Frimpong,Netherlands,"DF,MF",Liverpool,24.0,2000.0,21,12,1040,11.6,0,1,1,0,0,0,1,0,0.0,0.08620689655172414,0.08620689655172414,0.0,0.08620689655172414,False,2025-26,2025,False,
Jeremie Frimpong,,DF,Liverpool,25.0,2000.0,3,2,179,2.0,0,0,0,0,0,0,1,0,0.0,0.0,0.0,0.0,0.0,False,2026-27,2026,True,4.0
Jeremy Doku,Belgium,"MF,FW",Manchester City,21.0,2002.0,29,18,1595,17.7,3,8,11,3,0,0,3,0,0.16949152542372883,0.4519774011299435,0.6214689265536724,0.16949152542372883,0.6214689265536724,False,2023-24,2023,False,
Jeremy Doku,Belgium,"MF,FW",Manchester City,22.0,2002.0,29,16,1516,16.8,3,6,9,3,0,0,1,0,0.17857142857142858,0.35714285714285715,0.5357142857142857,0.17857142857142858,0.5357142857142857,False,2024-25,2024,False,
Jeremy Doku,Belgium,"MF,FW",Manchester City,23.0,2002.0,30,19,1784,19.8,5,5,10,5,0,0,0,0,0.25252525252525254,0.25252525252525254,0.5050505050505051,0.25252525252525254,0.5050505050505051,False,2025-26,2025,False,
Jeremy Monga,England,FW,Leicester City,15.0,2009.0,7,0,112,1.2,0,0,0,0,0,0,0,0,0.0,0.0,0.0,0.0,0.0,False,2024-25,2024,False,
Jeremy Ngakia,,DF,Watford,20.0,2000.0,16,9,903,10.0,0,0,0,0,0,0,0,0,0.0,0.0,0.0,0.0,0.0,False,2021-22,2021,False,
Jeremy Sarmiento,Ecuador,MF,Brighton,19.0,2002.0,5,1,48,0.5,0,0,0,0,0,0,0,0,0.0,0.0,0.0,0.0,0.0,False,2021-22,2021,False,
Jeremy Sarmiento,Ecuador,MF,Brighton,20.0,2002.0,9,1,176,2.0,0,1,1,0,0,0,1,0,0.0,0.5,0.5,0.0,0.5,False,2022-23,2022,False,
Jeremy Sarmiento,Ecuador,MF,Brighton,22.0,2002.0,1,0,9,0.1,0,0,0,0,0,0,0,0,0.0,0.0,0.0,0.0,0.0,False,2024-25,2024,False,
Jerome Abbey,England,MF,Wolves,15.0,2009.0,1,0,17,0.2,0,0,0,0,0,0,0,0,0.0,0.0,0.0,0.0,0.0,False,2025-26,2025,False,
Jesper Lindstrøm,Denmark,MF,Everton,24.0,2000.0,25,15,1239,13.8,0,1,1,0,0,0,2,0,0.0,0.07246376811594203,0.07246376811594203,0.0,0.07246376811594203,False,2024-25,2024,False,
Jesse Derry,England,MF,Chelsea,18.0,2007.0,1,1,44,0.5,0,0,0,0,0,0,0,0,0.0,0.0,0.0,0.0,0.0,False,2025-26,2025,False,
Jesse Lingard,England,MF,Manchester Utd,28.0,1992.0,16,2,367,4.1,2,0,2,2,0,0,1,0,0.48780487804878053,0.0,0.48780487804878053,0.48780487804878053,0.48780487804878053,False,2021-22,2021,False,
Jesse Lingard,England,"MF,FW",Nottingham,29.0,1992.0,17,12,923,10.3,0,0,0,0,0,0,1,0,0.0,0.0,0.0,0.0,0.0,False,2022-23,2022,False,
Jesurun Rak Sakyi,Ghana,MF,Crystal Palace,18.0,2002.0,2,1,80,0.9,0,0,0,0,0,0,0,0,0.0,0.0,0.0,0.0,0.0,False,2021-22,2021,False,
Jesurun Rak Sakyi,Ghana,"FW,MF",Crystal Palace,20.0,2002.0,6,0,136,1.5,0,0,0,0,0,0,0,0,0.0,0.0,0.0,0.0,0.0,False,2023-24,2023,False,
Jhon Arias,Colombia,"FW,MF",Wolves,27.0,1997.0,23,14,1124,12.5,1,0,1,1,0,0,1,0,0.08,0.0,0.08,0.08,0.08,False,2025-26,2025,False,
Jimi Tauriainen,England,FW,Chelsea,19.0,2004.0,1,0,1,0.0,0,0,0,0,0,0,0,0,0.0,0.0,0.0,0.0,0.0,False,2023-24,2023,False,
Joachim Andersen,Denmark,DF,Crystal Palace,25.0,1996.0,34,32,2916,32.4,0,3,3,0,0,0,4,0,0.0,0.0925925925925926,0.0925925925925926,0.0,0.0925925925925926,False,2021-22,2021,False,
Joachim Andersen,Denmark,DF,Crystal Palace,26.0,1996.0,32,32,2782,30.9,1,0,1,1,0,0,8,0,0.03236245954692557,0.0,0.03236245954692557,0.03236245954692557,0.03236245954692557,False,2022-23,2022,False,
Joachim Andersen,Denmark,DF,Crystal Palace,27.0,1996.0,38,38,3415,37.9,2,3,5,2,0,0,7,0,0.052770448548812667,0.079155672823219,0.13192612137203166,0.052770448548812667,0.13192612137203166,False,2023-24,2023,False,
Joachim Andersen,Denmark,DF,Fulham,29.0,1996.0,33,33,2875,31.9,0,1,1,0,0,0,7,1,0.0,0.031347962382445145,0.031347962382445145,0.0,0.031347962382445145,False,2025-26,2025,False,
Joachim Andersen,,DF,Fulham,29.0,1996.0,2,2,180,2.0,0,0,0,0,0,0,1,0,0.0,0.0,0.0,0.0,0.0,False,2026-27,2026,True,4.0
Joachim AndersenJoachim Andersen,Denmark,DF,Fulham,28.0,1996.0,30,30,2673,29.7,0,0,0,0,0,0,7,1,0.0,0.0,0.0,0.0,0.0,False,2024-25,2024,False,
Joachim Kayi Sanda,France,DF,Southampton,17.0,2006.0,2,0,14,0.2,0,0,0,0,0,0,0,0,0.0,0.0,0.0,0.0,0.0,False,2024-25,2024,False,
Jocelin Ta Bi,Ivory Coast,MF,Sunderland,20.0,2005.0,1,1,38,0.4,0,0,0,0,0,0,0,0,0.0,0.0,0.0,0.0,0.0,False,2025-26,2025,False,
Joe Aribo,Nigeria,"MF,FW",Southampton,26.0,1996.0,21,13,1224,13.6,2,0,2,2,0,0,2,0,0.14705882352941177,0.0,0.14705882352941177,0.14705882352941177,0.14705882352941177,False,2022-23,2022,False,
Joe Aribo,Nigeria,MF,Southampton,28.0,1996.0,32,21,2013,22.4,3,0,3,3,0,0,1,0,0.13392857142857142,0.0,0.13392857142857142,0.13392857142857142,0.13392857142857142,False,2024-25,2024,False,
Joe Gelhardt,England,FW,Leeds United,19.0,2002.0,20,5,746,8.3,2,2,4,2,0,0,4,0,0.24096385542168672,0.24096385542168672,0.48192771084337344,0.24096385542168672,0.48192771084337344,False,2021-22,2021,False,
Joe Gelhardt,England,FW,Leeds United,20.0,2002.0,15,1,212,2.4,0,2,2,0,0,0,1,0,0.0,0.8333333333333334,0.8333333333333334,0.0,0.8333333333333334,False,2022-23,2022,False,
Joe Gomez,England,DF,Liverpool,24.0,1997.0,8,4,331,3.7,0,1,1,0,0,0,2,0,0.0,0.27027027027027023,0.27027027027027023,0.0,0.27027027027027023,False,2021-22,2021,False,
Joe Gomez,England,DF,Liverpool,25.0,1997.0,21,15,1466,16.3,0,0,0,0,0,0,3,0,0.0,0.0,0.0,0.0,0.0,False,2022-23,2022,False,
Joe Gomez,England,DF,Liverpool,26.0,1997.0,32,17,1786,19.8,0,1,1,0,0,0,5,0,0.0,0.050505050505050504,0.050505050505050504,0.0,0.050505050505050504,False,2023-24,2023,False,
Joe Gomez,England,DF,Liverpool,27.0,1997.0,9,6,519,5.8,0,0,0,0,0,0,1,0,0.0,0.0,0.0,0.0,0.0,False,2024-25,2024,False,
Joe Gomez,England,DF,Liverpool,28.0,1997.0,21,7,607,6.7,0,2,2,0,0,0,4,0,0.0,0.29850746268656714,0.29850746268656714,0.0,0.29850746268656714,False,2025-26,2025,False,
Joe Hodge,Ireland,MF,Wolves,19.0,2002.0,6,1,175,1.9,0,0,0,0,0,0,1,0,0.0,0.0,0.0,0.0,0.0,False,2022-23,2022,False,
Joe Knight,England,MF,Brighton,19.0,2005.0,1,0,1,0.0,0,0,0,0,0,0,0,0,0.0,0.0,0.0,0.0,0.0,False,2025-26,2025,False,
Joe Lumley,England,GK,Southampton,29.0,1995.0,3,3,270,3.0,0,0,0,0,0,0,0,0,0.0,0.0,0.0,0.0,0.0,False,2024-25,2024,False,
Joe Rodon,Wales,DF,Tottenham,23.0,1997.0,3,0,89,1.0,0,0,0,0,0,0,0,0,0.0,0.0,0.0,0.0,0.0,False,2021-22,2021,False,
Joe Rodon,Wales,DF,Leeds United,27.0,1997.0,35,33,2951,32.8,2,0,2,2,0,0,3,0,0.06097560975609757,0.0,0.06097560975609757,0.06097560975609757,0.06097560975609757,False,2025-26,2025,False,
Joe Rodon,,DF,Leeds United,28.0,1997.0,2,2,123,1.4,0,0,0,0,0,0,0,0,0.0,0.0,0.0,0.0,0.0,False,2026-27,2026,True,4.0
Joe Rothwell,England,MF,Bournemouth,27.0,1995.0,20,12,1016,11.3,0,1,1,0,0,0,1,0,0.0,0.08849557522123894,0.08849557522123894,0.0,0.08849557522123894,False,2022-23,2022,False,
Joe Rothwell,England,MF,Bournemouth,28.0,1995.0,11,3,386,4.3,0,0,0,0,0,0,0,0,0.0,0.0,0.0,0.0,0.0,False,2023-24,2023,False,
Joe White,England,MF,Newcastle,20.0,2002.0,4,0,13,0.1,0,0,0,0,0,0,1,0,0.0,0.0,0.0,0.0,0.0,False,2023-24,2023,False,
Joe Willock,England,MF,Newcastle,21.0,1999.0,29,24,2038,22.6,2,0,2,2,0,0,0,0,0.08849557522123894,0.0,0.08849557522123894,0.08849557522123894,0.08849557522123894,False,2021-22,2021,False,
Joe Willock,England,MF,Newcastle,22.0,1999.0,35,31,2558,28.4,3,6,9,3,0,0,1,0,0.10563380281690142,0.21126760563380284,0.31690140845070425,0.10563380281690142,0.31690140845070425,False,2022-23,2022,False,
Joe Willock,England,MF,Newcastle,23.0,1999.0,9,5,419,4.7,1,0,1,1,0,0,0,0,0.2127659574468085,0.0,0.2127659574468085,0.2127659574468085,0.2127659574468085,False,2023-24,2023,False,
Joe Willock,England,MF,Newcastle,24.0,1999.0,32,11,1086,12.1,0,2,2,0,0,0,4,0,0.0,0.1652892561983471,0.1652892561983471,0.0,0.1652892561983471,False,2024-25,2024,False,
Joe Willock,England,MF,Newcastle,25.0,1999.0,24,10,983,10.9,0,2,2,0,0,0,3,0,0.0,0.18348623853211007,0.18348623853211007,0.0,0.18348623853211007,False,2025-26,2025,False,
Joe Willock,,MF,Newcastle,26.0,1999.0,4,2,200,2.2,1,0,1,1,0,0,0,0,0.45,0.0,0.45,0.45,0.45,False,2026-27,2026,True,4.0
Joe Worrall,England,DF,Nottingham,25.0,1997.0,30,21,2224,24.7,1,0,1,1,0,0,6,0,0.04048582995951417,0.0,0.04048582995951417,0.04048582995951417,0.04048582995951417,False,2022-23,2022,False,
Joe Worrall,England,DF,Nottingham,26.0,1997.0,7,5,439,4.9,0,0,0,0,0,0,0,1,0.0,0.0,0.0,0.0,0.0,False,2023-24,2023,False,
Joe Worrall,England,DF,Burnley,28.0,1997.0,11,5,500,5.6,0,0,0,0,0,0,0,0,0.0,0.0,0.0,0.0,0.0,False,2025-26,2025,False,
Joel Robles,Spain,GK,Leeds United,32.0,1990.0,4,4,360,4.0,0,0,0,0,0,0,1,0,0.0,0.0,0.0,0.0,0.0,False,2022-23,2022,False,
Joel Ward,England,DF,Crystal Palace,31.0,1989.0,28,27,2487,27.6,0,0,0,0,0,0,8,0,0.0,0.0,0.0,0.0,0.0,False,2021-22,2021,False,
Joel Ward,England,DF,Crystal Palace,32.0,1989.0,28,24,2256,25.1,1,0,1,1,0,0,6,0,0.0398406374501992,0.0,0.0398406374501992,0.0398406374501992,0.0398406374501992,False,2022-23,2022,False,
Joel Ward,England,DF,Crystal Palace,33.0,1989.0,26,23,1980,22.0,0,1,1,0,0,0,4,0,0.0,0.045454545454545456,0.045454545454545456,0.0,0.045454545454545456,False,2023-24,2023,False,
Joel Ward,England,DF,Crystal Palace,34.0,1989.0,2,1,71,0.8,0,0,0,0,0,0,1,0,0.0,0.0,0.0,0.0,0.0,False,2024-25,2024,False,
Joelinton,Brazil,"MF,FW",Newcastle,24.0,1996.0,35,30,2558,28.4,4,1,5,4,0,0,8,0,0.14084507042253522,0.035211267605633804,0.17605633802816903,0.14084507042253522,0.17605633802816903,False,2021-22,2021,False,
Joelinton,Brazil,"MF,FW",Newcastle,25.0,1996.0,32,30,2661,29.6,6,1,7,6,0,0,12,0,0.2027027027027027,0.03378378378378378,0.23648648648648649,0.2027027027027027,0.23648648648648649,False,2022-23,2022,False,
Joelinton,Brazil,"MF,FW",Newcastle,26.0,1996.0,20,15,1279,14.2,2,1,3,2,0,0,6,0,0.14084507042253522,0.07042253521126761,0.21126760563380284,0.14084507042253522,0.21126760563380284,False,2023-24,2023,False,
Joelinton,Brazil,"MF,FW",Newcastle,27.0,1996.0,29,29,2393,26.6,4,3,7,4,0,0,10,0,0.15037593984962405,0.11278195488721804,0.2631578947368421,0.15037593984962405,0.2631578947368421,False,2024-25,2024,False,
Joelinton,Brazil,MF,Newcastle,28.0,1996.0,27,23,1951,21.7,2,1,3,2,0,0,10,0,0.09216589861751152,0.04608294930875576,0.1382488479262673,0.09216589861751152,0.1382488479262673,False,2025-26,2025,False,
Johan Manzambi,,MF,Aston Villa,,,1,0,28,0.3,0,0,0,0,0,0,0,0,0.0,0.0,0.0,0.0,0.0,False,2026-27,2026,True,4.0
John,Brazil,GK,Nottingham,29.0,1996.0,5,5,437,4.9,0,0,0,0,0,0,1,0,0.0,0.0,0.0,0.0,0.0,False,2025-26,2025,False,
John Egan,Ireland,DF,Sheffield United,30.0,1992.0,6,6,482,5.4,0,0,0,0,0,0,2,0,0.0,0.0,0.0,0.0,0.0,False,2023-24,2023,False,
John Egan,,DF,Hull City,33.0,1992.0,4,4,360,4.0,0,0,0,0,0,0,1,0,0.0,0.0,0.0,0.0,0.0,False,2026-27,2026,True,4.0
John Fleck,Scotland,MF,Sheffield United,31.0,1991.0,4,1,92,1.0,0,0,0,0,0,0,1,0,0.0,0.0,0.0,0.0,0.0,False,2023-24,2023,False,
John McGinn,Scotland,MF,Aston Villa,26.0,1994.0,35,35,3090,34.3,3,4,7,3,0,0,8,0,0.08746355685131196,0.11661807580174928,0.20408163265306123,0.08746355685131196,0.20408163265306123,False,2021-22,2021,False,
John McGinn,Scotland,MF,Aston Villa,27.0,1994.0,34,30,2693,29.9,1,3,4,1,0,0,7,0,0.033444816053511704,0.10033444816053512,0.13377926421404682,0.033444816053511704,0.13377926421404682,False,2022-23,2022,False,
John McGinn,Scotland,MF,Aston Villa,28.0,1994.0,35,35,2999,33.3,6,4,10,6,0,0,9,1,0.1801801801801802,0.12012012012012013,0.3003003003003003,0.1801801801801802,0.3003003003003003,False,2023-24,2023,False,
John McGinn,Scotland,MF,Aston Villa,29.0,1994.0,34,27,2223,24.7,1,4,5,1,0,0,7,0,0.04048582995951417,0.16194331983805668,0.20242914979757085,0.04048582995951417,0.20242914979757085,False,2024-25,2024,False,
John McGinn,Scotland,MF,Aston Villa,30.0,1994.0,30,28,2137,23.7,5,4,9,5,0,0,5,0,0.2109704641350211,0.16877637130801687,0.379746835443038,0.2109704641350211,0.379746835443038,False,2025-26,2025,False,
John McGinn,,MF,Aston Villa,31.0,1994.0,4,4,351,3.9,0,1,1,0,0,0,2,0,0.0,0.26,0.26,0.0,0.26,False,2026-27,2026,True,4.0
John Ruddy,England,GK,Wolves,34.0,1986.0,2,1,135,1.5,0,0,0,0,0,0,0,0,0.0,0.0,0.0,0.0,0.0,False,2021-22,2021,False,
John Stones,England,DF,Manchester City,27.0,1994.0,14,12,1119,12.4,1,0,1,1,0,0,0,0,0.08064516129032258,0.0,0.08064516129032258,0.08064516129032258,0.08064516129032258,False,2021-22,2021,False,
John Stones,England,"DF,MF",Manchester City,28.0,1994.0,23,21,1846,20.5,2,2,4,2,0,0,2,0,0.0975609756097561,0.0975609756097561,0.1951219512195122,0.0975609756097561,0.1951219512195122,False,2022-23,2022,False,
John Stones,England,DF,Manchester City,29.0,1994.0,16,12,1064,11.8,1,0,1,1,0,0,2,0,0.0847457627118644,0.0,0.0847457627118644,0.0847457627118644,0.0847457627118644,False,2023-24,2023,False,
John Stones,England,DF,Manchester City,30.0,1994.0,11,6,548,6.1,2,0,2,2,0,0,1,0,0.3278688524590164,0.0,0.3278688524590164,0.3278688524590164,0.3278688524590164,False,2024-25,2024,False,
John Stones,England,DF,Manchester City,31.0,1994.0,9,5,439,4.9,0,0,0,0,0,0,0,0,0.0,0.0,0.0,0.0,0.0,False,2025-26,2025,False,
Jonah Kusi-Asare,Sweden,FW,Fulham,18.0,2007.0,7,0,55,0.6,0,0,0,0,0,0,1,0,0.0,0.0,0.0,0.0,0.0,False,2025-26,2025,False,
Jonas Lössl,Denmark,GK,Brentford,32.0,1989.0,2,2,180,2.0,0,0,0,0,0,0,0,0,0.0,0.0,0.0,0.0,0.0,False,2021-22,2021,False,
Jonathan Rowe,England,"FW,MF",Norwich City,18.0,2003.0,13,0,223,2.5,0,1,1,0,0,0,0,0,0.0,0.4,0.4,0.0,0.4,False,2021-22,2021,False,
Jonjo Shelvey,England,MF,Newcastle,29.0,1992.0,24,22,1983,22.0,2,1,3,2,0,0,7,1,0.09090909090909091,0.045454545454545456,0.13636363636363635,0.09090909090909091,0.13636363636363635,False,2021-22,2021,False,
Jonjo ShelveyJonjo Shelvey,England,MF,Nottingham,30.0,1992.0,11,6,577,6.4,0,0,0,0,0,0,2,0,0.0,0.0,0.0,0.0,0.0,False,2022-23,2022,False,
Jonjoe Kenny,England,DF,Everton,24.0,1997.0,15,11,1018,11.3,0,1,1,0,0,0,3,1,0.0,0.08849557522123894,0.08849557522123894,0.0,0.08849557522123894,False,2021-22,2021,False,
Jonny Castro,Spain,"MF,DF",Wolves,27.0,1994.0,13,10,1024,11.4,2,0,2,2,0,0,1,0,0.17543859649122806,0.0,0.17543859649122806,0.17543859649122806,0.17543859649122806,False,2021-22,2021,False,
Jonny Castro,Spain,DF,Wolves,28.0,1994.0,18,14,1261,14.0,1,0,1,1,0,0,3,1,0.07142857142857142,0.0,0.07142857142857142,0.07142857142857142,0.07142857142857142,False,2022-23,2022,False,
Jonny Castro,Spain,"DF,MF",Wolves,29.0,1994.0,1,0,5,0.1,0,0,0,0,0,0,0,0,0.0,0.0,0.0,0.0,0.0,False,2023-24,2023,False,
Jonny Evans,Northern Ireland,DF,Leicester City,33.0,1988.0,18,16,1348,15.0,1,1,2,1,0,0,3,0,0.06666666666666667,0.06666666666666667,0.13333333333333333,0.06666666666666667,0.13333333333333333,False,2021-22,2021,False,
Jonny Evans,Northern Ireland,DF,Leicester City,34.0,1988.0,13,12,1051,11.7,0,0,0,0,0,0,1,0,0.0,0.0,0.0,0.0,0.0,False,2022-23,2022,False,
Jonny Evans,Northern Ireland,DF,Manchester Utd,35.0,1988.0,23,15,1392,15.5,0,1,1,0,0,0,2,0,0.0,0.06451612903225806,0.06451612903225806,0.0,0.06451612903225806,False,2023-24,2023,False,
Jonny Evans,Northern Ireland,DF,Manchester Utd,36.0,1988.0,7,3,315,3.5,0,0,0,0,0,0,1,0,0.0,0.0,0.0,0.0,0.0,False,2024-25,2024,False,
Jordan Ayew,Ghana,"FW,MF",Crystal Palace,29.0,1991.0,31,23,2019,22.4,3,3,6,3,0,0,2,0,0.13392857142857142,0.13392857142857142,0.26785714285714285,0.13392857142857142,0.26785714285714285,False,2021-22,2021,False,
Jordan Ayew,Ghana,"FW,MF",Crystal Palace,30.0,1991.0,38,31,2714,30.2,4,3,7,4,0,0,5,0,0.13245033112582782,0.09933774834437087,0.2317880794701987,0.13245033112582782,0.2317880794701987,False,2022-23,2022,False,
Jordan Ayew,Ghana,"MF,FW",Crystal Palace,31.0,1991.0,35,30,2543,28.3,4,7,11,4,0,0,9,1,0.1413427561837456,0.24734982332155475,0.38869257950530034,0.1413427561837456,0.38869257950530034,False,2023-24,2023,False,
Jordan AyewJordan Ayew,Ghana,"FW,MF",Leicester City,32.0,1991.0,31,19,1659,18.4,5,0,5,4,1,1,6,0,0.27173913043478265,0.0,0.27173913043478265,0.2173913043478261,0.2173913043478261,False,2024-25,2024,False,
Jordan Beyer,Germany,DF,Burnley,23.0,2000.0,15,15,1234,13.7,0,1,1,0,0,0,6,0,0.0,0.07299270072992702,0.07299270072992702,0.0,0.07299270072992702,False,2023-24,2023,False,
Jordan Clark,England,MF,Luton Town,29.0,1993.0,23,14,1304,14.5,1,1,2,1,0,0,4,0,0.06896551724137931,0.06896551724137931,0.13793103448275862,0.06896551724137931,0.13793103448275862,False,2023-24,2023,False,
Jordan Henderson,England,MF,Liverpool,31.0,1990.0,35,29,2597,28.9,2,5,7,2,0,0,3,0,0.06920415224913495,0.17301038062283738,0.24221453287197234,0.06920415224913495,0.24221453287197234,False,2021-22,2021,False,
Jordan Henderson,England,MF,Liverpool,32.0,1990.0,35,23,2074,23.0,0,2,2,0,0,0,2,0,0.0,0.08695652173913043,0.08695652173913043,0.0,0.08695652173913043,False,2022-23,2022,False,
Jordan Henderson,England,MF,Brentford,35.0,1990.0,32,22,1919,21.3,1,3,4,1,0,0,6,0,0.046948356807511735,0.14084507042253522,0.18779342723004694,0.046948356807511735,0.18779342723004694,False,2025-26,2025,False,
Jordan Pickford,England,GK,Everton,27.0,1994.0,35,35,3150,35.0,0,0,0,0,0,0,2,0,0.0,0.0,0.0,0.0,0.0,False,2021-22,2021,False,
Jordan Pickford,England,GK,Everton,28.0,1994.0,37,37,3330,37.0,0,1,1,0,0,0,6,0,0.0,0.02702702702702703,0.02702702702702703,0.0,0.02702702702702703,False,2022-23,2022,False,
Jordan Pickford,England,GK,Everton,29.0,1994.0,38,38,3420,38.0,0,0,0,0,0,0,5,0,0.0,0.0,0.0,0.0,0.0,False,2023-24,2023,False,
Jordan Pickford,England,GK,Everton,30.0,1994.0,38,38,3420,38.0,0,1,1,0,0,0,7,0,0.0,0.02631578947368421,0.02631578947368421,0.0,0.02631578947368421,False,2024-25,2024,False,
Jordan Pickford,England,GK,Everton,31.0,1994.0,38,38,3420,38.0,0,0,0,0,0,0,4,0,0.0,0.0,0.0,0.0,0.0,False,2025-26,2025,False,
Jordan Pickford,,GK,Everton,31.0,1994.0,4,4,360,4.0,0,0,0,0,0,0,0,0,0.0,0.0,0.0,0.0,0.0,False,2026-27,2026,True,4.0
Jordan Zemura,Zimbabwe,"DF,MF",Bournemouth,22.0,1999.0,19,17,1454,16.2,0,1,1,0,0,0,1,0,0.0,0.0617283950617284,0.0617283950617284,0.0,0.0617283950617284,False,2022-23,2022,False,
Jorge Cuenca,Spain,DF,Fulham,24.0,1999.0,8,4,351,3.9,0,0,0,0,0,0,0,0,0.0,0.0,0.0,0.0,0.0,False,2024-25,2024,False,
Jorge Cuenca,Spain,DF,Fulham,25.0,1999.0,15,11,938,10.4,0,0,0,0,0,0,6,0,0.0,0.0,0.0,0.0,0.0,False,2025-26,2025,False,
Jorge Cuenca,,DF,Fulham,26.0,1999.0,1,1,90,1.0,0,0,0,0,0,0,0,0,0.0,0.0,0.0,0.0,0.0,False,2026-27,2026,True,4.0
Jorginho,Italy,MF,Chelsea,29.0,1991.0,29,26,2273,25.3,6,2,8,0,6,7,5,0,0.23715415019762845,0.07905138339920949,0.31620553359683795,0.0,0.0790513833992095,False,2021-22,2021,False,
Jorginho,Italy,MF,Arsenal,31.0,1991.0,24,10,921,10.2,0,2,2,0,0,0,1,0,0.0,0.19607843137254904,0.19607843137254904,0.0,0.19607843137254904,False,2023-24,2023,False,
Jorginho,Italy,MF,Arsenal,32.0,1991.0,15,9,704,7.8,0,0,0,0,0,0,5,0,0.0,0.0,0.0,0.0,0.0,False,2024-25,2024,False,
JorginhoJorginho,Italy,MF,Chelsea,30.0,1991.0,32,24,2134,23.7,2,1,3,0,2,2,4,0,0.08438818565400844,0.04219409282700422,0.12658227848101267,0.0,0.04219409282700423,False,2022-23,2022,False,
Jorrel Hato,Netherlands,DF,Chelsea,19.0,2006.0,22,12,1148,12.8,0,0,0,0,0,0,7,0,0.0,0.0,0.0,0.0,0.0,False,2025-26,2025,False,
Jorrel Hato,,"MF,DF",Chelsea,19.0,2006.0,4,4,258,2.9,0,2,2,0,0,0,0,0,0.0,0.7,0.7,0.0,0.7,False,2026-27,2026,True,4.0
Joseph Johnson,England,DF,Luton Town,17.0,2006.0,2,0,77,0.9,0,0,0,0,0,0,1,0,0.0,0.0,0.0,0.0,0.0,False,2023-24,2023,False,
Joseph Whitworth,England,GK,Crystal Palace,18.0,2004.0,2,2,180,2.0,0,0,0,0,0,0,0,0,0.0,0.0,0.0,0.0,0.0,False,2022-23,2022,False,
Josh Brownhill,England,MF,Burnley,25.0,1995.0,35,32,2955,32.8,2,3,5,2,0,0,10,0,0.06097560975609757,0.09146341463414635,0.15243902439024393,0.06097560975609757,0.15243902439024393,False,2021-22,2021,False,
Josh Brownhill,England,MF,Burnley,27.0,1995.0,33,23,2252,25.0,4,2,6,4,0,0,4,1,0.16,0.08,0.24,0.16,0.24,False,2023-24,2023,False,
Josh Cullen,Ireland,MF,Burnley,27.0,1996.0,25,23,2057,22.9,2,3,5,2,0,0,9,0,0.08733624454148473,0.13100436681222707,0.2183406113537118,0.08733624454148473,0.2183406113537118,False,2023-24,2023,False,
Josh Cullen,Ireland,MF,Burnley,29.0,1996.0,18,18,1514,16.8,2,2,4,2,0,0,2,0,0.11904761904761904,0.11904761904761904,0.23809523809523808,0.11904761904761904,0.23809523809523808,False,2025-26,2025,False,
Josh Dasilva,England,"MF,FW",Brentford,22.0,1998.0,9,2,257,2.9,0,0,0,0,0,0,0,1,0.0,0.0,0.0,0.0,0.0,False,2021-22,2021,False,
Josh Dasilva,England,MF,Brentford,23.0,1998.0,36,14,1389,15.4,4,2,6,4,0,0,1,0,0.2597402597402597,0.12987012987012986,0.38961038961038963,0.2597402597402597,0.38961038961038963,False,2022-23,2022,False,
Josh Dasilva,England,MF,Brentford,24.0,1998.0,3,0,24,0.3,0,0,0,0,0,0,0,0,0.0,0.0,0.0,0.0,0.0,False,2023-24,2023,False,
Josh Dasilva,England,MF,Brentford,26.0,1998.0,2,0,3,0.0,0,0,0,0,0,0,0,0,0.0,0.0,0.0,0.0,0.0,False,2025-26,2025,False,
Josh Laurent,England,"DF,MF",Burnley,30.0,1995.0,33,18,1764,19.6,1,0,1,1,0,0,7,1,0.0510204081632653,0.0,0.0510204081632653,0.0510204081632653,0.0510204081632653,False,2025-26,2025,False,
Josh Onomah,England,"FW,MF",Fulham,25.0,1997.0,2,0,15,0.2,0,0,0,0,0,0,0,0,0.0,0.0,0.0,0.0,0.0,False,2022-23,2022,False,
Josh Sargent,USA,"FW,MF",Norwich City,21.0,2000.0,26,18,1572,17.5,2,1,3,2,0,0,1,0,0.11428571428571428,0.05714285714285714,0.17142857142857143,0.11428571428571428,0.17142857142857143,False,2021-22,2021,False,
Joshua Acheampong,England,DF,Chelsea,17.0,2006.0,1,0,6,0.1,0,0,0,0,0,0,0,0,0.0,0.0,0.0,0.0,0.0,False,2023-24,2023,False,
Joshua Acheampong,England,DF,Chelsea,18.0,2006.0,4,2,170,1.9,0,0,0,0,0,0,1,0,0.0,0.0,0.0,0.0,0.0,False,2024-25,2024,False,
Joshua Acheampong,England,DF,Chelsea,19.0,2006.0,17,8,666,7.4,1,0,1,1,0,0,1,0,0.13513513513513511,0.0,0.13513513513513511,0.13513513513513511,0.13513513513513511,False,2025-26,2025,False,
Joshua Acheampong,,DF,Chelsea,19.0,2006.0,3,2,203,2.3,0,0,0,0,0,0,0,0,0.0,0.0,0.0,0.0,0.0,False,2026-27,2026,True,4.0
Joshua King,Norway,"FW,MF",Watford,29.0,1992.0,32,27,2248,25.0,5,3,8,4,1,1,5,0,0.2,0.12,0.32,0.16,0.28,False,2021-22,2021,False,
Joshua King,England,MF,Fulham,17.0,2007.0,8,1,130,1.4,0,0,0,0,0,0,0,0,0.0,0.0,0.0,0.0,0.0,False,2024-25,2024,False,
Joshua King,England,MF,Fulham,18.0,2007.0,32,15,1308,14.5,1,2,3,1,0,0,4,0,0.06896551724137931,0.13793103448275862,0.20689655172413793,0.06896551724137931,0.20689655172413793,False,2025-26,2025,False,
Joshua King,,MF,Fulham,18.0,2007.0,4,4,346,3.8,2,0,2,2,0,0,0,0,0.52,0.0,0.52,0.52,0.52,False,2026-27,2026,True,4.0
Joshua Zirkzee,Netherlands,"FW,MF",Manchester Utd,23.0,2001.0,32,14,1402,15.6,3,1,4,3,0,0,2,0,0.19230769230769232,0.06410256410256411,0.25641025641025644,0.19230769230769232,0.25641025641025644,False,2024-25,2024,False,
Joshua Zirkzee,Netherlands,"FW,MF",Manchester Utd,24.0,2001.0,24,5,626,7.0,2,1,3,2,0,0,3,0,0.2857142857142857,0.14285714285714285,0.42857142857142855,0.2857142857142857,0.42857142857142855,False,2025-26,2025,False,
Joshua Zirkzee,,FW,Manchester Utd,24.0,2001.0,1,0,8,0.1,0,0,0,0,0,0,0,0,0.0,0.0,0.0,0.0,0.0,False,2026-27,2026,True,4.0
José Sá,Portugal,GK,Wolves,28.0,1993.0,37,37,3285,36.5,0,1,1,0,0,0,3,0,0.0,0.0273972602739726,0.0273972602739726,0.0,0.0273972602739726,False,2021-22,2021,False,
José Sá,Portugal,GK,Wolves,29.0,1993.0,36,36,3240,36.0,0,0,0,0,0,0,2,0,0.0,0.0,0.0,0.0,0.0,False,2022-23,2022,False,
José Sá,Portugal,GK,Wolves,30.0,1993.0,35,35,3037,33.7,0,1,1,0,0,0,1,0,0.0,0.029673590504451036,0.029673590504451036,0.0,0.029673590504451036,False,2023-24,2023,False,
José Sá,Portugal,GK,Wolves,31.0,1993.0,29,29,2609,29.0,0,0,0,0,0,0,2,0,0.0,0.0,0.0,0.0,0.0,False,2024-25,2024,False,
José Sá,Portugal,GK,Wolves,32.0,1993.0,23,23,2070,23.0,0,0,0,0,0,0,2,0,0.0,0.0,0.0,0.0,0.0,False,2025-26,2025,False,
Jota Silva,Portugal,MF,Nottingham,24.0,1999.0,31,5,854,9.5,3,1,4,3,0,0,5,0,0.3157894736842105,0.10526315789473684,0.42105263157894735,0.3157894736842105,0.42105263157894735,False,2024-25,2024,False,
Jota Silva,Portugal,FW,Nottingham,25.0,1999.0,1,0,12,0.1,0,0,0,0,0,0,0,0,0.0,0.0,0.0,0.0,0.0,False,2025-26,2025,False,
João Cancelo,Portugal,DF,Manchester City,27.0,1994.0,36,36,3227,35.9,1,7,8,1,0,0,7,0,0.02785515320334262,0.19498607242339833,0.22284122562674097,0.02785515320334262,0.22284122562674097,False,2021-22,2021,False,
João Cancelo,Portugal,DF,Manchester City,28.0,1994.0,17,16,1274,14.2,2,1,3,2,0,0,3,1,0.14084507042253522,0.07042253521126761,0.21126760563380284,0.14084507042253522,0.21126760563380284,False,2022-23,2022,False,
João Félix,Portugal,"FW,MF",Chelsea,22.0,1999.0,16,11,941,10.5,4,0,4,4,0,0,1,1,0.38095238095238093,0.0,0.38095238095238093,0.38095238095238093,0.38095238095238093,False,2022-23,2022,False,
João Félix,Portugal,MF,Chelsea,24.0,1999.0,12,3,369,4.1,1,1,2,1,0,0,2,0,0.24390243902439027,0.24390243902439027,0.48780487804878053,0.24390243902439027,0.48780487804878053,False,2024-25,2024,False,
João Gomes,Brazil,MF,Wolves,21.0,2001.0,11,7,653,7.3,1,0,1,1,0,0,5,0,0.136986301369863,0.0,0.136986301369863,0.136986301369863,0.136986301369863,False,2022-23,2022,False,
João Gomes,Brazil,MF,Wolves,22.0,2001.0,34,32,2649,29.4,2,1,3,2,0,0,11,0,0.06802721088435375,0.034013605442176874,0.10204081632653061,0.06802721088435375,0.10204081632653061,False,2023-24,2023,False,
João Gomes,Brazil,MF,Wolves,23.0,2001.0,36,35,2974,33.0,3,1,4,3,0,0,11,1,0.09090909090909091,0.030303030303030304,0.12121212121212122,0.09090909090909091,0.12121212121212122,False,2024-25,2024,False,
João Gomes,Brazil,MF,Wolves,24.0,2001.0,35,32,2829,31.4,1,1,2,1,0,0,10,0,0.03184713375796178,0.03184713375796178,0.06369426751592357,0.03184713375796178,0.06369426751592357,False,2025-26,2025,False,
João Gomes,,MF,Aston Villa,24.0,2001.0,1,1,39,0.4,0,0,0,0,0,0,1,1,0.0,0.0,0.0,0.0,0.0,False,2026-27,2026,True,4.0
João Moutinho,Portugal,MF,Wolves,34.0,1986.0,35,34,2970,33.0,2,1,3,2,0,0,4,0,0.06060606060606061,0.030303030303030304,0.09090909090909091,0.06060606060606061,0.09090909090909091,False,2021-22,2021,False,
João Moutinho,Portugal,MF,Wolves,35.0,1986.0,31,20,1780,19.8,0,2,2,0,0,0,3,0,0.0,0.10101010101010101,0.10101010101010101,0.0,0.10101010101010101,False,2022-23,2022,False,
João Palhinha,Portugal,MF,Fulham,27.0,1995.0,35,35,3108,34.5,3,0,3,3,0,0,14,0,0.08695652173913043,0.0,0.08695652173913043,0.08695652173913043,0.08695652173913043,False,2022-23,2022,False,
João Palhinha,Portugal,MF,Fulham,28.0,1995.0,33,31,2699,30.0,4,1,5,4,0,0,13,0,0.13333333333333333,0.03333333333333333,0.16666666666666666,0.13333333333333333,0.16666666666666666,False,2023-24,2023,False,
João Palhinha,Portugal,MF,Tottenham,30.0,1995.0,33,23,2198,24.4,5,2,7,5,0,0,8,0,0.20491803278688525,0.0819672131147541,0.2868852459016394,0.20491803278688525,0.2868852459016394,False,2025-26,2025,False,
João Pedro,Brazil,"FW,MF",Watford,19.0,2001.0,28,15,1644,18.3,3,1,4,3,0,0,1,0,0.16393442622950818,0.0546448087431694,0.2185792349726776,0.16393442622950818,0.2185792349726776,False,2021-22,2021,False,
João Pedro,Brazil,"MF,FW",Brighton,21.0,2001.0,31,19,2045,22.7,9,3,12,5,4,5,2,0,0.39647577092511016,0.13215859030837004,0.5286343612334802,0.22026431718061676,0.35242290748898675,False,2023-24,2023,False,
João Pedro,Brazil,"FW,MF",Brighton,22.0,2001.0,27,23,1948,21.6,10,6,16,5,5,5,4,1,0.4629629629629629,0.27777777777777773,0.7407407407407407,0.23148148148148145,0.5092592592592593,False,2024-25,2024,False,
João Pedro,Brazil,"FW,MF",Chelsea,23.0,2001.0,35,31,2661,29.6,15,5,20,15,0,0,5,0,0.5067567567567567,0.16891891891891891,0.6756756756756757,0.5067567567567567,0.6756756756756757,False,2025-26,2025,False,
João Pedro,,FW,Chelsea,24.0,2001.0,4,4,360,4.0,3,3,6,3,0,0,1,0,0.75,0.75,1.5,0.75,1.5,False,2026-27,2026,True,4.0
Joél Drakes-Thomas,England,MF,Crystal Palace,16.0,2009.0,2,0,9,0.1,0,0,0,0,0,0,0,0,0.0,0.0,0.0,0.0,0.0,False,2025-26,2025,False,
Joël Matip,Cameroon,DF,Liverpool,29.0,1991.0,31,31,2790,31.0,3,3,6,3,0,0,2,0,0.0967741935483871,0.0967741935483871,0.1935483870967742,0.0967741935483871,0.1935483870967742,False,2021-22,2021,False,
Joël Matip,Cameroon,DF,Liverpool,30.0,1991.0,14,12,1092,12.1,1,0,1,1,0,0,3,0,0.08264462809917356,0.0,0.08264462809917356,0.08264462809917356,0.08264462809917356,False,2022-23,2022,False,
Joël Matip,Cameroon,DF,Liverpool,31.0,1991.0,10,9,781,8.7,0,0,0,0,0,0,2,0,0.0,0.0,0.0,0.0,0.0,False,2023-24,2023,False,
Joël Piroe,Suriname,FW,Leeds United,25.0,1999.0,16,2,258,2.9,0,0,0,0,0,0,0,0,0.0,0.0,0.0,0.0,0.0,False,2025-26,2025,False,
Joël Veltman,Netherlands,"DF,MF",Brighton,29.0,1992.0,34,33,2874,31.9,1,1,2,1,0,0,6,0,0.031347962382445145,0.031347962382445145,0.06269592476489029,0.031347962382445145,0.06269592476489029,False,2021-22,2021,False,
Joël Veltman,Netherlands,DF,Brighton,30.0,1992.0,31,25,2188,24.3,1,1,2,1,0,0,6,0,0.0411522633744856,0.0411522633744856,0.0823045267489712,0.0411522633744856,0.0823045267489712,False,2022-23,2022,False,
Joël Veltman,Netherlands,DF,Brighton,31.0,1992.0,27,17,1588,17.6,1,1,2,1,0,0,4,0,0.056818181818181816,0.056818181818181816,0.11363636363636363,0.056818181818181816,0.11363636363636363,False,2023-24,2023,False,
Joël Veltman,Netherlands,DF,Brighton,32.0,1992.0,21,19,1697,18.9,0,0,0,0,0,0,5,0,0.0,0.0,0.0,0.0,0.0,False,2024-25,2024,False,
Joël Veltman,Netherlands,DF,Brighton,33.0,1992.0,24,9,1058,11.8,1,0,1,1,0,0,5,0,0.0847457627118644,0.0,0.0847457627118644,0.0847457627118644,0.0847457627118644,False,2025-26,2025,False,
Joško Gvardiol,Croatia,DF,Manchester City,21.0,2002.0,28,26,2328,25.9,4,1,5,4,0,0,3,0,0.15444015444015444,0.03861003861003861,0.19305019305019305,0.15444015444015444,0.19305019305019305,False,2023-24,2023,False,
Joško Gvardiol,Croatia,DF,Manchester City,22.0,2002.0,37,36,3277,36.4,5,0,5,5,0,0,2,0,0.13736263736263737,0.0,0.13736263736263737,0.13736263736263737,0.13736263736263737,False,2024-25,2024,False,
Joško Gvardiol,Croatia,DF,Manchester City,23.0,2002.0,18,16,1372,15.2,2,2,4,2,0,0,2,0,0.13157894736842105,0.13157894736842105,0.2631578947368421,0.13157894736842105,0.2631578947368421,False,2025-26,2025,False,
Joško Gvardiol,,DF,Manchester City,23.0,2002.0,4,4,344,3.8,1,1,2,1,0,0,1,0,0.26,0.26,0.52,0.26,0.52,False,2026-27,2026,True,4.0
Juan Larios,Spain,DF,Southampton,18.0,2004.0,5,2,152,1.7,0,0,0,0,0,0,0,0,0.0,0.0,0.0,0.0,0.0,False,2022-23,2022,False,
Juan Mata,Spain,MF,Manchester Utd,33.0,1988.0,7,2,235,2.6,0,0,0,0,0,0,0,0,0.0,0.0,0.0,0.0,0.0,False,2021-22,2021,False,
Julian Araujo,Mexico,DF,Bournemouth,22.0,2001.0,12,7,497,5.5,0,0,0,0,0,0,2,0,0.0,0.0,0.0,0.0,0.0,False,2024-25,2024,False,
Julio Enciso,Paraguay,"MF,FW",Brighton,18.0,2004.0,20,7,806,9.0,4,2,6,4,0,0,1,0,0.4444444444444444,0.2222222222222222,0.6666666666666666,0.4444444444444444,0.6666666666666666,False,2022-23,2022,False,
Julio Enciso,Paraguay,MF,Brighton,19.0,2004.0,12,5,475,5.3,0,2,2,0,0,0,2,0,0.0,0.37735849056603776,0.37735849056603776,0.0,0.37735849056603776,False,2023-24,2023,False,
Julio Enciso,,MF,Ipswich Town,21.0,2004.0,4,4,340,3.8,0,2,2,0,0,0,1,0,0.0,0.53,0.53,0.0,0.53,False,2026-27,2026,True,4.0
Julio EncisoJulio Enciso,Paraguay,MF,Ipswich Town,20.0,2004.0,25,14,1163,13.0,2,3,5,2,0,0,3,0,0.15384615384615385,0.23076923076923078,0.38461538461538464,0.15384615384615385,0.38461538461538464,False,2024-25,2024,False,
Julio Soler,Argentina,DF,Bournemouth,19.0,2005.0,3,0,11,0.1,0,0,0,0,0,0,0,0,0.0,0.0,0.0,0.0,0.0,False,2024-25,2024,False,
Julio Soler,Argentina,DF,Bournemouth,20.0,2005.0,3,0,35,0.4,0,0,0,0,0,0,0,0,0.0,0.0,0.0,0.0,0.0,False,2025-26,2025,False,
Julián Álvarez,Argentina,"MF,FW",Manchester City,22.0,2000.0,31,13,1465,16.3,9,0,9,8,1,1,0,0,0.5521472392638036,0.0,0.5521472392638036,0.49079754601226994,0.4907975460122699,False,2022-23,2022,False,
Julián Álvarez,Argentina,"MF,FW",Manchester City,23.0,2000.0,36,31,2647,29.4,11,8,19,9,2,2,2,0,0.3741496598639456,0.272108843537415,0.6462585034013606,0.30612244897959184,0.5782312925170069,False,2023-24,2023,False,
Jun'ai Byfield,England,DF,Tottenham,16.0,2008.0,1,0,1,0.0,0,0,0,0,0,0,0,0,0.0,0.0,0.0,0.0,0.0,False,2025-26,2025,False,
Junior Firpo,do DOM,"DF,MF",Leeds United,24.0,1996.0,24,19,1711,19.0,0,2,2,0,0,0,11,0,0.0,0.10526315789473684,0.10526315789473684,0.0,0.10526315789473684,False,2021-22,2021,False,
Junior Firpo,do DOM,DF,Leeds United,25.0,1996.0,19,14,1368,15.2,1,1,2,1,0,0,6,1,0.06578947368421052,0.06578947368421052,0.13157894736842105,0.06578947368421052,0.13157894736842105,False,2022-23,2022,False,
Junior Stanislas,England,MF,Bournemouth,32.0,1989.0,4,0,61,0.7,0,0,0,0,0,0,0,0,0.0,0.0,0.0,0.0,0.0,False,2022-23,2022,False,
Juraj Kucka,Slovakia,MF,Watford,34.0,1987.0,26,22,1920,21.3,1,1,2,1,0,0,5,1,0.046948356807511735,0.046948356807511735,0.09389671361502347,0.046948356807511735,0.09389671361502347,False,2021-22,2021,False,
Jurriën Timber,Netherlands,DF,Arsenal,22.0,2001.0,2,1,71,0.8,0,0,0,0,0,0,2,0,0.0,0.0,0.0,0.0,0.0,False,2023-24,2023,False,
Jurriën Timber,Netherlands,DF,Arsenal,23.0,2001.0,30,27,2417,26.9,1,3,4,1,0,0,7,0,0.03717472118959108,0.11152416356877325,0.14869888475836432,0.03717472118959108,0.14869888475836432,False,2024-25,2024,False,
Jurriën Timber,Netherlands,DF,Arsenal,24.0,2001.0,30,28,2454,27.3,3,5,8,3,0,0,5,0,0.10989010989010989,0.18315018315018314,0.29304029304029305,0.10989010989010989,0.29304029304029305,False,2025-26,2025,False,
Jurriën Timber,,DF,Arsenal,24.0,2001.0,1,0,45,0.5,0,0,0,0,0,0,0,0,0.0,0.0,0.0,0.0,0.0,False,2026-27,2026,True,4.0
Justin Devenny,Northern Ireland,MF,Crystal Palace,20.0,2003.0,23,4,507,5.6,1,1,2,1,0,0,1,0,0.17857142857142858,0.17857142857142858,0.35714285714285715,0.17857142857142858,0.35714285714285715,False,2024-25,2024,False,
Justin Devenny,Northern Ireland,"MF,FW",Crystal Palace,21.0,2003.0,21,7,796,8.8,1,0,1,0,1,1,0,0,0.11363636363636363,0.0,0.11363636363636363,0.0,0.0,False,2025-26,2025,False,
Justin Kluivert,Netherlands,MF,Bournemouth,24.0,1999.0,32,26,1916,21.3,7,1,8,7,0,0,5,0,0.32863849765258213,0.046948356807511735,0.3755868544600939,0.32863849765258213,0.3755868544600939,False,2023-24,2023,False,
Justin Kluivert,Netherlands,MF,Bournemouth,25.0,1999.0,34,29,2340,26.0,12,6,18,6,6,6,8,0,0.46153846153846156,0.23076923076923078,0.6923076923076923,0.23076923076923078,0.4615384615384615,False,2024-25,2024,False,
Justin Kluivert,Netherlands,MF,Bournemouth,26.0,1999.0,20,10,952,10.6,2,0,2,2,0,0,5,0,0.18867924528301888,0.0,0.18867924528301888,0.18867924528301888,0.18867924528301888,False,2025-26,2025,False,
Justin Kluivert,,MF,Bournemouth,26.0,1999.0,4,4,294,3.3,1,0,1,1,0,0,1,0,0.31,0.0,0.31,0.31,0.31,False,2026-27,2026,True,4.0
Jáder Durán,Colombia,FW,Aston Villa,18.0,2003.0,12,0,136,1.5,0,0,0,0,0,0,1,0,0.0,0.0,0.0,0.0,0.0,False,2022-23,2022,False,
Jáder Durán,Colombia,FW,Aston Villa,19.0,2003.0,23,3,475,5.3,5,0,5,5,0,0,5,0,0.9433962264150944,0.0,0.9433962264150944,0.9433962264150944,0.9433962264150944,False,2023-24,2023,False,
Jáder Durán,Colombia,FW,Aston Villa,20.0,2003.0,20,4,638,7.1,7,0,7,7,0,0,3,1,0.9859154929577465,0.0,0.9859154929577465,0.9859154929577465,0.9859154929577465,False,2024-25,2024,False,
Jérémy Jacquet,,DF,Liverpool,,,4,4,325,3.6,0,0,0,0,0,0,1,0,0.0,0.0,0.0,0.0,0.0,False,2026-27,2026,True,4.0
Jóhann Berg Guðmundsson,Iceland,MF,Burnley,30.0,1990.0,18,13,1102,12.2,0,1,1,0,0,0,2,0,0.0,0.0819672131147541,0.0819672131147541,0.0,0.0819672131147541,False,2021-22,2021,False,
Jóhann Berg Guðmundsson,Iceland,MF,Burnley,32.0,1990.0,26,12,1192,13.2,1,3,4,1,0,0,2,0,0.07575757575757576,0.2272727272727273,0.30303030303030304,0.07575757575757576,0.30303030303030304,False,2023-24,2023,False,
Jørgen Strand Larsen,Norway,FW,Wolves,24.0,2000.0,35,30,2587,28.7,14,4,18,14,0,0,4,0,0.4878048780487805,0.13937282229965156,0.6271777003484321,0.4878048780487805,0.6271777003484321,False,2024-25,2024,False,
Jørgen Strand Larsen,,FW,Crystal Palace,25.0,2000.0,4,2,218,2.4,1,0,1,1,0,0,0,0,0.41,0.0,0.41,0.41,0.41,False,2026-27,2026,True,4.0
Jørgen Strand LarsenJørgen Strand Larsen,Norway,FW,Wolves,25.0,2000.0,36,26,2307,25.6,4,1,5,3,1,2,4,0,0.15625,0.0390625,0.1953125,0.1171875,0.15625,False,2025-26,2025,False,
Jürgen Locadia,Curacao,FW,Brighton,27.0,1993.0,1,0,23,0.3,0,0,0,0,0,0,0,0,0.0,0.0,0.0,0.0,0.0,False,2021-22,2021,False,
Kaden Braithwaite,,DF,Manchester City,,,1,0,2,0.0,0,0,0,0,0,0,0,0,0.0,0.0,0.0,0.0,0.0,False,2026-27,2026,True,4.0
Kaden Rodney,England,"DF,MF",Crystal Palace,20.0,2004.0,1,0,4,0.0,0,0,0,0,0,0,0,0,0.0,0.0,0.0,0.0,0.0,False,2025-26,2025,False,
Kaelan Casey,England,DF,West Ham,18.0,2004.0,1,0,1,0.0,0,0,0,0,0,0,0,0,0.0,0.0,0.0,0.0,0.0,False,2023-24,2023,False,
Kaelan Casey,England,DF,West Ham,19.0,2004.0,1,0,1,0.0,0,0,0,0,0,0,0,0,0.0,0.0,0.0,0.0,0.0,False,2024-25,2024,False,
Kai Havertz,Germany,"FW,MF",Chelsea,22.0,1999.0,29,22,1809,20.1,8,3,11,8,0,0,3,0,0.3980099502487562,0.14925373134328357,0.5472636815920398,0.3980099502487562,0.5472636815920398,False,2021-22,2021,False,
Kai Havertz,Germany,"FW,MF",Chelsea,23.0,1999.0,35,30,2569,28.5,7,1,8,6,1,1,5,0,0.24561403508771928,0.03508771929824561,0.2807017543859649,0.21052631578947367,0.24561403508771928,False,2022-23,2022,False,
Kai Havertz,Germany,"MF,FW",Arsenal,24.0,1999.0,37,30,2634,29.3,13,7,20,12,1,1,11,0,0.44368600682593856,0.23890784982935154,0.68259385665529,0.40955631399317405,0.6484641638225256,False,2023-24,2023,False,
Kai Havertz,Germany,FW,Arsenal,25.0,1999.0,23,21,1875,20.8,9,3,12,9,0,0,5,0,0.43269230769230765,0.14423076923076922,0.5769230769230769,0.43269230769230765,0.5769230769230769,False,2024-25,2024,False,
Kai Havertz,Germany,"FW,MF",Arsenal,26.0,1999.0,12,7,581,6.5,2,3,5,2,0,0,1,0,0.3076923076923077,0.46153846153846156,0.7692307692307693,0.3076923076923077,0.7692307692307693,False,2025-26,2025,False,
Kai Havertz,,FW,Arsenal,26.0,1999.0,4,4,347,3.9,2,0,2,2,0,0,1,0,0.52,0.0,0.52,0.52,0.52,False,2026-27,2026,True,4.0
Kaide Gordon,England,FW,Liverpool,16.0,2004.0,1,0,9,0.1,0,0,0,0,0,0,0,0,0.0,0.0,0.0,0.0,0.0,False,2021-22,2021,False,
Kaide Gordon,England,FW,Liverpool,18.0,2004.0,1,0,1,0.0,0,0,0,0,0,0,0,0,0.0,0.0,0.0,0.0,0.0,False,2023-24,2023,False,
Kaine Kesler-Hayden,England,"DF,MF",Aston Villa,20.0,2002.0,3,0,6,0.1,0,0,0,0,0,0,0,0,0.0,0.0,0.0,0.0,0.0,False,2023-24,2023,False,
Kalidou Koulibaly,Senegal,DF,Chelsea,31.0,1991.0,23,20,1800,20.0,2,1,3,2,0,0,7,1,0.1,0.05,0.15,0.1,0.15,False,2022-23,2022,False,
Kalvin Phillips,England,MF,Leeds United,25.0,1995.0,20,18,1596,17.7,0,1,1,0,0,0,4,0,0.0,0.05649717514124294,0.05649717514124294,0.0,0.05649717514124294,False,2021-22,2021,False,
Kalvin Phillips,England,"MF,DF",Manchester City,26.0,1995.0,12,2,300,3.3,0,0,0,0,0,0,1,0,0.0,0.0,0.0,0.0,0.0,False,2022-23,2022,False,
Kalvin Phillips,England,MF,Ipswich Town,28.0,1995.0,19,14,1237,13.7,0,0,0,0,0,0,6,1,0.0,0.0,0.0,0.0,0.0,False,2024-25,2024,False,
Kalvin PhillipsKalvin Phillips,England,"DF,MF",West Ham,27.0,1995.0,12,3,402,4.4,0,0,0,0,0,0,3,1,0.0,0.0,0.0,0.0,0.0,False,2023-24,2023,False,
Kamaldeen Sulemana,Ghana,"FW,MF",Southampton,20.0,2002.0,18,10,966,10.7,2,1,3,2,0,0,1,0,0.1869158878504673,0.09345794392523366,0.28037383177570097,0.1869158878504673,0.28037383177570097,False,2022-23,2022,False,
Kamaldeen Sulemana,Ghana,"FW,MF",Southampton,22.0,2002.0,26,17,1402,15.6,1,1,2,1,0,0,2,0,0.06410256410256411,0.06410256410256411,0.12820512820512822,0.06410256410256411,0.12820512820512822,False,2024-25,2024,False,
Kami Doyle,England,MF,Southampton,16.0,2005.0,1,0,7,0.1,0,0,0,0,0,0,0,0,0.0,0.0,0.0,0.0,0.0,False,2022-23,2022,False,
Kaoru Mitoma,Japan,MF,Brighton,25.0,1997.0,33,24,2318,25.8,7,5,12,7,0,0,0,0,0.2713178294573643,0.19379844961240308,0.46511627906976744,0.2713178294573643,0.46511627906976744,False,2022-23,2022,False,
Kaoru Mitoma,Japan,"MF,FW",Brighton,26.0,1997.0,19,15,1486,16.5,3,4,7,3,0,0,4,0,0.18181818181818182,0.24242424242424243,0.42424242424242425,0.18181818181818182,0.42424242424242425,False,2023-24,2023,False,
Kaoru Mitoma,Japan,MF,Brighton,27.0,1997.0,36,28,2603,28.9,10,4,14,10,0,0,1,0,0.34602076124567477,0.1384083044982699,0.4844290657439447,0.34602076124567477,0.4844290657439447,False,2024-25,2024,False,
Kaoru Mitoma,Japan,"MF,FW",Brighton,28.0,1997.0,25,19,1721,19.1,3,1,4,3,0,0,5,0,0.15706806282722513,0.05235602094240837,0.20942408376963348,0.15706806282722513,0.20942408376963348,False,2025-26,2025,False,
Karl Darlow,Wales,GK,Newcastle,30.0,1990.0,8,8,720,8.0,0,0,0,0,0,0,1,0,0.0,0.0,0.0,0.0,0.0,False,2021-22,2021,False,
Karl Darlow,Wales,GK,Leeds United,34.0,1990.0,22,22,1980,22.0,0,0,0,0,0,0,1,0,0.0,0.0,0.0,0.0,0.0,False,2025-26,2025,False,
Kasey McAteer,Ireland,MF,Leicester City,19.0,2001.0,1,0,3,0.0,0,0,0,0,0,0,0,0,0.0,0.0,0.0,0.0,0.0,False,2021-22,2021,False,
Kasey McAteer,Ireland,MF,Leicester City,22.0,2001.0,18,9,852,9.5,1,1,2,1,0,0,3,0,0.10526315789473684,0.10526315789473684,0.21052631578947367,0.10526315789473684,0.21052631578947367,False,2024-25,2024,False,
Kasey McAteer,,MF,Ipswich Town,24.0,2001.0,3,0,45,0.5,0,0,0,0,0,0,0,0,0.0,0.0,0.0,0.0,0.0,False,2026-27,2026,True,4.0
Kasper Schmeichel,Denmark,GK,Leicester City,34.0,1986.0,37,37,3330,37.0,0,0,0,0,0,0,2,0,0.0,0.0,0.0,0.0,0.0,False,2021-22,2021,False,
Kaye Furo,Belgium,FW,Brentford,18.0,2007.0,1,0,1,0.0,0,0,0,0,0,0,0,0,0.0,0.0,0.0,0.0,0.0,False,2025-26,2025,False,
Kayky Chagas,Brazil,MF,Manchester City,18.0,2003.0,1,0,7,0.1,0,0,0,0,0,0,0,0,0.0,0.0,0.0,0.0,0.0,False,2021-22,2021,False,
Keane Lewis-Potter,England,FW,Brentford,21.0,2001.0,10,3,321,3.6,0,1,1,0,0,0,0,0,0.0,0.2777777777777778,0.2777777777777778,0.0,0.2777777777777778,False,2022-23,2022,False,
Keane Lewis-Potter,England,"FW,MF",Brentford,22.0,2001.0,30,15,1441,16.0,3,1,4,3,0,0,0,0,0.1875,0.0625,0.25,0.1875,0.25,False,2023-24,2023,False,
Keane Lewis-Potter,England,"DF,MF",Brentford,23.0,2001.0,38,36,3093,34.4,1,3,4,1,0,0,7,0,0.029069767441860465,0.0872093023255814,0.11627906976744186,0.029069767441860465,0.11627906976744186,False,2024-25,2024,False,
Keane Lewis-Potter,England,"DF,MF",Brentford,24.0,2001.0,36,22,1972,21.9,3,3,6,3,0,0,1,0,0.13698630136986303,0.13698630136986303,0.27397260273972607,0.13698630136986303,0.27397260273972607,False,2025-26,2025,False,
Keane Lewis-Potter,,DF,Brentford,24.0,2001.0,4,4,326,3.6,1,1,2,1,0,0,0,0,0.28,0.28,0.55,0.28,0.55,False,2026-27,2026,True,4.0
Keinan Davis,England,FW,Aston Villa,23.0,1998.0,1,0,12,0.1,0,0,0,0,0,0,0,0,0.0,0.0,0.0,0.0,0.0,False,2021-22,2021,False,
Kelechi Iheanacho,Nigeria,FW,Leicester City,24.0,1996.0,26,13,1264,14.0,4,5,9,4,0,0,1,0,0.2857142857142857,0.35714285714285715,0.6428571428571429,0.2857142857142857,0.6428571428571429,False,2021-22,2021,False,
Kelechi Iheanacho,Nigeria,FW,Leicester City,25.0,1996.0,28,11,1127,12.5,5,5,10,4,1,1,0,0,0.4,0.4,0.8,0.32,0.7200000000000001,False,2022-23,2022,False,
Ken Sema,Sweden,"MF,FW",Watford,27.0,1993.0,18,7,852,9.5,0,0,0,0,0,0,1,0,0.0,0.0,0.0,0.0,0.0,False,2021-22,2021,False,
Kenedy,Brazil,MF,Chelsea,25.0,1996.0,1,1,58,0.6,0,1,1,0,0,0,0,0,0.0,1.6666666666666667,1.6666666666666667,0.0,1.6666666666666667,False,2021-22,2021,False,
Kenny McLean,Scotland,MF,Norwich City,29.0,1992.0,31,29,2706,30.1,1,0,1,1,0,0,3,0,0.03322259136212624,0.0,0.03322259136212624,0.03322259136212624,0.03322259136212624,False,2021-22,2021,False,
Kenny Tete,Netherlands,DF,Fulham,26.0,1995.0,31,29,2569,28.5,1,5,6,1,0,0,8,0,0.03508771929824561,0.17543859649122806,0.21052631578947367,0.03508771929824561,0.21052631578947367,False,2022-23,2022,False,
Kenny Tete,Netherlands,DF,Fulham,27.0,1995.0,14,10,867,9.6,1,0,1,1,0,0,2,0,0.10416666666666667,0.0,0.10416666666666667,0.10416666666666667,0.10416666666666667,False,2023-24,2023,False,
Kenny Tete,Netherlands,DF,Fulham,28.0,1995.0,22,21,1774,19.7,0,2,2,0,0,0,5,0,0.0,0.10152284263959391,0.10152284263959391,0.0,0.10152284263959391,False,2024-25,2024,False,
Kenny Tete,Netherlands,DF,Fulham,29.0,1995.0,22,21,1791,19.9,1,0,1,1,0,0,2,0,0.05025125628140704,0.0,0.05025125628140704,0.05025125628140704,0.05025125628140704,False,2025-26,2025,False,
Kenny Tete,,DF,Fulham,30.0,1995.0,1,0,28,0.3,0,0,0,0,0,0,1,0,0.0,0.0,0.0,0.0,0.0,False,2026-27,2026,True,4.0
Kepa Arrizabalaga,Spain,GK,Chelsea,26.0,1994.0,4,4,360,4.0,0,0,0,0,0,0,0,0,0.0,0.0,0.0,0.0,0.0,False,2021-22,2021,False,
Kepa Arrizabalaga,Spain,GK,Chelsea,27.0,1994.0,29,29,2565,28.5,0,0,0,0,0,0,1,0,0.0,0.0,0.0,0.0,0.0,False,2022-23,2022,False,
Kepa Arrizabalaga,Spain,GK,Bournemouth,29.0,1994.0,31,31,2790,31.0,0,0,0,0,0,0,3,0,0.0,0.0,0.0,0.0,0.0,False,2024-25,2024,False,
Kepa Arrizabalaga,Spain,GK,Arsenal,30.0,1994.0,1,1,90,1.0,0,0,0,0,0,0,0,0,0.0,0.0,0.0,0.0,0.0,False,2025-26,2025,False,
Kevin,Brazil,MF,Fulham,22.0,2003.0,26,9,1041,11.6,1,1,2,1,0,0,1,0,0.08620689655172414,0.08620689655172414,0.1724137931034483,0.08620689655172414,0.1724137931034483,False,2025-26,2025,False,
Kevin,,MF,Fulham,22.0,2003.0,3,0,45,0.5,0,0,0,0,0,0,0,0,0.0,0.0,0.0,0.0,0.0,False,2026-27,2026,True,4.0
Kevin Danso,Austria,DF,Tottenham,25.0,1998.0,10,9,842,9.4,0,0,0,0,0,0,0,0,0.0,0.0,0.0,0.0,0.0,False,2024-25,2024,False,
Kevin Danso,Austria,DF,Tottenham,26.0,1998.0,24,17,1494,16.6,0,0,0,0,0,0,8,0,0.0,0.0,0.0,0.0,0.0,False,2025-26,2025,False,
Kevin Danso,,DF,Sunderland,27.0,1998.0,2,2,180,2.0,0,0,0,0,0,0,0,0,0.0,0.0,0.0,0.0,0.0,False,2026-27,2026,True,4.0
Kevin De Bruyne,Belgium,MF,Manchester City,30.0,1991.0,30,25,2201,24.5,15,8,23,15,0,0,2,0,0.6122448979591837,0.32653061224489793,0.9387755102040817,0.6122448979591837,0.9387755102040817,False,2021-22,2021,False,
Kevin De Bruyne,Belgium,MF,Manchester City,31.0,1991.0,32,28,2417,26.9,7,16,23,7,0,0,1,0,0.26022304832713755,0.5947955390334573,0.8550185873605949,0.26022304832713755,0.8550185873605949,False,2022-23,2022,False,
Kevin De Bruyne,Belgium,MF,Manchester City,32.0,1991.0,18,15,1221,13.6,4,10,14,4,0,0,2,0,0.29411764705882354,0.7352941176470589,1.0294117647058825,0.29411764705882354,1.0294117647058825,False,2023-24,2023,False,
Kevin De Bruyne,Belgium,"MF,FW",Manchester City,33.0,1991.0,28,19,1702,18.9,4,7,11,4,0,0,2,0,0.21164021164021166,0.3703703703703704,0.5820105820105821,0.21164021164021166,0.5820105820105821,False,2024-25,2024,False,
Kevin Long,Ireland,DF,Burnley,30.0,1990.0,6,4,410,4.6,0,0,0,0,0,0,1,0,0.0,0.0,0.0,0.0,0.0,False,2021-22,2021,False,
Kevin Mbabu,Switzerland,DF,Fulham,27.0,1995.0,6,1,144,1.6,0,1,1,0,0,0,1,0,0.0,0.625,0.625,0.0,0.625,False,2022-23,2022,False,
Kevin Schade,Germany,FW,Brentford,20.0,2001.0,18,7,732,8.1,0,1,1,0,0,0,2,0,0.0,0.1234567901234568,0.1234567901234568,0.0,0.1234567901234568,False,2022-23,2022,False,
Kevin Schade,Germany,FW,Brentford,21.0,2001.0,11,3,333,3.7,2,1,3,2,0,0,0,0,0.5405405405405405,0.27027027027027023,0.8108108108108107,0.5405405405405405,0.8108108108108107,False,2023-24,2023,False,
Kevin Schade,Germany,"MF,FW",Brentford,22.0,2001.0,38,26,2293,25.5,11,2,13,11,0,0,3,0,0.43137254901960786,0.0784313725490196,0.5098039215686274,0.43137254901960786,0.5098039215686274,False,2024-25,2024,False,
Kevin Schade,Germany,"MF,FW",Brentford,23.0,2001.0,35,32,2745,30.5,8,3,11,8,0,1,6,1,0.26229508196721313,0.09836065573770492,0.36065573770491804,0.26229508196721313,0.36065573770491804,False,2025-26,2025,False,
Kevin Schade,,MF,Brentford,24.0,2001.0,4,4,357,4.0,3,0,3,3,0,0,0,0,0.76,0.0,0.76,0.76,0.76,False,2026-27,2026,True,4.0
Keylor Navas,Costa Rica,GK,Nottingham,35.0,1986.0,17,17,1529,17.0,0,0,0,0,0,0,2,0,0.0,0.0,0.0,0.0,0.0,False,2022-23,2022,False,
Ki-Jana Hoever,Netherlands,MF,Wolves,19.0,2002.0,8,4,308,3.4,0,0,0,0,0,0,1,0,0.0,0.0,0.0,0.0,0.0,False,2021-22,2021,False,
Ki-Jana Hoever,Netherlands,"MF,DF",Wolves,23.0,2002.0,8,6,425,4.7,0,0,0,0,0,0,0,0,0.0,0.0,0.0,0.0,0.0,False,2025-26,2025,False,
Kieffer Moore,Wales,FW,Bournemouth,29.0,1992.0,27,12,1279,14.2,4,0,4,4,0,0,1,0,0.28169014084507044,0.0,0.28169014084507044,0.28169014084507044,0.28169014084507044,False,2022-23,2022,False,
Kieffer Moore,Wales,"DF,FW",Bournemouth,30.0,1992.0,8,0,108,1.2,1,0,1,1,0,0,0,0,0.8333333333333334,0.0,0.8333333333333334,0.8333333333333334,0.8333333333333334,False,2023-24,2023,False,
Kieran Dowell,England,MF,Norwich City,23.0,1997.0,19,11,912,10.1,1,1,2,1,0,0,0,0,0.09900990099009901,0.09900990099009901,0.19801980198019803,0.09900990099009901,0.19801980198019803,False,2021-22,2021,False,
Kieran Tierney,Scotland,DF,Arsenal,24.0,1997.0,22,22,1915,21.3,1,3,4,1,0,0,0,0,0.046948356807511735,0.14084507042253522,0.18779342723004694,0.046948356807511735,0.18779342723004694,False,2021-22,2021,False,
Kieran Tierney,Scotland,DF,Arsenal,25.0,1997.0,27,6,795,8.8,0,1,1,0,0,0,0,0,0.0,0.11363636363636363,0.11363636363636363,0.0,0.11363636363636363,False,2022-23,2022,False,
Kieran Tierney,Scotland,DF,Arsenal,27.0,1997.0,13,2,259,2.9,1,0,1,1,0,0,0,0,0.3448275862068966,0.0,0.3448275862068966,0.3448275862068966,0.3448275862068966,False,2024-25,2024,False,
Kieran Trippier,England,DF,Newcastle,30.0,1990.0,6,5,429,4.8,2,0,2,2,0,0,0,0,0.4166666666666667,0.0,0.4166666666666667,0.4166666666666667,0.4166666666666667,False,2021-22,2021,False,
Kieran Trippier,England,DF,Newcastle,31.0,1990.0,38,38,3341,37.1,1,7,8,1,0,0,5,0,0.026954177897574122,0.18867924528301885,0.21563342318059298,0.026954177897574122,0.21563342318059298,False,2022-23,2022,False,
Kieran Trippier,England,DF,Newcastle,32.0,1990.0,28,26,2236,24.8,1,10,11,1,0,0,5,0,0.04032258064516129,0.4032258064516129,0.4435483870967742,0.04032258064516129,0.4435483870967742,False,2023-24,2023,False,
Kieran Trippier,England,DF,Newcastle,33.0,1990.0,25,14,1309,14.5,0,3,3,0,0,0,1,0,0.0,0.20689655172413793,0.20689655172413793,0.0,0.20689655172413793,False,2024-25,2024,False,
Kieran Trippier,England,DF,Newcastle,34.0,1990.0,21,18,1586,17.6,0,1,1,0,0,0,3,0,0.0,0.056818181818181816,0.056818181818181816,0.0,0.056818181818181816,False,2025-26,2025,False,
Kiernan Dewsbury-Hall,England,MF,Leicester City,22.0,1998.0,28,23,2105,23.4,1,2,3,1,0,0,4,0,0.042735042735042736,0.08547008547008547,0.12820512820512822,0.042735042735042736,0.12820512820512822,False,2021-22,2021,False,
Kiernan Dewsbury-Hall,England,MF,Leicester City,23.0,1998.0,31,28,2306,25.6,2,2,4,2,0,0,5,1,0.078125,0.078125,0.15625,0.078125,0.15625,False,2022-23,2022,False,
Kiernan Dewsbury-Hall,England,MF,Chelsea,25.0,1998.0,13,2,264,2.9,0,1,1,0,0,0,0,0,0.0,0.3448275862068966,0.3448275862068966,0.0,0.3448275862068966,False,2024-25,2024,False,
Kiernan Dewsbury-Hall,England,MF,Everton,26.0,1998.0,31,30,2626,29.2,8,4,12,8,0,0,6,0,0.273972602739726,0.136986301369863,0.4109589041095891,0.273972602739726,0.4109589041095891,False,2025-26,2025,False,
Kiernan Dewsbury-Hall,,MF,Everton,27.0,1998.0,4,4,359,4.0,1,0,1,1,0,0,1,0,0.25,0.0,0.25,0.25,0.25,False,2026-27,2026,True,4.0
Kiko Femenía,Spain,DF,Watford,30.0,1991.0,27,26,2142,23.8,0,5,5,0,0,0,2,0,0.0,0.21008403361344538,0.21008403361344538,0.0,0.21008403361344538,False,2021-22,2021,False,
Kim Jisoo,South Korea,DF,Brentford,19.0,2004.0,3,0,30,0.3,0,0,0,0,0,0,0,0,0.0,0.0,0.0,0.0,0.0,False,2024-25,2024,False,
Kjell Scherpen,,GK,Ipswich Town,,,4,4,360,4.0,0,0,0,0,0,0,0,0,0.0,0.0,0.0,0.0,0.0,False,2026-27,2026,True,4.0
Kobbie Mainoo,England,MF,Manchester Utd,17.0,2005.0,1,0,11,0.1,0,0,0,0,0,0,0,0,0.0,0.0,0.0,0.0,0.0,False,2022-23,2022,False,
Kobbie Mainoo,England,MF,Manchester Utd,18.0,2005.0,24,24,1924,21.4,3,1,4,3,0,0,3,0,0.14018691588785048,0.04672897196261683,0.1869158878504673,0.14018691588785048,0.1869158878504673,False,2023-24,2023,False,
Kobbie Mainoo,England,MF,Manchester Utd,19.0,2005.0,25,19,1651,18.3,0,0,0,0,0,0,5,0,0.0,0.0,0.0,0.0,0.0,False,2024-25,2024,False,
Kobbie Mainoo,England,MF,Manchester Utd,20.0,2005.0,28,16,1662,18.5,1,2,3,1,0,0,2,0,0.05405405405405406,0.10810810810810811,0.16216216216216217,0.05405405405405406,0.16216216216216217,False,2025-26,2025,False,
Kobbie Mainoo,,MF,Manchester Utd,20.0,2005.0,4,3,276,3.1,0,1,1,0,0,0,0,0,0.0,0.33,0.33,0.0,0.33,False,2026-27,2026,True,4.0
Konstantinos Mavropanos,Greece,DF,West Ham,25.0,1997.0,19,16,1500,16.7,1,0,1,1,0,0,2,0,0.059880239520958084,0.0,0.059880239520958084,0.059880239520958084,0.059880239520958084,False,2023-24,2023,False,
Konstantinos Mavropanos,Greece,DF,West Ham,26.0,1997.0,33,21,2045,22.7,0,0,0,0,0,0,6,1,0.0,0.0,0.0,0.0,0.0,False,2024-25,2024,False,
Konstantinos Mavropanos,Greece,DF,West Ham,27.0,1997.0,31,27,2534,28.2,3,0,3,3,0,0,2,0,0.10638297872340426,0.0,0.10638297872340426,0.10638297872340426,0.10638297872340426,False,2025-26,2025,False,
Kortney Hause,England,DF,Aston Villa,26.0,1995.0,7,4,397,4.4,1,0,1,1,0,0,0,0,0.22727272727272727,0.0,0.22727272727272727,0.22727272727272727,0.22727272727272727,False,2021-22,2021,False,
Kosta Nedeljković,Serbia,DF,Aston Villa,18.0,2005.0,5,0,126,1.4,0,0,0,0,0,0,0,0,0.0,0.0,0.0,0.0,0.0,False,2024-25,2024,False,
Kostas Tsimikas,Greece,DF,Liverpool,25.0,1996.0,13,9,877,9.7,0,2,2,0,0,0,3,0,0.0,0.2061855670103093,0.2061855670103093,0.0,0.2061855670103093,False,2021-22,2021,False,
Kostas Tsimikas,Greece,DF,Liverpool,26.0,1996.0,20,9,771,8.6,0,4,4,0,0,0,3,0,0.0,0.46511627906976744,0.46511627906976744,0.0,0.46511627906976744,False,2022-23,2022,False,
Kostas Tsimikas,Greece,DF,Liverpool,27.0,1996.0,13,8,679,7.5,0,3,3,0,0,0,0,0,0.0,0.4,0.4,0.0,0.4,False,2023-24,2023,False,
Kostas Tsimikas,Greece,DF,Liverpool,28.0,1996.0,18,9,837,9.3,0,1,1,0,0,0,2,0,0.0,0.1075268817204301,0.1075268817204301,0.0,0.1075268817204301,False,2024-25,2024,False,
Kostas Tsimikas,,DF,Liverpool,29.0,1996.0,2,1,65,0.7,0,0,0,0,0,0,0,0,0.0,0.0,0.0,0.0,0.0,False,2026-27,2026,True,4.0
Kostas Tzolakis,,GK,Hull City,,,4,4,360,4.0,0,0,0,0,0,0,0,0,0.0,0.0,0.0,0.0,0.0,False,2026-27,2026,True,4.0
Kristoffer Ajer,Norway,DF,Brentford,23.0,1998.0,24,23,1995,22.2,1,3,4,1,0,0,5,0,0.04504504504504505,0.13513513513513514,0.1801801801801802,0.04504504504504505,0.1801801801801802,False,2021-22,2021,False,
Kristoffer Ajer,Norway,DF,Brentford,24.0,1998.0,9,9,763,8.5,0,0,0,0,0,0,0,0,0.0,0.0,0.0,0.0,0.0,False,2022-23,2022,False,
Kristoffer Ajer,Norway,DF,Brentford,25.0,1998.0,28,21,1832,20.4,2,1,3,2,0,0,5,0,0.09803921568627452,0.04901960784313726,0.14705882352941177,0.09803921568627452,0.14705882352941177,False,2023-24,2023,False,
Kristoffer Ajer,Norway,DF,Brentford,26.0,1998.0,24,17,1438,16.0,0,0,0,0,0,0,5,0,0.0,0.0,0.0,0.0,0.0,False,2024-25,2024,False,
Kristoffer Ajer,Norway,DF,Brentford,27.0,1998.0,27,20,1810,20.1,0,1,1,0,0,0,4,0,0.0,0.04975124378109452,0.04975124378109452,0.0,0.04975124378109452,False,2025-26,2025,False,
Kristoffer Ajer,,DF,Brentford,27.0,1998.0,4,4,360,4.0,0,0,0,0,0,0,1,0,0.0,0.0,0.0,0.0,0.0,False,2026-27,2026,True,4.0
Kristoffer Klaesson,Norway,GK,Leeds United,20.0,2000.0,1,0,36,0.4,0,0,0,0,0,0,0,0,0.0,0.0,0.0,0.0,0.0,False,2021-22,2021,False,
Kurt Zouma,France,DF,West Ham,26.0,1994.0,24,24,2078,23.1,1,0,1,1,0,0,1,0,0.04329004329004329,0.0,0.04329004329004329,0.04329004329004329,0.04329004329004329,False,2021-22,2021,False,
Kurt Zouma,France,DF,West Ham,27.0,1994.0,25,24,1989,22.1,2,0,2,2,0,0,0,0,0.09049773755656108,0.0,0.09049773755656108,0.09049773755656108,0.09049773755656108,False,2022-23,2022,False,
Kurt Zouma,France,DF,West Ham,28.0,1994.0,33,32,2838,31.5,3,0,3,3,0,0,3,0,0.09523809523809523,0.0,0.09523809523809523,0.09523809523809523,0.09523809523809523,False,2023-24,2023,False,
Kyle Walker,England,DF,Manchester City,31.0,1990.0,20,20,1755,19.5,0,2,2,0,0,0,1,0,0.0,0.10256410256410256,0.10256410256410256,0.0,0.10256410256410256,False,2021-22,2021,False,
Kyle Walker,England,"DF,MF",Manchester City,32.0,1990.0,27,22,1958,21.8,0,0,0,0,0,0,3,0,0.0,0.0,0.0,0.0,0.0,False,2022-23,2022,False,
Kyle Walker,England,"DF,MF",Manchester City,33.0,1990.0,32,30,2767,30.7,0,4,4,0,0,0,2,0,0.0,0.13029315960912052,0.13029315960912052,0.0,0.13029315960912052,False,2023-24,2023,False,
Kyle Walker,England,DF,Manchester City,34.0,1990.0,15,9,970,10.8,0,0,0,0,0,0,3,0,0.0,0.0,0.0,0.0,0.0,False,2024-25,2024,False,
Kyle Walker,England,"DF,MF",Burnley,35.0,1990.0,36,35,3096,34.4,0,2,2,0,0,0,9,0,0.0,0.05813953488372093,0.05813953488372093,0.0,0.05813953488372093,False,2025-26,2025,False,
Kyle Walker-Peters,England,DF,Southampton,24.0,1997.0,32,29,2633,29.3,1,2,3,1,0,0,5,0,0.034129692832764506,0.06825938566552901,0.10238907849829351,0.034129692832764506,0.10238907849829351,False,2021-22,2021,False,
Kyle Walker-Peters,England,"DF,MF",Southampton,25.0,1997.0,31,30,2650,29.4,1,0,1,1,0,0,4,0,0.034013605442176874,0.0,0.034013605442176874,0.034013605442176874,0.034013605442176874,False,2022-23,2022,False,
Kyle Walker-Peters,England,"MF,DF",Southampton,27.0,1997.0,33,33,2918,32.4,0,2,2,0,0,0,5,0,0.0,0.0617283950617284,0.0617283950617284,0.0,0.0617283950617284,False,2024-25,2024,False,
Kyle Walker-Peters,England,DF,West Ham,28.0,1997.0,23,15,1383,15.4,1,0,1,1,0,0,2,0,0.06493506493506493,0.0,0.06493506493506493,0.06493506493506493,0.06493506493506493,False,2025-26,2025,False,
Ladislav Krejčí,Czechia,"DF,MF",Wolves,26.0,1999.0,28,27,2356,26.2,2,1,3,2,0,0,5,1,0.07633587786259542,0.03816793893129771,0.11450381679389313,0.07633587786259542,0.11450381679389313,False,2025-26,2025,False,
Lamare Bogarde,Netherlands,"DF,MF",Aston Villa,20.0,2004.0,8,5,476,5.3,0,0,0,0,0,0,2,0,0.0,0.0,0.0,0.0,0.0,False,2024-25,2024,False,
Lamare Bogarde,Netherlands,"MF,DF",Aston Villa,21.0,2004.0,28,11,1053,11.7,0,0,0,0,0,0,5,0,0.0,0.0,0.0,0.0,0.0,False,2025-26,2025,False,
Lamare Bogarde,,"DF,MF",Aston Villa,21.0,2004.0,1,0,17,0.2,0,0,0,0,0,0,0,0,0.0,0.0,0.0,0.0,0.0,False,2026-27,2026,True,4.0
Layvin Kurzawa,France,DF,Fulham,29.0,1992.0,3,2,135,1.5,0,0,0,0,0,0,1,0,0.0,0.0,0.0,0.0,0.0,False,2022-23,2022,False,
Leander Dendoncker,Belgium,MF,Wolves,26.0,1995.0,30,21,1950,21.7,2,2,4,2,0,0,4,0,0.09216589861751152,0.09216589861751152,0.18433179723502305,0.09216589861751152,0.18433179723502305,False,2021-22,2021,False,
Leander Dendoncker,Belgium,MF,Aston Villa,28.0,1995.0,8,1,119,1.3,1,0,1,1,0,0,0,0,0.7692307692307692,0.0,0.7692307692307692,0.7692307692307692,0.7692307692307692,False,2023-24,2023,False,
Leander DendonckerLeander Dendoncker,Belgium,MF,Wolves,27.0,1995.0,24,9,911,10.1,0,0,0,0,0,0,0,0,0.0,0.0,0.0,0.0,0.0,False,2022-23,2022,False,
Leandro Trossard,Belgium,"FW,MF",Brighton,26.0,1994.0,34,32,2805,31.2,8,3,11,7,1,1,2,0,0.25641025641025644,0.09615384615384616,0.3525641025641026,0.22435897435897437,0.32051282051282054,False,2021-22,2021,False,
Leandro Trossard,Belgium,"FW,MF",Arsenal,28.0,1994.0,34,18,1649,18.3,12,1,13,12,0,0,2,0,0.6557377049180327,0.0546448087431694,0.7103825136612022,0.6557377049180327,0.7103825136612022,False,2023-24,2023,False,
Leandro Trossard,Belgium,FW,Arsenal,29.0,1994.0,38,28,2546,28.3,8,7,15,8,0,0,4,1,0.2826855123674912,0.24734982332155475,0.5300353356890459,0.2826855123674912,0.5300353356890459,False,2024-25,2024,False,
Leandro Trossard,Belgium,"FW,MF",Arsenal,30.0,1994.0,31,21,2000,22.2,6,6,12,6,0,0,2,0,0.2702702702702703,0.2702702702702703,0.5405405405405406,0.2702702702702703,0.5405405405405406,False,2025-26,2025,False,
Leandro TrossardLeandro Trossard,Belgium,FW,Brighton,27.0,1994.0,36,26,2246,24.9,8,12,20,8,0,0,1,0,0.321285140562249,0.48192771084337355,0.8032128514056225,0.321285140562249,0.8032128514056225,False,2022-23,2022,False,
Leif Davis,England,DF,Ipswich Town,24.0,1999.0,33,32,2743,30.5,1,2,3,1,0,0,5,1,0.03278688524590164,0.06557377049180328,0.09836065573770492,0.03278688524590164,0.09836065573770492,False,2024-25,2024,False,
Leif Davis,,DF,Ipswich Town,26.0,1999.0,4,4,360,4.0,2,1,3,2,0,0,0,0,0.5,0.25,0.75,0.5,0.75,False,2026-27,2026,True,4.0
Leny Yoro,France,DF,Manchester Utd,18.0,2005.0,21,12,1165,12.9,0,0,0,0,0,0,5,0,0.0,0.0,0.0,0.0,0.0,False,2024-25,2024,False,
Leny Yoro,France,DF,Manchester Utd,19.0,2005.0,32,18,1740,19.3,0,0,0,0,0,0,1,0,0.0,0.0,0.0,0.0,0.0,False,2025-26,2025,False,
Leny Yoro,,DF,Manchester Utd,20.0,2005.0,2,0,24,0.3,0,0,0,0,0,0,0,0,0.0,0.0,0.0,0.0,0.0,False,2026-27,2026,True,4.0
Leo Fuhr Hjelde,Norway,DF,Leeds United,17.0,2003.0,2,0,150,1.7,0,0,0,0,0,0,0,0,0.0,0.0,0.0,0.0,0.0,False,2021-22,2021,False,
Leon Bailey,Jamaica,"FW,MF",Aston Villa,23.0,1997.0,18,7,761,8.5,1,2,3,1,0,0,3,0,0.11764705882352941,0.23529411764705882,0.35294117647058826,0.11764705882352941,0.35294117647058826,False,2021-22,2021,False,
Leon Bailey,Jamaica,"FW,MF",Aston Villa,24.0,1997.0,33,26,1967,21.9,4,4,8,4,0,0,4,0,0.18264840182648404,0.18264840182648404,0.36529680365296807,0.18264840182648404,0.36529680365296807,False,2022-23,2022,False,
Leon Bailey,Jamaica,MF,Aston Villa,25.0,1997.0,35,22,2068,23.0,10,9,19,10,0,0,5,0,0.43478260869565216,0.391304347826087,0.8260869565217391,0.43478260869565216,0.8260869565217391,False,2023-24,2023,False,
Leon Bailey,Jamaica,MF,Aston Villa,26.0,1997.0,24,14,1139,12.7,1,2,3,1,0,0,3,0,0.07874015748031496,0.15748031496062992,0.2362204724409449,0.07874015748031496,0.2362204724409449,False,2024-25,2024,False,
Leon Bailey,Jamaica,MF,Aston Villa,27.0,1997.0,13,3,459,5.1,0,1,1,0,0,0,1,0,0.0,0.19607843137254904,0.19607843137254904,0.0,0.19607843137254904,False,2025-26,2025,False,
Leon Chiwome,England,FW,Wolves,17.0,2006.0,3,2,174,1.9,0,0,0,0,0,0,0,0,0.0,0.0,0.0,0.0,0.0,False,2023-24,2023,False,
Lesley Ugochukwu,France,MF,Chelsea,19.0,2004.0,12,3,301,3.3,0,0,0,0,0,0,2,0,0.0,0.0,0.0,0.0,0.0,False,2023-24,2023,False,
Lesley Ugochukwu,France,MF,Southampton,20.0,2004.0,26,18,1655,18.4,1,1,2,1,0,0,7,0,0.05434782608695653,0.05434782608695653,0.10869565217391305,0.05434782608695653,0.10869565217391305,False,2024-25,2024,False,
Lesley Ugochukwu,France,MF,Burnley,21.0,2004.0,35,27,2336,26.0,3,1,4,3,0,0,3,1,0.11538461538461539,0.038461538461538464,0.15384615384615385,0.11538461538461539,0.15384615384615385,False,2025-26,2025,False,
Levi Colwill,England,DF,Brighton,19.0,2003.0,17,13,1220,13.6,0,2,2,0,0,0,1,0,0.0,0.14705882352941177,0.14705882352941177,0.0,0.14705882352941177,False,2022-23,2022,False,
Levi Colwill,England,DF,Chelsea,20.0,2003.0,23,20,1797,20.0,1,1,2,1,0,0,2,0,0.05,0.05,0.1,0.05,0.1,False,2023-24,2023,False,
Levi Colwill,England,DF,Chelsea,21.0,2003.0,35,35,3149,35.0,2,1,3,2,0,0,9,0,0.05714285714285714,0.02857142857142857,0.08571428571428572,0.05714285714285714,0.08571428571428572,False,2024-25,2024,False,
Levi Colwill,England,DF,Chelsea,22.0,2003.0,3,2,225,2.5,0,0,0,0,0,0,0,0,0.0,0.0,0.0,0.0,0.0,False,2025-26,2025,False,
Levi Colwill,,DF,Chelsea,22.0,2003.0,3,3,251,2.8,0,0,0,0,0,0,1,0,0.0,0.0,0.0,0.0,0.0,False,2026-27,2026,True,4.0
Lewie Coyle,,DF,Hull City,,,4,4,258,2.9,0,0,0,0,0,0,1,0,0.0,0.0,0.0,0.0,0.0,False,2026-27,2026,True,4.0
Lewis Bate,England,MF,Leeds United,18.0,2002.0,3,1,146,1.6,0,0,0,0,0,0,0,0,0.0,0.0,0.0,0.0,0.0,False,2021-22,2021,False,
Lewis Brunt,England,"DF,MF",Leicester City,20.0,2000.0,1,0,24,0.3,0,0,0,0,0,0,0,0,0.0,0.0,0.0,0.0,0.0,False,2021-22,2021,False,
Lewis Brunt,England,"DF,MF",Leicester City,21.0,2000.0,1,0,23,0.3,0,0,0,0,0,0,0,0,0.0,0.0,0.0,0.0,0.0,False,2022-23,2022,False,
Lewis Cook,England,MF,Bournemouth,25.0,1997.0,28,18,1720,19.1,0,2,2,0,0,0,4,0,0.0,0.10471204188481674,0.10471204188481674,0.0,0.10471204188481674,False,2022-23,2022,False,
Lewis Cook,England,MF,Bournemouth,26.0,1997.0,33,32,2786,31.0,0,3,3,0,0,0,5,1,0.0,0.0967741935483871,0.0967741935483871,0.0,0.0967741935483871,False,2023-24,2023,False,
Lewis Cook,England,"MF,DF",Bournemouth,27.0,1997.0,36,32,2978,33.1,1,3,4,1,0,0,8,1,0.030211480362537763,0.09063444108761329,0.12084592145015105,0.030211480362537763,0.12084592145015105,False,2024-25,2024,False,
Lewis Cook,England,"MF,DF",Bournemouth,28.0,1997.0,18,8,874,9.7,0,1,1,0,0,0,1,1,0.0,0.10309278350515465,0.10309278350515465,0.0,0.10309278350515465,False,2025-26,2025,False,
Lewis Cook,,MF,Bournemouth,28.0,1997.0,4,2,166,1.8,0,0,0,0,0,0,1,0,0.0,0.0,0.0,0.0,0.0,False,2026-27,2026,True,4.0
Lewis Dobbin,England,"FW,MF",Everton,18.0,2003.0,3,0,32,0.4,0,0,0,0,0,0,1,0,0.0,0.0,0.0,0.0,0.0,False,2021-22,2021,False,
Lewis Dobbin,England,MF,Everton,20.0,2003.0,12,1,232,2.6,1,0,1,1,0,0,1,0,0.3846153846153846,0.0,0.3846153846153846,0.3846153846153846,0.3846153846153846,False,2023-24,2023,False,
Lewis Dunk,England,DF,Brighton,29.0,1991.0,29,29,2573,28.6,1,0,1,1,0,0,3,1,0.03496503496503496,0.0,0.03496503496503496,0.03496503496503496,0.03496503496503496,False,2021-22,2021,False,
Lewis Dunk,England,DF,Brighton,30.0,1991.0,36,36,3239,36.0,1,0,1,1,0,0,4,0,0.027777777777777776,0.0,0.027777777777777776,0.027777777777777776,0.027777777777777776,False,2022-23,2022,False,
Lewis Dunk,England,DF,Brighton,31.0,1991.0,33,33,2869,31.9,3,1,4,3,0,0,7,1,0.09404388714733543,0.031347962382445145,0.12539184952978058,0.09404388714733543,0.12539184952978058,False,2023-24,2023,False,
Lewis Dunk,England,DF,Brighton,32.0,1991.0,25,23,2083,23.1,0,0,0,0,0,0,5,0,0.0,0.0,0.0,0.0,0.0,False,2024-25,2024,False,
Lewis Dunk,England,DF,Brighton,33.0,1991.0,33,31,2838,31.5,1,0,1,1,0,0,10,0,0.031746031746031744,0.0,0.031746031746031744,0.031746031746031744,0.031746031746031744,False,2025-26,2025,False,
Lewis Dunk,,DF,Brighton,34.0,1991.0,4,4,360,4.0,1,0,1,1,0,0,1,0,0.25,0.0,0.25,0.25,0.25,False,2026-27,2026,True,4.0
Lewis Hall,England,"MF,DF",Chelsea,17.0,2004.0,9,8,654,7.3,0,0,0,0,0,0,1,0,0.0,0.0,0.0,0.0,0.0,False,2022-23,2022,False,
Lewis Hall,England,DF,Newcastle,18.0,2004.0,18,8,781,8.7,1,0,1,1,0,0,2,0,0.1149425287356322,0.0,0.1149425287356322,0.1149425287356322,0.1149425287356322,False,2023-24,2023,False,
Lewis Hall,England,DF,Newcastle,19.0,2004.0,27,24,2189,24.3,0,4,4,0,0,0,3,0,0.0,0.1646090534979424,0.1646090534979424,0.0,0.1646090534979424,False,2024-25,2024,False,
Lewis Hall,England,DF,Newcastle,20.0,2004.0,30,24,2181,24.2,1,1,2,1,0,0,4,0,0.04132231404958678,0.04132231404958678,0.08264462809917356,0.04132231404958678,0.08264462809917356,False,2025-26,2025,False,
Lewis Hall,,DF,Newcastle,21.0,2004.0,4,4,359,4.0,0,1,1,0,0,0,0,0,0.0,0.25,0.25,0.0,0.25,False,2026-27,2026,True,4.0
Lewis Koumas,,"FW,MF",Liverpool,,,2,0,14,0.2,0,0,0,0,0,0,0,0,0.0,0.0,0.0,0.0,0.0,False,2026-27,2026,True,4.0
Lewis Miley,England,MF,Newcastle,16.0,2006.0,1,0,15,0.2,0,0,0,0,0,0,0,0,0.0,0.0,0.0,0.0,0.0,False,2022-23,2022,False,
Lewis Miley,England,MF,Newcastle,17.0,2006.0,17,14,1202,13.4,1,3,4,1,0,0,1,0,0.07462686567164178,0.22388059701492538,0.29850746268656714,0.07462686567164178,0.29850746268656714,False,2023-24,2023,False,
Lewis Miley,England,MF,Newcastle,18.0,2006.0,14,1,313,3.5,1,0,1,1,0,0,0,0,0.2857142857142857,0.0,0.2857142857142857,0.2857142857142857,0.2857142857142857,False,2024-25,2024,False,
Lewis Miley,England,"MF,DF",Newcastle,19.0,2006.0,23,15,1496,16.6,1,4,5,1,0,0,0,0,0.06024096385542168,0.24096385542168672,0.3012048192771084,0.06024096385542168,0.3012048192771084,False,2025-26,2025,False,
Lewis Miley,,MF,Newcastle,19.0,2006.0,4,4,306,3.4,0,0,0,0,0,0,1,0,0.0,0.0,0.0,0.0,0.0,False,2026-27,2026,True,4.0
Lewis O'Brien,England,MF,Nottingham,23.0,1998.0,13,6,584,6.5,1,0,1,1,0,0,2,0,0.15384615384615385,0.0,0.15384615384615385,0.15384615384615385,0.15384615384615385,False,2022-23,2022,False,
Lewis Orford,England,MF,West Ham,18.0,2006.0,2,0,49,0.5,0,0,0,0,0,0,0,0,0.0,0.0,0.0,0.0,0.0,False,2024-25,2024,False,
Lewis Warrington,England,MF,Everton,20.0,2002.0,1,0,1,0.0,0,0,0,0,0,0,0,0,0.0,0.0,0.0,0.0,0.0,False,2023-24,2023,False,
Liam Cooper,Scotland,DF,Leeds United,29.0,1991.0,21,21,1814,20.2,0,1,1,0,0,0,5,0,0.0,0.04950495049504951,0.04950495049504951,0.0,0.04950495049504951,False,2021-22,2021,False,
Liam Cooper,Scotland,DF,Leeds United,30.0,1991.0,18,16,1426,15.8,1,0,1,1,0,0,5,0,0.06329113924050632,0.0,0.06329113924050632,0.06329113924050632,0.06329113924050632,False,2022-23,2022,False,
Liam Delap,England,FW,Manchester City,18.0,2003.0,1,0,10,0.1,0,0,0,0,0,0,0,0,0.0,0.0,0.0,0.0,0.0,False,2021-22,2021,False,
Liam Delap,England,FW,Ipswich Town,21.0,2003.0,37,32,2593,28.8,12,2,14,10,2,2,12,0,0.41666666666666663,0.06944444444444445,0.4861111111111111,0.3472222222222222,0.41666666666666663,False,2024-25,2024,False,
Liam Delap,England,FW,Chelsea,22.0,2003.0,28,12,1107,12.3,1,0,1,1,0,0,4,0,0.08130081300813008,0.0,0.08130081300813008,0.08130081300813008,0.08130081300813008,False,2025-26,2025,False,
Liam Delap,,FW,Nottingham,22.0,2003.0,3,2,187,2.1,1,0,1,1,0,0,1,0,0.48,0.0,0.48,0.48,0.48,False,2026-27,2026,True,4.0
Liam McCarron,Scotland,DF,Leeds United,20.0,2001.0,1,0,10,0.1,0,0,0,0,0,0,0,0,0.0,0.0,0.0,0.0,0.0,False,2021-22,2021,False,
Liam Millar,,"FW,MF",Hull City,,,2,0,52,0.6,1,0,1,1,0,0,1,0,1.73,0.0,1.73,1.73,1.73,False,2026-27,2026,True,4.0
Lisandro Martínez,Argentina,DF,Manchester Utd,24.0,1998.0,27,24,2114,23.5,1,0,1,1,0,0,6,0,0.0425531914893617,0.0,0.0425531914893617,0.0425531914893617,0.0425531914893617,False,2022-23,2022,False,
Lisandro Martínez,Argentina,DF,Manchester Utd,25.0,1998.0,11,8,646,7.2,0,1,1,0,0,0,3,0,0.0,0.1388888888888889,0.1388888888888889,0.0,0.1388888888888889,False,2023-24,2023,False,
Lisandro Martínez,Argentina,DF,Manchester Utd,26.0,1998.0,20,20,1751,19.5,2,1,3,2,0,0,7,0,0.10256410256410256,0.05128205128205128,0.15384615384615385,0.10256410256410256,0.15384615384615385,False,2024-25,2024,False,
Lisandro Martínez,Argentina,DF,Manchester Utd,27.0,1998.0,18,13,1233,13.7,0,0,0,0,0,0,0,1,0.0,0.0,0.0,0.0,0.0,False,2025-26,2025,False,
Lisandro Martínez,,DF,Manchester Utd,27.0,1998.0,3,3,270,3.0,0,0,0,0,0,0,0,0,0.0,0.0,0.0,0.0,0.0,False,2026-27,2026,True,4.0
Lloyd Kelly,England,DF,Bournemouth,23.0,1998.0,23,23,2040,22.7,0,2,2,0,0,0,3,0,0.0,0.0881057268722467,0.0881057268722467,0.0,0.0881057268722467,False,2022-23,2022,False,
Lloyd Kelly,England,DF,Bournemouth,24.0,1998.0,23,17,1559,17.3,0,1,1,0,0,0,2,0,0.0,0.057803468208092484,0.057803468208092484,0.0,0.057803468208092484,False,2023-24,2023,False,
Lloyd Kelly,England,DF,Newcastle,25.0,1998.0,10,4,303,3.4,0,1,1,0,0,0,2,0,0.0,0.29411764705882354,0.29411764705882354,0.0,0.29411764705882354,False,2024-25,2024,False,
Lorenz Assignon,France,DF,Burnley,23.0,2000.0,15,15,1234,13.7,1,2,3,1,0,0,5,1,0.07299270072992702,0.14598540145985403,0.21897810218978103,0.07299270072992702,0.21897810218978103,False,2023-24,2023,False,
Lorenzo Lucca,Italy,FW,Nottingham,24.0,2000.0,4,1,129,1.4,1,0,1,1,0,0,0,0,0.7142857142857143,0.0,0.7142857142857143,0.7142857142857143,0.7142857142857143,False,2025-26,2025,False,
Loris Karius,Germany,GK,Newcastle,30.0,1993.0,1,1,90,1.0,0,0,0,0,0,0,0,0,0.0,0.0,0.0,0.0,0.0,False,2023-24,2023,False,
Loum Tchaouna,France,"MF,FW",Burnley,21.0,2003.0,29,14,1272,14.1,2,1,3,2,0,0,2,0,0.14184397163120568,0.07092198581560284,0.2127659574468085,0.14184397163120568,0.2127659574468085,False,2025-26,2025,False,
Loum Tchaouna,,MF,Coventry City,22.0,2003.0,3,2,167,1.9,0,0,0,0,0,0,0,0,0.0,0.0,0.0,0.0,0.0,False,2026-27,2026,True,4.0
Luca Koleosho,Italy,"MF,FW",Burnley,18.0,2004.0,15,13,974,10.8,1,1,2,1,0,0,0,0,0.09259259259259259,0.09259259259259259,0.18518518518518517,0.09259259259259259,0.18518518518518517,False,2023-24,2023,False,
Luca Netz,Germany,"DF,MF",Nottingham,22.0,2003.0,7,3,357,4.0,0,0,0,0,0,0,0,0,0.0,0.0,0.0,0.0,0.0,False,2025-26,2025,False,
Luca Netz,,"DF,MF",Nottingham,22.0,2003.0,2,0,22,0.2,0,0,0,0,0,0,0,0,0.0,0.0,0.0,0.0,0.0,False,2026-27,2026,True,4.0
Lucas,Brazil,"MF,DF",Burnley,24.0,2001.0,20,15,1409,15.7,0,0,0,0,0,0,1,1,0.0,0.0,0.0,0.0,0.0,False,2025-26,2025,False,
Lucas Bergvall,Sweden,MF,Tottenham,18.0,2006.0,27,11,1212,13.5,0,1,1,0,0,0,3,0,0.0,0.07407407407407407,0.07407407407407407,0.0,0.07407407407407407,False,2024-25,2024,False,
Lucas Bergvall,Sweden,MF,Tottenham,19.0,2006.0,23,11,965,10.7,1,3,4,1,0,0,2,0,0.09345794392523366,0.28037383177570097,0.3738317757009346,0.09345794392523366,0.3738317757009346,False,2025-26,2025,False,
Lucas Bergvall,,MF,Tottenham,19.0,2006.0,2,1,73,0.8,0,0,0,0,0,0,0,0,0.0,0.0,0.0,0.0,0.0,False,2026-27,2026,True,4.0
Lucas Digne,France,DF,Aston Villa,29.0,1993.0,28,18,1502,16.7,1,0,1,1,0,0,5,0,0.059880239520958084,0.0,0.059880239520958084,0.059880239520958084,0.059880239520958084,False,2022-23,2022,False,
Lucas Digne,France,DF,Aston Villa,30.0,1993.0,33,27,2410,26.8,1,3,4,1,0,0,7,0,0.03731343283582089,0.11194029850746269,0.14925373134328357,0.03731343283582089,0.14925373134328357,False,2023-24,2023,False,
Lucas Digne,France,DF,Aston Villa,31.0,1993.0,32,28,2351,26.1,0,4,4,0,0,0,4,0,0.0,0.1532567049808429,0.1532567049808429,0.0,0.1532567049808429,False,2024-25,2024,False,
Lucas Digne,France,DF,Aston Villa,32.0,1993.0,31,21,1852,20.6,0,6,6,0,0,0,3,0,0.0,0.2912621359223301,0.2912621359223301,0.0,0.2912621359223301,False,2025-26,2025,False,
Lucas DigneLucas Digne,France,DF,Everton,28.0,1993.0,29,29,2439,27.1,0,4,4,0,0,0,6,0,0.0,0.14760147601476015,0.14760147601476015,0.0,0.14760147601476015,False,2021-22,2021,False,
Lucas Gourna-Douath,,MF,Hull City,,,2,1,126,1.4,0,0,0,0,0,0,1,0,0.0,0.0,0.0,0.0,0.0,False,2026-27,2026,True,4.0
Lucas Herrington,,DF,Hull City,,,4,0,111,1.2,0,0,0,0,0,0,0,0,0.0,0.0,0.0,0.0,0.0,False,2026-27,2026,True,4.0
Lucas Moura,Brazil,"MF,FW",Tottenham,28.0,1992.0,34,19,1775,19.7,2,6,8,2,0,0,4,0,0.10152284263959391,0.30456852791878175,0.40609137055837563,0.10152284263959391,0.40609137055837563,False,2021-22,2021,False,
Lucas Moura,Brazil,"FW,MF",Tottenham,29.0,1992.0,15,0,153,1.7,1,0,1,1,0,0,0,1,0.5882352941176471,0.0,0.5882352941176471,0.5882352941176471,0.5882352941176471,False,2022-23,2022,False,
Lucas Paquetá,Brazil,MF,West Ham,24.0,1997.0,28,27,2151,23.9,4,3,7,3,1,1,5,0,0.1673640167364017,0.12552301255230125,0.29288702928870297,0.12552301255230125,0.25104602510460255,False,2022-23,2022,False,
Lucas Paquetá,Brazil,MF,West Ham,25.0,1997.0,31,31,2622,29.1,4,6,10,2,2,2,10,0,0.1374570446735395,0.20618556701030927,0.3436426116838488,0.06872852233676975,0.27491408934707906,False,2023-24,2023,False,
Lucas Paquetá,Brazil,"MF,FW",West Ham,26.0,1997.0,33,27,2380,26.4,4,0,4,2,2,2,10,0,0.15151515151515152,0.0,0.15151515151515152,0.07575757575757576,0.07575757575757576,False,2024-25,2024,False,
Lucas Paquetá,Brazil,"MF,FW",West Ham,27.0,1997.0,18,18,1511,16.8,4,1,5,2,2,2,7,1,0.23809523809523808,0.05952380952380952,0.2976190476190476,0.11904761904761904,0.17857142857142858,False,2025-26,2025,False,
Lucas Perri,Brazil,GK,Leeds United,27.0,1997.0,16,16,1440,16.0,0,0,0,0,0,0,2,0,0.0,0.0,0.0,0.0,0.0,False,2025-26,2025,False,
Ludwig Augustinsson,Sweden,DF,Aston Villa,28.0,1994.0,3,1,77,0.9,0,0,0,0,0,0,1,0,0.0,0.0,0.0,0.0,0.0,False,2022-23,2022,False,
Luis Díaz,Colombia,FW,Liverpool,24.0,1997.0,13,11,958,10.6,4,3,7,4,0,0,0,0,0.37735849056603776,0.2830188679245283,0.6603773584905661,0.37735849056603776,0.6603773584905661,False,2021-22,2021,False,
Luis Díaz,Colombia,FW,Liverpool,25.0,1997.0,17,11,996,11.1,4,2,6,4,0,0,2,0,0.3603603603603604,0.1801801801801802,0.5405405405405406,0.3603603603603604,0.5405405405405406,False,2022-23,2022,False,
Luis Díaz,Colombia,FW,Liverpool,26.0,1997.0,37,32,2629,29.2,8,5,13,8,0,0,3,0,0.273972602739726,0.17123287671232876,0.4452054794520548,0.273972602739726,0.4452054794520548,False,2023-24,2023,False,
Luis Díaz,Colombia,"FW,MF",Liverpool,27.0,1997.0,36,28,2399,26.7,13,5,18,13,0,0,2,0,0.4868913857677903,0.18726591760299627,0.6741573033707865,0.4868913857677903,0.6741573033707865,False,2024-25,2024,False,
Luis Guilherme,Brazil,MF,West Ham,18.0,2006.0,12,1,150,1.7,0,0,0,0,0,0,0,0,0.0,0.0,0.0,0.0,0.0,False,2024-25,2024,False,
Luis Guilherme,Brazil,FW,West Ham,19.0,2006.0,5,1,125,1.4,0,0,0,0,0,0,0,0,0.0,0.0,0.0,0.0,0.0,False,2025-26,2025,False,
Luis Sinisterra,Colombia,MF,Leeds United,23.0,1999.0,19,13,867,9.6,5,0,5,5,0,0,3,1,0.5208333333333334,0.0,0.5208333333333334,0.5208333333333334,0.5208333333333334,False,2022-23,2022,False,
Luis Sinisterra,Colombia,MF,Bournemouth,24.0,1999.0,20,7,699,7.8,2,2,4,2,0,0,0,0,0.25641025641025644,0.25641025641025644,0.5128205128205129,0.25641025641025644,0.5128205128205129,False,2023-24,2023,False,
Luis Sinisterra,Colombia,MF,Bournemouth,25.0,1999.0,12,1,236,2.6,1,1,2,1,0,0,0,0,0.3846153846153846,0.3846153846153846,0.7692307692307692,0.3846153846153846,0.7692307692307692,False,2024-25,2024,False,
Luka Milivojević,Serbia,MF,Crystal Palace,30.0,1991.0,15,9,774,8.6,0,0,0,0,0,0,1,0,0.0,0.0,0.0,0.0,0.0,False,2021-22,2021,False,
Luka Milivojević,Serbia,MF,Crystal Palace,31.0,1991.0,18,5,512,5.7,0,0,0,0,0,0,2,0,0.0,0.0,0.0,0.0,0.0,False,2022-23,2022,False,
Luka Vušković,,DF,Brighton,,,4,4,347,3.9,1,0,1,1,0,0,0,0,0.26,0.0,0.26,0.26,0.26,False,2026-27,2026,True,4.0
Lukas Nmecha,Germany,FW,Leeds United,26.0,1998.0,31,10,1083,12.0,6,1,7,4,2,3,0,0,0.5,0.08333333333333333,0.5833333333333334,0.3333333333333333,0.41666666666666674,False,2025-26,2025,False,
Lukas Nmecha,,FW,Leeds United,27.0,1998.0,3,0,53,0.6,0,1,1,0,0,0,0,0,0.0,1.7,1.7,0.0,1.7,False,2026-27,2026,True,4.0
Lukas Rupp,Germany,MF,Norwich City,30.0,1991.0,19,7,769,8.5,0,0,0,0,0,0,0,0,0.0,0.0,0.0,0.0,0.0,False,2021-22,2021,False,
Luke Ayling,England,DF,Leeds United,29.0,1991.0,26,26,2272,25.2,2,2,4,2,0,0,4,1,0.07936507936507936,0.07936507936507936,0.15873015873015872,0.07936507936507936,0.15873015873015872,False,2021-22,2021,False,
Luke Ayling,England,DF,Leeds United,30.0,1991.0,29,22,2054,22.8,2,1,3,2,0,0,3,0,0.08771929824561403,0.043859649122807015,0.13157894736842105,0.08771929824561403,0.13157894736842105,False,2022-23,2022,False,
Luke Berry,England,MF,Luton Town,31.0,1992.0,17,2,323,3.6,2,1,3,2,0,0,1,0,0.5555555555555556,0.2777777777777778,0.8333333333333333,0.5555555555555556,0.8333333333333333,False,2023-24,2023,False,
Luke Cundle,England,MF,Wolves,19.0,2002.0,4,2,180,2.0,0,0,0,0,0,0,0,0,0.0,0.0,0.0,0.0,0.0,False,2021-22,2021,False,
Luke Harris,Wales,MF,Fulham,17.0,2005.0,3,0,13,0.1,0,0,0,0,0,0,0,0,0.0,0.0,0.0,0.0,0.0,False,2022-23,2022,False,
Luke Harris,Wales,MF,Fulham,18.0,2005.0,1,0,75,0.8,0,0,0,0,0,0,0,0,0.0,0.0,0.0,0.0,0.0,False,2023-24,2023,False,
Luke O'Nien,England,DF,Sunderland,30.0,1994.0,12,5,569,6.3,0,1,1,0,0,0,1,1,0.0,0.15873015873015872,0.15873015873015872,0.0,0.15873015873015872,False,2025-26,2025,False,
Luke O'Nien,,DF,Sunderland,31.0,1994.0,1,1,66,0.7,0,0,0,0,0,0,1,0,0.0,0.0,0.0,0.0,0.0,False,2026-27,2026,True,4.0
Luke Shaw,England,"DF,MF",Manchester Utd,26.0,1995.0,20,19,1601,17.8,0,3,3,0,0,0,8,0,0.0,0.16853932584269662,0.16853932584269662,0.0,0.16853932584269662,False,2021-22,2021,False,
Luke Shaw,England,DF,Manchester Utd,27.0,1995.0,31,30,2552,28.4,1,2,3,1,0,0,8,0,0.035211267605633804,0.07042253521126761,0.10563380281690142,0.035211267605633804,0.10563380281690142,False,2022-23,2022,False,
Luke Shaw,England,DF,Manchester Utd,28.0,1995.0,12,12,959,10.7,0,0,0,0,0,0,6,0,0.0,0.0,0.0,0.0,0.0,False,2023-24,2023,False,
Luke Shaw,England,DF,Manchester Utd,29.0,1995.0,7,4,349,3.9,0,0,0,0,0,0,1,0,0.0,0.0,0.0,0.0,0.0,False,2024-25,2024,False,
Luke Shaw,England,DF,Manchester Utd,30.0,1995.0,38,38,3219,35.8,1,1,2,1,0,0,9,0,0.02793296089385475,0.02793296089385475,0.0558659217877095,0.02793296089385475,0.0558659217877095,False,2025-26,2025,False,
Luke Shaw,,DF,Manchester Utd,30.0,1995.0,3,3,251,2.8,0,1,1,0,0,0,1,0,0.0,0.36,0.36,0.0,0.36,False,2026-27,2026,True,4.0
Luke Thomas,England,"DF,MF",Leicester City,20.0,2001.0,22,21,1912,21.2,0,1,1,0,0,0,2,0,0.0,0.04716981132075472,0.04716981132075472,0.0,0.04716981132075472,False,2021-22,2021,False,
Luke Thomas,England,DF,Leicester City,21.0,2001.0,17,11,1073,11.9,0,0,0,0,0,0,3,0,0.0,0.0,0.0,0.0,0.0,False,2022-23,2022,False,
Luke Thomas,England,"MF,DF",Sheffield United,22.0,2001.0,12,11,917,10.2,0,0,0,0,0,0,3,0,0.0,0.0,0.0,0.0,0.0,False,2023-24,2023,False,
Luke Thomas,England,DF,Leicester City,23.0,2001.0,14,13,1110,12.3,0,0,0,0,0,0,3,0,0.0,0.0,0.0,0.0,0.0,False,2024-25,2024,False,
Luke Woolfenden,England,DF,Ipswich Town,25.0,1998.0,15,12,1187,13.2,0,0,0,0,0,0,2,0,0.0,0.0,0.0,0.0,0.0,False,2024-25,2024,False,
Lukáš Horníček,,GK,Newcastle,,,4,4,360,4.0,0,0,0,0,0,0,1,0,0.0,0.0,0.0,0.0,0.0,False,2026-27,2026,True,4.0
Lutsharel Geertruida,Netherlands,"DF,MF",Sunderland,25.0,2000.0,28,17,1693,18.8,0,0,0,0,0,0,2,0,0.0,0.0,0.0,0.0,0.0,False,2025-26,2025,False,
Lyanco,Brazil,DF,Southampton,24.0,1997.0,15,9,911,10.1,0,0,0,0,0,0,2,0,0.0,0.0,0.0,0.0,0.0,False,2021-22,2021,False,
Lyanco,Brazil,DF,Southampton,25.0,1997.0,21,11,1180,13.1,1,1,2,1,0,0,4,0,0.07633587786259542,0.07633587786259542,0.15267175572519084,0.07633587786259542,0.15267175572519084,False,2022-23,2022,False,
Lyle Foster,South Africa,"FW,MF",Burnley,22.0,2000.0,24,22,1899,21.1,5,3,8,5,0,0,0,1,0.23696682464454974,0.14218009478672985,0.3791469194312796,0.23696682464454974,0.3791469194312796,False,2023-24,2023,False,
Lyle Foster,South Africa,"FW,MF",Burnley,24.0,2000.0,26,15,1371,15.2,3,2,5,3,0,0,4,0,0.19736842105263158,0.13157894736842105,0.32894736842105265,0.19736842105263158,0.32894736842105265,False,2025-26,2025,False,
Mads Bech Sørensen,Denmark,DF,Brentford,22.0,1999.0,11,9,835,9.3,0,0,0,0,0,0,3,0,0.0,0.0,0.0,0.0,0.0,False,2021-22,2021,False,
Mads Bech Sørensen,Denmark,DF,Brentford,23.0,1999.0,4,0,21,0.2,0,0,0,0,0,0,0,0,0.0,0.0,0.0,0.0,0.0,False,2022-23,2022,False,
Mads Bidstrup,Denmark,MF,Brentford,20.0,2001.0,4,0,41,0.5,0,0,0,0,0,0,0,0,0.0,0.0,0.0,0.0,0.0,False,2021-22,2021,False,
Mads Hermansen,Denmark,GK,Leicester City,24.0,2000.0,27,27,2385,26.5,0,0,0,0,0,0,1,0,0.0,0.0,0.0,0.0,0.0,False,2024-25,2024,False,
Mads Hermansen,Denmark,GK,West Ham,25.0,2000.0,18,18,1620,18.0,0,1,1,0,0,0,0,0,0.0,0.05555555555555555,0.05555555555555555,0.0,0.05555555555555555,False,2025-26,2025,False,
Mads Juel Andersen,Denmark,DF,Luton Town,25.0,1997.0,8,4,400,4.4,1,0,1,1,0,0,1,0,0.22727272727272727,0.0,0.22727272727272727,0.22727272727272727,0.22727272727272727,False,2023-24,2023,False,
Mads Roerslev,Denmark,"MF,DF",Brentford,22.0,1999.0,21,12,1240,13.8,1,1,2,1,0,0,1,0,0.07246376811594203,0.07246376811594203,0.14492753623188406,0.07246376811594203,0.14492753623188406,False,2021-22,2021,False,
Mads Roerslev,Denmark,"MF,DF",Brentford,23.0,1999.0,20,12,1108,12.3,0,0,0,0,0,0,0,0,0.0,0.0,0.0,0.0,0.0,False,2022-23,2022,False,
Mads Roerslev,Denmark,"MF,DF",Brentford,24.0,1999.0,34,22,1985,22.1,1,2,3,1,0,0,1,0,0.04524886877828054,0.09049773755656108,0.13574660633484162,0.04524886877828054,0.13574660633484162,False,2023-24,2023,False,
Mads Roerslev,Denmark,DF,Brentford,25.0,1999.0,19,11,1101,12.2,0,2,2,0,0,0,2,0,0.0,0.1639344262295082,0.1639344262295082,0.0,0.1639344262295082,False,2024-25,2024,False,
Mahmoud Dahoud,Germany,MF,Brighton,27.0,1996.0,9,6,452,5.0,0,1,1,0,0,0,1,1,0.0,0.2,0.2,0.0,0.2,False,2023-24,2023,False,
Malang Sarr,France,DF,Chelsea,22.0,1999.0,8,6,546,6.1,0,0,0,0,0,0,2,0,0.0,0.0,0.0,0.0,0.0,False,2021-22,2021,False,
Malcolm Ebiowei,England,MF,Crystal Palace,18.0,2003.0,3,0,34,0.4,0,0,0,0,0,0,0,0,0.0,0.0,0.0,0.0,0.0,False,2022-23,2022,False,
Malick Fofana,,"FW,MF",Sunderland,,,2,0,32,0.4,0,0,0,0,0,0,0,0,0.0,0.0,0.0,0.0,0.0,False,2026-27,2026,True,4.0
Malick Thiaw,Germany,DF,Newcastle,23.0,2001.0,35,33,2965,32.9,4,0,4,4,0,0,4,0,0.12158054711246201,0.0,0.12158054711246201,0.12158054711246201,0.12158054711246201,False,2025-26,2025,False,
Malick Thiaw,,DF,Newcastle,24.0,2001.0,4,4,360,4.0,0,0,0,0,0,0,0,0,0.0,0.0,0.0,0.0,0.0,False,2026-27,2026,True,4.0
Malick Yalcouye,,MF,Brighton,,,4,3,232,2.6,2,0,2,2,0,0,0,0,0.78,0.0,0.78,0.78,0.78,False,2026-27,2026,True,4.0
Malo Gusto,France,"DF,MF",Chelsea,20.0,2003.0,27,19,1751,19.5,0,6,6,0,0,0,7,1,0.0,0.3076923076923077,0.3076923076923077,0.0,0.3076923076923077,False,2023-24,2023,False,
Malo Gusto,France,DF,Chelsea,21.0,2003.0,32,19,1862,20.7,0,1,1,0,0,0,4,0,0.0,0.04830917874396135,0.04830917874396135,0.0,0.04830917874396135,False,2024-25,2024,False,
Malo Gusto,France,"DF,MF",Chelsea,22.0,2003.0,34,26,2261,25.1,2,3,5,2,0,0,5,1,0.0796812749003984,0.1195219123505976,0.199203187250996,0.0796812749003984,0.199203187250996,False,2025-26,2025,False,
Malo Gusto,,"MF,DF",Chelsea,22.0,2003.0,4,3,273,3.0,0,0,0,0,0,0,0,0,0.0,0.0,0.0,0.0,0.0,False,2026-27,2026,True,4.0
Mamadou Sangare,,MF,Brentford,,,4,4,300,3.3,0,1,1,0,0,0,1,0,0.0,0.3,0.3,0.0,0.3,False,2026-27,2026,True,4.0
Mamadou Sarr,Senegal,DF,Chelsea,19.0,2005.0,3,1,102,1.1,0,0,0,0,0,0,0,0,0.0,0.0,0.0,0.0,0.0,False,2025-26,2025,False,
Manor Solomon,Israel,MF,Fulham,23.0,1999.0,19,4,572,6.4,4,0,4,4,0,0,0,0,0.625,0.0,0.625,0.625,0.625,False,2022-23,2022,False,
Manor Solomon,Israel,MF,Tottenham,24.0,1999.0,5,2,199,2.2,0,2,2,0,0,0,1,0,0.0,0.9090909090909091,0.9090909090909091,0.0,0.9090909090909091,False,2023-24,2023,False,
Manuel Akanji,Switzerland,"DF,MF",Manchester City,27.0,1995.0,29,24,2287,25.4,0,1,1,0,0,0,2,0,0.0,0.03937007874015748,0.03937007874015748,0.0,0.03937007874015748,False,2022-23,2022,False,
Manuel Akanji,Switzerland,"DF,MF",Manchester City,28.0,1995.0,30,28,2511,27.9,2,0,2,2,0,0,4,1,0.07168458781362008,0.0,0.07168458781362008,0.07168458781362008,0.07168458781362008,False,2023-24,2023,False,
Manuel Akanji,Switzerland,"DF,MF",Manchester City,29.0,1995.0,26,23,2014,22.4,0,0,0,0,0,0,3,0,0.0,0.0,0.0,0.0,0.0,False,2024-25,2024,False,
Manuel Lanzini,Argentina,MF,West Ham,28.0,1993.0,30,19,1786,19.8,5,3,8,2,3,3,2,0,0.25252525252525254,0.15151515151515152,0.40404040404040403,0.10101010101010101,0.2525252525252525,False,2021-22,2021,False,
Manuel Lanzini,Argentina,MF,West Ham,29.0,1993.0,10,2,252,2.8,1,0,1,1,0,0,0,0,0.35714285714285715,0.0,0.35714285714285715,0.35714285714285715,0.35714285714285715,False,2022-23,2022,False,
Manuel Ugarte,Uruguay,MF,Manchester Utd,23.0,2001.0,29,22,1785,19.8,1,2,3,1,0,0,11,0,0.050505050505050504,0.10101010101010101,0.15151515151515152,0.050505050505050504,0.15151515151515152,False,2024-25,2024,False,
Manuel Ugarte,Uruguay,MF,Manchester Utd,24.0,2001.0,22,8,887,9.9,0,0,0,0,0,0,1,0,0.0,0.0,0.0,0.0,0.0,False,2025-26,2025,False,
Marc Albrighton,England,"MF,FW",Leicester City,31.0,1989.0,17,11,1132,12.6,1,2,3,1,0,0,3,0,0.07936507936507936,0.15873015873015872,0.2380952380952381,0.07936507936507936,0.2380952380952381,False,2021-22,2021,False,
Marc Albrighton,England,MF,Leicester City,32.0,1989.0,6,1,237,2.6,1,0,1,1,0,0,0,0,0.3846153846153846,0.0,0.3846153846153846,0.3846153846153846,0.3846153846153846,False,2022-23,2022,False,
Marc Cucurella,Spain,"DF,MF",Brighton,23.0,1998.0,35,35,3089,34.3,1,1,2,1,0,0,6,0,0.02915451895043732,0.02915451895043732,0.05830903790087464,0.02915451895043732,0.05830903790087464,False,2021-22,2021,False,
Marc Cucurella,Spain,"DF,MF",Chelsea,24.0,1998.0,24,21,1671,18.6,0,2,2,0,0,0,4,0,0.0,0.1075268817204301,0.1075268817204301,0.0,0.1075268817204301,False,2022-23,2022,False,
Marc Cucurella,Spain,DF,Chelsea,25.0,1998.0,21,20,1782,19.8,0,2,2,0,0,0,10,0,0.0,0.10101010101010101,0.10101010101010101,0.0,0.10101010101010101,False,2023-24,2023,False,
Marc Cucurella,Spain,DF,Chelsea,26.0,1998.0,36,33,2988,33.2,5,1,6,5,0,0,10,1,0.1506024096385542,0.03012048192771084,0.18072289156626503,0.1506024096385542,0.18072289156626503,False,2024-25,2024,False,
Marc Cucurella,Spain,DF,Chelsea,27.0,1998.0,34,31,2707,30.1,1,4,5,1,0,0,8,1,0.03322259136212624,0.13289036544850497,0.16611295681063123,0.03322259136212624,0.16611295681063123,False,2025-26,2025,False,
Marc Guiu,Spain,FW,Chelsea,18.0,2006.0,3,0,73,0.8,0,0,0,0,0,0,0,0,0.0,0.0,0.0,0.0,0.0,False,2024-25,2024,False,
Marc GuiuMarc Guiu,Spain,FW,Sunderland,19.0,2006.0,10,1,272,3.1,0,1,1,0,0,0,1,0,0.0,0.3225806451612903,0.3225806451612903,0.0,0.3225806451612903,False,2025-26,2025,False,
Marc Guéhi,England,DF,Crystal Palace,21.0,2000.0,36,36,3222,35.8,2,1,3,2,0,0,4,0,0.0558659217877095,0.02793296089385475,0.08379888268156425,0.0558659217877095,0.08379888268156425,False,2021-22,2021,False,
Marc Guéhi,England,DF,Crystal Palace,22.0,2000.0,37,37,3329,37.0,1,0,1,1,0,0,8,0,0.02702702702702703,0.0,0.02702702702702703,0.02702702702702703,0.02702702702702703,False,2022-23,2022,False,
Marc Guéhi,England,DF,Crystal Palace,23.0,2000.0,25,23,2021,22.5,0,1,1,0,0,0,2,0,0.0,0.044444444444444446,0.044444444444444446,0.0,0.044444444444444446,False,2023-24,2023,False,
Marc Guéhi,England,DF,Crystal Palace,24.0,2000.0,34,34,3059,34.0,3,2,5,3,0,0,9,1,0.08823529411764706,0.058823529411764705,0.14705882352941177,0.08823529411764706,0.14705882352941177,False,2024-25,2024,False,
Marc Guéhi,,"DF,MF",Manchester City,25.0,2000.0,4,4,360,4.0,1,0,1,1,0,0,0,0,0.25,0.0,0.25,0.25,0.25,False,2026-27,2026,True,4.0
Marc GuéhiMarc Guéhi,England,DF,Manchester City,25.0,2000.0,35,35,3150,35.0,3,3,6,3,0,0,6,0,0.08571428571428572,0.08571428571428572,0.17142857142857143,0.08571428571428572,0.17142857142857143,False,2025-26,2025,False,
Marc Roca,Spain,MF,Leeds United,25.0,1996.0,32,29,2315,25.7,1,2,3,1,0,0,7,0,0.038910505836575876,0.07782101167315175,0.11673151750972763,0.038910505836575876,0.11673151750972763,False,2022-23,2022,False,
Marcel Sabitzer,Austria,MF,Manchester Utd,28.0,1994.0,11,7,627,7.0,0,1,1,0,0,0,1,0,0.0,0.14285714285714285,0.14285714285714285,0.0,0.14285714285714285,False,2022-23,2022,False,
Marcelino Núñez,,MF,Ipswich Town,,,2,2,140,1.6,0,0,0,0,0,0,0,0,0.0,0.0,0.0,0.0,0.0,False,2026-27,2026,True,4.0
Marco Asensio,Spain,MF,Aston Villa,28.0,1996.0,13,9,743,8.3,3,1,4,3,0,2,2,0,0.36144578313253006,0.12048192771084336,0.48192771084337344,0.36144578313253006,0.48192771084337344,False,2024-25,2024,False,
Marco Bizot,Netherlands,GK,Aston Villa,34.0,1991.0,7,6,585,6.5,0,0,0,0,0,0,2,0,0.0,0.0,0.0,0.0,0.0,False,2025-26,2025,False,
Marco Bizot,,GK,Aston Villa,34.0,1991.0,1,1,90,1.0,0,0,0,0,0,0,0,0,0.0,0.0,0.0,0.0,0.0,False,2026-27,2026,True,4.0
Marcos Alonso,Spain,MF,Chelsea,30.0,1990.0,28,25,2167,24.1,4,4,8,4,0,0,8,0,0.16597510373443983,0.16597510373443983,0.33195020746887965,0.16597510373443983,0.33195020746887965,False,2021-22,2021,False,
Marcos Senesi,Argentina,DF,Bournemouth,25.0,1997.0,31,29,2491,27.7,2,0,2,2,0,0,7,0,0.07220216606498195,0.0,0.07220216606498195,0.07220216606498195,0.07220216606498195,False,2022-23,2022,False,
Marcos Senesi,Argentina,DF,Bournemouth,26.0,1997.0,31,26,2242,24.9,4,5,9,4,0,0,13,0,0.1606425702811245,0.20080321285140562,0.3614457831325301,0.1606425702811245,0.3614457831325301,False,2023-24,2023,False,
Marcos Senesi,Argentina,DF,Bournemouth,27.0,1997.0,17,13,1106,12.3,0,0,0,0,0,0,5,0,0.0,0.0,0.0,0.0,0.0,False,2024-25,2024,False,
Marcos Senesi,Argentina,DF,Bournemouth,28.0,1997.0,37,37,3288,36.5,0,5,5,0,0,0,8,0,0.0,0.136986301369863,0.136986301369863,0.0,0.136986301369863,False,2025-26,2025,False,
Marcos Senesi,,DF,Tottenham,28.0,1997.0,1,1,90,1.0,0,0,0,0,0,0,0,0,0.0,0.0,0.0,0.0,0.0,False,2026-27,2026,True,4.0
Marcus Edwards,England,"MF,FW",Burnley,26.0,1998.0,23,11,1067,11.9,1,3,4,1,0,0,0,0,0.08403361344537814,0.25210084033613445,0.3361344537815126,0.08403361344537814,0.3361344537815126,False,2025-26,2025,False,
Marcus Forss,Finland,FW,Brentford,22.0,1999.0,7,1,209,2.3,0,1,1,0,0,0,0,0,0.0,0.4347826086956522,0.4347826086956522,0.0,0.4347826086956522,False,2021-22,2021,False,
Marcus Harness,England,"FW,MF",Ipswich Town,28.0,1996.0,2,0,45,0.5,0,0,0,0,0,0,0,0,0.0,0.0,0.0,0.0,0.0,False,2024-25,2024,False,
Marcus Rashford,England,"MF,FW",Manchester Utd,23.0,1997.0,25,13,1235,13.7,4,2,6,4,0,0,2,0,0.29197080291970806,0.14598540145985403,0.43795620437956206,0.29197080291970806,0.43795620437956206,False,2021-22,2021,False,
Marcus Rashford,England,"FW,MF",Manchester Utd,24.0,1997.0,35,32,2879,32.0,17,5,22,17,0,0,2,0,0.53125,0.15625,0.6875,0.53125,0.6875,False,2022-23,2022,False,
Marcus Rashford,England,"MF,FW",Manchester Utd,25.0,1997.0,33,26,2271,25.2,7,2,9,5,2,2,2,0,0.2777777777777778,0.07936507936507936,0.35714285714285715,0.19841269841269843,0.2777777777777778,False,2023-24,2023,False,
Marcus Rashford,,MF,Manchester Utd,28.0,1997.0,4,3,275,3.1,0,0,0,0,0,0,0,0,0.0,0.0,0.0,0.0,0.0,False,2026-27,2026,True,4.0
Marcus RashfordMarcus Rashford,England,"FW,MF",Manchester Utd,26.0,1997.0,25,16,1422,15.8,6,3,9,5,1,1,2,0,0.37974683544303794,0.18987341772151897,0.5696202531645569,0.3164556962025316,0.5063291139240506,False,2024-25,2024,False,
Marcus Tavernier,England,MF,Bournemouth,23.0,1999.0,23,19,1743,19.4,5,4,9,5,0,0,1,0,0.2577319587628866,0.2061855670103093,0.4639175257731959,0.2577319587628866,0.4639175257731959,False,2022-23,2022,False,
Marcus Tavernier,England,MF,Bournemouth,24.0,1999.0,30,25,2118,23.5,3,4,7,3,0,0,3,0,0.1276595744680851,0.1702127659574468,0.2978723404255319,0.1276595744680851,0.2978723404255319,False,2023-24,2023,False,
Marcus Tavernier,England,MF,Bournemouth,25.0,1999.0,29,20,1939,21.5,3,5,8,3,0,0,6,0,0.13953488372093023,0.23255813953488372,0.37209302325581395,0.13953488372093023,0.37209302325581395,False,2024-25,2024,False,
Marcus Tavernier,England,MF,Bournemouth,26.0,1999.0,34,31,2731,30.3,7,4,11,5,2,2,6,0,0.23102310231023102,0.132013201320132,0.36303630363036304,0.16501650165016502,0.29702970297029707,False,2025-26,2025,False,
Marcus Tavernier,,MF,Bournemouth,26.0,1999.0,4,4,350,3.9,3,0,3,3,0,0,2,0,0.77,0.0,0.77,0.77,0.77,False,2026-27,2026,True,4.0
Marek Rodák,Slovakia,GK,Fulham,25.0,1996.0,2,2,180,2.0,0,0,0,0,0,0,0,0,0.0,0.0,0.0,0.0,0.0,False,2022-23,2022,False,
Mario Lemina,Gabon,MF,Wolves,28.0,1993.0,19,17,1299,14.4,0,1,1,0,0,0,4,1,0.0,0.06944444444444445,0.06944444444444445,0.0,0.06944444444444445,False,2022-23,2022,False,
Mario Lemina,Gabon,MF,Wolves,29.0,1993.0,35,34,2968,33.0,4,1,5,4,0,0,12,1,0.12121212121212122,0.030303030303030304,0.15151515151515152,0.12121212121212122,0.15151515151515152,False,2023-24,2023,False,
Mario Lemina,Gabon,"MF,DF",Wolves,30.0,1993.0,17,15,1364,15.2,1,3,4,1,0,0,4,0,0.06578947368421052,0.19736842105263158,0.2631578947368421,0.06578947368421052,0.2631578947368421,False,2024-25,2024,False,
Mark Flekken,Netherlands,GK,Brentford,30.0,1993.0,37,37,3285,36.5,0,1,1,0,0,0,3,0,0.0,0.0273972602739726,0.0273972602739726,0.0,0.0273972602739726,False,2023-24,2023,False,
Mark Flekken,Netherlands,GK,Brentford,31.0,1993.0,37,37,3275,36.4,0,2,2,0,0,0,1,0,0.0,0.054945054945054944,0.054945054945054944,0.0,0.054945054945054944,False,2024-25,2024,False,
Mark Noble,England,MF,West Ham,34.0,1987.0,11,3,332,3.7,1,0,1,0,1,2,0,0,0.27027027027027023,0.0,0.27027027027027023,0.0,0.0,False,2021-22,2021,False,
Mark O'Mahony,Ireland,FW,Brighton,18.0,2005.0,3,1,63,0.7,0,0,0,0,0,0,1,0,0.0,0.0,0.0,0.0,0.0,False,2023-24,2023,False,
Mark Travers,Ireland,GK,Bournemouth,23.0,1999.0,12,11,1035,11.5,0,0,0,0,0,0,0,0,0.0,0.0,0.0,0.0,0.0,False,2022-23,2022,False,
Mark Travers,Ireland,GK,Bournemouth,24.0,1999.0,4,4,360,4.0,0,0,0,0,0,0,0,0,0.0,0.0,0.0,0.0,0.0,False,2023-24,2023,False,
Mark Travers,Ireland,GK,Bournemouth,25.0,1999.0,5,5,450,5.0,0,0,0,0,0,0,0,0,0.0,0.0,0.0,0.0,0.0,False,2024-25,2024,False,
Marquinhos,Brazil,MF,Arsenal,19.0,2003.0,1,0,1,0.0,0,0,0,0,0,0,0,0,0.0,0.0,0.0,0.0,0.0,False,2022-23,2022,False,
Marshall Munetsi,Zimbabwe,"MF,FW",Wolves,28.0,1996.0,14,12,1078,12.0,2,1,3,2,0,0,0,0,0.16666666666666666,0.08333333333333333,0.25,0.16666666666666666,0.25,False,2024-25,2024,False,
Marshall Munetsi,Zimbabwe,"MF,FW",Wolves,29.0,1996.0,13,9,875,9.7,1,1,2,1,0,0,2,0,0.10309278350515465,0.10309278350515465,0.2061855670103093,0.10309278350515465,0.2061855670103093,False,2025-26,2025,False,
Martial Godo,Ivory Coast,"FW,MF",Fulham,21.0,2003.0,2,0,24,0.3,0,0,0,0,0,0,0,0,0.0,0.0,0.0,0.0,0.0,False,2024-25,2024,False,
Martin Dúbravka,Slovakia,GK,Newcastle,32.0,1989.0,26,26,2340,26.0,0,0,0,0,0,0,1,0,0.0,0.0,0.0,0.0,0.0,False,2021-22,2021,False,
Martin Dúbravka,Slovakia,GK,Newcastle,33.0,1989.0,2,1,157,1.7,0,0,0,0,0,0,0,0,0.0,0.0,0.0,0.0,0.0,False,2022-23,2022,False,
Martin Dúbravka,Slovakia,GK,Newcastle,34.0,1989.0,23,22,1985,22.1,0,0,0,0,0,0,1,0,0.0,0.0,0.0,0.0,0.0,False,2023-24,2023,False,
Martin Dúbravka,Slovakia,GK,Newcastle,35.0,1989.0,10,10,900,10.0,0,0,0,0,0,0,0,0,0.0,0.0,0.0,0.0,0.0,False,2024-25,2024,False,
Martin Dúbravka,Slovakia,GK,Burnley,36.0,1989.0,35,35,3150,35.0,0,0,0,0,0,0,1,0,0.0,0.0,0.0,0.0,0.0,False,2025-26,2025,False,
Martin Ødegaard,Norway,MF,Arsenal,22.0,1998.0,36,32,2785,30.9,7,4,11,7,0,0,4,0,0.22653721682847897,0.12944983818770228,0.3559870550161812,0.22653721682847897,0.3559870550161812,False,2021-22,2021,False,
Martin Ødegaard,Norway,MF,Arsenal,23.0,1998.0,37,37,3127,34.7,15,7,22,15,0,0,4,0,0.4322766570605187,0.20172910662824206,0.6340057636887607,0.4322766570605187,0.6340057636887607,False,2022-23,2022,False,
Martin Ødegaard,Norway,MF,Arsenal,24.0,1998.0,35,35,3091,34.3,8,10,18,6,2,2,2,0,0.23323615160349856,0.2915451895043732,0.5247813411078718,0.17492711370262393,0.4664723032069971,False,2023-24,2023,False,
Martin Ødegaard,Norway,MF,Arsenal,25.0,1998.0,30,26,2325,25.8,3,8,11,2,1,1,4,0,0.11627906976744186,0.31007751937984496,0.4263565891472868,0.07751937984496124,0.38759689922480617,False,2024-25,2024,False,
Martin Ødegaard,Norway,MF,Arsenal,26.0,1998.0,24,16,1369,15.2,1,6,7,1,0,0,0,0,0.06578947368421052,0.39473684210526316,0.46052631578947373,0.06578947368421052,0.46052631578947373,False,2025-26,2025,False,
Martín Zubimendi,Spain,MF,Arsenal,26.0,1999.0,38,34,2992,33.2,5,1,6,5,0,0,4,0,0.1506024096385542,0.03012048192771084,0.18072289156626503,0.1506024096385542,0.18072289156626503,False,2025-26,2025,False,
Martín Zubimendi,,MF,Arsenal,26.0,1999.0,4,0,63,0.7,0,0,0,0,0,0,0,0,0.0,0.0,0.0,0.0,0.0,False,2026-27,2026,True,4.0
Marvelous Nakamba,Zimbabwe,MF,Aston Villa,27.0,1994.0,16,10,904,10.0,0,0,0,0,0,0,5,0,0.0,0.0,0.0,0.0,0.0,False,2021-22,2021,False,
Marvelous Nakamba,Zimbabwe,MF,Luton Town,29.0,1994.0,13,13,1130,12.6,0,0,0,0,0,0,5,0,0.0,0.0,0.0,0.0,0.0,False,2023-24,2023,False,
Mason Burstow,England,FW,Chelsea,19.0,2003.0,2,0,9,0.1,0,0,0,0,0,0,0,0,0.0,0.0,0.0,0.0,0.0,False,2023-24,2023,False,
Mason Greenwood,England,"MF,FW",Manchester Utd,19.0,2001.0,18,16,1271,14.1,5,1,6,5,0,0,1,0,0.3546099290780142,0.07092198581560284,0.425531914893617,0.3546099290780142,0.425531914893617,False,2021-22,2021,False,
Mason Holgate,Jamaica,DF,Everton,24.0,1996.0,25,23,2134,23.7,2,1,3,2,0,0,7,1,0.08438818565400844,0.04219409282700422,0.12658227848101267,0.08438818565400844,0.12658227848101267,False,2021-22,2021,False,
Mason Holgate,Jamaica,DF,Everton,25.0,1996.0,8,5,507,5.6,0,0,0,0,0,0,3,1,0.0,0.0,0.0,0.0,0.0,False,2022-23,2022,False,
Mason Holgate,Jamaica,DF,Sheffield United,26.0,1996.0,10,9,710,7.9,0,0,0,0,0,0,3,1,0.0,0.0,0.0,0.0,0.0,False,2023-24,2023,False,
Mason Holgate,Jamaica,DF,Everton,27.0,1996.0,1,0,6,0.1,0,0,0,0,0,0,0,0,0.0,0.0,0.0,0.0,0.0,False,2024-25,2024,False,
Mason Mount,England,MF,Chelsea,22.0,1999.0,32,27,2363,26.3,11,10,21,10,1,1,4,0,0.4182509505703422,0.38022813688212925,0.7984790874524714,0.38022813688212925,0.7604562737642585,False,2021-22,2021,False,
Mason Mount,England,MF,Chelsea,23.0,1999.0,24,20,1648,18.3,3,2,5,3,0,0,4,0,0.16393442622950818,0.1092896174863388,0.27322404371584696,0.16393442622950818,0.27322404371584696,False,2022-23,2022,False,
Mason Mount,England,MF,Manchester Utd,24.0,1999.0,14,5,516,5.7,1,0,1,1,0,0,2,0,0.17543859649122806,0.0,0.17543859649122806,0.17543859649122806,0.17543859649122806,False,2023-24,2023,False,
Mason Mount,England,"MF,FW",Manchester Utd,25.0,1999.0,17,8,622,6.9,1,0,1,1,0,0,3,0,0.14492753623188406,0.0,0.14492753623188406,0.14492753623188406,0.14492753623188406,False,2024-25,2024,False,
Mason Mount,England,MF,Manchester Utd,26.0,1999.0,23,12,1017,11.3,3,0,3,3,0,0,2,0,0.2654867256637168,0.0,0.2654867256637168,0.2654867256637168,0.2654867256637168,False,2025-26,2025,False,
Massimo Luongo,Australia,MF,Ipswich Town,31.0,1992.0,11,2,201,2.2,0,0,0,0,0,0,0,0,0.0,0.0,0.0,0.0,0.0,False,2024-25,2024,False,
Mateo Joseph,Spain,FW,Leeds United,18.0,2003.0,3,0,26,0.3,0,0,0,0,0,0,0,0,0.0,0.0,0.0,0.0,0.0,False,2022-23,2022,False,
Mateo Kovačić,Croatia,MF,Chelsea,27.0,1994.0,25,16,1558,17.3,2,5,7,2,0,0,4,0,0.11560693641618497,0.2890173410404624,0.40462427745664736,0.11560693641618497,0.40462427745664736,False,2021-22,2021,False,
Mateo Kovačić,Croatia,MF,Chelsea,28.0,1994.0,27,17,1707,19.0,1,2,3,1,0,0,8,0,0.05263157894736842,0.10526315789473684,0.15789473684210525,0.05263157894736842,0.15789473684210525,False,2022-23,2022,False,
Mateo Kovačić,Croatia,MF,Manchester City,29.0,1994.0,30,16,1551,17.2,1,0,1,1,0,0,4,0,0.05813953488372093,0.0,0.05813953488372093,0.05813953488372093,0.05813953488372093,False,2023-24,2023,False,
Mateo Kovačić,Croatia,"MF,DF",Manchester City,30.0,1994.0,31,25,2198,24.4,6,2,8,6,0,0,5,1,0.24590163934426232,0.0819672131147541,0.3278688524590164,0.24590163934426232,0.3278688524590164,False,2024-25,2024,False,
Mateo Kovačić,Croatia,MF,Manchester City,31.0,1994.0,6,1,130,1.4,0,1,1,0,0,0,0,0,0.0,0.7142857142857143,0.7142857142857143,0.0,0.7142857142857143,False,2025-26,2025,False,
Mateo Kovačić,,MF,Manchester City,31.0,1994.0,2,0,44,0.5,0,0,0,0,0,0,0,0,0.0,0.0,0.0,0.0,0.0,False,2026-27,2026,True,4.0
Mateus Fernandes,Portugal,MF,Southampton,20.0,2004.0,36,34,2909,32.3,2,4,6,2,0,0,8,0,0.061919504643962855,0.12383900928792571,0.18575851393188855,0.061919504643962855,0.18575851393188855,False,2024-25,2024,False,
Mateus Fernandes,Portugal,MF,West Ham,21.0,2004.0,36,35,3016,33.5,3,4,7,3,0,0,7,0,0.08955223880597014,0.11940298507462686,0.208955223880597,0.08955223880597014,0.208955223880597,False,2025-26,2025,False,
Mateus Fernandes,,MF,Tottenham,21.0,2004.0,4,2,204,2.3,0,0,0,0,0,0,1,0,0.0,0.0,0.0,0.0,0.0,False,2026-27,2026,True,4.0
Mateus Mane,Portugal,MF,Wolves,16.0,2007.0,1,0,2,0.0,0,0,0,0,0,0,0,0,0.0,0.0,0.0,0.0,0.0,False,2024-25,2024,False,
Mateus Mane,Portugal,MF,Wolves,17.0,2007.0,27,19,1795,19.9,3,1,4,3,0,0,0,0,0.15075376884422112,0.05025125628140704,0.20100502512562815,0.15075376884422112,0.20100502512562815,False,2025-26,2025,False,
Mateusz Klich,Poland,MF,Leeds United,31.0,1990.0,33,26,2073,23.0,1,2,3,1,0,0,5,0,0.043478260869565216,0.08695652173913043,0.13043478260869565,0.043478260869565216,0.13043478260869565,False,2021-22,2021,False,
Mateusz Klich,Poland,MF,Leeds United,32.0,1990.0,14,0,280,3.1,0,0,0,0,0,0,2,0,0.0,0.0,0.0,0.0,0.0,False,2022-23,2022,False,
Matheus Cunha,Brazil,FW,Wolves,23.0,1999.0,17,12,965,10.7,2,0,2,2,0,0,1,0,0.1869158878504673,0.0,0.1869158878504673,0.1869158878504673,0.1869158878504673,False,2022-23,2022,False,
Matheus Cunha,Brazil,"FW,MF",Wolves,24.0,1999.0,32,29,2440,27.1,12,7,19,11,1,1,9,0,0.44280442804428044,0.25830258302583026,0.7011070110701106,0.4059040590405904,0.6642066420664205,False,2023-24,2023,False,
Matheus Cunha,Brazil,MF,Wolves,25.0,1999.0,33,29,2597,28.9,15,6,21,15,0,0,4,0,0.5190311418685122,0.20761245674740486,0.726643598615917,0.5190311418685122,0.726643598615917,False,2024-25,2024,False,
Matheus Cunha,Brazil,"MF,FW",Manchester Utd,26.0,1999.0,33,29,2494,27.7,10,2,12,10,0,0,4,0,0.36101083032490977,0.07220216606498195,0.4332129963898917,0.36101083032490977,0.4332129963898917,False,2025-26,2025,False,
Matheus Cunha,,FW,Manchester Utd,26.0,1999.0,4,4,317,3.5,0,1,1,0,0,0,0,0,0.0,0.28,0.28,0.0,0.28,False,2026-27,2026,True,4.0
Matheus França,Brazil,MF,Crystal Palace,19.0,2004.0,10,1,232,2.6,0,1,1,0,0,0,1,0,0.0,0.3846153846153846,0.3846153846153846,0.0,0.3846153846153846,False,2023-24,2023,False,
Matheus França,Brazil,FW,Crystal Palace,20.0,2004.0,4,0,55,0.6,1,0,1,1,0,0,0,0,1.6666666666666667,0.0,1.6666666666666667,1.6666666666666667,1.6666666666666667,False,2024-25,2024,False,
Matheus Nunes,Portugal,MF,Wolves,23.0,1998.0,34,30,2467,27.4,1,1,2,1,0,0,2,1,0.03649635036496351,0.03649635036496351,0.07299270072992702,0.03649635036496351,0.07299270072992702,False,2022-23,2022,False,
Matheus Nunes,Portugal,"DF,MF",Manchester City,25.0,1998.0,26,19,1674,18.6,1,6,7,1,0,0,4,0,0.05376344086021505,0.3225806451612903,0.3763440860215054,0.05376344086021505,0.3763440860215054,False,2024-25,2024,False,
Matheus Nunes,Portugal,DF,Manchester City,26.0,1998.0,34,32,2862,31.8,1,5,6,1,0,0,5,0,0.031446540880503145,0.15723270440251572,0.18867924528301885,0.031446540880503145,0.18867924528301885,False,2025-26,2025,False,
Matheus Nunes,,DF,Manchester City,27.0,1998.0,2,1,124,1.4,0,0,0,0,0,0,0,0,0.0,0.0,0.0,0.0,0.0,False,2026-27,2026,True,4.0
Matheus NunesMatheus Nunes,Portugal,"MF,FW",Wolves,24.0,1998.0,19,9,840,9.3,0,2,2,0,0,0,2,1,0.0,0.2150537634408602,0.2150537634408602,0.0,0.2150537634408602,False,2023-24,2023,False,
Mathias Jensen,Denmark,MF,Brentford,25.0,1996.0,31,19,1601,17.8,0,1,1,0,0,0,0,0,0.0,0.056179775280898875,0.056179775280898875,0.0,0.056179775280898875,False,2021-22,2021,False,
Mathias Jensen,Denmark,MF,Brentford,26.0,1996.0,37,37,2803,31.1,5,6,11,5,0,0,5,0,0.1607717041800643,0.19292604501607716,0.35369774919614144,0.1607717041800643,0.35369774919614144,False,2022-23,2022,False,
Mathias Jensen,Denmark,MF,Brentford,27.0,1996.0,32,27,2204,24.5,3,3,6,3,0,0,5,0,0.12244897959183673,0.12244897959183673,0.24489795918367346,0.12244897959183673,0.24489795918367346,False,2023-24,2023,False,
Mathias Jensen,Denmark,MF,Brentford,28.0,1996.0,24,8,862,9.6,0,2,2,0,0,0,2,0,0.0,0.20833333333333334,0.20833333333333334,0.0,0.20833333333333334,False,2024-25,2024,False,
Mathias Jensen,Denmark,MF,Brentford,29.0,1996.0,36,26,2247,25.0,3,1,4,3,0,0,3,0,0.12,0.04,0.16,0.12,0.16,False,2025-26,2025,False,
Mathias Jensen,,MF,Brentford,29.0,1996.0,1,1,66,0.7,0,0,0,0,0,0,0,0,0.0,0.0,0.0,0.0,0.0,False,2026-27,2026,True,4.0
Mathias Jørgensen,Denmark,DF,Brentford,31.0,1990.0,8,6,518,5.8,1,0,1,1,0,0,2,0,0.1724137931034483,0.0,0.1724137931034483,0.1724137931034483,0.1724137931034483,False,2021-22,2021,False,
Mathias Jørgensen,Denmark,DF,Brentford,32.0,1990.0,18,11,1103,12.3,0,0,0,0,0,0,2,0,0.0,0.0,0.0,0.0,0.0,False,2022-23,2022,False,
Mathias Jørgensen,Denmark,DF,Brentford,33.0,1990.0,14,12,1087,12.1,1,0,1,1,0,0,4,0,0.08264462809917356,0.0,0.08264462809917356,0.08264462809917356,0.08264462809917356,False,2023-24,2023,False,
Mathias Normann,Norway,MF,Norwich City,25.0,1996.0,23,20,1645,18.3,1,2,3,1,0,0,6,0,0.0546448087431694,0.1092896174863388,0.16393442622950818,0.0546448087431694,0.16393442622950818,False,2021-22,2021,False,
Mathis Amougou,France,MF,Chelsea,18.0,2006.0,1,0,8,0.1,0,0,0,0,0,0,0,0,0.0,0.0,0.0,0.0,0.0,False,2024-25,2024,False,
Mathys Tel,France,FW,Tottenham,19.0,2005.0,13,11,911,10.1,2,1,3,1,1,1,2,0,0.19801980198019803,0.09900990099009901,0.297029702970297,0.09900990099009901,0.198019801980198,False,2024-25,2024,False,
Mathys Tel,France,"MF,FW",Tottenham,20.0,2005.0,31,13,1349,15.0,4,1,5,4,0,0,1,0,0.26666666666666666,0.06666666666666667,0.3333333333333333,0.26666666666666666,0.3333333333333333,False,2025-26,2025,False,
Mathys Tel,,MF,Tottenham,20.0,2005.0,4,3,258,2.9,0,0,0,0,0,0,0,0,0.0,0.0,0.0,0.0,0.0,False,2026-27,2026,True,4.0
Matias Fernandez-Pardo,,MF,Newcastle,,,2,1,85,0.9,0,0,0,0,0,0,0,0,0.0,0.0,0.0,0.0,0.0,False,2026-27,2026,True,4.0
Mats Wieffer,Netherlands,"DF,MF",Brighton,24.0,1999.0,25,10,1015,11.3,1,3,4,1,0,0,6,0,0.08849557522123894,0.2654867256637168,0.35398230088495575,0.08849557522123894,0.35398230088495575,False,2024-25,2024,False,
Mats Wieffer,Netherlands,DF,Brighton,25.0,1999.0,26,23,1903,21.1,2,3,5,2,0,0,8,0,0.0947867298578199,0.14218009478672985,0.23696682464454974,0.0947867298578199,0.23696682464454974,False,2025-26,2025,False,
Mats Wieffer,,DF,Brighton,26.0,1999.0,2,2,156,1.7,0,0,0,0,0,0,0,0,0.0,0.0,0.0,0.0,0.0,False,2026-27,2026,True,4.0
Matt Crooks,,MF,Hull City,,,2,2,158,1.8,0,0,0,0,0,0,2,0,0.0,0.0,0.0,0.0,0.0,False,2026-27,2026,True,4.0
Matt Doherty,Ireland,MF,Tottenham,29.0,1992.0,15,9,875,9.7,2,4,6,2,0,0,0,0,0.2061855670103093,0.4123711340206186,0.6185567010309279,0.2061855670103093,0.6185567010309279,False,2021-22,2021,False,
Matt Doherty,Ireland,MF,Tottenham,30.0,1992.0,12,7,667,7.4,1,0,1,1,0,0,0,0,0.13513513513513511,0.0,0.13513513513513511,0.13513513513513511,0.13513513513513511,False,2022-23,2022,False,
Matt Doherty,Ireland,"MF,DF",Wolves,31.0,1992.0,30,9,1150,12.8,1,0,1,1,0,0,2,0,0.078125,0.0,0.078125,0.078125,0.078125,False,2023-24,2023,False,
Matt Doherty,Ireland,"DF,MF",Wolves,32.0,1992.0,30,25,2109,23.4,2,1,3,2,0,0,6,0,0.08547008547008547,0.042735042735042736,0.12820512820512822,0.08547008547008547,0.12820512820512822,False,2024-25,2024,False,
Matt Doherty,Ireland,"DF,MF",Wolves,33.0,1992.0,11,11,787,8.7,0,0,0,0,0,0,4,0,0.0,0.0,0.0,0.0,0.0,False,2025-26,2025,False,
Matt Grimes,,MF,Coventry City,,,4,4,353,3.9,0,0,0,0,0,0,0,0,0.0,0.0,0.0,0.0,0.0,False,2026-27,2026,True,4.0
Matt O'Riley,Denmark,MF,Brighton,23.0,2000.0,21,11,938,10.4,2,2,4,1,1,1,1,0,0.1923076923076923,0.1923076923076923,0.3846153846153846,0.09615384615384615,0.28846153846153844,False,2024-25,2024,False,
Matt O'Riley,Denmark,MF,Brighton,24.0,2000.0,6,2,204,2.3,1,0,1,0,1,1,0,0,0.4347826086956522,0.0,0.4347826086956522,0.0,0.0,False,2025-26,2025,False,
Matt O'Riley,,MF,Brighton,25.0,2000.0,1,0,7,0.1,0,0,0,0,0,0,0,0,0.0,0.0,0.0,0.0,0.0,False,2026-27,2026,True,4.0
Matt Ritchie,Scotland,"DF,MF",Newcastle,31.0,1989.0,18,14,1337,14.9,0,2,2,0,0,0,5,0,0.0,0.1342281879194631,0.1342281879194631,0.0,0.1342281879194631,False,2021-22,2021,False,
Matt Ritchie,Scotland,"DF,MF",Newcastle,32.0,1989.0,7,0,39,0.4,0,0,0,0,0,0,0,0,0.0,0.0,0.0,0.0,0.0,False,2022-23,2022,False,
Matt Ritchie,Scotland,"DF,MF",Newcastle,33.0,1989.0,13,0,128,1.4,1,0,1,1,0,0,1,0,0.7142857142857143,0.0,0.7142857142857143,0.7142857142857143,0.7142857142857143,False,2023-24,2023,False,
Matt Targett,England,DF,Newcastle,26.0,1995.0,17,6,610,6.8,0,0,0,0,0,0,1,0,0.0,0.0,0.0,0.0,0.0,False,2022-23,2022,False,
Matt Targett,England,DF,Newcastle,27.0,1995.0,3,1,78,0.9,0,0,0,0,0,0,1,0,0.0,0.0,0.0,0.0,0.0,False,2023-24,2023,False,
Matt Targett,England,"DF,MF",Newcastle,28.0,1995.0,2,0,21,0.2,0,0,0,0,0,0,0,0,0.0,0.0,0.0,0.0,0.0,False,2024-25,2024,False,
Matt Targett,,"DF,MF",Hull City,30.0,1995.0,1,0,6,0.1,0,0,0,0,0,0,0,0,0.0,0.0,0.0,0.0,0.0,False,2026-27,2026,True,4.0
Matt TargettMatt Targett,England,"DF,MF",Newcastle,25.0,1995.0,33,33,2871,31.9,1,1,2,1,0,0,3,0,0.031347962382445145,0.031347962382445145,0.06269592476489029,0.031347962382445145,0.06269592476489029,False,2021-22,2021,False,
Matt Turner,USA,GK,Nottingham,29.0,1994.0,17,17,1530,17.0,0,0,0,0,0,0,2,0,0.0,0.0,0.0,0.0,0.0,False,2023-24,2023,False,
Matteo Ruggeri,,"DF,MF",Aston Villa,,,2,0,25,0.3,0,0,0,0,0,0,0,0,0.0,0.0,0.0,0.0,0.0,False,2026-27,2026,True,4.0
Matthew Craig,Scotland,MF,Tottenham,19.0,2003.0,1,0,14,0.2,0,0,0,0,0,0,0,0,0.0,0.0,0.0,0.0,0.0,False,2022-23,2022,False,
Matthew Lowton,England,DF,Burnley,32.0,1989.0,25,20,1772,19.7,1,2,3,1,0,0,3,1,0.050761421319796954,0.10152284263959391,0.15228426395939088,0.050761421319796954,0.15228426395939088,False,2021-22,2021,False,
Matthijs de Ligt,Netherlands,DF,Manchester Utd,24.0,1999.0,29,25,2123,23.6,2,0,2,2,0,0,3,0,0.0847457627118644,0.0,0.0847457627118644,0.0847457627118644,0.0847457627118644,False,2024-25,2024,False,
Matthijs de Ligt,Netherlands,DF,Manchester Utd,25.0,1999.0,13,13,1170,13.0,1,0,1,1,0,0,0,0,0.07692307692307693,0.0,0.07692307692307693,0.07692307692307693,0.07692307692307693,False,2025-26,2025,False,
Matty Cash,Poland,"DF,MF",Aston Villa,23.0,1997.0,38,38,3377,37.5,4,3,7,4,0,0,8,0,0.10666666666666667,0.08,0.18666666666666668,0.10666666666666667,0.18666666666666668,False,2021-22,2021,False,
Matty Cash,Poland,DF,Aston Villa,24.0,1997.0,26,20,1820,20.2,0,1,1,0,0,0,4,0,0.0,0.04950495049504951,0.04950495049504951,0.0,0.04950495049504951,False,2022-23,2022,False,
Matty Cash,Poland,"DF,MF",Aston Villa,25.0,1997.0,29,23,2142,23.8,2,2,4,2,0,0,8,0,0.08403361344537814,0.08403361344537814,0.1680672268907563,0.08403361344537814,0.1680672268907563,False,2023-24,2023,False,
Matty Cash,Poland,DF,Aston Villa,26.0,1997.0,27,24,2070,23.0,1,1,2,1,0,0,7,0,0.043478260869565216,0.043478260869565216,0.08695652173913043,0.043478260869565216,0.08695652173913043,False,2024-25,2024,False,
Matty Cash,Poland,DF,Aston Villa,27.0,1997.0,35,34,3014,33.5,3,3,6,3,0,0,9,0,0.08955223880597014,0.08955223880597014,0.1791044776119403,0.08955223880597014,0.1791044776119403,False,2025-26,2025,False,
Matty Cash,,DF,Aston Villa,28.0,1997.0,3,3,251,2.8,0,0,0,0,0,0,1,0,0.0,0.0,0.0,0.0,0.0,False,2026-27,2026,True,4.0
Matz Sels,Belgium,GK,Nottingham,31.0,1992.0,16,16,1440,16.0,0,0,0,0,0,0,1,0,0.0,0.0,0.0,0.0,0.0,False,2023-24,2023,False,
Matz Sels,Belgium,GK,Nottingham,32.0,1992.0,38,38,3420,38.0,0,0,0,0,0,0,4,0,0.0,0.0,0.0,0.0,0.0,False,2024-25,2024,False,
Matz Sels,Belgium,GK,Nottingham,33.0,1992.0,31,30,2668,29.6,0,0,0,0,0,0,2,0,0.0,0.0,0.0,0.0,0.0,False,2025-26,2025,False,
Matz Sels,,GK,Nottingham,33.0,1992.0,4,4,360,4.0,0,0,0,0,0,0,0,0,0.0,0.0,0.0,0.0,0.0,False,2026-27,2026,True,4.0
Matías Viña,Uruguay,"DF,MF",Bournemouth,24.0,1997.0,12,5,458,5.1,2,0,2,2,0,0,1,0,0.3921568627450981,0.0,0.3921568627450981,0.3921568627450981,0.3921568627450981,False,2022-23,2022,False,
Matěj Vydra,Czechia,FW,Burnley,29.0,1992.0,22,5,679,7.5,2,3,5,2,0,0,1,0,0.26666666666666666,0.4,0.6666666666666666,0.26666666666666666,0.6666666666666666,False,2021-22,2021,False,
Max Aarons,England,DF,Norwich City,21.0,2000.0,34,32,2881,32.0,0,2,2,0,0,0,8,0,0.0,0.0625,0.0625,0.0,0.0625,False,2021-22,2021,False,
Max Aarons,England,DF,Bournemouth,23.0,2000.0,20,13,1237,13.7,0,1,1,0,0,0,1,0,0.0,0.07299270072992702,0.07299270072992702,0.0,0.07299270072992702,False,2023-24,2023,False,
Max Aarons,England,DF,Bournemouth,24.0,2000.0,3,1,86,1.0,0,0,0,0,0,0,0,0,0.0,0.0,0.0,0.0,0.0,False,2024-25,2024,False,
Max Alleyne,England,DF,Manchester City,20.0,2005.0,2,2,135,1.5,0,0,0,0,0,0,0,0,0.0,0.0,0.0,0.0,0.0,False,2025-26,2025,False,
Max Dowman,England,MF,Arsenal,15.0,2009.0,6,1,157,1.7,1,0,1,1,0,0,0,0,0.5882352941176471,0.0,0.5882352941176471,0.5882352941176471,0.5882352941176471,False,2025-26,2025,False,
Max Kilman,England,DF,Wolves,24.0,1997.0,30,30,2687,29.9,1,0,1,1,0,0,3,0,0.033444816053511704,0.0,0.033444816053511704,0.033444816053511704,0.033444816053511704,False,2021-22,2021,False,
Max Kilman,England,DF,Wolves,25.0,1997.0,37,37,3307,36.7,0,0,0,0,0,0,3,0,0.0,0.0,0.0,0.0,0.0,False,2022-23,2022,False,
Max Kilman,England,DF,Wolves,26.0,1997.0,38,38,3420,38.0,2,0,2,2,0,0,7,0,0.05263157894736842,0.0,0.05263157894736842,0.05263157894736842,0.05263157894736842,False,2023-24,2023,False,
Max Kilman,England,DF,West Ham,27.0,1997.0,38,38,3348,37.2,0,1,1,0,0,0,5,0,0.0,0.026881720430107524,0.026881720430107524,0.0,0.026881720430107524,False,2024-25,2024,False,
Max Kilman,England,DF,West Ham,28.0,1997.0,21,17,1561,17.3,0,0,0,0,0,0,4,0,0.0,0.0,0.0,0.0,0.0,False,2025-26,2025,False,
Max Lowe,England,"MF,DF",Sheffield United,26.0,1997.0,10,4,503,5.6,0,0,0,0,0,0,1,0,0.0,0.0,0.0,0.0,0.0,False,2023-24,2023,False,
Max Weiß,Germany,GK,Burnley,21.0,2004.0,3,3,270,3.0,0,0,0,0,0,0,0,0,0.0,0.0,0.0,0.0,0.0,False,2025-26,2025,False,
Maxence Lacroix,France,DF,Crystal Palace,24.0,2000.0,35,35,3116,34.6,1,1,2,1,0,0,5,0,0.028901734104046242,0.028901734104046242,0.057803468208092484,0.028901734104046242,0.057803468208092484,False,2024-25,2024,False,
Maxence Lacroix,France,DF,Crystal Palace,25.0,2000.0,35,35,3085,34.3,1,2,3,1,0,0,4,1,0.02915451895043732,0.05830903790087464,0.08746355685131196,0.02915451895043732,0.08746355685131196,False,2025-26,2025,False,
Maxence Lacroix,,DF,Chelsea,25.0,2000.0,4,3,275,3.1,0,1,1,0,0,0,1,0,0.0,0.33,0.33,0.0,0.33,False,2026-27,2026,True,4.0
Maxim De Cuyper,Belgium,"DF,MF",Brighton,24.0,2000.0,30,17,1414,15.7,2,3,5,2,0,0,2,0,0.12738853503184713,0.1910828025477707,0.3184713375796179,0.12738853503184713,0.3184713375796179,False,2025-26,2025,False,
Maxim De Cuyper,,MF,Brighton,25.0,2000.0,4,4,334,3.7,1,2,3,1,0,0,1,0,0.27,0.54,0.81,0.27,0.81,False,2026-27,2026,True,4.0
Maxime Estève,France,DF,Burnley,21.0,2002.0,16,15,1309,14.5,0,0,0,0,0,0,6,0,0.0,0.0,0.0,0.0,0.0,False,2023-24,2023,False,
Maxime Estève,France,DF,Burnley,23.0,2002.0,34,34,2932,32.6,0,0,0,0,0,0,1,0,0.0,0.0,0.0,0.0,0.0,False,2025-26,2025,False,
Maximilian Wöber,Austria,DF,Leeds United,24.0,1998.0,16,14,1266,14.1,0,0,0,0,0,0,3,0,0.0,0.0,0.0,0.0,0.0,False,2022-23,2022,False,
Maxwel Cornet,Ivory Coast,"FW,MF",Burnley,24.0,1996.0,26,21,1766,19.6,9,1,10,9,0,1,2,0,0.4591836734693877,0.0510204081632653,0.5102040816326531,0.4591836734693877,0.5102040816326531,False,2021-22,2021,False,
Maxwel Cornet,Ivory Coast,MF,West Ham,25.0,1996.0,14,2,245,2.7,0,0,0,0,0,0,0,0,0.0,0.0,0.0,0.0,0.0,False,2022-23,2022,False,
Maxwel Cornet,Ivory Coast,MF,West Ham,26.0,1996.0,7,1,112,1.2,1,0,1,1,0,0,0,0,0.8333333333333334,0.0,0.8333333333333334,0.8333333333333334,0.8333333333333334,False,2023-24,2023,False,
Maxwel Cornet,Ivory Coast,MF,Southampton,27.0,1996.0,2,1,72,0.8,0,0,0,0,0,0,1,0,0.0,0.0,0.0,0.0,0.0,False,2024-25,2024,False,
Melker Ellborg,Sweden,GK,Sunderland,22.0,2003.0,3,3,270,3.0,0,0,0,0,0,0,0,0,0.0,0.0,0.0,0.0,0.0,False,2025-26,2025,False,
Melvin Bard,,"DF,MF",Leeds United,,,1,0,19,0.2,0,0,0,0,0,0,0,0,0.0,0.0,0.0,0.0,0.0,False,2026-27,2026,True,4.0
Merlin Röhl,Germany,MF,Everton,23.0,2002.0,16,6,682,7.6,1,0,1,1,0,0,0,0,0.13157894736842105,0.0,0.13157894736842105,0.13157894736842105,0.13157894736842105,False,2025-26,2025,False,
Merlin Röhl,,DF,Everton,23.0,2002.0,3,3,249,2.8,0,0,0,0,0,0,1,0,0.0,0.0,0.0,0.0,0.0,False,2026-27,2026,True,4.0
Michael Golding,England,MF,Leicester City,18.0,2006.0,1,0,1,0.0,0,0,0,0,0,0,0,0,0.0,0.0,0.0,0.0,0.0,False,2024-25,2024,False,
Michael Kayode,Italy,DF,Brentford,20.0,2004.0,12,6,528,5.9,0,1,1,0,0,0,2,0,0.0,0.1694915254237288,0.1694915254237288,0.0,0.1694915254237288,False,2024-25,2024,False,
Michael Kayode,Italy,DF,Brentford,21.0,2004.0,37,37,3258,36.2,1,1,2,1,0,0,8,0,0.027624309392265192,0.027624309392265192,0.055248618784530384,0.027624309392265192,0.055248618784530384,False,2025-26,2025,False,
Michael Kayode,,DF,Brentford,21.0,2004.0,4,3,227,2.5,1,0,1,1,0,0,0,0,0.4,0.0,0.4,0.4,0.4,False,2026-27,2026,True,4.0
Michael Keane,England,DF,Everton,28.0,1993.0,32,31,2792,31.0,3,2,5,3,0,0,4,1,0.0967741935483871,0.06451612903225806,0.16129032258064516,0.0967741935483871,0.16129032258064516,False,2021-22,2021,False,
Michael Keane,England,DF,Everton,29.0,1993.0,12,10,985,10.9,1,2,3,1,0,0,0,0,0.09174311926605504,0.18348623853211007,0.27522935779816515,0.09174311926605504,0.27522935779816515,False,2022-23,2022,False,
Michael Keane,England,DF,Everton,30.0,1993.0,9,4,439,4.9,1,0,1,1,0,0,2,0,0.2040816326530612,0.0,0.2040816326530612,0.2040816326530612,0.2040816326530612,False,2023-24,2023,False,
Michael Keane,England,DF,Everton,31.0,1993.0,14,11,1049,11.7,3,0,3,3,0,0,5,0,0.25641025641025644,0.0,0.25641025641025644,0.25641025641025644,0.25641025641025644,False,2024-25,2024,False,
Michael Keane,England,DF,Everton,32.0,1993.0,33,29,2591,28.8,3,1,4,3,0,0,1,1,0.10416666666666666,0.034722222222222224,0.1388888888888889,0.10416666666666666,0.1388888888888889,False,2025-26,2025,False,
Michael Ndiweni,England,MF,Newcastle,19.0,2003.0,1,0,1,0.0,0,0,0,0,0,0,0,0,0.0,0.0,0.0,0.0,0.0,False,2023-24,2023,False,
Michael Obafemi,Ireland,FW,Burnley,23.0,2000.0,2,0,20,0.2,0,0,0,0,0,0,0,0,0.0,0.0,0.0,0.0,0.0,False,2023-24,2023,False,
Michael Olakigbe,England,MF,Brentford,19.0,2004.0,8,0,59,0.7,0,0,0,0,0,0,0,0,0.0,0.0,0.0,0.0,0.0,False,2023-24,2023,False,
Michael Olise,France,"FW,MF",Crystal Palace,19.0,2001.0,26,12,1141,12.7,2,5,7,2,0,0,4,0,0.15748031496062992,0.3937007874015748,0.5511811023622047,0.15748031496062992,0.5511811023622047,False,2021-22,2021,False,
Michael Olise,France,"MF,FW",Crystal Palace,20.0,2001.0,37,31,2749,30.5,2,11,13,2,0,0,2,0,0.06557377049180328,0.36065573770491804,0.4262295081967213,0.06557377049180328,0.4262295081967213,False,2022-23,2022,False,
Michael Olise,France,"MF,FW",Crystal Palace,21.0,2001.0,19,14,1275,14.2,10,6,16,9,1,1,0,0,0.7042253521126761,0.4225352112676057,1.1267605633802817,0.6338028169014085,1.0563380281690142,False,2023-24,2023,False,
Michail Antonio,Jamaica,FW,West Ham,31.0,1990.0,36,34,2971,33.0,10,8,18,10,0,1,8,1,0.30303030303030304,0.24242424242424243,0.5454545454545454,0.30303030303030304,0.5454545454545454,False,2021-22,2021,False,
Michail Antonio,Jamaica,FW,West Ham,32.0,1990.0,33,21,1829,20.3,5,3,8,5,0,0,2,0,0.24630541871921183,0.14778325123152708,0.3940886699507389,0.24630541871921183,0.3940886699507389,False,2022-23,2022,False,
Michail Antonio,Jamaica,FW,West Ham,33.0,1990.0,26,21,1695,18.8,6,2,8,6,0,0,6,0,0.3191489361702127,0.10638297872340426,0.425531914893617,0.3191489361702127,0.425531914893617,False,2023-24,2023,False,
Michail Antonio,Jamaica,FW,West Ham,34.0,1990.0,14,11,836,9.3,1,1,2,1,0,0,1,0,0.1075268817204301,0.1075268817204301,0.2150537634408602,0.1075268817204301,0.2150537634408602,False,2024-25,2024,False,
Micky van de Ven,Netherlands,DF,Tottenham,22.0,2001.0,27,27,2339,26.0,3,0,3,3,0,0,5,0,0.11538461538461539,0.0,0.11538461538461539,0.11538461538461539,0.11538461538461539,False,2023-24,2023,False,
Micky van de Ven,Netherlands,DF,Tottenham,23.0,2001.0,13,12,1015,11.3,0,2,2,0,0,0,4,0,0.0,0.17699115044247787,0.17699115044247787,0.0,0.17699115044247787,False,2024-25,2024,False,
Micky van de Ven,Netherlands,DF,Tottenham,24.0,2001.0,35,35,3041,33.8,4,1,5,4,0,0,9,1,0.1183431952662722,0.02958579881656805,0.14792899408284024,0.1183431952662722,0.14792899408284024,False,2025-26,2025,False,
Micky van de Ven,,DF,Tottenham,24.0,2001.0,3,3,270,3.0,0,0,0,0,0,0,1,0,0.0,0.0,0.0,0.0,0.0,False,2026-27,2026,True,4.0
Miguel Almirón,Paraguay,"MF,FW",Newcastle,27.0,1994.0,30,19,1716,19.1,1,0,1,1,0,0,2,0,0.05235602094240837,0.0,0.05235602094240837,0.05235602094240837,0.05235602094240837,False,2021-22,2021,False,
Miguel Almirón,Paraguay,FW,Newcastle,28.0,1994.0,34,29,2491,27.7,11,2,13,11,0,0,2,0,0.39711191335740076,0.07220216606498195,0.4693140794223827,0.39711191335740076,0.4693140794223827,False,2022-23,2022,False,
Miguel Almirón,Paraguay,FW,Newcastle,29.0,1994.0,33,23,1937,21.5,3,1,4,3,0,0,2,0,0.13953488372093023,0.046511627906976744,0.18604651162790697,0.13953488372093023,0.18604651162790697,False,2023-24,2023,False,
Miguel Almirón,Paraguay,FW,Newcastle,30.0,1994.0,9,1,157,1.7,0,0,0,0,0,0,0,0,0.0,0.0,0.0,0.0,0.0,False,2024-25,2024,False,
Mike Trésor,Belgium,"MF,FW",Burnley,24.0,1999.0,16,3,420,4.7,0,0,0,0,0,0,0,0,0.0,0.0,0.0,0.0,0.0,False,2023-24,2023,False,
Mike Trésor,Belgium,"FW,MF",Burnley,26.0,1999.0,6,0,43,0.5,0,0,0,0,0,0,0,0,0.0,0.0,0.0,0.0,0.0,False,2025-26,2025,False,
Mikel Merino,Spain,"MF,FW",Arsenal,28.0,1996.0,28,17,1586,17.6,7,2,9,7,0,0,4,1,0.3977272727272727,0.11363636363636363,0.5113636363636364,0.3977272727272727,0.5113636363636364,False,2024-25,2024,False,
Mikel Merino,Spain,"MF,FW",Arsenal,29.0,1996.0,22,10,1036,11.5,4,3,7,4,0,0,1,0,0.34782608695652173,0.2608695652173913,0.6086956521739131,0.34782608695652173,0.6086956521739131,False,2025-26,2025,False,
Mikel Merino,,MF,Arsenal,29.0,1996.0,4,0,54,0.6,0,0,0,0,0,0,1,0,0.0,0.0,0.0,0.0,0.0,False,2026-27,2026,True,4.0
Mikey Moore,England,MF,Tottenham,15.0,2007.0,2,0,4,0.0,0,0,0,0,0,0,0,0,0.0,0.0,0.0,0.0,0.0,False,2023-24,2023,False,
Mikey Moore,England,"MF,FW",Tottenham,16.0,2007.0,10,3,366,4.1,0,1,1,0,0,0,0,0,0.0,0.24390243902439027,0.24390243902439027,0.0,0.24390243902439027,False,2024-25,2024,False,
Mikey Moore,,MF,Tottenham,18.0,2007.0,2,1,90,1.0,0,0,0,0,0,0,0,0,0.0,0.0,0.0,0.0,0.0,False,2026-27,2026,True,4.0
Mikkel Damsgaard,Denmark,"MF,FW",Brentford,22.0,2000.0,26,9,988,11.0,0,0,0,0,0,0,4,0,0.0,0.0,0.0,0.0,0.0,False,2022-23,2022,False,
Mikkel Damsgaard,Denmark,MF,Brentford,23.0,2000.0,23,7,842,9.4,0,2,2,0,0,0,2,0,0.0,0.2127659574468085,0.2127659574468085,0.0,0.2127659574468085,False,2023-24,2023,False,
Mikkel Damsgaard,Denmark,MF,Brentford,24.0,2000.0,38,34,2911,32.3,2,10,12,2,0,0,2,0,0.061919504643962855,0.30959752321981426,0.3715170278637771,0.061919504643962855,0.3715170278637771,False,2024-25,2024,False,
Mikkel Damsgaard,Denmark,MF,Brentford,25.0,2000.0,33,24,2054,22.8,4,4,8,4,0,0,0,0,0.17543859649122806,0.17543859649122806,0.3508771929824561,0.17543859649122806,0.3508771929824561,False,2025-26,2025,False,
Mikkel Damsgaard,,MF,Brentford,25.0,2000.0,4,2,199,2.2,0,0,0,0,0,0,0,0,0.0,0.0,0.0,0.0,0.0,False,2026-27,2026,True,4.0
Milan van Ewijk,,"MF,DF",Coventry City,,,4,4,360,4.0,0,0,0,0,0,0,1,0,0.0,0.0,0.0,0.0,0.0,False,2026-27,2026,True,4.0
Milos Kerkez,Hungary,DF,Bournemouth,19.0,2003.0,28,22,1970,21.9,0,1,1,0,0,0,4,1,0.0,0.04566210045662101,0.04566210045662101,0.0,0.04566210045662101,False,2023-24,2023,False,
Milos Kerkez,Hungary,DF,Bournemouth,20.0,2003.0,38,38,3336,37.1,2,5,7,2,0,0,4,0,0.053908355795148244,0.1347708894878706,0.18867924528301885,0.053908355795148244,0.18867924528301885,False,2024-25,2024,False,
Milos Kerkez,Hungary,DF,Liverpool,21.0,2003.0,34,27,2257,25.1,2,1,3,2,0,0,4,0,0.0796812749003984,0.0398406374501992,0.1195219123505976,0.0796812749003984,0.1195219123505976,False,2025-26,2025,False,
Milos Kerkez,,DF,Liverpool,22.0,2003.0,4,3,295,3.3,0,0,0,0,0,0,2,0,0.0,0.0,0.0,0.0,0.0,False,2026-27,2026,True,4.0
Milot Rashica,Kosovo,"MF,FW",Norwich City,25.0,1996.0,31,25,2229,24.8,1,2,3,1,0,0,0,0,0.04032258064516129,0.08064516129032258,0.12096774193548386,0.04032258064516129,0.12096774193548386,False,2021-22,2021,False,
Mislav Oršić,Croatia,"FW,MF",Southampton,29.0,1992.0,1,0,7,0.1,0,0,0,0,0,0,0,0,0.0,0.0,0.0,0.0,0.0,False,2022-23,2022,False,
Mohamadou Kanté,France,MF,West Ham,19.0,2005.0,11,0,75,0.8,0,0,0,0,0,0,2,0,0.0,0.0,0.0,0.0,0.0,False,2025-26,2025,False,
Mohamed Ali Cho,,"FW,MF",Hull City,,,3,0,48,0.5,0,0,0,0,0,0,0,0,0.0,0.0,0.0,0.0,0.0,False,2026-27,2026,True,4.0
Mohamed Elneny,Egypt,MF,Arsenal,29.0,1992.0,14,8,806,9.0,0,2,2,0,0,0,1,0,0.0,0.2222222222222222,0.2222222222222222,0.0,0.2222222222222222,False,2021-22,2021,False,
Mohamed Elneny,Egypt,MF,Arsenal,30.0,1992.0,5,1,113,1.3,0,0,0,0,0,0,0,0,0.0,0.0,0.0,0.0,0.0,False,2022-23,2022,False,
Mohamed Elneny,Egypt,MF,Arsenal,31.0,1992.0,3,0,28,0.3,0,0,0,0,0,0,0,0,0.0,0.0,0.0,0.0,0.0,False,2023-24,2023,False,
Mohamed Elyounoussi,Norway,MF,Southampton,26.0,1994.0,30,23,2042,22.7,4,2,6,4,0,0,4,0,0.1762114537444934,0.0881057268722467,0.2643171806167401,0.1762114537444934,0.2643171806167401,False,2021-22,2021,False,
Mohamed Elyounoussi,Norway,MF,Southampton,27.0,1994.0,33,27,2168,24.1,1,1,2,1,0,0,4,0,0.04149377593360996,0.04149377593360996,0.08298755186721991,0.04149377593360996,0.08298755186721991,False,2022-23,2022,False,
Mohamed Salah,Egypt,FW,Liverpool,29.0,1992.0,35,30,2762,30.7,23,13,36,18,5,6,1,0,0.749185667752443,0.4234527687296417,1.1726384364820848,0.5863192182410424,1.009771986970684,False,2021-22,2021,False,
Mohamed Salah,Egypt,FW,Liverpool,30.0,1992.0,38,37,3290,36.6,19,12,31,17,2,4,2,0,0.5191256830601093,0.32786885245901637,0.8469945355191256,0.46448087431693985,0.7923497267759563,False,2022-23,2022,False,
Mohamed Salah,Egypt,FW,Liverpool,31.0,1992.0,32,28,2534,28.2,18,10,28,13,5,7,2,0,0.6382978723404256,0.3546099290780142,0.9929078014184397,0.46099290780141844,0.8156028368794326,False,2023-24,2023,False,
Mohamed Salah,Egypt,MF,Liverpool,32.0,1992.0,38,38,3371,37.5,29,18,47,20,9,9,1,0,0.7733333333333333,0.48,1.2533333333333334,0.5333333333333333,1.0133333333333334,False,2024-25,2024,False,
Mohamed Salah,Egypt,MF,Liverpool,33.0,1992.0,27,23,2146,23.8,7,7,14,6,1,1,1,0,0.29411764705882354,0.29411764705882354,0.5882352941176471,0.25210084033613445,0.546218487394958,False,2025-26,2025,False,
Mohammed Kudus,Ghana,MF,West Ham,22.0,2000.0,33,27,2484,27.6,8,6,14,8,0,0,6,0,0.2898550724637681,0.21739130434782608,0.5072463768115941,0.2898550724637681,0.5072463768115941,False,2023-24,2023,False,
Mohammed Kudus,Ghana,"MF,FW",West Ham,23.0,2000.0,32,31,2590,28.8,5,3,8,5,0,0,2,1,0.1736111111111111,0.10416666666666666,0.2777777777777778,0.1736111111111111,0.2777777777777778,False,2024-25,2024,False,
Mohammed Kudus,Ghana,"MF,FW",Tottenham,24.0,2000.0,19,19,1535,17.1,2,5,7,2,0,0,3,0,0.11695906432748537,0.29239766081871343,0.4093567251461988,0.11695906432748537,0.4093567251461988,False,2025-26,2025,False,
Mohammed Kudus,,"FW,MF",Tottenham,25.0,2000.0,3,0,81,0.9,0,0,0,0,0,0,0,0,0.0,0.0,0.0,0.0,0.0,False,2026-27,2026,True,4.0
Mohammed Salisu,Ghana,DF,Southampton,22.0,1999.0,34,33,2972,33.0,0,0,0,0,0,0,10,1,0.0,0.0,0.0,0.0,0.0,False,2021-22,2021,False,
Mohammed Salisu,Ghana,DF,Southampton,23.0,1999.0,22,21,1973,21.9,0,1,1,0,0,0,5,0,0.0,0.04566210045662101,0.04566210045662101,0.0,0.04566210045662101,False,2022-23,2022,False,
Moise Kean,Italy,FW,Everton,21.0,2000.0,1,0,1,0.0,0,0,0,0,0,0,0,0,0.0,0.0,0.0,0.0,0.0,False,2021-22,2021,False,
Moisés Caicedo,Ecuador,MF,Brighton,19.0,2001.0,8,8,660,7.3,1,1,2,1,0,0,2,0,0.136986301369863,0.136986301369863,0.273972602739726,0.136986301369863,0.273972602739726,False,2021-22,2021,False,
Moisés Caicedo,Ecuador,MF,Brighton,20.0,2001.0,37,34,3139,34.9,1,1,2,1,0,0,10,0,0.02865329512893983,0.02865329512893983,0.05730659025787966,0.02865329512893983,0.05730659025787966,False,2022-23,2022,False,
Moisés Caicedo,Ecuador,MF,Chelsea,21.0,2001.0,35,33,2866,31.8,1,3,4,1,0,0,11,0,0.031446540880503145,0.09433962264150943,0.12578616352201258,0.031446540880503145,0.12578616352201258,False,2023-24,2023,False,
Moisés Caicedo,Ecuador,"MF,DF",Chelsea,22.0,2001.0,38,38,3351,37.2,1,2,3,1,0,0,11,0,0.026881720430107524,0.05376344086021505,0.08064516129032258,0.026881720430107524,0.08064516129032258,False,2024-25,2024,False,
Moisés Caicedo,Ecuador,MF,Chelsea,23.0,2001.0,33,32,2795,31.1,3,1,4,3,0,0,11,1,0.09646302250803858,0.03215434083601286,0.12861736334405144,0.09646302250803858,0.12861736334405144,False,2025-26,2025,False,
Moisés Caicedo,,MF,Chelsea,24.0,2001.0,1,0,14,0.2,0,0,0,0,0,0,0,0,0.0,0.0,0.0,0.0,0.0,False,2026-27,2026,True,4.0
Morato,Brazil,DF,Nottingham,23.0,2001.0,26,6,907,10.1,0,0,0,0,0,0,5,0,0.0,0.0,0.0,0.0,0.0,False,2024-25,2024,False,
Morato,Brazil,DF,Nottingham,24.0,2001.0,21,14,1345,14.9,1,0,1,1,0,0,5,0,0.06711409395973154,0.0,0.06711409395973154,0.06711409395973154,0.06711409395973154,False,2025-26,2025,False,
Morgan Gibbs-White,England,"FW,MF",Wolves,21.0,2000.0,2,0,9,0.1,0,0,0,0,0,0,1,0,0.0,0.0,0.0,0.0,0.0,False,2021-22,2021,False,
Morgan Gibbs-White,England,"MF,FW",Nottingham,23.0,2000.0,37,35,3156,35.1,5,10,15,4,1,1,9,0,0.14245014245014245,0.2849002849002849,0.42735042735042733,0.11396011396011396,0.3988603988603988,False,2023-24,2023,False,
Morgan Gibbs-White,England,MF,Nottingham,24.0,2000.0,34,34,2803,31.1,7,8,15,7,0,0,11,1,0.22508038585209003,0.2572347266881029,0.4823151125401929,0.22508038585209003,0.4823151125401929,False,2024-25,2024,False,
Morgan Gibbs-White,England,MF,Nottingham,25.0,2000.0,37,35,3097,34.4,15,4,19,14,1,1,1,0,0.436046511627907,0.11627906976744186,0.5523255813953488,0.4069767441860465,0.5232558139534883,False,2025-26,2025,False,
Morgan Gibbs-White,,MF,Nottingham,25.0,2000.0,4,4,360,4.0,1,2,3,0,1,1,0,0,0.25,0.5,0.75,0.0,0.5,False,2026-27,2026,True,4.0
Morgan Gibbs-WhiteMorgan Gibbs-White,England,"MF,FW",Wolves,22.0,2000.0,37,36,3151,35.0,5,8,13,3,2,2,6,0,0.14285714285714285,0.22857142857142856,0.37142857142857144,0.08571428571428572,0.3142857142857143,False,2022-23,2022,False,
Morgan Rogers,England,MF,Aston Villa,21.0,2002.0,11,8,638,7.1,3,1,4,3,0,0,3,0,0.4225352112676057,0.14084507042253522,0.5633802816901409,0.4225352112676057,0.5633802816901409,False,2023-24,2023,False,
Morgan Rogers,England,MF,Aston Villa,22.0,2002.0,37,37,3114,34.6,8,10,18,8,0,0,10,0,0.23121387283236994,0.2890173410404624,0.5202312138728323,0.23121387283236994,0.5202312138728323,False,2024-25,2024,False,
Morgan Rogers,England,MF,Aston Villa,23.0,2002.0,37,37,3280,36.4,10,6,16,10,0,0,7,0,0.27472527472527475,0.16483516483516483,0.43956043956043955,0.27472527472527475,0.43956043956043955,False,2025-26,2025,False,
Morgan Rogers,,MF,Chelsea,23.0,2002.0,4,4,347,3.9,3,1,4,3,0,0,1,0,0.78,0.26,1.04,0.78,1.04,False,2026-27,2026,True,4.0
Morgan Sanson,France,MF,Aston Villa,26.0,1994.0,10,3,356,4.0,0,0,0,0,0,0,0,0,0.0,0.0,0.0,0.0,0.0,False,2021-22,2021,False,
Morgan Sanson,France,MF,Aston Villa,27.0,1994.0,2,0,11,0.1,0,0,0,0,0,0,0,0,0.0,0.0,0.0,0.0,0.0,False,2022-23,2022,False,
Moussa Diaby,France,"MF,FW",Aston Villa,24.0,1999.0,38,25,2174,24.2,6,8,14,6,0,0,1,0,0.24793388429752067,0.3305785123966942,0.578512396694215,0.24793388429752067,0.578512396694215,False,2023-24,2023,False,
Moussa Djenepo,Mali,MF,Southampton,23.0,1998.0,12,5,457,5.1,0,0,0,0,0,0,3,0,0.0,0.0,0.0,0.0,0.0,False,2021-22,2021,False,
Moussa Djenepo,Mali,"DF,MF",Southampton,24.0,1998.0,16,7,710,7.9,0,2,2,0,0,0,1,0,0.0,0.2531645569620253,0.2531645569620253,0.0,0.2531645569620253,False,2022-23,2022,False,
Moussa Niakhaté,Senegal,DF,Nottingham,26.0,1996.0,14,14,1163,12.9,0,0,0,0,0,0,1,0,0.0,0.0,0.0,0.0,0.0,False,2022-23,2022,False,
Moussa Niakhaté,Senegal,DF,Nottingham,27.0,1996.0,21,15,1460,16.2,1,0,1,1,0,0,5,1,0.0617283950617284,0.0,0.0617283950617284,0.0617283950617284,0.0617283950617284,False,2023-24,2023,False,
Moussa Sissoko,France,MF,Watford,31.0,1989.0,36,36,3220,35.8,2,1,3,2,0,0,5,0,0.0558659217877095,0.02793296089385475,0.08379888268156425,0.0558659217877095,0.08379888268156425,False,2021-22,2021,False,
Murillo,Brazil,DF,Nottingham,21.0,2002.0,32,32,2789,31.0,0,2,2,0,0,0,5,0,0.0,0.06451612903225806,0.06451612903225806,0.0,0.06451612903225806,False,2023-24,2023,False,
Murillo,Brazil,DF,Nottingham,22.0,2002.0,36,36,3188,35.4,2,0,2,2,0,0,6,0,0.05649717514124294,0.0,0.05649717514124294,0.05649717514124294,0.05649717514124294,False,2024-25,2024,False,
Murillo,Brazil,DF,Nottingham,23.0,2002.0,25,25,2130,23.7,1,0,1,1,0,0,5,0,0.04219409282700422,0.0,0.04219409282700422,0.04219409282700422,0.04219409282700422,False,2025-26,2025,False,
Murillo,,DF,Nottingham,23.0,2002.0,4,4,358,4.0,0,1,1,0,0,0,1,0,0.0,0.25,0.25,0.0,0.25,False,2026-27,2026,True,4.0
Mykhailo Mudryk,Ukraine,"FW,MF",Chelsea,21.0,2001.0,15,7,657,7.3,0,2,2,0,0,0,1,0,0.0,0.273972602739726,0.273972602739726,0.0,0.273972602739726,False,2022-23,2022,False,
Mykhailo Mudryk,Ukraine,MF,Chelsea,22.0,2001.0,31,18,1576,17.5,5,2,7,5,0,0,5,0,0.2857142857142857,0.11428571428571428,0.4,0.2857142857142857,0.4,False,2023-24,2023,False,
Mykhailo Mudryk,Ukraine,MF,Chelsea,23.0,2001.0,7,1,151,1.7,0,0,0,0,0,0,0,0,0.0,0.0,0.0,0.0,0.0,False,2024-25,2024,False,
Mykhailo Mudryk,,MF,Tottenham,24.0,2001.0,1,0,17,0.2,0,0,0,0,0,0,0,0,0.0,0.0,0.0,0.0,0.0,False,2026-27,2026,True,4.0
Myles Lewis-Skelly,England,DF,Arsenal,17.0,2006.0,23,15,1369,15.2,1,0,1,1,0,0,3,2,0.06578947368421052,0.0,0.06578947368421052,0.06578947368421052,0.06578947368421052,False,2024-25,2024,False,
Myles Lewis-Skelly,England,"MF,DF",Arsenal,18.0,2006.0,20,5,709,7.9,0,0,0,0,0,0,3,0,0.0,0.0,0.0,0.0,0.0,False,2025-26,2025,False,
Myles Lewis-Skelly,,MF,Arsenal,19.0,2006.0,4,4,271,3.0,0,0,0,0,0,0,0,0,0.0,0.0,0.0,0.0,0.0,False,2026-27,2026,True,4.0
Myles Peart-Harris,England,MF,Brentford,20.0,2002.0,3,0,13,0.1,0,0,0,0,0,0,0,0,0.0,0.0,0.0,0.0,0.0,False,2023-24,2023,False,
Myles Peart-Harris,England,MF,Brentford,22.0,2002.0,1,0,1,0.0,0,0,0,0,0,0,0,0,0.0,0.0,0.0,0.0,0.0,False,2025-26,2025,False,
Máximo Perrone,Argentina,MF,Manchester City,19.0,2003.0,1,0,19,0.2,0,0,0,0,0,0,0,0,0.0,0.0,0.0,0.0,0.0,False,2022-23,2022,False,
N'Golo Kanté,France,MF,Chelsea,30.0,1991.0,26,21,1773,19.7,2,4,6,2,0,0,2,0,0.10152284263959391,0.20304568527918782,0.30456852791878175,0.10152284263959391,0.30456852791878175,False,2021-22,2021,False,
N'Golo Kanté,France,MF,Chelsea,31.0,1991.0,7,6,518,5.8,0,1,1,0,0,0,1,0,0.0,0.1724137931034483,0.1724137931034483,0.0,0.1724137931034483,False,2022-23,2022,False,
Naby Keïta,Guinea,MF,Liverpool,26.0,1995.0,23,14,1173,13.0,3,1,4,3,0,0,3,0,0.23076923076923078,0.07692307692307693,0.3076923076923077,0.23076923076923078,0.3076923076923077,False,2021-22,2021,False,
Naby Keïta,Guinea,MF,Liverpool,27.0,1995.0,8,3,293,3.3,0,0,0,0,0,0,1,0,0.0,0.0,0.0,0.0,0.0,False,2022-23,2022,False,
Nampalys Mendy,Senegal,MF,Leicester City,29.0,1992.0,14,12,1032,11.5,0,0,0,0,0,0,3,0,0.0,0.0,0.0,0.0,0.0,False,2021-22,2021,False,
Nampalys Mendy,Senegal,MF,Leicester City,30.0,1992.0,19,7,757,8.4,1,0,1,1,0,0,1,0,0.11904761904761904,0.0,0.11904761904761904,0.11904761904761904,0.11904761904761904,False,2022-23,2022,False,
Naouirou Ahamada,France,MF,Crystal Palace,20.0,2002.0,8,0,94,1.0,0,0,0,0,0,0,1,0,0.0,0.0,0.0,0.0,0.0,False,2022-23,2022,False,
Naouirou Ahamada,France,MF,Crystal Palace,21.0,2002.0,20,0,349,3.9,0,0,0,0,0,0,4,1,0.0,0.0,0.0,0.0,0.0,False,2023-24,2023,False,
Nasser Djiga,Burkina Faso,DF,Wolves,21.0,2002.0,5,1,66,0.7,0,0,0,0,0,0,0,0,0.0,0.0,0.0,0.0,0.0,False,2024-25,2024,False,
Nathan Aké,Netherlands,DF,Manchester City,26.0,1995.0,14,10,923,10.3,2,0,2,2,0,0,0,0,0.1941747572815534,0.0,0.1941747572815534,0.1941747572815534,0.1941747572815534,False,2021-22,2021,False,
Nathan Aké,Netherlands,DF,Manchester City,27.0,1995.0,26,22,1873,20.8,1,0,1,1,0,0,2,0,0.04807692307692307,0.0,0.04807692307692307,0.04807692307692307,0.04807692307692307,False,2022-23,2022,False,
Nathan Aké,Netherlands,DF,Manchester City,28.0,1995.0,29,24,2042,22.7,2,2,4,2,0,0,0,0,0.0881057268722467,0.0881057268722467,0.1762114537444934,0.0881057268722467,0.1762114537444934,False,2023-24,2023,False,
Nathan Aké,Netherlands,DF,Manchester City,29.0,1995.0,10,8,678,7.5,0,0,0,0,0,0,0,0,0.0,0.0,0.0,0.0,0.0,False,2024-25,2024,False,
Nathan Aké,Netherlands,DF,Manchester City,30.0,1995.0,18,6,695,7.7,0,0,0,0,0,0,1,0,0.0,0.0,0.0,0.0,0.0,False,2025-26,2025,False,
Nathan Broadhead,Wales,MF,Ipswich Town,26.0,1998.0,18,7,702,7.8,2,0,2,2,0,0,1,0,0.25641025641025644,0.0,0.25641025641025644,0.25641025641025644,0.25641025641025644,False,2024-25,2024,False,
Nathan Butler-Oyedeji,England,FW,Arsenal,21.0,2003.0,1,0,7,0.1,0,0,0,0,0,0,0,0,0.0,0.0,0.0,0.0,0.0,False,2024-25,2024,False,
Nathan Collins,Ireland,DF,Burnley,20.0,2001.0,19,18,1670,18.6,2,0,2,2,0,0,2,1,0.1075268817204301,0.0,0.1075268817204301,0.1075268817204301,0.1075268817204301,False,2021-22,2021,False,
Nathan Collins,Ireland,DF,Wolves,21.0,2001.0,26,19,1814,20.2,0,0,0,0,0,0,2,1,0.0,0.0,0.0,0.0,0.0,False,2022-23,2022,False,
Nathan Collins,Ireland,DF,Brentford,22.0,2001.0,32,29,2652,29.5,1,1,2,1,0,0,3,0,0.03389830508474576,0.03389830508474576,0.06779661016949153,0.03389830508474576,0.06779661016949153,False,2023-24,2023,False,
Nathan Collins,Ireland,DF,Brentford,23.0,2001.0,38,38,3420,38.0,2,3,5,2,0,0,5,0,0.05263157894736842,0.07894736842105263,0.13157894736842105,0.05263157894736842,0.13157894736842105,False,2024-25,2024,False,
Nathan Collins,Ireland,DF,Brentford,24.0,2001.0,35,32,2975,33.1,1,2,3,1,0,0,7,0,0.030211480362537763,0.060422960725075525,0.09063444108761329,0.030211480362537763,0.09063444108761329,False,2025-26,2025,False,
Nathan Collins,,DF,Brentford,24.0,2001.0,3,3,196,2.2,0,0,0,0,0,0,1,0,0.0,0.0,0.0,0.0,0.0,False,2026-27,2026,True,4.0
Nathan Ferguson,England,DF,Crystal Palace,20.0,2000.0,1,0,9,0.1,0,0,0,0,0,0,0,0,0.0,0.0,0.0,0.0,0.0,False,2021-22,2021,False,
Nathan Fraser,Ireland,FW,Wolves,18.0,2005.0,7,1,186,2.1,0,0,0,0,0,0,1,0,0.0,0.0,0.0,0.0,0.0,False,2023-24,2023,False,
Nathan Patterson,Scotland,"DF,MF",Everton,20.0,2001.0,19,14,1279,14.2,0,0,0,0,0,0,3,0,0.0,0.0,0.0,0.0,0.0,False,2022-23,2022,False,
Nathan Patterson,Scotland,DF,Everton,21.0,2001.0,20,9,1005,11.2,0,2,2,0,0,0,4,0,0.0,0.17857142857142858,0.17857142857142858,0.0,0.17857142857142858,False,2023-24,2023,False,
Nathan Patterson,Scotland,DF,Everton,22.0,2001.0,10,3,347,3.9,0,1,1,0,0,0,1,0,0.0,0.25641025641025644,0.25641025641025644,0.0,0.25641025641025644,False,2024-25,2024,False,
Nathan Patterson,Scotland,DF,Everton,23.0,2001.0,7,3,241,2.7,0,0,0,0,0,0,0,0,0.0,0.0,0.0,0.0,0.0,False,2025-26,2025,False,
Nathan Redmond,England,"MF,FW",Southampton,27.0,1994.0,27,20,1833,20.4,1,5,6,1,0,0,0,0,0.04901960784313726,0.2450980392156863,0.29411764705882354,0.04901960784313726,0.29411764705882354,False,2021-22,2021,False,
Nathan Redmond,England,"FW,MF",Southampton,28.0,1994.0,1,0,1,0.0,0,0,0,0,0,0,0,0,0.0,0.0,0.0,0.0,0.0,False,2022-23,2022,False,
Nathan Redmond,England,"FW,MF",Burnley,29.0,1994.0,12,0,142,1.6,0,0,0,0,0,0,1,0,0.0,0.0,0.0,0.0,0.0,False,2023-24,2023,False,
Nathan Tella,Nigeria,"MF,FW",Southampton,22.0,1999.0,14,10,804,8.9,0,1,1,0,0,0,2,0,0.0,0.11235955056179775,0.11235955056179775,0.0,0.11235955056179775,False,2021-22,2021,False,
Nathan Wood-Gordon,England,DF,Southampton,22.0,2002.0,11,9,773,8.6,0,0,0,0,0,0,2,0,0.0,0.0,0.0,0.0,0.0,False,2024-25,2024,False,
Nathan Young-Coombes,England,FW,Brentford,18.0,2003.0,1,0,4,0.0,0,0,0,0,0,0,0,0,0.0,0.0,0.0,0.0,0.0,False,2021-22,2021,False,
Nathaniel Chalobah,England,MF,Fulham,27.0,1994.0,4,1,12,0.1,0,0,0,0,0,0,0,1,0.0,0.0,0.0,0.0,0.0,False,2022-23,2022,False,
Nathaniel Clyne,England,DF,Crystal Palace,30.0,1991.0,16,15,1351,15.0,0,1,1,0,0,0,1,0,0.0,0.06666666666666667,0.06666666666666667,0.0,0.06666666666666667,False,2021-22,2021,False,
Nathaniel Clyne,England,DF,Crystal Palace,31.0,1991.0,22,19,1640,18.2,0,0,0,0,0,0,3,0,0.0,0.0,0.0,0.0,0.0,False,2022-23,2022,False,
Nathaniel Clyne,England,DF,Crystal Palace,32.0,1991.0,19,14,1338,14.9,0,0,0,0,0,0,0,0,0.0,0.0,0.0,0.0,0.0,False,2023-24,2023,False,
Nathaniel Clyne,England,"DF,MF",Crystal Palace,33.0,1991.0,13,5,483,5.4,0,0,0,0,0,0,1,0,0.0,0.0,0.0,0.0,0.0,False,2024-25,2024,False,
Nathaniel Clyne,England,"MF,DF",Crystal Palace,34.0,1991.0,10,7,594,6.6,0,1,1,0,0,0,1,0,0.0,0.15151515151515152,0.15151515151515152,0.0,0.15151515151515152,False,2025-26,2025,False,
Nathaniel Phillips,England,DF,Liverpool,25.0,1997.0,2,1,66,0.7,0,0,0,0,0,0,0,0,0.0,0.0,0.0,0.0,0.0,False,2022-23,2022,False,
Nayef Aguerd,Morocco,DF,West Ham,26.0,1996.0,18,17,1595,17.7,2,0,2,2,0,0,4,0,0.11299435028248588,0.0,0.11299435028248588,0.11299435028248588,0.11299435028248588,False,2022-23,2022,False,
Nayef Aguerd,Morocco,DF,West Ham,27.0,1996.0,21,21,1857,20.6,1,0,1,1,0,0,3,1,0.04854368932038835,0.0,0.04854368932038835,0.04854368932038835,0.04854368932038835,False,2023-24,2023,False,
Nayef Aguerd,Morocco,DF,West Ham,29.0,1996.0,2,2,180,2.0,0,0,0,0,0,0,0,0,0.0,0.0,0.0,0.0,0.0,False,2025-26,2025,False,
Neal Maupay,France,FW,Brighton,24.0,1996.0,32,25,2276,25.3,8,2,10,7,1,2,7,0,0.31620553359683795,0.07905138339920949,0.3952569169960474,0.2766798418972332,0.3557312252964427,False,2021-22,2021,False,
Neal Maupay,France,FW,Everton,25.0,1996.0,27,11,1118,12.4,1,0,1,1,0,0,4,0,0.08064516129032258,0.0,0.08064516129032258,0.08064516129032258,0.08064516129032258,False,2022-23,2022,False,
Neal MaupayNeal Maupay,France,FW,Everton,26.0,1996.0,31,14,1432,15.899999999999999,6,3,9,6,0,0,8,0,0.37735849056603776,0.18867924528301888,0.5660377358490567,0.37735849056603776,0.5660377358490567,False,2023-24,2023,False,
Neco Williams,Wales,"DF,MF",Liverpool,20.0,2001.0,1,0,8,0.1,0,1,1,0,0,0,0,0,0.0,10.0,10.0,0.0,10.0,False,2021-22,2021,False,
Neco Williams,Wales,"DF,MF",Nottingham,21.0,2001.0,31,20,1882,20.9,1,0,1,1,0,0,7,0,0.04784688995215311,0.0,0.04784688995215311,0.04784688995215311,0.04784688995215311,False,2022-23,2022,False,
Neco Williams,Wales,"DF,MF",Nottingham,22.0,2001.0,26,18,1637,18.2,0,1,1,0,0,0,4,0,0.0,0.054945054945054944,0.054945054945054944,0.0,0.054945054945054944,False,2023-24,2023,False,
Neco Williams,Wales,"DF,MF",Nottingham,23.0,2001.0,35,28,2594,28.8,1,3,4,1,0,0,7,0,0.034722222222222224,0.10416666666666666,0.1388888888888889,0.034722222222222224,0.1388888888888889,False,2024-25,2024,False,
Neco Williams,Wales,DF,Nottingham,24.0,2001.0,37,36,3204,35.6,2,3,5,2,0,0,6,1,0.056179775280898875,0.08426966292134831,0.14044943820224717,0.056179775280898875,0.14044943820224717,False,2025-26,2025,False,
Neco Williams,,MF,Nottingham,24.0,2001.0,4,4,360,4.0,0,0,0,0,0,0,0,0,0.0,0.0,0.0,0.0,0.0,False,2026-27,2026,True,4.0
Neeskens Kebano,DR Congo,MF,Fulham,30.0,1992.0,17,9,764,8.5,0,3,3,0,0,0,0,0,0.0,0.35294117647058826,0.35294117647058826,0.0,0.35294117647058826,False,2022-23,2022,False,
Nehemiah Oriola,England,MF,Brighton,18.0,2007.0,1,0,1,0.0,0,0,0,0,0,0,0,0,0.0,0.0,0.0,0.0,0.0,False,2025-26,2025,False,
Nemanja Matić,Serbia,MF,Manchester Utd,32.0,1988.0,23,16,1382,15.4,0,4,4,0,0,0,3,0,0.0,0.2597402597402597,0.2597402597402597,0.0,0.2597402597402597,False,2021-22,2021,False,
Neto,Brazil,GK,Bournemouth,33.0,1989.0,27,27,2385,26.5,0,0,0,0,0,0,4,0,0.0,0.0,0.0,0.0,0.0,False,2022-23,2022,False,
Neto,Brazil,GK,Bournemouth,34.0,1989.0,32,32,2880,32.0,0,0,0,0,0,0,5,0,0.0,0.0,0.0,0.0,0.0,False,2023-24,2023,False,
Neto,Brazil,GK,Bournemouth,35.0,1989.0,2,2,180,2.0,0,0,0,0,0,0,0,0,0.0,0.0,0.0,0.0,0.0,False,2024-25,2024,False,
Nick Pope,England,GK,Burnley,29.0,1992.0,36,36,3240,36.0,0,0,0,0,0,0,1,0,0.0,0.0,0.0,0.0,0.0,False,2021-22,2021,False,
Nick Pope,England,GK,Newcastle,30.0,1992.0,37,37,3261,36.2,0,0,0,0,0,0,3,1,0.0,0.0,0.0,0.0,0.0,False,2022-23,2022,False,
Nick Pope,England,GK,Newcastle,31.0,1992.0,15,15,1345,14.9,0,0,0,0,0,0,1,0,0.0,0.0,0.0,0.0,0.0,False,2023-24,2023,False,
Nick Pope,England,GK,Newcastle,32.0,1992.0,28,28,2520,28.0,0,0,0,0,0,0,2,0,0.0,0.0,0.0,0.0,0.0,False,2024-25,2024,False,
Nick Pope,England,GK,Newcastle,33.0,1992.0,27,27,2416,26.8,0,0,0,0,0,0,2,0,0.0,0.0,0.0,0.0,0.0,False,2025-26,2025,False,
Nick Woltemade,Germany,"FW,MF",Newcastle,23.0,2002.0,33,24,1902,21.1,8,3,11,7,1,1,0,0,0.3791469194312796,0.14218009478672985,0.5213270142180094,0.33175355450236965,0.4739336492890995,False,2025-26,2025,False,
Nick Woltemade,,"FW,MF",Newcastle,23.0,2002.0,1,0,20,0.2,0,1,1,0,0,0,0,0,0.0,4.5,4.5,0.0,4.5,False,2026-27,2026,True,4.0
Niclas Füllkrug,Germany,FW,West Ham,31.0,1993.0,18,6,790,8.8,3,2,5,3,0,0,2,0,0.3409090909090909,0.22727272727272727,0.5681818181818181,0.3409090909090909,0.5681818181818181,False,2024-25,2024,False,
Niclas Füllkrug,Germany,FW,West Ham,32.0,1993.0,8,5,409,4.5,0,0,0,0,0,0,0,0,0.0,0.0,0.0,0.0,0.0,False,2025-26,2025,False,
Nico Elvedi,,DF,Leeds United,,,3,2,237,2.6,0,0,0,0,0,0,0,0,0.0,0.0,0.0,0.0,0.0,False,2026-27,2026,True,4.0
Nico O'Reilly,England,DF,Manchester City,19.0,2005.0,9,6,528,5.9,2,0,2,2,0,0,0,0,0.3389830508474576,0.0,0.3389830508474576,0.3389830508474576,0.3389830508474576,False,2024-25,2024,False,
Nico O'Reilly,England,"DF,MF",Manchester City,20.0,2005.0,34,29,2646,29.4,5,3,8,5,0,0,5,0,0.17006802721088435,0.10204081632653061,0.272108843537415,0.17006802721088435,0.272108843537415,False,2025-26,2025,False,
Nico O'Reilly,,MF,Manchester City,20.0,2005.0,3,2,159,1.8,0,0,0,0,0,0,0,0,0.0,0.0,0.0,0.0,0.0,False,2026-27,2026,True,4.0
Nicolas Jackson,Senegal,FW,Chelsea,22.0,2001.0,35,31,2799,31.1,14,5,19,14,0,0,10,0,0.45016077170418006,0.1607717041800643,0.6109324758842444,0.45016077170418006,0.6109324758842444,False,2023-24,2023,False,
Nicolas Jackson,Senegal,FW,Chelsea,23.0,2001.0,30,28,2220,24.7,10,5,15,10,0,0,7,1,0.4048582995951417,0.20242914979757085,0.6072874493927126,0.4048582995951417,0.6072874493927126,False,2024-25,2024,False,
Nicolas Jackson,,FW,Aston Villa,24.0,2001.0,3,3,199,2.2,0,0,0,0,0,0,1,0,0.0,0.0,0.0,0.0,0.0,False,2026-27,2026,True,4.0
Nicolas Nkoulou,Cameroon,DF,Watford,31.0,1990.0,3,2,168,1.9,0,0,0,0,0,0,0,0,0.0,0.0,0.0,0.0,0.0,False,2021-22,2021,False,
Nicolas Pépé,Ivory Coast,MF,Arsenal,26.0,1995.0,20,5,696,7.7,1,2,3,1,0,0,0,0,0.12987012987012986,0.2597402597402597,0.38961038961038963,0.12987012987012986,0.38961038961038963,False,2021-22,2021,False,
Nicolás Domínguez,Argentina,MF,Nottingham,25.0,1998.0,26,19,1495,16.6,2,2,4,2,0,0,4,0,0.12048192771084336,0.12048192771084336,0.24096385542168672,0.12048192771084336,0.24096385542168672,False,2023-24,2023,False,
Nicolás Domínguez,Argentina,MF,Nottingham,26.0,1998.0,34,23,1963,21.8,0,1,1,0,0,0,9,0,0.0,0.04587155963302752,0.04587155963302752,0.0,0.04587155963302752,False,2024-25,2024,False,
Nicolás Domínguez,Argentina,MF,Nottingham,27.0,1998.0,27,17,1175,13.1,1,1,2,1,0,0,3,0,0.07633587786259542,0.07633587786259542,0.15267175572519084,0.07633587786259542,0.15267175572519084,False,2025-26,2025,False,
Nicolás Domínguez,,MF,Nottingham,27.0,1998.0,1,0,1,0.0,0,0,0,0,0,0,0,0,0.0,0.0,0.0,0.0,0.0,False,2026-27,2026,True,4.0
Nicolás González,Spain,MF,Manchester City,22.0,2002.0,11,9,760,8.4,1,0,1,1,0,0,3,0,0.11904761904761904,0.0,0.11904761904761904,0.11904761904761904,0.11904761904761904,False,2024-25,2024,False,
Nicolás González,Spain,MF,Manchester City,23.0,2002.0,25,17,1569,17.4,1,0,1,1,0,0,6,0,0.0574712643678161,0.0,0.0574712643678161,0.0574712643678161,0.0574712643678161,False,2025-26,2025,False,
Nicolás González,,MF,Newcastle,23.0,2002.0,3,3,164,1.8,0,0,0,0,0,0,1,0,0.0,0.0,0.0,0.0,0.0,False,2026-27,2026,True,4.0
Nicolò Savona,Italy,DF,Nottingham,22.0,2003.0,14,11,1028,11.4,2,0,2,2,0,0,2,0,0.17543859649122806,0.0,0.17543859649122806,0.17543859649122806,0.17543859649122806,False,2025-26,2025,False,
Nicolò Zaniolo,Italy,"MF,FW",Aston Villa,24.0,1999.0,25,9,839,9.3,2,0,2,2,0,0,7,0,0.2150537634408602,0.0,0.2150537634408602,0.2150537634408602,0.2150537634408602,False,2023-24,2023,False,
Nikola Milenković,Serbia,DF,Nottingham,26.0,1997.0,37,37,3330,37.0,5,2,7,5,0,0,4,0,0.13513513513513514,0.05405405405405406,0.1891891891891892,0.13513513513513514,0.1891891891891892,False,2024-25,2024,False,
Nikola Milenković,Serbia,DF,Nottingham,27.0,1997.0,38,37,3375,37.5,0,0,0,0,0,0,6,0,0.0,0.0,0.0,0.0,0.0,False,2025-26,2025,False,
Nikola Milenković,,DF,Nottingham,28.0,1997.0,3,3,270,3.0,0,0,0,0,0,0,1,0,0.0,0.0,0.0,0.0,0.0,False,2026-27,2026,True,4.0
Nikola Vlašić,Croatia,MF,West Ham,23.0,1997.0,19,6,560,6.2,1,0,1,1,0,0,0,0,0.16129032258064516,0.0,0.16129032258064516,0.16129032258064516,0.16129032258064516,False,2021-22,2021,False,
Nilson Angulo,Ecuador,MF,Sunderland,22.0,2003.0,8,5,404,4.5,0,0,0,0,0,0,1,0,0.0,0.0,0.0,0.0,0.0,False,2025-26,2025,False,
Nilson Angulo,,MF,Sunderland,22.0,2003.0,4,4,254,2.8,1,0,1,1,0,0,1,0,0.35,0.0,0.35,0.35,0.35,False,2026-27,2026,True,4.0
Noah Okafor,Switzerland,"FW,MF",Leeds United,25.0,2000.0,28,19,1561,17.3,8,1,9,8,0,0,3,0,0.4624277456647399,0.057803468208092484,0.5202312138728323,0.4624277456647399,0.5202312138728323,False,2025-26,2025,False,
Noah Okafor,,"FW,MF",Leeds United,25.0,2000.0,4,3,225,2.5,1,0,1,1,0,0,0,0,0.4,0.0,0.4,0.4,0.4,False,2026-27,2026,True,4.0
Noah Sadiki,DR Congo,MF,Sunderland,20.0,2004.0,33,33,2889,32.1,0,1,1,0,0,0,9,0,0.0,0.03115264797507788,0.03115264797507788,0.0,0.03115264797507788,False,2025-26,2025,False,
Noah Sadiki,,MF,Sunderland,21.0,2004.0,4,4,343,3.8,0,0,0,0,0,0,1,0,0.0,0.0,0.0,0.0,0.0,False,2026-27,2026,True,4.0
Nobel Mendy,,DF,Hull City,,,4,4,249,2.8,1,0,1,1,0,0,0,0,0.36,0.0,0.36,0.36,0.36,False,2026-27,2026,True,4.0
Noni Madueke,England,"FW,MF",Chelsea,20.0,2002.0,12,7,643,7.1,1,0,1,1,0,0,0,0,0.14084507042253522,0.0,0.14084507042253522,0.14084507042253522,0.14084507042253522,False,2022-23,2022,False,
Noni Madueke,England,MF,Chelsea,21.0,2002.0,23,13,1053,11.7,5,2,7,4,1,1,2,0,0.4273504273504274,0.17094017094017094,0.5982905982905983,0.3418803418803419,0.5128205128205128,False,2023-24,2023,False,
Noni Madueke,England,MF,Chelsea,22.0,2002.0,32,27,2033,22.6,7,3,10,7,0,0,3,0,0.30973451327433627,0.1327433628318584,0.44247787610619466,0.30973451327433627,0.44247787610619466,False,2024-25,2024,False,
Noni Madueke,England,"FW,MF",Arsenal,23.0,2002.0,26,16,1211,13.5,3,1,4,3,0,0,0,0,0.2222222222222222,0.07407407407407407,0.2962962962962963,0.2222222222222222,0.2962962962962963,False,2025-26,2025,False,
Noni Madueke,,"FW,MF",Arsenal,23.0,2002.0,2,0,24,0.3,0,0,0,0,0,0,0,0,0.0,0.0,0.0,0.0,0.0,False,2026-27,2026,True,4.0
Nordi Mukiele,France,DF,Sunderland,27.0,1997.0,32,32,2784,30.9,3,3,6,3,0,0,5,0,0.0970873786407767,0.0970873786407767,0.1941747572815534,0.0970873786407767,0.1941747572815534,False,2025-26,2025,False,
Nordi Mukiele,,DF,Sunderland,28.0,1997.0,3,3,270,3.0,0,0,0,0,0,0,1,0,0.0,0.0,0.0,0.0,0.0,False,2026-27,2026,True,4.0
Noussair Mazraoui,Morocco,"DF,MF",Manchester Utd,26.0,1997.0,37,34,2838,31.5,0,1,1,0,0,0,3,0,0.0,0.031746031746031744,0.031746031746031744,0.0,0.031746031746031744,False,2024-25,2024,False,
Noussair Mazraoui,Morocco,"DF,MF",Manchester Utd,27.0,1997.0,20,11,985,10.9,0,0,0,0,0,0,3,0,0.0,0.0,0.0,0.0,0.0,False,2025-26,2025,False,
Noussair Mazraoui,,DF,Manchester Utd,28.0,1997.0,3,1,98,1.1,0,0,0,0,0,0,0,0,0.0,0.0,0.0,0.0,0.0,False,2026-27,2026,True,4.0
Nuno Tavares,Portugal,DF,Arsenal,21.0,2000.0,22,13,1176,13.1,1,1,2,1,0,0,2,0,0.07633587786259542,0.07633587786259542,0.15267175572519084,0.07633587786259542,0.15267175572519084,False,2021-22,2021,False,
Nuno Tavares,Portugal,DF,Nottingham,23.0,2000.0,8,5,457,5.1,0,0,0,0,0,0,2,0,0.0,0.0,0.0,0.0,0.0,False,2023-24,2023,False,
Nélson Semedo,Portugal,MF,Wolves,27.0,1993.0,25,25,2131,23.7,0,1,1,0,0,0,1,0,0.0,0.04219409282700422,0.04219409282700422,0.0,0.04219409282700422,False,2021-22,2021,False,
Nélson Semedo,Portugal,DF,Wolves,28.0,1993.0,36,31,2632,29.2,0,1,1,0,0,0,11,1,0.0,0.03424657534246575,0.03424657534246575,0.0,0.03424657534246575,False,2022-23,2022,False,
Nélson Semedo,Portugal,"MF,DF",Wolves,29.0,1993.0,36,36,3084,34.3,0,1,1,0,0,0,10,1,0.0,0.02915451895043732,0.02915451895043732,0.0,0.02915451895043732,False,2023-24,2023,False,
Nélson Semedo,Portugal,"MF,DF",Wolves,30.0,1993.0,34,32,2886,32.1,0,4,4,0,0,0,8,0,0.0,0.12461059190031153,0.12461059190031153,0.0,0.12461059190031153,False,2024-25,2024,False,
Odeluga Offiah,England,DF,Brighton,19.0,2002.0,2,0,25,0.3,0,0,0,0,0,0,0,0,0.0,0.0,0.0,0.0,0.0,False,2022-23,2022,False,
Odeluga Offiah,England,DF,Brighton,20.0,2002.0,4,1,128,1.4,0,0,0,0,0,0,0,0,0.0,0.0,0.0,0.0,0.0,False,2023-24,2023,False,
Odsonne Édouard,France,"FW,MF",Crystal Palace,23.0,1998.0,28,18,1564,17.4,6,3,9,5,1,1,4,0,0.3448275862068966,0.1724137931034483,0.5172413793103449,0.2873563218390805,0.4597701149425288,False,2021-22,2021,False,
Odsonne Édouard,France,FW,Crystal Palace,24.0,1998.0,35,20,1803,20.0,5,2,7,5,0,0,3,0,0.25,0.1,0.35,0.25,0.35,False,2022-23,2022,False,
Odsonne Édouard,France,"FW,MF",Crystal Palace,25.0,1998.0,30,17,1555,17.3,7,0,7,7,0,0,4,0,0.40462427745664736,0.0,0.40462427745664736,0.40462427745664736,0.40462427745664736,False,2023-24,2023,False,
Odsonne Édouard,France,FW,Crystal Palace,27.0,1998.0,1,0,3,0.0,0,0,0,0,0,0,0,0,0.0,0.0,0.0,0.0,0.0,False,2025-26,2025,False,
Odsonne ÉdouardOdsonne Édouard,France,MF,Leicester City,26.0,1998.0,6,1,144,1.6,0,0,0,0,0,0,0,0,0.0,0.0,0.0,0.0,0.0,False,2024-25,2024,False,
Odysseas Vlachodimos,Greece,GK,Nottingham,29.0,1994.0,5,5,450,5.0,0,0,0,0,0,0,0,0,0.0,0.0,0.0,0.0,0.0,False,2023-24,2023,False,
Oghenekaro Etebo,Nigeria,MF,Watford,25.0,1995.0,9,4,401,4.5,0,0,0,0,0,0,3,0,0.0,0.0,0.0,0.0,0.0,False,2021-22,2021,False,
Ola Aina,Nigeria,"DF,MF",Nottingham,26.0,1996.0,22,20,1692,18.8,1,1,2,1,0,0,3,0,0.05319148936170213,0.05319148936170213,0.10638297872340426,0.05319148936170213,0.10638297872340426,False,2023-24,2023,False,
Ola Aina,Nigeria,DF,Nottingham,27.0,1996.0,35,35,2995,33.3,2,1,3,2,0,0,5,0,0.060060060060060066,0.030030030030030033,0.0900900900900901,0.060060060060060066,0.0900900900900901,False,2024-25,2024,False,
Ola Aina,Nigeria,DF,Nottingham,28.0,1996.0,18,18,1588,17.6,0,0,0,0,0,0,3,0,0.0,0.0,0.0,0.0,0.0,False,2025-26,2025,False,
Ola Aina,,"MF,DF",Nottingham,29.0,1996.0,4,4,306,3.4,0,0,0,0,0,0,2,0,0.0,0.0,0.0,0.0,0.0,False,2026-27,2026,True,4.0
Oleksandr Zinchenko,Ukraine,DF,Manchester City,24.0,1996.0,15,10,1047,11.6,0,4,4,0,0,0,0,0,0.0,0.3448275862068966,0.3448275862068966,0.0,0.3448275862068966,False,2021-22,2021,False,
Oleksandr Zinchenko,Ukraine,DF,Arsenal,25.0,1996.0,27,26,2118,23.5,1,2,3,1,0,0,3,0,0.0425531914893617,0.0851063829787234,0.1276595744680851,0.0425531914893617,0.1276595744680851,False,2022-23,2022,False,
Oleksandr Zinchenko,Ukraine,DF,Arsenal,26.0,1996.0,27,20,1722,19.1,1,2,3,1,0,0,2,0,0.05235602094240837,0.10471204188481674,0.15706806282722513,0.05235602094240837,0.15706806282722513,False,2023-24,2023,False,
Oleksandr Zinchenko,Ukraine,"DF,MF",Arsenal,27.0,1996.0,15,5,527,5.9,0,1,1,0,0,0,1,0,0.0,0.1694915254237288,0.1694915254237288,0.0,0.1694915254237288,False,2024-25,2024,False,
Oleksandr Zinchenko,Ukraine,DF,Nottingham,28.0,1996.0,5,4,353,3.9,0,0,0,0,0,0,0,0,0.0,0.0,0.0,0.0,0.0,False,2025-26,2025,False,
Oliver Arblaster,England,MF,Sheffield United,19.0,2004.0,12,11,943,10.5,0,0,0,0,0,0,2,0,0.0,0.0,0.0,0.0,0.0,False,2023-24,2023,False,
Oliver McBurnie,Scotland,FW,Sheffield United,27.0,1996.0,21,15,1280,14.2,6,3,9,4,2,2,7,2,0.4225352112676057,0.21126760563380284,0.6338028169014085,0.28169014084507044,0.49295774647887325,False,2023-24,2023,False,
Oliver McBurnie,,FW,Hull City,29.0,1996.0,4,4,351,3.9,0,1,1,0,0,0,2,0,0.0,0.26,0.26,0.0,0.26,False,2026-27,2026,True,4.0
Oliver Norwood,Northern Ireland,MF,Sheffield United,32.0,1991.0,27,16,1440,16.0,1,0,1,0,1,1,8,0,0.0625,0.0,0.0625,0.0,0.0,False,2023-24,2023,False,
Oliver Scarles,England,"MF,DF",West Ham,18.0,2005.0,15,7,665,7.4,0,0,0,0,0,0,1,0,0.0,0.0,0.0,0.0,0.0,False,2024-25,2024,False,
Oliver Scarles,England,"DF,MF",West Ham,19.0,2005.0,13,9,659,7.3,0,0,0,0,0,0,2,0,0.0,0.0,0.0,0.0,0.0,False,2025-26,2025,False,
Oliver Skipp,England,MF,Tottenham,20.0,2000.0,18,14,1350,15.0,0,0,0,0,0,0,6,0,0.0,0.0,0.0,0.0,0.0,False,2021-22,2021,False,
Oliver Skipp,England,MF,Tottenham,21.0,2000.0,23,18,1491,16.6,1,0,1,1,0,0,7,0,0.06024096385542168,0.0,0.06024096385542168,0.06024096385542168,0.06024096385542168,False,2022-23,2022,False,
Oliver Skipp,England,"MF,DF",Tottenham,22.0,2000.0,21,5,707,7.9,0,0,0,0,0,0,3,0,0.0,0.0,0.0,0.0,0.0,False,2023-24,2023,False,
Oliver Skipp,England,MF,Leicester City,23.0,2000.0,24,10,1129,12.5,0,0,0,0,0,0,8,0,0.0,0.0,0.0,0.0,0.0,False,2024-25,2024,False,
Oliver Sonne,Peru,DF,Burnley,24.0,2000.0,7,1,169,1.9,1,0,1,1,0,0,0,0,0.5263157894736842,0.0,0.5263157894736842,0.5263157894736842,0.5263157894736842,False,2025-26,2025,False,
Olivier Boscagli,France,DF,Brighton,27.0,1997.0,12,9,802,8.9,0,1,1,0,0,0,2,0,0.0,0.11235955056179775,0.11235955056179775,0.0,0.11235955056179775,False,2025-26,2025,False,
Olivier Boscagli,,"DF,MF",Brighton,28.0,1997.0,4,4,346,3.8,0,0,0,0,0,0,1,0,0.0,0.0,0.0,0.0,0.0,False,2026-27,2026,True,4.0
Ollie Watkins,England,FW,Aston Villa,25.0,1995.0,35,33,2952,32.8,11,2,13,10,1,1,7,0,0.3353658536585366,0.06097560975609757,0.39634146341463417,0.30487804878048785,0.36585365853658536,False,2021-22,2021,False,
Ollie Watkins,England,FW,Aston Villa,26.0,1995.0,37,36,3127,34.7,15,6,21,14,1,2,4,0,0.4322766570605187,0.17291066282420747,0.6051873198847262,0.4034582132564841,0.5763688760806917,False,2022-23,2022,False,
Ollie Watkins,England,FW,Aston Villa,27.0,1995.0,37,37,3217,35.7,19,13,32,19,0,0,4,0,0.5322128851540616,0.3641456582633053,0.8963585434173669,0.5322128851540616,0.8963585434173669,False,2023-24,2023,False,
Ollie Watkins,England,FW,Aston Villa,28.0,1995.0,38,31,2598,28.9,16,8,24,14,2,2,2,0,0.5536332179930796,0.2768166089965398,0.8304498269896194,0.4844290657439447,0.7612456747404845,False,2024-25,2024,False,
Ollie Watkins,England,FW,Aston Villa,29.0,1995.0,37,33,2839,31.5,16,3,19,16,0,0,4,0,0.5079365079365079,0.09523809523809523,0.6031746031746031,0.5079365079365079,0.6031746031746031,False,2025-26,2025,False,
Omar Alderete,Paraguay,DF,Sunderland,28.0,1996.0,33,32,2798,31.1,1,1,2,1,0,0,6,0,0.03215434083601286,0.03215434083601286,0.06430868167202572,0.03215434083601286,0.06430868167202572,False,2025-26,2025,False,
Omar Alderete,,DF,Sunderland,29.0,1996.0,1,0,24,0.3,0,0,0,0,0,0,0,0,0.0,0.0,0.0,0.0,0.0,False,2026-27,2026,True,4.0
Omar Marmoush,Egypt,"MF,FW",Manchester City,25.0,1999.0,16,14,1175,13.1,7,0,7,7,0,0,0,0,0.5343511450381679,0.0,0.5343511450381679,0.5343511450381679,0.5343511450381679,False,2024-25,2024,False,
Omar Marmoush,Egypt,"FW,MF",Manchester City,26.0,1999.0,21,8,700,7.8,3,3,6,3,0,0,3,0,0.38461538461538464,0.38461538461538464,0.7692307692307693,0.38461538461538464,0.7692307692307693,False,2025-26,2025,False,
Omar Marmoush,,"FW,MF",Tottenham,26.0,1999.0,3,3,249,2.8,0,0,0,0,0,0,0,0,0.0,0.0,0.0,0.0,0.0,False,2026-27,2026,True,4.0
Omari Forson,England,MF,Manchester Utd,19.0,2004.0,4,1,70,0.8,0,1,1,0,0,0,0,0,0.0,1.25,1.25,0.0,1.25,False,2023-24,2023,False,
Omari Hutchinson,England,MF,Chelsea,18.0,2003.0,1,0,23,0.3,0,0,0,0,0,0,0,0,0.0,0.0,0.0,0.0,0.0,False,2022-23,2022,False,
Omari Hutchinson,England,MF,Ipswich Town,20.0,2003.0,31,30,2583,28.7,3,2,5,3,0,0,5,0,0.10452961672473868,0.06968641114982578,0.17421602787456447,0.10452961672473868,0.17421602787456447,False,2024-25,2024,False,
Omari Hutchinson,England,MF,Nottingham,21.0,2003.0,31,17,1688,18.8,1,5,6,1,0,0,1,0,0.05319148936170213,0.26595744680851063,0.3191489361702127,0.05319148936170213,0.3191489361702127,False,2025-26,2025,False,
Omari Kellyman,England,"FW,MF",Aston Villa,17.0,2005.0,2,0,37,0.4,0,0,0,0,0,0,0,0,0.0,0.0,0.0,0.0,0.0,False,2023-24,2023,False,
Orel Mangala,Belgium,MF,Nottingham,24.0,1998.0,27,20,1550,17.2,1,1,2,1,0,0,3,0,0.05813953488372093,0.05813953488372093,0.11627906976744186,0.05813953488372093,0.11627906976744186,False,2022-23,2022,False,
Orel Mangala,Belgium,MF,Nottingham,25.0,1998.0,20,19,1563,17.4,1,0,1,1,0,0,6,0,0.0574712643678161,0.0,0.0574712643678161,0.0574712643678161,0.0574712643678161,False,2023-24,2023,False,
Orel Mangala,Belgium,MF,Everton,26.0,1998.0,19,14,1261,14.0,1,0,1,1,0,0,2,0,0.07142857142857142,0.0,0.07142857142857142,0.07142857142857142,0.07142857142857142,False,2024-25,2024,False,
Oriol Romeu,Spain,MF,Southampton,29.0,1991.0,36,34,2889,32.1,2,2,4,2,0,0,9,0,0.06230529595015576,0.06230529595015576,0.12461059190031153,0.06230529595015576,0.12461059190031153,False,2021-22,2021,False,
Oriol Romeu,Spain,MF,Southampton,30.0,1991.0,1,1,74,0.8,0,0,0,0,0,0,0,0,0.0,0.0,0.0,0.0,0.0,False,2022-23,2022,False,
Oscar Bobb,Norway,MF,Manchester City,20.0,2003.0,14,2,302,3.4,1,1,2,1,0,0,0,0,0.29411764705882354,0.29411764705882354,0.5882352941176471,0.29411764705882354,0.5882352941176471,False,2023-24,2023,False,
Oscar Bobb,Norway,"FW,MF",Manchester City,21.0,2003.0,3,0,16,0.2,0,0,0,0,0,0,0,0,0.0,0.0,0.0,0.0,0.0,False,2024-25,2024,False,
Oscar Bobb,,MF,Fulham,22.0,2003.0,4,4,273,3.0,0,0,0,0,0,0,0,0,0.0,0.0,0.0,0.0,0.0,False,2026-27,2026,True,4.0
Oscar BobbOscar Bobb,Norway,MF,Manchester City,22.0,2003.0,23,11,1039,11.5,0,1,1,0,0,0,1,0,0.0,0.08695652173913043,0.08695652173913043,0.0,0.08695652173913043,False,2025-26,2025,False,
Ousmane Diomande,,DF,Nottingham,,,2,1,91,1.0,0,0,0,0,0,0,0,0,0.0,0.0,0.0,0.0,0.0,False,2026-27,2026,True,4.0
Owen Beck,Wales,"DF,MF",Liverpool,20.0,2002.0,1,0,8,0.1,0,0,0,0,0,0,0,0,0.0,0.0,0.0,0.0,0.0,False,2023-24,2023,False,
Owen Bevan,Wales,DF,Bournemouth,18.0,2003.0,1,0,9,0.1,0,0,0,0,0,0,0,0,0.0,0.0,0.0,0.0,0.0,False,2022-23,2022,False,
Ozan Kabak,Turkey,DF,Norwich City,21.0,2000.0,11,11,922,10.2,0,0,0,0,0,0,2,0,0.0,0.0,0.0,0.0,0.0,False,2021-22,2021,False,
Ozan Tufan,Turkey,MF,Watford,26.0,1995.0,7,4,334,3.7,0,0,0,0,0,0,0,0,0.0,0.0,0.0,0.0,0.0,False,2021-22,2021,False,
Pablo,Brazil,"MF,FW",West Ham,21.0,2004.0,14,10,823,9.1,0,1,1,0,0,0,0,0,0.0,0.10989010989010989,0.10989010989010989,0.0,0.10989010989010989,False,2025-26,2025,False,
Pablo Fornals,Spain,MF,West Ham,25.0,1996.0,36,32,2795,31.1,6,3,9,6,0,0,4,0,0.19292604501607716,0.09646302250803858,0.28938906752411575,0.19292604501607716,0.28938906752411575,False,2021-22,2021,False,
Pablo Fornals,Spain,MF,West Ham,26.0,1996.0,32,17,1503,16.7,3,1,4,3,0,0,0,0,0.17964071856287425,0.059880239520958084,0.23952095808383234,0.17964071856287425,0.23952095808383234,False,2022-23,2022,False,
Pablo Fornals,Spain,MF,West Ham,27.0,1996.0,15,4,426,4.7,0,0,0,0,0,0,0,0,0.0,0.0,0.0,0.0,0.0,False,2023-24,2023,False,
Pablo Marí,Spain,DF,Arsenal,27.0,1993.0,2,2,180,2.0,0,0,0,0,0,0,1,0,0.0,0.0,0.0,0.0,0.0,False,2021-22,2021,False,
Pablo Sarabia,Spain,"MF,FW",Wolves,30.0,1992.0,13,9,765,8.5,1,0,1,1,0,0,3,0,0.11764705882352941,0.0,0.11764705882352941,0.11764705882352941,0.11764705882352941,False,2022-23,2022,False,
Pablo Sarabia,Spain,"MF,FW",Wolves,31.0,1992.0,30,20,1745,19.4,4,7,11,2,2,2,5,0,0.2061855670103093,0.3608247422680413,0.5670103092783506,0.10309278350515465,0.46391752577319595,False,2023-24,2023,False,
Pablo Sarabia,Spain,MF,Wolves,32.0,1992.0,23,7,814,9.0,3,2,5,3,0,0,3,0,0.3333333333333333,0.2222222222222222,0.5555555555555556,0.3333333333333333,0.5555555555555556,False,2024-25,2024,False,
Paddy McNair,,"DF,MF",Hull City,,,1,0,27,0.3,0,0,0,0,0,0,0,0,0.0,0.0,0.0,0.0,0.0,False,2026-27,2026,True,4.0
Pape Matar Sarr,Senegal,MF,Tottenham,19.0,2002.0,11,2,218,2.4,0,1,1,0,0,0,1,0,0.0,0.4166666666666667,0.4166666666666667,0.0,0.4166666666666667,False,2022-23,2022,False,
Pape Matar Sarr,Senegal,MF,Tottenham,20.0,2002.0,34,27,2069,23.0,3,3,6,3,0,0,9,0,0.13043478260869565,0.13043478260869565,0.2608695652173913,0.13043478260869565,0.2608695652173913,False,2023-24,2023,False,
Pape Matar Sarr,Senegal,MF,Tottenham,21.0,2002.0,36,22,1913,21.3,3,2,5,3,0,0,6,0,0.14084507042253522,0.09389671361502347,0.2347417840375587,0.14084507042253522,0.2347417840375587,False,2024-25,2024,False,
Pape Matar Sarr,Senegal,MF,Tottenham,22.0,2002.0,26,13,1398,15.5,2,4,6,2,0,0,3,0,0.12903225806451613,0.25806451612903225,0.3870967741935484,0.12903225806451613,0.3870967741935484,False,2025-26,2025,False,
Pascal Groß,Germany,MF,Brighton,30.0,1991.0,29,24,2038,22.6,2,4,6,2,0,1,1,0,0.08849557522123894,0.17699115044247787,0.2654867256637168,0.08849557522123894,0.2654867256637168,False,2021-22,2021,False,
Pascal Groß,Germany,"MF,DF",Brighton,31.0,1991.0,37,37,3239,36.0,9,8,17,9,0,0,6,0,0.25,0.2222222222222222,0.4722222222222222,0.25,0.4722222222222222,False,2022-23,2022,False,
Pascal Groß,Germany,"MF,DF",Brighton,32.0,1991.0,36,34,3114,34.6,4,10,14,3,1,1,6,0,0.11560693641618497,0.2890173410404624,0.40462427745664736,0.08670520231213873,0.37572254335260113,False,2023-24,2023,False,
Pascal Groß,Germany,MF,Brighton,34.0,1991.0,19,18,1636,18.2,1,3,4,1,0,0,2,0,0.054945054945054944,0.16483516483516483,0.21978021978021978,0.054945054945054944,0.21978021978021978,False,2025-26,2025,False,
Pascal Groß,,MF,Brighton,34.0,1991.0,4,4,360,4.0,2,2,4,1,1,1,2,0,0.5,0.5,1.0,0.25,0.75,False,2026-27,2026,True,4.0
Pascal Struijk,Netherlands,DF,Leeds United,21.0,1999.0,29,22,2055,22.8,1,0,1,1,0,0,6,1,0.043859649122807015,0.0,0.043859649122807015,0.043859649122807015,0.043859649122807015,False,2021-22,2021,False,
Pascal Struijk,Netherlands,DF,Leeds United,22.0,1999.0,29,26,2200,24.4,2,1,3,2,0,0,5,0,0.0819672131147541,0.04098360655737705,0.12295081967213116,0.0819672131147541,0.12295081967213116,False,2022-23,2022,False,
Pascal Struijk,Netherlands,DF,Leeds United,25.0,1999.0,34,33,2936,32.6,0,1,1,0,0,0,5,0,0.0,0.03067484662576687,0.03067484662576687,0.0,0.03067484662576687,False,2025-26,2025,False,
Pascal Struijk,,DF,Brighton,26.0,1999.0,2,0,14,0.2,0,0,0,0,0,0,0,0,0.0,0.0,0.0,0.0,0.0,False,2026-27,2026,True,4.0
Patrick Bamford,England,FW,Leeds United,27.0,1993.0,9,7,559,6.2,2,2,4,2,0,0,2,0,0.3225806451612903,0.3225806451612903,0.6451612903225806,0.3225806451612903,0.6451612903225806,False,2021-22,2021,False,
Patrick Bamford,England,FW,Leeds United,28.0,1993.0,28,18,1515,16.8,4,2,6,4,0,2,3,0,0.23809523809523808,0.11904761904761904,0.35714285714285715,0.23809523809523808,0.35714285714285715,False,2022-23,2022,False,
Patrick Dorgu,Denmark,MF,Manchester Utd,19.0,2004.0,12,10,842,9.4,0,0,0,0,0,0,3,1,0.0,0.0,0.0,0.0,0.0,False,2024-25,2024,False,
Patrick Dorgu,Denmark,MF,Manchester Utd,20.0,2004.0,26,15,1449,16.1,4,4,8,4,0,0,5,0,0.24844720496894407,0.24844720496894407,0.49689440993788814,0.24844720496894407,0.49689440993788814,False,2025-26,2025,False,
Patrick Dorgu,,"MF,DF",Manchester Utd,21.0,2004.0,4,2,167,1.9,0,0,0,0,0,0,1,0,0.0,0.0,0.0,0.0,0.0,False,2026-27,2026,True,4.0
Patrick Roberts,England,"FW,MF",Sunderland,28.0,1997.0,1,0,28,0.3,0,0,0,0,0,0,0,0,0.0,0.0,0.0,0.0,0.0,False,2025-26,2025,False,
Patson Daka,Zambia,FW,Leicester City,22.0,1998.0,23,13,1159,12.9,5,3,8,5,0,0,2,0,0.38759689922480617,0.23255813953488372,0.6201550387596899,0.38759689922480617,0.6201550387596899,False,2021-22,2021,False,
Patson Daka,Zambia,FW,Leicester City,23.0,1998.0,30,13,1187,13.2,4,4,8,4,0,0,2,0,0.30303030303030304,0.30303030303030304,0.6060606060606061,0.30303030303030304,0.6060606060606061,False,2022-23,2022,False,
Patson Daka,Zambia,"MF,FW",Leicester City,25.0,1998.0,23,6,736,8.2,1,0,1,1,0,0,0,0,0.12195121951219513,0.0,0.12195121951219513,0.12195121951219513,0.12195121951219513,False,2024-25,2024,False,
Pau Torres,Spain,DF,Aston Villa,26.0,1997.0,29,27,2464,27.4,2,0,2,2,0,0,1,0,0.07299270072992702,0.0,0.07299270072992702,0.07299270072992702,0.07299270072992702,False,2023-24,2023,False,
Pau Torres,Spain,DF,Aston Villa,27.0,1997.0,24,23,2020,22.4,0,0,0,0,0,0,2,0,0.0,0.0,0.0,0.0,0.0,False,2024-25,2024,False,
Pau Torres,Spain,DF,Aston Villa,28.0,1997.0,21,18,1676,18.6,0,0,0,0,0,0,1,0,0.0,0.0,0.0,0.0,0.0,False,2025-26,2025,False,
Pau Torres,,DF,Aston Villa,28.0,1997.0,3,3,187,2.1,0,0,0,0,0,0,0,0,0.0,0.0,0.0,0.0,0.0,False,2026-27,2026,True,4.0
Paul Dummett,Wales,DF,Newcastle,29.0,1991.0,3,2,198,2.2,0,0,0,0,0,0,2,0,0.0,0.0,0.0,0.0,0.0,False,2021-22,2021,False,
Paul Dummett,Wales,DF,Newcastle,31.0,1991.0,5,0,20,0.2,0,0,0,0,0,0,0,0,0.0,0.0,0.0,0.0,0.0,False,2023-24,2023,False,
Paul Onuachu,Nigeria,FW,Southampton,28.0,1994.0,11,4,407,4.5,0,0,0,0,0,0,0,0,0.0,0.0,0.0,0.0,0.0,False,2022-23,2022,False,
Paul Onuachu,Nigeria,FW,Southampton,30.0,1994.0,25,11,1050,11.7,4,1,5,4,0,0,4,0,0.3418803418803419,0.08547008547008547,0.4273504273504274,0.3418803418803419,0.4273504273504274,False,2024-25,2024,False,
Paul Pogba,France,MF,Manchester Utd,28.0,1993.0,20,16,1349,15.0,1,9,10,1,0,0,7,1,0.06666666666666667,0.6,0.6666666666666666,0.06666666666666667,0.6666666666666666,False,2021-22,2021,False,
Pedro Lima,Brazil,MF,Wolves,18.0,2006.0,3,1,70,0.8,0,0,0,0,0,0,0,0,0.0,0.0,0.0,0.0,0.0,False,2024-25,2024,False,
Pedro Lima,Brazil,MF,Wolves,19.0,2006.0,9,3,260,2.9,0,0,0,0,0,0,0,0,0.0,0.0,0.0,0.0,0.0,False,2025-26,2025,False,
Pedro Neto,Portugal,"FW,MF",Wolves,21.0,2000.0,13,5,466,5.2,1,1,2,1,0,0,3,0,0.1923076923076923,0.1923076923076923,0.3846153846153846,0.1923076923076923,0.3846153846153846,False,2021-22,2021,False,
Pedro Neto,Portugal,"MF,FW",Wolves,22.0,2000.0,18,13,964,10.7,0,0,0,0,0,0,1,0,0.0,0.0,0.0,0.0,0.0,False,2022-23,2022,False,
Pedro Neto,Portugal,"MF,FW",Wolves,23.0,2000.0,20,18,1516,16.8,2,9,11,2,0,0,4,0,0.11904761904761904,0.5357142857142857,0.6547619047619048,0.11904761904761904,0.6547619047619048,False,2023-24,2023,False,
Pedro Neto,Portugal,"MF,FW",Chelsea,24.0,2000.0,35,24,2269,25.2,4,6,10,4,0,0,8,0,0.15873015873015872,0.2380952380952381,0.39682539682539686,0.15873015873015872,0.39682539682539686,False,2024-25,2024,False,
Pedro Neto,Portugal,"MF,FW",Chelsea,25.0,2000.0,34,30,2631,29.2,5,6,11,5,0,0,4,1,0.17123287671232876,0.20547945205479454,0.3767123287671233,0.17123287671232876,0.3767123287671233,False,2025-26,2025,False,
Pedro Neto,,MF,Chelsea,25.0,2000.0,4,3,247,2.7,1,0,1,1,0,0,0,0,0.36,0.0,0.36,0.36,0.36,False,2026-27,2026,True,4.0
Pedro Porro,Spain,MF,Tottenham,22.0,1999.0,15,13,1131,12.6,3,3,6,3,0,0,0,0,0.2380952380952381,0.2380952380952381,0.4761904761904762,0.2380952380952381,0.4761904761904762,False,2022-23,2022,False,
Pedro Porro,Spain,DF,Tottenham,23.0,1999.0,35,35,3089,34.3,3,7,10,3,0,0,3,0,0.08746355685131196,0.20408163265306123,0.2915451895043732,0.08746355685131196,0.2915451895043732,False,2023-24,2023,False,
Pedro Porro,Spain,DF,Tottenham,24.0,1999.0,33,28,2610,29.0,2,6,8,2,0,0,5,0,0.06896551724137931,0.20689655172413793,0.27586206896551724,0.06896551724137931,0.27586206896551724,False,2024-25,2024,False,
Pedro Porro,Spain,DF,Tottenham,25.0,1999.0,34,32,2796,31.1,1,2,3,1,0,0,10,0,0.03215434083601286,0.06430868167202572,0.09646302250803858,0.03215434083601286,0.09646302250803858,False,2025-26,2025,False,
Pedro Porro,,"MF,DF",Tottenham,26.0,1999.0,2,2,180,2.0,0,0,0,0,0,0,0,0,0.0,0.0,0.0,0.0,0.0,False,2026-27,2026,True,4.0
Pelly Ruddock Mpanzu,DR Congo,MF,Luton Town,30.0,1993.0,27,11,1101,12.2,0,0,0,0,0,0,1,0,0.0,0.0,0.0,0.0,0.0,False,2023-24,2023,False,
Pep Chavarría,,"DF,MF",Chelsea,,,4,0,121,1.3,0,0,0,0,0,0,0,0,0.0,0.0,0.0,0.0,0.0,False,2026-27,2026,True,4.0
Pervis Estupiñán,Ecuador,"DF,MF",Brighton,24.0,1998.0,35,31,2675,29.7,1,5,6,1,0,0,4,0,0.03367003367003367,0.16835016835016836,0.20202020202020202,0.03367003367003367,0.20202020202020202,False,2022-23,2022,False,
Pervis Estupiñán,Ecuador,"DF,MF",Brighton,25.0,1998.0,19,15,1243,13.8,2,3,5,2,0,0,4,0,0.14492753623188406,0.21739130434782608,0.36231884057971014,0.14492753623188406,0.36231884057971014,False,2023-24,2023,False,
Pervis Estupiñán,Ecuador,DF,Brighton,26.0,1998.0,30,26,2402,26.7,1,1,2,1,0,0,5,0,0.03745318352059925,0.03745318352059925,0.0749063670411985,0.03745318352059925,0.0749063670411985,False,2024-25,2024,False,
Phil Foden,England,FW,Manchester City,21.0,2000.0,28,24,2128,23.6,9,5,14,9,0,0,1,0,0.3813559322033898,0.211864406779661,0.5932203389830508,0.3813559322033898,0.5932203389830508,False,2021-22,2021,False,
Phil Foden,England,"FW,MF",Manchester City,22.0,2000.0,32,22,1842,20.5,11,6,17,11,0,0,1,0,0.5365853658536586,0.2926829268292683,0.8292682926829268,0.5365853658536586,0.8292682926829268,False,2022-23,2022,False,
Phil Foden,England,MF,Manchester City,23.0,2000.0,35,33,2857,31.7,19,8,27,19,0,0,2,0,0.5993690851735016,0.25236593059936907,0.8517350157728707,0.5993690851735016,0.8517350157728707,False,2023-24,2023,False,
Phil Foden,England,"MF,FW",Manchester City,24.0,2000.0,28,20,1777,19.7,7,2,9,7,0,0,2,0,0.3553299492385787,0.10152284263959391,0.4568527918781726,0.3553299492385787,0.4568527918781726,False,2024-25,2024,False,
Phil Foden,England,MF,Manchester City,25.0,2000.0,33,23,2086,23.2,7,5,12,7,0,0,4,0,0.3017241379310345,0.21551724137931036,0.5172413793103449,0.3017241379310345,0.5172413793103449,False,2025-26,2025,False,
Phil Foden,,MF,Manchester City,25.0,2000.0,4,3,218,2.4,0,2,2,0,0,0,1,1,0.0,0.83,0.83,0.0,0.83,False,2026-27,2026,True,4.0
Phil Jones,England,DF,Manchester Utd,29.0,1992.0,4,2,163,1.8,0,0,0,0,0,0,0,0,0.0,0.0,0.0,0.0,0.0,False,2021-22,2021,False,
Philip Billing,Denmark,"MF,FW",Bournemouth,26.0,1996.0,36,34,2764,30.7,7,1,8,7,0,0,5,0,0.22801302931596093,0.03257328990228013,0.26058631921824105,0.22801302931596093,0.26058631921824105,False,2022-23,2022,False,
Philip Billing,Denmark,MF,Bournemouth,27.0,1996.0,29,13,1398,15.5,2,2,4,2,0,0,3,1,0.12903225806451613,0.12903225806451613,0.25806451612903225,0.12903225806451613,0.25806451612903225,False,2023-24,2023,False,
Philip Billing,Denmark,MF,Bournemouth,28.0,1996.0,10,1,184,2.0,0,0,0,0,0,0,1,0,0.0,0.0,0.0,0.0,0.0,False,2024-25,2024,False,
Philippe Coutinho,Brazil,"MF,FW",Aston Villa,29.0,1992.0,19,16,1329,14.8,5,3,8,5,0,0,0,0,0.33783783783783783,0.2027027027027027,0.5405405405405405,0.33783783783783783,0.5405405405405405,False,2021-22,2021,False,
Philippe Coutinho,Brazil,"FW,MF",Aston Villa,30.0,1992.0,20,7,788,8.8,1,0,1,1,0,0,3,0,0.11363636363636363,0.0,0.11363636363636363,0.11363636363636363,0.11363636363636363,False,2022-23,2022,False,
Philippe Coutinho,Brazil,"FW,MF",Aston Villa,31.0,1992.0,2,0,25,0.3,0,0,0,0,0,0,0,0,0.0,0.0,0.0,0.0,0.0,False,2023-24,2023,False,
Piero Hincapié,Ecuador,DF,Arsenal,23.0,2002.0,25,20,1792,19.9,1,2,3,1,0,0,2,0,0.05025125628140704,0.10050251256281408,0.15075376884422112,0.05025125628140704,0.15075376884422112,False,2025-26,2025,False,
Piero Hincapié,,DF,Arsenal,23.0,2002.0,2,0,33,0.4,0,0,0,0,0,0,0,0,0.0,0.0,0.0,0.0,0.0,False,2026-27,2026,True,4.0
Pierre Højbjerg,Denmark,MF,Tottenham,25.0,1995.0,36,36,3196,35.5,2,2,4,2,0,0,3,0,0.056338028169014086,0.056338028169014086,0.11267605633802817,0.056338028169014086,0.11267605633802817,False,2021-22,2021,False,
Pierre Højbjerg,Denmark,MF,Tottenham,26.0,1995.0,35,35,3131,34.8,4,5,9,4,0,0,5,0,0.1149425287356322,0.14367816091954025,0.25862068965517243,0.1149425287356322,0.25862068965517243,False,2022-23,2022,False,
Pierre Højbjerg,Denmark,MF,Tottenham,27.0,1995.0,36,8,1311,14.6,0,0,0,0,0,0,4,0,0.0,0.0,0.0,0.0,0.0,False,2023-24,2023,False,
Pierre Lees-Melou,France,MF,Norwich City,28.0,1993.0,33,27,2265,25.2,1,0,1,1,0,0,5,0,0.03968253968253968,0.0,0.03968253968253968,0.03968253968253968,0.03968253968253968,False,2021-22,2021,False,
Pierre-Emerick Aubameyang,Gabon,FW,Arsenal,32.0,1989.0,14,12,1037,11.5,4,1,5,4,0,2,3,0,0.34782608695652173,0.08695652173913043,0.43478260869565216,0.34782608695652173,0.43478260869565216,False,2021-22,2021,False,
Pierre-Emerick Aubameyang,Gabon,FW,Chelsea,33.0,1989.0,15,5,554,6.2,1,0,1,1,0,0,1,0,0.16129032258064516,0.0,0.16129032258064516,0.16129032258064516,0.16129032258064516,False,2022-23,2022,False,
Pontus Jansson,Sweden,DF,Brentford,30.0,1991.0,37,37,3321,36.9,3,1,4,3,0,0,7,0,0.08130081300813008,0.02710027100271003,0.10840108401084012,0.08130081300813008,0.10840108401084012,False,2021-22,2021,False,
Pontus Jansson,Sweden,DF,Brentford,31.0,1991.0,12,9,724,8.0,1,0,1,1,0,0,0,0,0.125,0.0,0.125,0.125,0.125,False,2022-23,2022,False,
Promise David,,FW,Brighton,,,2,0,24,0.3,0,0,0,0,0,0,1,0,0.0,0.0,0.0,0.0,0.0,False,2026-27,2026,True,4.0
Przemysław Płacheta,Poland,"MF,FW",Norwich City,23.0,1998.0,12,6,504,5.6,0,0,0,0,0,0,1,0,0.0,0.0,0.0,0.0,0.0,False,2021-22,2021,False,
Quilindschy Hartman,Netherlands,DF,Burnley,23.0,2001.0,21,21,1825,20.3,0,5,5,0,0,0,1,0,0.0,0.24630541871921183,0.24630541871921183,0.0,0.24630541871921183,False,2025-26,2025,False,
Quinten Timber,,MF,Crystal Palace,,,2,2,163,1.8,0,0,0,0,0,0,0,0,0.0,0.0,0.0,0.0,0.0,False,2026-27,2026,True,4.0
Radu Drăgușin,Romania,DF,Tottenham,21.0,2002.0,9,4,429,4.8,0,0,0,0,0,0,1,0,0.0,0.0,0.0,0.0,0.0,False,2023-24,2023,False,
Radu Drăgușin,Romania,DF,Tottenham,22.0,2002.0,16,14,1252,13.9,0,0,0,0,0,0,1,0,0.0,0.0,0.0,0.0,0.0,False,2024-25,2024,False,
Radu Drăgușin,Romania,DF,Tottenham,23.0,2002.0,10,5,517,5.7,0,0,0,0,0,0,0,0,0.0,0.0,0.0,0.0,0.0,False,2025-26,2025,False,
Raheem Sterling,England,"FW,MF",Manchester City,26.0,1994.0,30,23,2128,23.6,13,5,18,11,2,3,1,0,0.5508474576271186,0.211864406779661,0.7627118644067796,0.4661016949152542,0.6779661016949152,False,2021-22,2021,False,
Raheem Sterling,England,"FW,MF",Chelsea,27.0,1994.0,28,23,1891,21.0,6,3,9,6,0,0,4,0,0.2857142857142857,0.14285714285714285,0.42857142857142855,0.2857142857142857,0.42857142857142855,False,2022-23,2022,False,
Raheem Sterling,England,MF,Chelsea,28.0,1994.0,31,22,1978,22.0,8,4,12,8,0,0,7,0,0.36363636363636365,0.18181818181818182,0.5454545454545454,0.36363636363636365,0.5454545454545454,False,2023-24,2023,False,
Raheem Sterling,England,"FW,MF",Arsenal,29.0,1994.0,17,7,499,5.5,0,2,2,0,0,0,1,0,0.0,0.36363636363636365,0.36363636363636365,0.0,0.36363636363636365,False,2024-25,2024,False,
Ramón Sosa,Paraguay,MF,Nottingham,24.0,1999.0,19,1,295,3.3,1,0,1,1,0,0,1,0,0.30303030303030304,0.0,0.30303030303030304,0.30303030303030304,0.30303030303030304,False,2024-25,2024,False,
Randal Kolo Muani,France,"FW,MF",Tottenham,26.0,1998.0,30,21,1664,18.5,1,1,2,1,0,0,3,0,0.05405405405405406,0.05405405405405406,0.10810810810810811,0.05405405405405406,0.10810810810810811,False,2025-26,2025,False,
Raphaël Varane,France,DF,Manchester Utd,28.0,1993.0,22,20,1831,20.3,1,1,2,1,0,0,0,0,0.04926108374384236,0.04926108374384236,0.09852216748768472,0.04926108374384236,0.09852216748768472,False,2021-22,2021,False,
Raphaël Varane,France,DF,Manchester Utd,29.0,1993.0,24,22,1911,21.2,0,0,0,0,0,0,1,0,0.0,0.0,0.0,0.0,0.0,False,2022-23,2022,False,
Raphaël Varane,France,DF,Manchester Utd,30.0,1993.0,22,16,1375,15.3,1,0,1,1,0,0,2,0,0.06535947712418301,0.0,0.06535947712418301,0.06535947712418301,0.06535947712418301,False,2023-24,2023,False,
Raphinha,Brazil,"MF,FW",Leeds United,24.0,1996.0,35,34,2915,32.4,11,3,14,7,4,4,7,0,0.3395061728395062,0.0925925925925926,0.4320987654320988,0.2160493827160494,0.308641975308642,False,2021-22,2021,False,
Rasmus Højlund,Denmark,FW,Manchester Utd,20.0,2003.0,30,25,2158,24.0,10,2,12,10,0,0,2,0,0.4166666666666667,0.08333333333333333,0.5,0.4166666666666667,0.5,False,2023-24,2023,False,
Rasmus Højlund,Denmark,FW,Manchester Utd,21.0,2003.0,32,23,2004,22.3,4,0,4,4,0,0,2,0,0.17937219730941703,0.0,0.17937219730941703,0.17937219730941703,0.17937219730941703,False,2024-25,2024,False,
Rasmus Kristensen,Denmark,DF,Leeds United,25.0,1997.0,26,21,1960,21.8,3,1,4,3,0,0,4,0,0.13761467889908258,0.04587155963302752,0.18348623853211007,0.13761467889908258,0.18348623853211007,False,2022-23,2022,False,
Rayan,Brazil,MF,Bournemouth,18.0,2006.0,15,13,1111,12.3,5,2,7,5,0,0,1,0,0.4065040650406504,0.16260162601626016,0.5691056910569106,0.4065040650406504,0.5691056910569106,False,2025-26,2025,False,
Rayan,,MF,Bournemouth,19.0,2006.0,4,4,347,3.9,0,0,0,0,0,0,0,0,0.0,0.0,0.0,0.0,0.0,False,2026-27,2026,True,4.0
Rayan Aït-Nouri,Algeria,MF,Wolves,20.0,2001.0,23,20,1828,20.3,1,2,3,1,0,0,4,0,0.04926108374384236,0.09852216748768472,0.14778325123152708,0.04926108374384236,0.14778325123152708,False,2021-22,2021,False,
Rayan Aït-Nouri,Algeria,"DF,MF",Wolves,21.0,2001.0,21,9,1076,12.0,1,0,1,1,0,0,4,0,0.08333333333333333,0.0,0.08333333333333333,0.08333333333333333,0.08333333333333333,False,2022-23,2022,False,
Rayan Aït-Nouri,Algeria,"MF,DF",Wolves,22.0,2001.0,33,29,2329,25.9,2,1,3,2,0,0,7,0,0.07722007722007722,0.03861003861003861,0.11583011583011583,0.07722007722007722,0.11583011583011583,False,2023-24,2023,False,
Rayan Aït-Nouri,Algeria,"MF,DF",Wolves,23.0,2001.0,37,37,3109,34.5,4,7,11,4,0,0,7,1,0.11594202898550725,0.2028985507246377,0.3188405797101449,0.11594202898550725,0.3188405797101449,False,2024-25,2024,False,
Rayan Aït-Nouri,Algeria,DF,Manchester City,24.0,2001.0,17,12,974,10.8,0,2,2,0,0,0,2,0,0.0,0.18518518518518517,0.18518518518518517,0.0,0.18518518518518517,False,2025-26,2025,False,
Rayan Cherki,France,MF,Manchester City,21.0,2003.0,33,19,1786,19.8,4,12,16,4,0,0,1,0,0.20202020202020202,0.6060606060606061,0.8080808080808081,0.20202020202020202,0.8080808080808081,False,2025-26,2025,False,
Rayan Cherki,,MF,Manchester City,22.0,2003.0,4,3,219,2.4,2,2,4,2,0,0,1,0,0.82,0.82,1.64,0.82,1.64,False,2026-27,2026,True,4.0
Raúl Jiménez,Mexico,FW,Wolves,30.0,1991.0,34,30,2631,29.2,6,4,10,5,1,1,9,2,0.20547945205479454,0.136986301369863,0.3424657534246575,0.17123287671232876,0.3082191780821918,False,2021-22,2021,False,
Raúl Jiménez,Mexico,FW,Wolves,31.0,1991.0,15,8,846,9.4,0,1,1,0,0,0,0,0,0.0,0.10638297872340426,0.10638297872340426,0.0,0.10638297872340426,False,2022-23,2022,False,
Raúl Jiménez,Mexico,FW,Fulham,32.0,1991.0,24,18,1395,15.5,7,0,7,7,0,0,3,1,0.45161290322580644,0.0,0.45161290322580644,0.45161290322580644,0.45161290322580644,False,2023-24,2023,False,
Raúl Jiménez,Mexico,FW,Fulham,33.0,1991.0,38,30,2494,27.7,12,3,15,9,3,3,4,0,0.4332129963898917,0.10830324909747292,0.5415162454873647,0.3249097472924188,0.43321299638989175,False,2024-25,2024,False,
Raúl Jiménez,Mexico,FW,Fulham,34.0,1991.0,36,27,2189,24.3,9,3,12,5,4,4,5,0,0.37037037037037035,0.12345679012345678,0.49382716049382713,0.205761316872428,0.3292181069958847,False,2025-26,2025,False,
Reece Burke,England,DF,Luton Town,26.0,1996.0,22,20,1660,18.4,0,4,4,0,0,0,5,0,0.0,0.2173913043478261,0.2173913043478261,0.0,0.2173913043478261,False,2023-24,2023,False,
Reece James,England,MF,Chelsea,21.0,1999.0,26,22,1864,20.7,5,9,14,5,0,0,4,1,0.24154589371980678,0.43478260869565216,0.6763285024154589,0.24154589371980678,0.6763285024154589,False,2021-22,2021,False,
Reece James,England,"DF,MF",Chelsea,22.0,1999.0,16,14,1244,13.8,1,1,2,1,0,0,4,0,0.07246376811594203,0.07246376811594203,0.14492753623188406,0.07246376811594203,0.14492753623188406,False,2022-23,2022,False,
Reece James,England,"DF,MF",Chelsea,23.0,1999.0,10,5,419,4.7,0,2,2,0,0,0,2,2,0.0,0.425531914893617,0.425531914893617,0.0,0.425531914893617,False,2023-24,2023,False,
Reece James,England,"DF,MF",Chelsea,24.0,1999.0,19,12,1063,11.8,1,1,2,1,0,0,1,0,0.0847457627118644,0.0847457627118644,0.1694915254237288,0.0847457627118644,0.1694915254237288,False,2024-25,2024,False,
Reece James,England,"DF,MF",Chelsea,25.0,1999.0,29,20,1963,21.8,2,4,6,2,0,0,4,0,0.09174311926605504,0.18348623853211007,0.27522935779816515,0.09174311926605504,0.27522935779816515,False,2025-26,2025,False,
Reece James,,MF,Chelsea,26.0,1999.0,4,3,293,3.3,0,0,0,0,0,0,1,0,0.0,0.0,0.0,0.0,0.0,False,2026-27,2026,True,4.0
Regan Slater,,MF,Hull City,,,4,4,360,4.0,0,1,1,0,0,0,1,0,0.0,0.25,0.25,0.0,0.25,False,2026-27,2026,True,4.0
Reinildo Mandava,Mozambique,DF,Sunderland,31.0,1994.0,25,23,1966,21.8,0,1,1,0,0,0,7,1,0.0,0.04587155963302752,0.04587155963302752,0.0,0.04587155963302752,False,2025-26,2025,False,
Reinildo Mandava,,DF,Sunderland,31.0,1994.0,4,4,359,4.0,0,0,0,0,0,0,2,1,0.0,0.0,0.0,0.0,0.0,False,2026-27,2026,True,4.0
Reiss Nelson,England,"FW,MF",Arsenal,21.0,1999.0,1,0,20,0.2,0,0,0,0,0,0,0,0,0.0,0.0,0.0,0.0,0.0,False,2021-22,2021,False,
Reiss Nelson,England,"FW,MF",Arsenal,22.0,1999.0,11,0,212,2.4,3,2,5,3,0,0,0,0,1.25,0.8333333333333334,2.0833333333333335,1.25,2.0833333333333335,False,2022-23,2022,False,
Reiss Nelson,England,FW,Arsenal,23.0,1999.0,15,1,268,3.0,0,0,0,0,0,0,1,0,0.0,0.0,0.0,0.0,0.0,False,2023-24,2023,False,
Reiss Nelson,England,"FW,MF",Brentford,25.0,1999.0,10,0,126,1.4,0,1,1,0,0,0,0,0,0.0,0.7142857142857143,0.7142857142857143,0.0,0.7142857142857143,False,2025-26,2025,False,
Reiss NelsonReiss Nelson,England,"FW,MF",Fulham,24.0,1999.0,12,5,490,5.4,1,1,2,1,0,0,1,0,0.18518518518518517,0.18518518518518517,0.37037037037037035,0.18518518518518517,0.37037037037037035,False,2024-25,2024,False,
Remi Matthews,England,GK,Crystal Palace,29.0,1994.0,1,0,4,0.0,0,0,0,0,0,0,0,0,0.0,0.0,0.0,0.0,0.0,False,2023-24,2023,False,
Remo Freuler,Switzerland,MF,Nottingham,30.0,1992.0,28,24,2161,24.0,0,0,0,0,0,0,4,0,0.0,0.0,0.0,0.0,0.0,False,2022-23,2022,False,
Remy Rees-Dottin,England,FW,Bournemouth,18.0,2006.0,1,0,1,0.0,0,0,0,0,0,0,0,0,0.0,0.0,0.0,0.0,0.0,False,2024-25,2024,False,
Renan Lodi,Brazil,"DF,MF",Nottingham,24.0,1998.0,28,26,2214,24.6,0,1,1,0,0,0,7,0,0.0,0.04065040650406504,0.04065040650406504,0.0,0.04065040650406504,False,2022-23,2022,False,
Renato Veiga,Portugal,MF,Chelsea,21.0,2003.0,7,1,181,2.0,0,0,0,0,0,0,2,0,0.0,0.0,0.0,0.0,0.0,False,2024-25,2024,False,
Rhian Brewster,England,FW,Sheffield United,23.0,2000.0,13,3,346,3.8,0,0,0,0,0,0,0,1,0.0,0.0,0.0,0.0,0.0,False,2023-24,2023,False,
Rhys Norrington-Davies,Wales,DF,Sheffield United,24.0,1999.0,5,2,110,1.2,0,0,0,0,0,0,1,0,0.0,0.0,0.0,0.0,0.0,False,2023-24,2023,False,
Ricardo Pereira,Portugal,"DF,MF",Leicester City,27.0,1993.0,14,13,991,11.0,1,3,4,1,0,0,3,0,0.09090909090909091,0.2727272727272727,0.36363636363636365,0.09090909090909091,0.36363636363636365,False,2021-22,2021,False,
Ricardo Pereira,Portugal,"DF,MF",Leicester City,28.0,1993.0,10,5,454,5.0,1,1,2,1,0,0,2,0,0.2,0.2,0.4,0.2,0.4,False,2022-23,2022,False,
Ricardo Pereira,Portugal,DF,Leicester City,30.0,1993.0,10,4,388,4.3,0,0,0,0,0,0,1,0,0.0,0.0,0.0,0.0,0.0,False,2024-25,2024,False,
Riccardo Calafiori,Italy,DF,Arsenal,22.0,2002.0,19,11,983,10.9,2,1,3,2,0,0,4,0,0.18348623853211007,0.09174311926605504,0.27522935779816515,0.18348623853211007,0.27522935779816515,False,2024-25,2024,False,
Riccardo Calafiori,Italy,DF,Arsenal,23.0,2002.0,26,22,1699,18.9,1,2,3,1,0,0,5,0,0.052910052910052914,0.10582010582010583,0.15873015873015875,0.052910052910052914,0.15873015873015875,False,2025-26,2025,False,
Riccardo Calafiori,,DF,Arsenal,23.0,2002.0,4,4,327,3.6,0,2,2,0,0,0,0,0,0.0,0.55,0.55,0.0,0.55,False,2026-27,2026,True,4.0
Richarlison,Brazil,"FW,MF",Everton,24.0,1997.0,30,28,2523,28.0,10,5,15,7,3,3,9,0,0.35714285714285715,0.17857142857142858,0.5357142857142857,0.25,0.42857142857142855,False,2021-22,2021,False,
Richarlison,Brazil,"MF,FW",Tottenham,25.0,1997.0,27,12,1010,11.2,1,3,4,1,0,0,3,0,0.08928571428571429,0.26785714285714285,0.35714285714285715,0.08928571428571429,0.35714285714285715,False,2022-23,2022,False,
Richarlison,Brazil,"FW,MF",Tottenham,26.0,1997.0,28,18,1491,16.6,11,4,15,11,0,0,3,0,0.6626506024096385,0.24096385542168672,0.9036144578313252,0.6626506024096385,0.9036144578313252,False,2023-24,2023,False,
Richarlison,Brazil,FW,Tottenham,27.0,1997.0,15,4,504,5.6,4,1,5,4,0,0,2,0,0.7142857142857143,0.17857142857142858,0.8928571428571429,0.7142857142857143,0.8928571428571429,False,2024-25,2024,False,
Richarlison,Brazil,"FW,MF",Tottenham,28.0,1997.0,32,20,1964,21.8,11,4,15,11,0,0,5,0,0.5045871559633027,0.18348623853211007,0.6880733944954128,0.5045871559633027,0.6880733944954128,False,2025-26,2025,False,
Richarlison,,FW,Tottenham,28.0,1997.0,1,1,67,0.7,0,0,0,0,0,0,0,0,0.0,0.0,0.0,0.0,0.0,False,2026-27,2026,True,4.0
Rico Henry,Jamaica,"MF,DF",Brentford,24.0,1997.0,34,33,2776,30.8,3,0,3,3,0,0,2,0,0.09740259740259741,0.0,0.09740259740259741,0.09740259740259741,0.09740259740259741,False,2021-22,2021,False,
Rico Henry,Jamaica,"DF,MF",Brentford,25.0,1997.0,37,37,3238,36.0,0,2,2,0,0,0,4,0,0.0,0.05555555555555555,0.05555555555555555,0.0,0.05555555555555555,False,2022-23,2022,False,
Rico Henry,Jamaica,DF,Brentford,26.0,1997.0,5,5,401,4.5,0,1,1,0,0,0,1,0,0.0,0.2222222222222222,0.2222222222222222,0.0,0.2222222222222222,False,2023-24,2023,False,
Rico Henry,Jamaica,"DF,MF",Brentford,27.0,1997.0,5,0,99,1.1,0,0,0,0,0,0,0,0,0.0,0.0,0.0,0.0,0.0,False,2024-25,2024,False,
Rico Henry,Jamaica,DF,Brentford,28.0,1997.0,25,14,1328,14.8,0,1,1,0,0,0,2,0,0.0,0.06756756756756756,0.06756756756756756,0.0,0.06756756756756756,False,2025-26,2025,False,
Rico Henry,,"DF,MF",Brentford,28.0,1997.0,1,0,3,0.0,0,0,0,0,0,0,0,0,0.0,0.0,0.0,0.0,0.0,False,2026-27,2026,True,4.0
Rico Lewis,England,"DF,MF",Manchester City,17.0,2004.0,14,10,903,10.0,0,0,0,0,0,0,1,0,0.0,0.0,0.0,0.0,0.0,False,2022-23,2022,False,
Rico Lewis,England,"DF,MF",Manchester City,18.0,2004.0,16,8,809,9.0,2,0,2,2,0,0,1,0,0.2222222222222222,0.0,0.2222222222222222,0.2222222222222222,0.2222222222222222,False,2023-24,2023,False,
Rico Lewis,England,"DF,MF",Manchester City,19.0,2004.0,28,21,1893,21.0,1,2,3,1,0,0,5,1,0.047619047619047616,0.09523809523809523,0.14285714285714285,0.047619047619047616,0.14285714285714285,False,2024-25,2024,False,
Rico Lewis,England,DF,Manchester City,20.0,2004.0,11,4,407,4.5,0,1,1,0,0,0,2,0,0.0,0.2222222222222222,0.2222222222222222,0.0,0.2222222222222222,False,2025-26,2025,False,
Rico Lewis,,DF,Manchester City,21.0,2004.0,1,1,56,0.6,0,0,0,0,0,0,0,0,0.0,0.0,0.0,0.0,0.0,False,2026-27,2026,True,4.0
Rio Cardines,Trinidad & Tobago,MF,Crystal Palace,19.0,2006.0,1,1,90,1.0,0,0,0,0,0,0,0,0,0.0,0.0,0.0,0.0,0.0,False,2025-26,2025,False,
Rio Ngumoha,England,MF,Liverpool,16.0,2008.0,19,5,560,6.2,2,1,3,2,0,0,0,0,0.3225806451612903,0.16129032258064516,0.48387096774193544,0.3225806451612903,0.48387096774193544,False,2025-26,2025,False,
Rio Ngumoha,,MF,Liverpool,17.0,2008.0,3,1,101,1.1,0,0,0,0,0,0,0,0,0.0,0.0,0.0,0.0,0.0,False,2026-27,2026,True,4.0
Riyad Mahrez,Algeria,FW,Manchester City,30.0,1991.0,28,15,1498,16.6,11,5,16,7,4,5,0,0,0.6626506024096385,0.3012048192771084,0.9638554216867469,0.4216867469879518,0.7228915662650601,False,2021-22,2021,False,
Riyad Mahrez,Algeria,"MF,FW",Manchester City,31.0,1991.0,30,22,1920,21.3,5,10,15,4,1,1,2,0,0.2347417840375587,0.4694835680751174,0.704225352112676,0.18779342723004694,0.6572769953051643,False,2022-23,2022,False,
Rob Holding,England,DF,Arsenal,25.0,1995.0,15,9,845,9.4,1,0,1,1,0,0,4,1,0.10638297872340426,0.0,0.10638297872340426,0.10638297872340426,0.10638297872340426,False,2021-22,2021,False,
Rob Holding,England,DF,Arsenal,26.0,1995.0,14,6,566,6.3,1,0,1,1,0,0,0,0,0.15873015873015872,0.0,0.15873015873015872,0.15873015873015872,0.15873015873015872,False,2022-23,2022,False,
Robert Sánchez,Spain,GK,Brighton,23.0,1997.0,37,37,3329,37.0,0,0,0,0,0,0,3,1,0.0,0.0,0.0,0.0,0.0,False,2021-22,2021,False,
Robert Sánchez,Spain,GK,Brighton,24.0,1997.0,23,23,2070,23.0,0,0,0,0,0,0,2,0,0.0,0.0,0.0,0.0,0.0,False,2022-23,2022,False,
Robert Sánchez,Spain,GK,Chelsea,25.0,1997.0,16,16,1433,15.9,0,0,0,0,0,0,2,0,0.0,0.0,0.0,0.0,0.0,False,2023-24,2023,False,
Robert Sánchez,Spain,GK,Chelsea,26.0,1997.0,32,32,2880,32.0,0,0,0,0,0,0,5,0,0.0,0.0,0.0,0.0,0.0,False,2024-25,2024,False,
Robert Sánchez,Spain,GK,Chelsea,27.0,1997.0,35,35,3039,33.8,0,1,1,0,0,0,3,1,0.0,0.02958579881656805,0.02958579881656805,0.0,0.02958579881656805,False,2025-26,2025,False,
Robert Sánchez,,GK,Chelsea,28.0,1997.0,1,1,90,1.0,0,0,0,0,0,0,0,0,0.0,0.0,0.0,0.0,0.0,False,2026-27,2026,True,4.0
Roberto Firmino,Brazil,FW,Liverpool,29.0,1991.0,20,10,990,11.0,5,4,9,5,0,0,3,0,0.45454545454545453,0.36363636363636365,0.8181818181818182,0.45454545454545453,0.8181818181818182,False,2021-22,2021,False,
Roberto Firmino,Brazil,FW,Liverpool,30.0,1991.0,25,13,1213,13.5,11,4,15,11,0,0,0,0,0.8148148148148148,0.2962962962962963,1.1111111111111112,0.8148148148148148,1.1111111111111112,False,2022-23,2022,False,
Robin Koch,Germany,"MF,DF",Leeds United,25.0,1996.0,20,17,1574,17.5,0,0,0,0,0,0,3,0,0.0,0.0,0.0,0.0,0.0,False,2021-22,2021,False,
Robin Koch,Germany,DF,Leeds United,26.0,1996.0,36,36,3175,35.3,0,0,0,0,0,0,7,0,0.0,0.0,0.0,0.0,0.0,False,2022-23,2022,False,
Robin Olsen,Sweden,GK,Aston Villa,31.0,1990.0,1,1,90,1.0,0,0,0,0,0,0,0,0,0.0,0.0,0.0,0.0,0.0,False,2021-22,2021,False,
Robin Olsen,Sweden,GK,Aston Villa,32.0,1990.0,4,2,281,3.1,0,0,0,0,0,0,0,0,0.0,0.0,0.0,0.0,0.0,False,2022-23,2022,False,
Robin Olsen,Sweden,GK,Aston Villa,33.0,1990.0,5,4,405,4.5,0,0,0,0,0,0,0,0,0.0,0.0,0.0,0.0,0.0,False,2023-24,2023,False,
Robin Olsen,Sweden,GK,Aston Villa,34.0,1990.0,4,1,226,2.5,0,0,0,0,0,0,0,0,0.0,0.0,0.0,0.0,0.0,False,2024-25,2024,False,
Robin Roefs,Netherlands,GK,Sunderland,22.0,2003.0,35,35,3150,35.0,0,0,0,0,0,0,4,0,0.0,0.0,0.0,0.0,0.0,False,2025-26,2025,False,
Robin Roefs,,GK,Sunderland,22.0,2003.0,4,4,360,4.0,0,0,0,0,0,0,0,0,0.0,0.0,0.0,0.0,0.0,False,2026-27,2026,True,4.0
Robinio Vaz,,FW,Hull City,,,1,0,9,0.1,0,0,0,0,0,0,0,0,0.0,0.0,0.0,0.0,0.0,False,2026-27,2026,True,4.0
Rodri,Spain,MF,Manchester City,25.0,1996.0,33,33,2884,32.0,7,2,9,7,0,0,5,0,0.21875,0.0625,0.28125,0.21875,0.28125,False,2021-22,2021,False,
Rodri,Spain,"MF,DF",Manchester City,26.0,1996.0,36,34,2911,32.3,2,6,8,2,0,0,5,0,0.061919504643962855,0.18575851393188855,0.24767801857585142,0.061919504643962855,0.24767801857585142,False,2022-23,2022,False,
Rodri,Spain,"MF,DF",Manchester City,27.0,1996.0,34,34,2931,32.6,8,9,17,8,0,0,8,1,0.24539877300613497,0.2760736196319018,0.5214723926380368,0.24539877300613497,0.5214723926380368,False,2023-24,2023,False,
Rodri,Spain,MF,Manchester City,28.0,1996.0,3,1,73,0.8,0,0,0,0,0,0,0,0,0.0,0.0,0.0,0.0,0.0,False,2024-25,2024,False,
Rodri,Spain,MF,Manchester City,29.0,1996.0,21,17,1511,16.8,1,0,1,1,0,0,3,0,0.05952380952380952,0.0,0.05952380952380952,0.05952380952380952,0.05952380952380952,False,2025-26,2025,False,
Rodrigo,Spain,"MF,FW",Leeds United,30.0,1991.0,31,27,2265,25.2,6,1,7,5,1,1,9,0,0.2380952380952381,0.03968253968253968,0.2777777777777778,0.19841269841269843,0.2380952380952381,False,2021-22,2021,False,
Rodrigo,Spain,"FW,MF",Leeds United,31.0,1991.0,31,23,1935,21.5,13,1,14,12,1,1,6,0,0.6046511627906976,0.046511627906976744,0.6511627906976745,0.5581395348837209,0.6046511627906977,False,2022-23,2022,False,
Rodrigo Bentancur,Uruguay,MF,Tottenham,24.0,1997.0,17,16,1361,15.1,0,4,4,0,0,0,5,0,0.0,0.26490066225165565,0.26490066225165565,0.0,0.26490066225165565,False,2021-22,2021,False,
Rodrigo Bentancur,Uruguay,MF,Tottenham,25.0,1997.0,18,17,1500,16.7,5,2,7,5,0,0,8,0,0.29940119760479045,0.11976047904191617,0.4191616766467066,0.29940119760479045,0.4191616766467066,False,2022-23,2022,False,
Rodrigo Bentancur,Uruguay,MF,Tottenham,26.0,1997.0,23,13,1005,11.2,1,1,2,1,0,0,7,0,0.08928571428571429,0.08928571428571429,0.17857142857142858,0.08928571428571429,0.17857142857142858,False,2023-24,2023,False,
Rodrigo Bentancur,Uruguay,MF,Tottenham,27.0,1997.0,26,21,1645,18.3,2,0,2,2,0,0,9,0,0.1092896174863388,0.0,0.1092896174863388,0.1092896174863388,0.1092896174863388,False,2024-25,2024,False,
Rodrigo Bentancur,Uruguay,MF,Tottenham,28.0,1997.0,26,23,1883,20.9,1,1,2,1,0,0,7,0,0.04784688995215311,0.04784688995215311,0.09569377990430622,0.04784688995215311,0.09569377990430622,False,2025-26,2025,False,
Rodrigo Bentancur,,MF,Tottenham,28.0,1997.0,4,3,287,3.2,0,0,0,0,0,0,0,0,0.0,0.0,0.0,0.0,0.0,False,2026-27,2026,True,4.0
Rodrigo Gomes,Portugal,MF,Wolves,21.0,2003.0,25,7,810,9.0,2,0,2,2,0,0,0,0,0.2222222222222222,0.0,0.2222222222222222,0.2222222222222222,0.2222222222222222,False,2024-25,2024,False,
Rodrigo Gomes,Portugal,"MF,FW",Wolves,22.0,2003.0,22,9,960,10.7,3,0,3,3,0,0,0,0,0.28037383177570097,0.0,0.28037383177570097,0.28037383177570097,0.28037383177570097,False,2025-26,2025,False,
Rodrigo Muniz,Brazil,FW,Fulham,22.0,2001.0,26,18,1593,17.7,9,1,10,9,0,0,1,0,0.5084745762711864,0.05649717514124294,0.5649717514124294,0.5084745762711864,0.5649717514124294,False,2023-24,2023,False,
Rodrigo Muniz,Brazil,FW,Fulham,23.0,2001.0,31,8,964,10.7,8,1,9,8,0,0,1,0,0.7476635514018692,0.09345794392523366,0.8411214953271029,0.7476635514018692,0.8411214953271029,False,2024-25,2024,False,
Rodrigo Muniz,Brazil,FW,Fulham,24.0,2001.0,21,10,1000,11.1,1,1,2,1,0,0,2,0,0.0900900900900901,0.0900900900900901,0.1801801801801802,0.0900900900900901,0.1801801801801802,False,2025-26,2025,False,
Rodrigo Muniz,,FW,Fulham,24.0,2001.0,3,0,31,0.3,0,0,0,0,0,0,0,0,0.0,0.0,0.0,0.0,0.0,False,2026-27,2026,True,4.0
Rodrigo Ribeiro,Portugal,FW,Nottingham,18.0,2005.0,4,0,17,0.2,0,0,0,0,0,0,0,0,0.0,0.0,0.0,0.0,0.0,False,2023-24,2023,False,
Romain Esse,England,MF,Crystal Palace,19.0,2005.0,7,1,138,1.5,1,1,2,1,0,0,0,0,0.6666666666666666,0.6666666666666666,1.3333333333333333,0.6666666666666666,1.3333333333333333,False,2024-25,2024,False,
Romain Esse,England,MF,Crystal Palace,20.0,2005.0,4,0,44,0.5,0,0,0,0,0,0,0,0,0.0,0.0,0.0,0.0,0.0,False,2025-26,2025,False,
Romain Faivre,France,MF,Bournemouth,25.0,1998.0,5,0,41,0.5,0,0,0,0,0,0,1,0,0.0,0.0,0.0,0.0,0.0,False,2023-24,2023,False,
Romain Perraud,France,"DF,MF",Southampton,23.0,1997.0,20,18,1623,18.0,0,1,1,0,0,0,3,0,0.0,0.05555555555555555,0.05555555555555555,0.0,0.05555555555555555,False,2021-22,2021,False,
Romain Perraud,France,DF,Southampton,24.0,1997.0,29,22,1835,20.4,2,2,4,2,0,0,4,0,0.09803921568627452,0.09803921568627452,0.19607843137254904,0.09803921568627452,0.19607843137254904,False,2022-23,2022,False,
Romain Saïss,Morocco,DF,Wolves,31.0,1990.0,31,31,2705,30.1,2,0,2,2,0,0,6,0,0.06644518272425248,0.0,0.06644518272425248,0.06644518272425248,0.06644518272425248,False,2021-22,2021,False,
Romaine Mundle,England,MF,Sunderland,22.0,2003.0,14,2,411,4.6,0,0,0,0,0,0,1,0,0.0,0.0,0.0,0.0,0.0,False,2025-26,2025,False,
Romaine Mundle,,MF,Sunderland,22.0,2003.0,1,0,1,0.0,0,0,0,0,0,0,0,0,0.0,0.0,0.0,0.0,0.0,False,2026-27,2026,True,4.0
Roman Dixon,England,DF,Everton,19.0,2004.0,1,1,90,1.0,0,0,0,0,0,0,0,0,0.0,0.0,0.0,0.0,0.0,False,2024-25,2024,False,
Romelle Donovan,England,FW,Brentford,18.0,2006.0,4,0,41,0.5,0,0,0,0,0,0,0,0,0.0,0.0,0.0,0.0,0.0,False,2025-26,2025,False,
Romelu Lukaku,Belgium,FW,Chelsea,28.0,1993.0,26,16,1589,17.7,8,0,8,7,1,1,1,0,0.4519774011299435,0.0,0.4519774011299435,0.3954802259887006,0.3954802259887006,False,2021-22,2021,False,
Roméo Lavia,Belgium,MF,Southampton,18.0,2004.0,29,26,2221,24.7,1,0,1,1,0,0,9,0,0.04048582995951417,0.0,0.04048582995951417,0.04048582995951417,0.04048582995951417,False,2022-23,2022,False,
Roméo Lavia,Belgium,MF,Chelsea,19.0,2004.0,1,0,33,0.4,0,0,0,0,0,0,0,0,0.0,0.0,0.0,0.0,0.0,False,2023-24,2023,False,
Roméo Lavia,Belgium,MF,Chelsea,20.0,2004.0,16,11,797,8.9,0,1,1,0,0,0,4,0,0.0,0.11235955056179775,0.11235955056179775,0.0,0.11235955056179775,False,2024-25,2024,False,
Roméo Lavia,Belgium,MF,Chelsea,21.0,2004.0,12,4,382,4.2,0,0,0,0,0,0,0,0,0.0,0.0,0.0,0.0,0.0,False,2025-26,2025,False,
Roméo Lavia,,MF,Chelsea,21.0,2004.0,4,4,258,2.9,1,0,1,1,0,0,1,0,0.35,0.0,0.35,0.35,0.35,False,2026-27,2026,True,4.0
Ronald Araújo,,DF,Liverpool,,,4,2,196,2.2,0,0,0,0,0,0,1,0,0.0,0.0,0.0,0.0,0.0,False,2026-27,2026,True,4.0
Ronnie Edwards,England,DF,Southampton,21.0,2003.0,1,0,12,0.1,0,0,0,0,0,0,0,0,0.0,0.0,0.0,0.0,0.0,False,2024-25,2024,False,
Ross Barkley,England,MF,Chelsea,27.0,1993.0,6,1,179,2.0,1,0,1,1,0,0,0,0,0.5,0.0,0.5,0.5,0.5,False,2021-22,2021,False,
Ross Barkley,England,MF,Luton Town,29.0,1993.0,32,30,2618,29.1,5,4,9,5,0,0,6,0,0.1718213058419244,0.1374570446735395,0.30927835051546393,0.1718213058419244,0.30927835051546393,False,2023-24,2023,False,
Ross Barkley,England,MF,Aston Villa,30.0,1993.0,20,3,581,6.5,3,1,4,3,0,0,3,0,0.46153846153846156,0.15384615384615385,0.6153846153846154,0.46153846153846156,0.6153846153846154,False,2024-25,2024,False,
Ross Barkley,England,MF,Aston Villa,31.0,1993.0,21,7,857,9.5,3,1,4,3,0,0,1,0,0.3157894736842105,0.10526315789473684,0.42105263157894735,0.3157894736842105,0.42105263157894735,False,2025-26,2025,False,
Ross Barkley,,MF,Aston Villa,32.0,1993.0,4,4,302,3.4,0,0,0,0,0,0,0,0,0.0,0.0,0.0,0.0,0.0,False,2026-27,2026,True,4.0
Ross Stewart,Scotland,FW,Southampton,28.0,1996.0,12,4,389,4.3,1,0,1,1,0,0,1,0,0.23255813953488372,0.0,0.23255813953488372,0.23255813953488372,0.23255813953488372,False,2024-25,2024,False,
Ruben Loftus-Cheek,England,MF,Chelsea,25.0,1996.0,24,13,1394,15.5,0,2,2,0,0,0,1,0,0.0,0.12903225806451613,0.12903225806451613,0.0,0.12903225806451613,False,2021-22,2021,False,
Ruben Loftus-Cheek,England,MF,Chelsea,26.0,1996.0,25,19,1536,17.1,0,1,1,0,0,0,1,0,0.0,0.05847953216374269,0.05847953216374269,0.0,0.05847953216374269,False,2022-23,2022,False,
Ryan Bertrand,England,DF,Leicester City,31.0,1989.0,4,4,337,3.7,0,0,0,0,0,0,1,0,0.0,0.0,0.0,0.0,0.0,False,2021-22,2021,False,
Ryan Christie,Scotland,MF,Bournemouth,27.0,1995.0,32,22,1834,20.4,1,1,2,1,0,0,2,0,0.04901960784313726,0.04901960784313726,0.09803921568627452,0.04901960784313726,0.09803921568627452,False,2022-23,2022,False,
Ryan Christie,Scotland,MF,Bournemouth,28.0,1995.0,37,35,2907,32.3,0,5,5,0,0,0,6,0,0.0,0.15479876160990713,0.15479876160990713,0.0,0.15479876160990713,False,2023-24,2023,False,
Ryan Christie,Scotland,MF,Bournemouth,29.0,1995.0,29,27,2117,23.5,2,3,5,2,0,0,9,0,0.0851063829787234,0.1276595744680851,0.2127659574468085,0.0851063829787234,0.2127659574468085,False,2024-25,2024,False,
Ryan Christie,Scotland,MF,Bournemouth,30.0,1995.0,26,9,994,11.0,2,0,2,2,0,0,3,1,0.18181818181818182,0.0,0.18181818181818182,0.18181818181818182,0.18181818181818182,False,2025-26,2025,False,
Ryan Christie,,"FW,MF",Bournemouth,30.0,1995.0,3,0,30,0.3,0,0,0,0,0,0,0,0,0.0,0.0,0.0,0.0,0.0,False,2026-27,2026,True,4.0
Ryan Fraser,Scotland,"FW,MF",Newcastle,27.0,1994.0,27,18,1465,16.3,2,3,5,2,0,0,3,0,0.12269938650306748,0.18404907975460122,0.3067484662576687,0.12269938650306748,0.3067484662576687,False,2021-22,2021,False,
Ryan Fraser,Scotland,FW,Newcastle,28.0,1994.0,8,3,313,3.5,0,0,0,0,0,0,1,0,0.0,0.0,0.0,0.0,0.0,False,2022-23,2022,False,
Ryan Fraser,Scotland,"MF,DF",Southampton,30.0,1994.0,8,4,306,3.4,0,0,0,0,0,0,0,1,0.0,0.0,0.0,0.0,0.0,False,2024-25,2024,False,
Ryan Fredericks,England,DF,West Ham,28.0,1992.0,7,3,307,3.4,0,0,0,0,0,0,1,0,0.0,0.0,0.0,0.0,0.0,False,2021-22,2021,False,
Ryan Fredericks,England,DF,Bournemouth,29.0,1992.0,12,5,533,5.9,0,0,0,0,0,0,1,0,0.0,0.0,0.0,0.0,0.0,False,2022-23,2022,False,
Ryan Giles,England,"MF,DF",Luton Town,23.0,2000.0,11,5,503,5.6,0,0,0,0,0,0,0,0,0.0,0.0,0.0,0.0,0.0,False,2023-24,2023,False,
Ryan Giles,,DF,Hull City,25.0,2000.0,4,4,354,3.9,0,1,1,0,0,0,0,0,0.0,0.25,0.25,0.0,0.25,False,2026-27,2026,True,4.0
Ryan Gravenberch,Netherlands,MF,Liverpool,21.0,2002.0,26,12,1121,12.5,1,0,1,1,0,0,0,0,0.08,0.0,0.08,0.08,0.08,False,2023-24,2023,False,
Ryan Gravenberch,Netherlands,MF,Liverpool,22.0,2002.0,37,37,3160,35.1,0,4,4,0,0,0,6,1,0.0,0.11396011396011396,0.11396011396011396,0.0,0.11396011396011396,False,2024-25,2024,False,
Ryan Gravenberch,Netherlands,MF,Liverpool,23.0,2002.0,36,34,2992,33.2,5,3,8,5,0,0,5,0,0.1506024096385542,0.09036144578313252,0.24096385542168672,0.1506024096385542,0.24096385542168672,False,2025-26,2025,False,
Ryan Gravenberch,,MF,Liverpool,23.0,2002.0,4,2,183,2.0,0,1,1,0,0,0,0,0,0.0,0.49,0.49,0.0,0.49,False,2026-27,2026,True,4.0
Ryan Manning,Ireland,"DF,MF",Southampton,28.0,1996.0,24,18,1462,16.2,0,1,1,0,0,0,2,0,0.0,0.0617283950617284,0.0617283950617284,0.0,0.0617283950617284,False,2024-25,2024,False,
Ryan Mcaidoo,,FW,Manchester City,,,2,0,13,0.1,0,0,0,0,0,0,0,0,0.0,0.0,0.0,0.0,0.0,False,2026-27,2026,True,4.0
Ryan One,Scotland,MF,Sheffield United,17.0,2006.0,1,0,8,0.1,0,0,0,0,0,0,0,0,0.0,0.0,0.0,0.0,0.0,False,2023-24,2023,False,
Ryan Sessegnon,England,MF,Tottenham,21.0,2000.0,15,13,1047,11.6,0,2,2,0,0,0,2,0,0.0,0.1724137931034483,0.1724137931034483,0.0,0.1724137931034483,False,2021-22,2021,False,
Ryan Sessegnon,England,"MF,DF",Tottenham,22.0,2000.0,17,9,813,9.0,2,0,2,2,0,0,4,0,0.2222222222222222,0.0,0.2222222222222222,0.2222222222222222,0.2222222222222222,False,2022-23,2022,False,
Ryan Sessegnon,England,"MF,DF",Fulham,24.0,2000.0,16,7,580,6.4,4,2,6,4,0,0,1,0,0.625,0.3125,0.9375,0.625,0.9375,False,2024-25,2024,False,
Ryan Sessegnon,England,"DF,MF",Fulham,25.0,2000.0,27,20,1823,20.3,3,1,4,3,0,0,0,0,0.14778325123152708,0.04926108374384236,0.19704433497536944,0.14778325123152708,0.19704433497536944,False,2025-26,2025,False,
Ryan Sessegnon,,"DF,FW",Fulham,25.0,2000.0,3,0,53,0.6,0,0,0,0,0,0,0,0,0.0,0.0,0.0,0.0,0.0,False,2026-27,2026,True,4.0
Ryan Trevitt,England,MF,Brentford,21.0,2003.0,1,0,4,0.0,0,0,0,0,0,0,0,0,0.0,0.0,0.0,0.0,0.0,False,2024-25,2024,False,
Ryan Yates,England,MF,Nottingham,24.0,1997.0,26,21,1837,20.4,0,2,2,0,0,0,5,0,0.0,0.09803921568627452,0.09803921568627452,0.0,0.09803921568627452,False,2022-23,2022,False,
Ryan Yates,England,MF,Nottingham,25.0,1997.0,35,21,1992,22.1,1,1,2,1,0,0,6,0,0.04524886877828054,0.04524886877828054,0.09049773755656108,0.04524886877828054,0.09049773755656108,False,2023-24,2023,False,
Ryan Yates,England,MF,Nottingham,26.0,1997.0,35,18,1915,21.3,2,1,3,2,0,0,10,0,0.09389671361502347,0.046948356807511735,0.14084507042253522,0.09389671361502347,0.14084507042253522,False,2024-25,2024,False,
Ryan Yates,England,MF,Nottingham,27.0,1997.0,22,2,617,6.9,0,2,2,0,0,0,3,0,0.0,0.2898550724637681,0.2898550724637681,0.0,0.2898550724637681,False,2025-26,2025,False,
Rúben Dias,Portugal,DF,Manchester City,24.0,1997.0,29,27,2402,26.7,2,4,6,2,0,0,5,0,0.0749063670411985,0.149812734082397,0.2247191011235955,0.0749063670411985,0.2247191011235955,False,2021-22,2021,False,
Rúben Dias,Portugal,"DF,MF",Manchester City,25.0,1997.0,26,22,1998,22.2,0,0,0,0,0,0,3,0,0.0,0.0,0.0,0.0,0.0,False,2022-23,2022,False,
Rúben Dias,Portugal,"DF,MF",Manchester City,26.0,1997.0,30,28,2559,28.4,0,0,0,0,0,0,0,0,0.0,0.0,0.0,0.0,0.0,False,2023-24,2023,False,
Rúben Dias,Portugal,"DF,MF",Manchester City,27.0,1997.0,27,25,2271,25.2,0,0,0,0,0,0,4,0,0.0,0.0,0.0,0.0,0.0,False,2024-25,2024,False,
Rúben Dias,Portugal,DF,Manchester City,28.0,1997.0,26,24,2141,23.8,2,0,2,2,0,0,3,0,0.08403361344537814,0.0,0.08403361344537814,0.08403361344537814,0.08403361344537814,False,2025-26,2025,False,
Rúben Dias,,DF,Manchester City,28.0,1997.0,4,4,360,4.0,0,0,0,0,0,0,0,0,0.0,0.0,0.0,0.0,0.0,False,2026-27,2026,True,4.0
Rúben Neves,Portugal,MF,Wolves,24.0,1997.0,33,31,2661,29.6,4,2,6,4,0,0,9,0,0.13513513513513511,0.06756756756756756,0.2027027027027027,0.13513513513513511,0.2027027027027027,False,2021-22,2021,False,
Rúben Neves,Portugal,MF,Wolves,25.0,1997.0,35,33,3019,33.5,6,1,7,3,3,3,12,0,0.1791044776119403,0.029850746268656716,0.208955223880597,0.08955223880597014,0.11940298507462686,False,2022-23,2022,False,
Rúben Vinagre,Portugal,"DF,MF",Everton,23.0,1999.0,2,0,26,0.3,0,0,0,0,0,0,0,0,0.0,0.0,0.0,0.0,0.0,False,2022-23,2022,False,
Sadio Mané,Senegal,FW,Liverpool,29.0,1992.0,34,32,2819,31.3,16,2,18,16,0,0,5,0,0.5111821086261981,0.06389776357827476,0.5750798722044729,0.5111821086261981,0.5750798722044729,False,2021-22,2021,False,
Salomón Rondón,Venezuela,FW,Everton,31.0,1989.0,20,8,790,8.8,1,1,2,1,0,0,3,1,0.11363636363636363,0.11363636363636363,0.22727272727272727,0.11363636363636363,0.22727272727272727,False,2021-22,2021,False,
Salomón Rondón,Venezuela,FW,Everton,32.0,1989.0,7,1,109,1.2,0,0,0,0,0,0,0,0,0.0,0.0,0.0,0.0,0.0,False,2022-23,2022,False,
Sam Byram,England,DF,Norwich City,27.0,1993.0,15,11,1027,11.4,0,0,0,0,0,0,3,0,0.0,0.0,0.0,0.0,0.0,False,2021-22,2021,False,
Sam Byram,England,"DF,MF",Leeds United,31.0,1993.0,2,0,9,0.1,0,0,0,0,0,0,0,0,0.0,0.0,0.0,0.0,0.0,False,2025-26,2025,False,
Sam Curtis,Ireland,DF,Sheffield United,17.0,2005.0,1,0,28,0.3,0,0,0,0,0,0,0,0,0.0,0.0,0.0,0.0,0.0,False,2023-24,2023,False,
Sam Greenwood,England,MF,Leeds United,19.0,2002.0,7,1,237,2.6,0,2,2,0,0,0,0,0,0.0,0.7692307692307692,0.7692307692307692,0.0,0.7692307692307692,False,2021-22,2021,False,
Sam Greenwood,England,MF,Leeds United,20.0,2002.0,18,3,424,4.7,1,2,3,1,0,0,1,0,0.2127659574468085,0.425531914893617,0.6382978723404255,0.2127659574468085,0.6382978723404255,False,2022-23,2022,False,
Sam Johnstone,England,GK,Crystal Palace,29.0,1993.0,9,9,810,9.0,0,0,0,0,0,0,1,0,0.0,0.0,0.0,0.0,0.0,False,2022-23,2022,False,
Sam Johnstone,England,GK,Crystal Palace,30.0,1993.0,20,20,1796,20.0,0,0,0,0,0,0,1,0,0.0,0.0,0.0,0.0,0.0,False,2023-24,2023,False,
Sam Johnstone,England,GK,Wolves,31.0,1993.0,7,7,630,7.0,0,0,0,0,0,0,0,0,0.0,0.0,0.0,0.0,0.0,False,2024-25,2024,False,
Sam Johnstone,England,GK,Wolves,32.0,1993.0,12,12,1080,12.0,0,0,0,0,0,0,0,0,0.0,0.0,0.0,0.0,0.0,False,2025-26,2025,False,
Sam Morsy,Egypt,MF,Ipswich Town,32.0,1991.0,33,31,2751,30.6,1,1,2,1,0,0,10,0,0.032679738562091505,0.032679738562091505,0.06535947712418301,0.032679738562091505,0.06535947712418301,False,2024-25,2024,False,
Sam Surridge,England,FW,Nottingham,24.0,1998.0,20,1,323,3.6,1,0,1,1,0,0,2,0,0.2777777777777778,0.0,0.2777777777777778,0.2777777777777778,0.2777777777777778,False,2022-23,2022,False,
Saman Ghoddos,Iran,"FW,MF",Brentford,27.0,1993.0,17,4,536,6.0,1,1,2,1,0,0,2,0,0.16666666666666666,0.16666666666666666,0.3333333333333333,0.16666666666666666,0.3333333333333333,False,2021-22,2021,False,
Saman Ghoddos,Iran,"FW,MF",Brentford,28.0,1993.0,15,0,139,1.5,0,0,0,0,0,0,0,0,0.0,0.0,0.0,0.0,0.0,False,2022-23,2022,False,
Saman Ghoddos,Iran,"DF,MF",Brentford,29.0,1993.0,19,7,739,8.2,1,0,1,1,0,0,5,0,0.12195121951219513,0.0,0.12195121951219513,0.12195121951219513,0.12195121951219513,False,2023-24,2023,False,
Samir Santos,Brazil,DF,Watford,26.0,1994.0,19,19,1673,18.6,0,0,0,0,0,0,4,0,0.0,0.0,0.0,0.0,0.0,False,2021-22,2021,False,
Sammie Szmodics,Ireland,MF,Ipswich Town,28.0,1995.0,20,13,992,11.0,4,0,4,4,0,0,2,0,0.36363636363636365,0.0,0.36363636363636365,0.36363636363636365,0.36363636363636365,False,2024-25,2024,False,
Samuel Amo-Ameyaw,England,"FW,MF",Southampton,16.0,2006.0,1,0,4,0.0,0,0,0,0,0,0,0,0,0.0,0.0,0.0,0.0,0.0,False,2022-23,2022,False,
Samuel Amo-Ameyaw,England,"FW,MF",Southampton,18.0,2006.0,2,0,28,0.3,0,0,0,0,0,0,1,0,0.0,0.0,0.0,0.0,0.0,False,2024-25,2024,False,
Samuel Chukwueze,Nigeria,MF,Fulham,26.0,1999.0,23,10,1079,12.0,3,4,7,3,0,0,0,0,0.25,0.3333333333333333,0.5833333333333334,0.25,0.5833333333333334,False,2025-26,2025,False,
Samuel Edozie,England,"MF,FW",Southampton,19.0,2003.0,17,5,567,6.3,0,0,0,0,0,0,0,0,0.0,0.0,0.0,0.0,0.0,False,2022-23,2022,False,
Samuel Edozie,England,"FW,MF",Southampton,21.0,2003.0,2,0,65,0.7,0,0,0,0,0,0,1,0,0.0,0.0,0.0,0.0,0.0,False,2024-25,2024,False,
Samuel Kalu,Nigeria,FW,Watford,23.0,1997.0,4,2,222,2.5,0,0,0,0,0,0,0,0,0.0,0.0,0.0,0.0,0.0,False,2021-22,2021,False,
Sander Berge,Norway,MF,Burnley,25.0,1998.0,37,34,3005,33.4,1,2,3,1,0,0,10,1,0.029940119760479042,0.059880239520958084,0.08982035928143713,0.029940119760479042,0.08982035928143713,False,2023-24,2023,False,
Sander Berge,Norway,MF,Fulham,26.0,1998.0,31,26,2224,24.7,0,0,0,0,0,0,6,0,0.0,0.0,0.0,0.0,0.0,False,2024-25,2024,False,
Sander Berge,Norway,MF,Fulham,27.0,1998.0,35,34,2905,32.3,0,1,1,0,0,0,5,0,0.0,0.030959752321981428,0.030959752321981428,0.0,0.030959752321981428,False,2025-26,2025,False,
Sander Berge,,MF,Fulham,27.0,1998.0,4,3,274,3.0,0,0,0,0,0,0,0,0,0.0,0.0,0.0,0.0,0.0,False,2026-27,2026,True,4.0
Sandro Tonali,Italy,MF,Newcastle,23.0,2000.0,8,5,438,4.9,1,0,1,1,0,0,2,0,0.2040816326530612,0.0,0.2040816326530612,0.2040816326530612,0.2040816326530612,False,2023-24,2023,False,
Sandro Tonali,Italy,MF,Newcastle,24.0,2000.0,36,28,2630,29.2,4,2,6,4,0,0,5,0,0.136986301369863,0.0684931506849315,0.20547945205479454,0.136986301369863,0.20547945205479454,False,2024-25,2024,False,
Sandro Tonali,Italy,MF,Newcastle,25.0,2000.0,35,31,2534,28.2,0,2,2,0,0,0,4,0,0.0,0.07092198581560284,0.07092198581560284,0.0,0.07092198581560284,False,2025-26,2025,False,
Sandro Tonali,,MF,Tottenham,25.0,2000.0,4,4,344,3.8,0,0,0,0,0,0,0,0,0.0,0.0,0.0,0.0,0.0,False,2026-27,2026,True,4.0
Santiago Bueno,Uruguay,DF,Wolves,24.0,1998.0,12,9,822,9.1,0,0,0,0,0,0,1,0,0.0,0.0,0.0,0.0,0.0,False,2023-24,2023,False,
Santiago Bueno,Uruguay,DF,Wolves,25.0,1998.0,29,18,1687,18.7,0,0,0,0,0,0,2,0,0.0,0.0,0.0,0.0,0.0,False,2024-25,2024,False,
Santiago Bueno,Uruguay,DF,Wolves,26.0,1998.0,29,28,2553,28.4,3,1,4,3,0,0,4,0,0.10563380281690142,0.035211267605633804,0.14084507042253522,0.10563380281690142,0.14084507042253522,False,2025-26,2025,False,
Saïd Benrahma,Algeria,MF,West Ham,25.0,1995.0,32,26,2168,24.1,8,6,14,8,0,0,0,0,0.33195020746887965,0.24896265560165973,0.5809128630705394,0.33195020746887965,0.5809128630705394,False,2021-22,2021,False,
Saïd Benrahma,Algeria,"MF,FW",West Ham,26.0,1995.0,35,22,2069,23.0,6,3,9,2,4,4,0,0,0.2608695652173913,0.13043478260869565,0.391304347826087,0.08695652173913043,0.2173913043478261,False,2022-23,2022,False,
Saïd Benrahma,Algeria,MF,West Ham,27.0,1995.0,13,5,620,6.9,0,1,1,0,0,1,1,0,0.0,0.14492753623188406,0.14492753623188406,0.0,0.14492753623188406,False,2023-24,2023,False,
Saúl Ñíguez,Spain,MF,Chelsea,26.0,1994.0,10,5,480,5.3,0,0,0,0,0,0,1,0,0.0,0.0,0.0,0.0,0.0,False,2021-22,2021,False,
Saša Kalajdžić,Austria,FW,Wolves,25.0,1997.0,1,1,45,0.5,0,0,0,0,0,0,0,0,0.0,0.0,0.0,0.0,0.0,False,2022-23,2022,False,
Saša Kalajdžić,Austria,FW,Wolves,26.0,1997.0,11,1,166,1.8,2,0,2,2,0,0,0,0,1.1111111111111112,0.0,1.1111111111111112,1.1111111111111112,1.1111111111111112,False,2023-24,2023,False,
Saša Kalajdžić,Austria,"FW,MF",Wolves,28.0,1997.0,1,0,15,0.2,0,0,0,0,0,0,0,0,0.0,0.0,0.0,0.0,0.0,False,2025-26,2025,False,
Saša Lukić,Serbia,MF,Fulham,25.0,1996.0,12,4,412,4.6,0,0,0,0,0,0,1,0,0.0,0.0,0.0,0.0,0.0,False,2022-23,2022,False,
Saša Lukić,Serbia,MF,Fulham,26.0,1996.0,24,13,1122,12.5,1,0,1,1,0,0,3,0,0.08,0.0,0.08,0.08,0.08,False,2023-24,2023,False,
Saša Lukić,Serbia,MF,Fulham,27.0,1996.0,30,28,2344,26.0,0,2,2,0,0,0,12,0,0.0,0.07692307692307693,0.07692307692307693,0.0,0.07692307692307693,False,2024-25,2024,False,
Saša Lukić,Serbia,MF,Fulham,28.0,1996.0,26,20,1734,19.3,1,2,3,1,0,0,9,0,0.05181347150259067,0.10362694300518134,0.15544041450777202,0.05181347150259067,0.15544041450777202,False,2025-26,2025,False,
Saša Lukić,,MF,Ipswich Town,29.0,1996.0,4,4,328,3.6,0,1,1,0,0,0,2,0,0.0,0.27,0.27,0.0,0.27,False,2026-27,2026,True,4.0
Scott McKenna,Scotland,DF,Nottingham,25.0,1996.0,20,19,1571,17.5,0,0,0,0,0,0,4,0,0.0,0.0,0.0,0.0,0.0,False,2022-23,2022,False,
Scott McKenna,Scotland,DF,Nottingham,26.0,1996.0,5,5,416,4.6,0,0,0,0,0,0,0,0,0.0,0.0,0.0,0.0,0.0,False,2023-24,2023,False,
Scott McTominay,Scotland,MF,Manchester Utd,24.0,1996.0,30,28,2387,26.5,1,1,2,1,0,0,9,0,0.03773584905660377,0.03773584905660377,0.07547169811320754,0.03773584905660377,0.07547169811320754,False,2021-22,2021,False,
Scott McTominay,Scotland,MF,Manchester Utd,25.0,1996.0,24,10,1160,12.9,1,0,1,1,0,0,8,0,0.07751937984496124,0.0,0.07751937984496124,0.07751937984496124,0.07751937984496124,False,2022-23,2022,False,
Scott McTominay,Scotland,"MF,FW",Manchester Utd,26.0,1996.0,32,18,1901,21.1,7,1,8,7,0,0,2,0,0.33175355450236965,0.04739336492890995,0.3791469194312796,0.33175355450236965,0.3791469194312796,False,2023-24,2023,False,
Scott McTominay,Scotland,MF,Manchester Utd,27.0,1996.0,2,0,19,0.2,0,0,0,0,0,0,0,0,0.0,0.0,0.0,0.0,0.0,False,2024-25,2024,False,
Sead Kolašinac,Bosnia & Herezgovina,DF,Arsenal,28.0,1993.0,2,1,91,1.0,0,0,0,0,0,0,1,0,0.0,0.0,0.0,0.0,0.0,False,2021-22,2021,False,
Sean Longstaff,England,MF,Newcastle,23.0,1997.0,24,15,1464,16.3,1,1,2,1,0,0,1,0,0.06134969325153374,0.06134969325153374,0.12269938650306748,0.06134969325153374,0.12269938650306748,False,2021-22,2021,False,
Sean Longstaff,England,MF,Newcastle,24.0,1997.0,33,28,2518,28.0,1,4,5,1,0,0,2,0,0.03571428571428571,0.14285714285714285,0.17857142857142858,0.03571428571428571,0.17857142857142858,False,2022-23,2022,False,
Sean Longstaff,England,MF,Newcastle,25.0,1997.0,35,30,2747,30.5,6,2,8,6,0,0,7,0,0.19672131147540983,0.06557377049180328,0.26229508196721313,0.19672131147540983,0.26229508196721313,False,2023-24,2023,False,
Sean Longstaff,England,MF,Newcastle,26.0,1997.0,25,8,798,8.9,0,0,0,0,0,0,2,0,0.0,0.0,0.0,0.0,0.0,False,2024-25,2024,False,
Sean Longstaff,England,MF,Leeds United,27.0,1997.0,23,10,1011,11.2,2,2,4,2,0,0,2,0,0.17857142857142858,0.17857142857142858,0.35714285714285715,0.17857142857142858,0.35714285714285715,False,2025-26,2025,False,
Sean Longstaff,,MF,Leeds United,28.0,1997.0,2,0,12,0.1,0,0,0,0,0,0,0,0,0.0,0.0,0.0,0.0,0.0,False,2026-27,2026,True,4.0
Sean Neave,England,FW,Newcastle,18.0,2007.0,1,0,14,0.2,0,0,0,0,0,0,0,0,0.0,0.0,0.0,0.0,0.0,False,2025-26,2025,False,
Sean Steur,,MF,Newcastle,,,4,1,161,1.8,0,0,0,0,0,0,0,0,0.0,0.0,0.0,0.0,0.0,False,2026-27,2026,True,4.0
Sebastiaan Bornauw,Belgium,DF,Leeds United,26.0,1999.0,12,5,429,4.8,0,0,0,0,0,0,1,0,0.0,0.0,0.0,0.0,0.0,False,2025-26,2025,False,
Sekou Mara,France,FW,Southampton,20.0,2002.0,22,4,555,6.2,1,2,3,1,0,0,1,0,0.16129032258064516,0.3225806451612903,0.48387096774193544,0.16129032258064516,0.48387096774193544,False,2022-23,2022,False,
Semi Ajayi,,DF,Hull City,,,4,4,333,3.7,1,0,1,1,0,0,1,0,0.27,0.0,0.27,0.27,0.27,False,2026-27,2026,True,4.0
Senne Lammens,Belgium,GK,Manchester Utd,23.0,2002.0,32,32,2880,32.0,0,0,0,0,0,0,0,0,0.0,0.0,0.0,0.0,0.0,False,2025-26,2025,False,
Senne Lammens,,GK,Manchester Utd,23.0,2002.0,4,4,360,4.0,0,0,0,0,0,0,0,0,0.0,0.0,0.0,0.0,0.0,False,2026-27,2026,True,4.0
Sepp van den Berg,Netherlands,DF,Brentford,22.0,2001.0,31,29,2586,28.7,0,0,0,0,0,0,3,0,0.0,0.0,0.0,0.0,0.0,False,2024-25,2024,False,
Sepp van den Berg,Netherlands,DF,Brentford,23.0,2001.0,32,30,2763,30.7,0,2,2,0,0,0,2,0,0.0,0.06514657980456026,0.06514657980456026,0.0,0.06514657980456026,False,2025-26,2025,False,
Serge Aurier,Ivory Coast,"DF,MF",Nottingham,29.0,1992.0,24,22,1943,21.6,1,0,1,1,0,0,2,0,0.046296296296296294,0.0,0.046296296296296294,0.046296296296296294,0.046296296296296294,False,2022-23,2022,False,
Serge Aurier,Ivory Coast,"DF,MF",Nottingham,30.0,1992.0,12,10,833,9.3,0,2,2,0,0,0,2,0,0.0,0.2150537634408602,0.2150537634408602,0.0,0.2150537634408602,False,2023-24,2023,False,
Sergi Canós,Spain,MF,Brentford,24.0,1997.0,31,25,2083,23.1,3,2,5,3,0,0,8,1,0.12987012987012986,0.08658008658008658,0.21645021645021645,0.12987012987012986,0.21645021645021645,False,2021-22,2021,False,
Sergi Canós,Spain,"FW,MF",Brentford,25.0,1997.0,5,0,77,0.9,0,0,0,0,0,0,0,0,0.0,0.0,0.0,0.0,0.0,False,2022-23,2022,False,
Sergio Gómez,Spain,"MF,FW",Manchester City,21.0,2000.0,12,2,349,3.9,0,1,1,0,0,0,0,0,0.0,0.25641025641025644,0.25641025641025644,0.0,0.25641025641025644,False,2022-23,2022,False,
Sergio Gómez,Spain,"DF,MF",Manchester City,22.0,2000.0,6,0,53,0.6,0,1,1,0,0,0,0,0,0.0,1.6666666666666667,1.6666666666666667,0.0,1.6666666666666667,False,2023-24,2023,False,
Sergio Reguilón,Spain,"MF,DF",Tottenham,24.0,1996.0,25,22,1916,21.3,2,3,5,2,0,0,4,0,0.09389671361502347,0.14084507042253522,0.2347417840375587,0.09389671361502347,0.2347417840375587,False,2021-22,2021,False,
Sergio Reguilón,Spain,DF,Tottenham,27.0,1996.0,4,1,196,2.2,0,0,0,0,0,0,2,0,0.0,0.0,0.0,0.0,0.0,False,2024-25,2024,False,
Sergio ReguilónSergio Reguilón,Spain,"MF,DF",Manchester Utd,26.0,1996.0,25,18,1530,17.0,0,4,4,0,0,0,7,1,0.0,0.23529411764705882,0.23529411764705882,0.0,0.23529411764705882,False,2023-24,2023,False,
Shandon Baptiste,Grenada,MF,Brentford,23.0,1998.0,22,9,910,10.1,1,0,1,1,0,0,2,1,0.09900990099009901,0.0,0.09900990099009901,0.09900990099009901,0.09900990099009901,False,2021-22,2021,False,
Shandon Baptiste,Grenada,MF,Brentford,24.0,1998.0,23,4,618,6.9,0,1,1,0,0,0,3,1,0.0,0.14492753623188406,0.14492753623188406,0.0,0.14492753623188406,False,2022-23,2022,False,
Shandon Baptiste,Grenada,MF,Brentford,25.0,1998.0,10,2,229,2.5,1,1,2,1,0,0,1,0,0.4,0.4,0.8,0.4,0.8,False,2023-24,2023,False,
Shane Duffy,Ireland,DF,Brighton,29.0,1992.0,18,15,1436,16.0,1,0,1,1,0,0,7,0,0.0625,0.0,0.0625,0.0625,0.0625,False,2021-22,2021,False,
Shane Duffy,Ireland,"DF,MF",Fulham,30.0,1992.0,5,0,20,0.2,0,0,0,0,0,0,0,0,0.0,0.0,0.0,0.0,0.0,False,2022-23,2022,False,
Shane Long,Ireland,FW,Southampton,34.0,1987.0,13,3,308,3.4,1,0,1,1,0,0,1,0,0.29411764705882354,0.0,0.29411764705882354,0.29411764705882354,0.29411764705882354,False,2021-22,2021,False,
Shea Charles,Northern Ireland,"DF,MF",Manchester City,18.0,2003.0,1,0,28,0.3,0,0,0,0,0,0,0,0,0.0,0.0,0.0,0.0,0.0,False,2022-23,2022,False,
Shea Charles,,MF,Fulham,22.0,2003.0,4,2,215,2.4,0,0,0,0,0,0,0,0,0.0,0.0,0.0,0.0,0.0,False,2026-27,2026,True,4.0
Shea Lacey,England,FW,Manchester Utd,18.0,2007.0,3,0,43,0.5,0,0,0,0,0,0,0,0,0.0,0.0,0.0,0.0,0.0,False,2025-26,2025,False,
Shea Lacey,,FW,Manchester Utd,18.0,2007.0,1,0,11,0.1,0,0,0,0,0,0,0,0,0.0,0.0,0.0,0.0,0.0,False,2026-27,2026,True,4.0
Shola Shoretire,England,"FW,MF",Manchester Utd,17.0,2004.0,1,0,16,0.2,0,0,0,0,0,0,0,0,0.0,0.0,0.0,0.0,0.0,False,2021-22,2021,False,
Shumaira Mheuka,England,FW,Chelsea,16.0,2007.0,1,0,1,0.0,0,0,0,0,0,0,0,0,0.0,0.0,0.0,0.0,0.0,False,2024-25,2024,False,
Shumaira Mheuka,England,FW,Chelsea,17.0,2007.0,1,0,2,0.0,0,0,0,0,0,0,0,0,0.0,0.0,0.0,0.0,0.0,False,2025-26,2025,False,
Sidiki Cherif,,FW,Coventry City,,,1,0,31,0.3,0,0,0,0,0,0,0,0,0.0,0.0,0.0,0.0,0.0,False,2026-27,2026,True,4.0
Simon Adingra,Ivory Coast,MF,Brighton,21.0,2002.0,31,25,2222,24.7,6,1,7,6,0,0,3,0,0.24291497975708504,0.04048582995951417,0.2834008097165992,0.24291497975708504,0.2834008097165992,False,2023-24,2023,False,
Simon Adingra,Ivory Coast,MF,Brighton,22.0,2002.0,29,12,1097,12.2,2,2,4,2,0,0,0,0,0.1639344262295082,0.1639344262295082,0.3278688524590164,0.1639344262295082,0.3278688524590164,False,2024-25,2024,False,
Simon Adingra,Ivory Coast,"MF,FW",Sunderland,23.0,2002.0,14,9,653,7.3,1,0,1,1,0,0,2,0,0.136986301369863,0.0,0.136986301369863,0.136986301369863,0.136986301369863,False,2025-26,2025,False,
Sindre Egeli,,"FW,MF",Ipswich Town,,,1,0,11,0.1,0,0,0,0,0,0,0,0,0.0,0.0,0.0,0.0,0.0,False,2026-27,2026,True,4.0
Siriki Dembélé,Ivory Coast,"FW,MF",Bournemouth,25.0,1996.0,6,0,110,1.2,0,0,0,0,0,0,0,0,0.0,0.0,0.0,0.0,0.0,False,2022-23,2022,False,
Sofyan Amrabat,Morocco,"MF,DF",Manchester Utd,26.0,1996.0,21,10,938,10.4,0,0,0,0,0,0,6,0,0.0,0.0,0.0,0.0,0.0,False,2023-24,2023,False,
Solly March,England,MF,Brighton,27.0,1994.0,31,17,1746,19.4,0,2,2,0,0,0,1,0,0.0,0.10309278350515465,0.10309278350515465,0.0,0.10309278350515465,False,2021-22,2021,False,
Solly March,England,MF,Brighton,28.0,1994.0,33,31,2715,30.2,6,7,13,6,0,0,2,0,0.19867549668874174,0.2317880794701987,0.43046357615894043,0.19867549668874174,0.43046357615894043,False,2022-23,2022,False,
Solly March,England,"MF,DF",Brighton,29.0,1994.0,7,7,554,6.2,3,1,4,3,0,0,1,0,0.48387096774193544,0.16129032258064516,0.6451612903225806,0.48387096774193544,0.6451612903225806,False,2023-24,2023,False,
Solly March,England,MF,Brighton,30.0,1994.0,8,1,168,1.9,0,0,0,0,0,0,2,0,0.0,0.0,0.0,0.0,0.0,False,2024-25,2024,False,
Solly March,England,MF,Brighton,31.0,1994.0,4,0,41,0.5,0,0,0,0,0,0,0,0,0.0,0.0,0.0,0.0,0.0,False,2025-26,2025,False,
Son Heung-min,South Korea,"MF,FW",Tottenham,29.0,1992.0,35,35,3006,33.4,23,7,30,23,0,0,2,0,0.688622754491018,0.2095808383233533,0.8982035928143713,0.688622754491018,0.8982035928143713,False,2021-22,2021,False,
Son Heung-min,South Korea,"MF,FW",Tottenham,30.0,1992.0,36,33,2888,32.1,10,6,16,10,0,0,2,0,0.3115264797507788,0.18691588785046728,0.4984423676012461,0.3115264797507788,0.4984423676012461,False,2022-23,2022,False,
Son Heung-min,South Korea,"FW,MF",Tottenham,31.0,1992.0,35,34,2934,32.6,17,10,27,15,2,2,1,0,0.5214723926380368,0.3067484662576687,0.8282208588957055,0.460122699386503,0.7668711656441718,False,2023-24,2023,False,
Son Heung-min,South Korea,"FW,MF",Tottenham,32.0,1992.0,30,24,2110,23.4,7,9,16,6,1,2,1,0,0.29914529914529914,0.38461538461538464,0.6837606837606838,0.25641025641025644,0.6410256410256411,False,2024-25,2024,False,
Sonny Perkins,England,"FW,MF",West Ham,17.0,2004.0,1,0,4,0.0,0,0,0,0,0,0,0,0,0.0,0.0,0.0,0.0,0.0,False,2021-22,2021,False,
Sorba Thomas,,"FW,MF",Hull City,,,2,0,59,0.7,0,0,0,0,0,0,0,0,0.0,0.0,0.0,0.0,0.0,False,2026-27,2026,True,4.0
Soungoutou Magassa,France,MF,West Ham,21.0,2003.0,22,11,981,10.9,1,0,1,1,0,0,4,0,0.09174311926605504,0.0,0.09174311926605504,0.09174311926605504,0.09174311926605504,False,2025-26,2025,False,
Souza,Brazil,MF,Tottenham,19.0,2006.0,4,2,144,1.6,0,0,0,0,0,0,1,0,0.0,0.0,0.0,0.0,0.0,False,2025-26,2025,False,
Stefan Bajcetic,Spain,MF,Liverpool,17.0,2004.0,11,6,526,5.8,1,0,1,1,0,0,2,0,0.1724137931034483,0.0,0.1724137931034483,0.1724137931034483,0.1724137931034483,False,2022-23,2022,False,
Stefan Bajcetic,Spain,MF,Liverpool,18.0,2004.0,1,0,26,0.3,0,0,0,0,0,0,0,0,0.0,0.0,0.0,0.0,0.0,False,2023-24,2023,False,
Stefan Ortega,Germany,GK,Manchester City,29.0,1992.0,3,3,270,3.0,0,0,0,0,0,0,0,0,0.0,0.0,0.0,0.0,0.0,False,2022-23,2022,False,
Stefan Ortega,Germany,GK,Manchester City,30.0,1992.0,9,5,635,7.1,0,0,0,0,0,0,0,0,0.0,0.0,0.0,0.0,0.0,False,2023-24,2023,False,
Stefan Ortega,Germany,GK,Manchester City,31.0,1992.0,13,12,1100,12.2,0,0,0,0,0,0,1,0,0.0,0.0,0.0,0.0,0.0,False,2024-25,2024,False,
Stefan Ortega,Germany,GK,Nottingham,32.0,1992.0,3,3,270,3.0,0,0,0,0,0,0,0,0,0.0,0.0,0.0,0.0,0.0,False,2025-26,2025,False,
Stefanos Tzimas,Greece,FW,Brighton,19.0,2006.0,9,1,139,1.5,1,1,2,1,0,0,0,0,0.6666666666666666,0.6666666666666666,1.3333333333333333,0.6666666666666666,1.3333333333333333,False,2025-26,2025,False,
Stephy Mavididi,England,MF,Leicester City,26.0,1998.0,30,16,1615,17.9,4,1,5,4,0,0,2,0,0.223463687150838,0.0558659217877095,0.2793296089385475,0.223463687150838,0.2793296089385475,False,2024-25,2024,False,
Steve Cook,England,DF,Nottingham,31.0,1991.0,12,11,957,10.6,0,0,0,0,0,0,4,0,0.0,0.0,0.0,0.0,0.0,False,2022-23,2022,False,
Steven Alzate,Colombia,MF,Brighton,22.0,1998.0,9,5,404,4.5,0,0,0,0,0,0,0,0,0.0,0.0,0.0,0.0,0.0,False,2021-22,2021,False,
Steven Bergwijn,Netherlands,"MF,FW",Tottenham,23.0,1997.0,25,4,565,6.3,3,1,4,3,0,0,1,0,0.4761904761904762,0.15873015873015872,0.6349206349206349,0.4761904761904762,0.6349206349206349,False,2021-22,2021,False,
Stuart Armstrong,Scotland,"MF,FW",Southampton,29.0,1992.0,25,15,1473,16.4,2,0,2,2,0,0,1,0,0.12195121951219513,0.0,0.12195121951219513,0.12195121951219513,0.12195121951219513,False,2021-22,2021,False,
Stuart Armstrong,Scotland,MF,Southampton,30.0,1992.0,32,14,1408,15.6,2,1,3,2,0,0,6,0,0.12820512820512822,0.06410256410256411,0.19230769230769232,0.12820512820512822,0.19230769230769232,False,2022-23,2022,False,
Stuart Dallas,Northern Ireland,"DF,MF",Leeds United,30.0,1991.0,34,34,2919,32.4,1,1,2,1,0,0,5,0,0.0308641975308642,0.0308641975308642,0.0617283950617284,0.0308641975308642,0.0617283950617284,False,2021-22,2021,False,
Stuart McKinstry,Scotland,MF,Leeds United,18.0,2002.0,1,0,4,0.0,0,0,0,0,0,0,0,0,0.0,0.0,0.0,0.0,0.0,False,2021-22,2021,False,
Sven Botman,Netherlands,DF,Newcastle,22.0,2000.0,36,35,3127,34.7,0,0,0,0,0,0,2,0,0.0,0.0,0.0,0.0,0.0,False,2022-23,2022,False,
Sven Botman,Netherlands,DF,Newcastle,23.0,2000.0,17,15,1377,15.3,2,2,4,2,0,0,2,0,0.13071895424836602,0.13071895424836602,0.26143790849673204,0.13071895424836602,0.26143790849673204,False,2023-24,2023,False,
Sven Botman,Netherlands,DF,Newcastle,24.0,2000.0,8,6,412,4.6,0,0,0,0,0,0,1,0,0.0,0.0,0.0,0.0,0.0,False,2024-25,2024,False,
Sven Botman,Netherlands,DF,Newcastle,25.0,2000.0,25,21,1835,20.4,1,1,2,1,0,0,2,0,0.04901960784313726,0.04901960784313726,0.09803921568627452,0.04901960784313726,0.09803921568627452,False,2025-26,2025,False,
Sven Botman,,DF,Newcastle,25.0,2000.0,4,4,360,4.0,0,0,0,0,0,0,1,0,0.0,0.0,0.0,0.0,0.0,False,2026-27,2026,True,4.0
Sydie Peck,England,MF,Sheffield United,18.0,2004.0,1,0,10,0.1,0,0,0,0,0,0,0,0,0.0,0.0,0.0,0.0,0.0,False,2023-24,2023,False,
Sávio,Brazil,"MF,FW",Manchester City,20.0,2004.0,29,21,1766,19.6,1,8,9,1,0,0,3,0,0.0510204081632653,0.4081632653061224,0.4591836734693877,0.0510204081632653,0.4591836734693877,False,2024-25,2024,False,
Sávio,Brazil,MF,Manchester City,21.0,2004.0,24,7,833,9.3,1,1,2,1,0,0,2,0,0.1075268817204301,0.1075268817204301,0.2150537634408602,0.1075268817204301,0.2150537634408602,False,2025-26,2025,False,
Sávio,,MF,Tottenham,21.0,2004.0,2,2,150,1.7,0,0,0,0,0,0,0,0,0.0,0.0,0.0,0.0,0.0,False,2026-27,2026,True,4.0
Séamus Coleman,Ireland,"DF,MF",Everton,32.0,1988.0,30,30,2656,29.5,1,0,1,1,0,0,4,0,0.03389830508474576,0.0,0.03389830508474576,0.03389830508474576,0.03389830508474576,False,2021-22,2021,False,
Séamus Coleman,Ireland,"DF,MF",Everton,33.0,1988.0,23,20,1656,18.4,1,0,1,1,0,0,1,0,0.05434782608695653,0.0,0.05434782608695653,0.05434782608695653,0.05434782608695653,False,2022-23,2022,False,
Séamus Coleman,Ireland,DF,Everton,34.0,1988.0,12,7,665,7.4,0,0,0,0,0,0,0,0,0.0,0.0,0.0,0.0,0.0,False,2023-24,2023,False,
Séamus Coleman,Ireland,DF,Everton,35.0,1988.0,5,3,215,2.4,0,0,0,0,0,0,1,0,0.0,0.0,0.0,0.0,0.0,False,2024-25,2024,False,
Séamus Coleman,Ireland,DF,Everton,36.0,1988.0,5,1,21,0.2,0,0,0,0,0,0,0,0,0.0,0.0,0.0,0.0,0.0,False,2025-26,2025,False,
Tahith Chong,Curacao,"MF,FW",Luton Town,23.0,1999.0,33,20,1982,22.0,4,0,4,4,0,0,4,0,0.18181818181818182,0.0,0.18181818181818182,0.18181818181818182,0.18181818181818182,False,2023-24,2023,False,
Taiwo Awoniyi,Nigeria,FW,Nottingham,24.0,1997.0,27,17,1404,15.6,10,1,11,10,0,0,2,0,0.6410256410256411,0.06410256410256411,0.7051282051282052,0.6410256410256411,0.7051282051282052,False,2022-23,2022,False,
Taiwo Awoniyi,Nigeria,FW,Nottingham,25.0,1997.0,20,12,1042,11.6,6,3,9,6,0,0,2,0,0.5172413793103449,0.25862068965517243,0.7758620689655172,0.5172413793103449,0.7758620689655172,False,2023-24,2023,False,
Taiwo Awoniyi,Nigeria,FW,Nottingham,26.0,1997.0,26,3,416,4.6,1,0,1,1,0,0,0,0,0.2173913043478261,0.0,0.2173913043478261,0.2173913043478261,0.2173913043478261,False,2024-25,2024,False,
Taiwo Awoniyi,Nigeria,FW,Nottingham,27.0,1997.0,17,3,494,5.5,4,1,5,4,0,0,2,0,0.7272727272727273,0.18181818181818182,0.9090909090909091,0.7272727272727273,0.9090909090909091,False,2025-26,2025,False,
Taiwo Awoniyi,,FW,Coventry City,28.0,1997.0,4,3,233,2.6,0,0,0,0,0,0,0,1,0.0,0.0,0.0,0.0,0.0,False,2026-27,2026,True,4.0
Takehiro Tomiyasu,Japan,DF,Arsenal,22.0,1998.0,21,20,1679,18.7,0,1,1,0,0,0,2,0,0.0,0.053475935828877004,0.053475935828877004,0.0,0.053475935828877004,False,2021-22,2021,False,
Takehiro Tomiyasu,Japan,DF,Arsenal,23.0,1998.0,21,6,663,7.4,0,1,1,0,0,0,2,0,0.0,0.13513513513513511,0.13513513513513511,0.0,0.13513513513513511,False,2022-23,2022,False,
Takehiro Tomiyasu,Japan,DF,Arsenal,24.0,1998.0,22,10,1149,12.8,2,1,3,2,0,0,2,1,0.15625,0.078125,0.234375,0.15625,0.234375,False,2023-24,2023,False,
Takehiro Tomiyasu,Japan,DF,Arsenal,25.0,1998.0,1,0,7,0.1,0,0,0,0,0,0,0,0,0.0,0.0,0.0,0.0,0.0,False,2024-25,2024,False,
Takehiro Tomiyasu,,DF,Crystal Palace,27.0,1998.0,3,1,147,1.6,0,0,0,0,0,0,0,0,0.0,0.0,0.0,0.0,0.0,False,2026-27,2026,True,4.0
Takumi Minamino,Japan,FW,Liverpool,26.0,1995.0,11,1,186,2.1,3,0,3,3,0,0,1,0,1.4285714285714286,0.0,1.4285714285714286,1.4285714285714286,1.4285714285714286,False,2021-22,2021,False,
Tammy Abraham,England,FW,Aston Villa,27.0,1997.0,12,2,286,3.2,2,0,2,2,0,0,0,0,0.625,0.0,0.625,0.625,0.625,False,2025-26,2025,False,
Tammy Abraham,,FW,Aston Villa,28.0,1997.0,3,0,71,0.8,0,0,0,0,0,0,0,0,0.0,0.0,0.0,0.0,0.0,False,2026-27,2026,True,4.0
Tanguy Ndombele,France,MF,Tottenham,24.0,1996.0,9,6,484,5.4,1,1,2,1,0,0,1,0,0.18518518518518517,0.18518518518518517,0.37037037037037035,0.18518518518518517,0.37037037037037035,False,2021-22,2021,False,
Tarik Muharemovic,,DF,Leeds United,,,4,4,360,4.0,0,1,1,0,0,0,0,0,0.0,0.25,0.25,0.0,0.25,False,2026-27,2026,True,4.0
Tariq Lamptey,Ghana,"MF,DF",Brighton,20.0,2000.0,30,16,1561,17.3,0,2,2,0,0,0,4,0,0.0,0.11560693641618497,0.11560693641618497,0.0,0.11560693641618497,False,2021-22,2021,False,
Tariq Lamptey,Ghana,"DF,MF",Brighton,21.0,2000.0,20,3,453,5.0,0,0,0,0,0,0,1,0,0.0,0.0,0.0,0.0,0.0,False,2022-23,2022,False,
Tariq Lamptey,Ghana,"DF,MF",Brighton,22.0,2000.0,19,10,914,10.2,0,3,3,0,0,0,3,0,0.0,0.29411764705882354,0.29411764705882354,0.0,0.29411764705882354,False,2023-24,2023,False,
Tariq Lamptey,Ghana,"DF,MF",Brighton,23.0,2000.0,15,10,860,9.6,2,2,4,2,0,0,0,0,0.20833333333333334,0.20833333333333334,0.4166666666666667,0.20833333333333334,0.4166666666666667,False,2024-25,2024,False,
Tariqe Fosu,Ghana,"FW,MF",Brentford,25.0,1995.0,1,0,17,0.2,0,0,0,0,0,0,0,0,0.0,0.0,0.0,0.0,0.0,False,2021-22,2021,False,
Tatsuhiro Sakamoto,,"FW,MF",Coventry City,,,1,0,32,0.4,0,0,0,0,0,0,0,0,0.0,0.0,0.0,0.0,0.0,False,2026-27,2026,True,4.0
Tawanda Chirewa,Zimbabwe,FW,Wolves,19.0,2003.0,8,1,145,1.6,0,0,0,0,0,0,1,0,0.0,0.0,0.0,0.0,0.0,False,2023-24,2023,False,
Tawanda Chirewa,Zimbabwe,MF,Wolves,21.0,2003.0,2,0,27,0.3,0,0,0,0,0,0,0,0,0.0,0.0,0.0,0.0,0.0,False,2025-26,2025,False,
Taylor Harwood-Bellis,England,DF,Southampton,22.0,2002.0,34,32,2825,31.4,1,0,1,1,0,0,9,0,0.03184713375796178,0.0,0.03184713375796178,0.03184713375796178,0.03184713375796178,False,2024-25,2024,False,
Taylor Richards,England,MF,Brighton,20.0,2000.0,2,0,25,0.3,0,0,0,0,0,0,0,0,0.0,0.0,0.0,0.0,0.0,False,2021-22,2021,False,
Teden Mengi,England,DF,Luton Town,21.0,2002.0,30,28,2469,27.4,1,0,1,1,0,0,3,0,0.03649635036496351,0.0,0.03649635036496351,0.03649635036496351,0.03649635036496351,False,2023-24,2023,False,
Teemu Pukki,Finland,FW,Norwich City,31.0,1990.0,37,37,3253,36.1,11,3,14,8,3,3,4,0,0.3047091412742382,0.08310249307479224,0.38781163434903043,0.22160664819944598,0.3047091412742382,False,2021-22,2021,False,
Tetê,Brazil,"MF,FW",Leicester City,22.0,2000.0,13,9,734,8.2,1,0,1,1,0,0,0,0,0.12195121951219513,0.0,0.12195121951219513,0.12195121951219513,0.12195121951219513,False,2022-23,2022,False,
Theo Walcott,England,MF,Southampton,32.0,1989.0,9,5,379,4.2,0,0,0,0,0,0,0,0,0.0,0.0,0.0,0.0,0.0,False,2021-22,2021,False,
Theo Walcott,England,"MF,FW",Southampton,33.0,1989.0,20,13,1129,12.5,2,2,4,2,0,0,1,0,0.16,0.16,0.32,0.16,0.32,False,2022-23,2022,False,
Thiago Alcántara,Spain,MF,Liverpool,30.0,1991.0,25,17,1534,17.0,1,4,5,1,0,0,2,0,0.058823529411764705,0.23529411764705882,0.29411764705882354,0.058823529411764705,0.29411764705882354,False,2021-22,2021,False,
Thiago Alcántara,Spain,MF,Liverpool,31.0,1991.0,18,14,1254,13.9,0,0,0,0,0,0,2,0,0.0,0.0,0.0,0.0,0.0,False,2022-23,2022,False,
Thiago Alcántara,Spain,MF,Liverpool,32.0,1991.0,1,0,6,0.1,0,0,0,0,0,0,0,0,0.0,0.0,0.0,0.0,0.0,False,2023-24,2023,False,
Thiago Silva,Brazil,DF,Chelsea,36.0,1984.0,32,28,2650,29.4,3,0,3,3,0,0,2,0,0.10204081632653061,0.0,0.10204081632653061,0.10204081632653061,0.10204081632653061,False,2021-22,2021,False,
Thiago Silva,Brazil,DF,Chelsea,37.0,1984.0,27,26,2352,26.1,0,2,2,0,0,0,2,0,0.0,0.07662835249042145,0.07662835249042145,0.0,0.07662835249042145,False,2022-23,2022,False,
Thiago Silva,Brazil,DF,Chelsea,38.0,1984.0,31,28,2527,28.1,3,1,4,3,0,0,4,0,0.10676156583629892,0.03558718861209964,0.14234875444839856,0.10676156583629892,0.14234875444839856,False,2023-24,2023,False,
Thierno Barry,France,FW,Everton,22.0,2002.0,38,21,1914,21.3,8,0,8,8,0,0,3,0,0.3755868544600939,0.0,0.3755868544600939,0.3755868544600939,0.3755868544600939,False,2025-26,2025,False,
Thierno Barry,,FW,Everton,23.0,2002.0,4,4,327,3.6,1,0,1,1,0,0,0,0,0.28,0.0,0.28,0.28,0.28,False,2026-27,2026,True,4.0
Thilo Kehrer,Germany,DF,West Ham,25.0,1996.0,27,25,2230,24.8,0,2,2,0,0,0,4,0,0.0,0.08064516129032258,0.08064516129032258,0.0,0.08064516129032258,False,2022-23,2022,False,
Thilo Kehrer,Germany,DF,West Ham,26.0,1996.0,4,0,22,0.2,0,0,0,0,0,0,2,0,0.0,0.0,0.0,0.0,0.0,False,2023-24,2023,False,
Thomas Kaminski,Belgium,GK,Luton Town,30.0,1992.0,38,38,3405,37.8,0,0,0,0,0,0,3,0,0.0,0.0,0.0,0.0,0.0,False,2023-24,2023,False,
Thomas Meunier,,"MF,DF",Sunderland,,,4,4,318,3.5,0,0,0,0,0,0,0,0,0.0,0.0,0.0,0.0,0.0,False,2026-27,2026,True,4.0
Thomas Partey,Ghana,MF,Arsenal,28.0,1993.0,24,23,2028,22.5,2,1,3,2,0,0,6,0,0.08888888888888889,0.044444444444444446,0.13333333333333333,0.08888888888888889,0.13333333333333333,False,2021-22,2021,False,
Thomas Partey,Ghana,MF,Arsenal,29.0,1993.0,33,28,2483,27.6,3,0,3,3,0,0,5,0,0.10869565217391304,0.0,0.10869565217391304,0.10869565217391304,0.10869565217391304,False,2022-23,2022,False,
Thomas Partey,Ghana,"MF,DF",Arsenal,30.0,1993.0,14,9,788,8.8,0,0,0,0,0,0,3,0,0.0,0.0,0.0,0.0,0.0,False,2023-24,2023,False,
Thomas Partey,Ghana,"MF,DF",Arsenal,31.0,1993.0,35,31,2797,31.1,4,2,6,4,0,0,4,0,0.12861736334405144,0.06430868167202572,0.19292604501607716,0.12861736334405144,0.19292604501607716,False,2024-25,2024,False,
Thomas Strakosha,Albania,GK,Brentford,28.0,1995.0,2,1,135,1.5,0,0,0,0,0,0,0,0,0.0,0.0,0.0,0.0,0.0,False,2023-24,2023,False,
Tijjani Reijnders,Netherlands,MF,Manchester City,27.0,1998.0,28,19,1631,18.1,5,2,7,5,0,0,2,0,0.2762430939226519,0.11049723756906077,0.38674033149171266,0.2762430939226519,0.38674033149171266,False,2025-26,2025,False,
Tim Iroegbunam,England,MF,Aston Villa,18.0,2003.0,3,1,92,1.0,0,0,0,0,0,0,1,0,0.0,0.0,0.0,0.0,0.0,False,2021-22,2021,False,
Tim Iroegbunam,England,MF,Aston Villa,20.0,2003.0,9,1,164,1.8,0,0,0,0,0,0,0,0,0.0,0.0,0.0,0.0,0.0,False,2023-24,2023,False,
Tim Iroegbunam,England,MF,Everton,21.0,2003.0,18,5,574,6.4,0,1,1,0,0,0,4,0,0.0,0.15625,0.15625,0.0,0.15625,False,2024-25,2024,False,
Tim Iroegbunam,England,MF,Everton,22.0,2003.0,29,17,1487,16.5,0,2,2,0,0,0,9,0,0.0,0.12121212121212122,0.12121212121212122,0.0,0.12121212121212122,False,2025-26,2025,False,
Tim Iroegbunam,,MF,Everton,22.0,2003.0,1,0,5,0.1,0,0,0,0,0,0,0,0,0.0,0.0,0.0,0.0,0.0,False,2026-27,2026,True,4.0
Tim Iroegbunam,,MF,Hull City,22.0,2003.0,1,0,22,0.2,0,0,0,0,0,0,1,0,0.0,0.0,0.0,0.0,0.0,False,2026-27,2026,True,4.0
Tim Krul,Netherlands,GK,Norwich City,33.0,1988.0,29,29,2610,29.0,0,0,0,0,0,0,1,0,0.0,0.0,0.0,0.0,0.0,False,2021-22,2021,False,
Tim Ream,USA,DF,Fulham,34.0,1987.0,33,33,2897,32.2,1,0,1,1,0,0,2,0,0.03105590062111801,0.0,0.03105590062111801,0.03105590062111801,0.03105590062111801,False,2022-23,2022,False,
Tim Ream,USA,DF,Fulham,35.0,1987.0,18,17,1503,16.7,1,0,1,1,0,0,4,1,0.059880239520958084,0.0,0.059880239520958084,0.059880239520958084,0.059880239520958084,False,2023-24,2023,False,
Timo Werner,Germany,"FW,MF",Chelsea,25.0,1996.0,21,15,1283,14.3,4,1,5,4,0,0,1,0,0.2797202797202797,0.06993006993006992,0.34965034965034963,0.2797202797202797,0.34965034965034963,False,2021-22,2021,False,
Timo Werner,Germany,"MF,FW",Tottenham,27.0,1996.0,13,10,809,9.0,2,3,5,2,0,0,1,0,0.2222222222222222,0.3333333333333333,0.5555555555555556,0.2222222222222222,0.5555555555555556,False,2023-24,2023,False,
Timo Werner,Germany,"FW,MF",Tottenham,28.0,1996.0,18,4,516,5.7,0,3,3,0,0,0,0,0,0.0,0.5263157894736842,0.5263157894736842,0.0,0.5263157894736842,False,2024-25,2024,False,
Timothy Castagne,Belgium,"DF,MF",Leicester City,25.0,1995.0,27,22,2127,23.6,1,0,1,1,0,0,1,0,0.0423728813559322,0.0,0.0423728813559322,0.0423728813559322,0.0423728813559322,False,2021-22,2021,False,
Timothy Castagne,Belgium,"DF,MF",Leicester City,26.0,1995.0,37,36,3254,36.2,2,3,5,2,0,0,3,0,0.055248618784530384,0.08287292817679558,0.13812154696132595,0.055248618784530384,0.13812154696132595,False,2022-23,2022,False,
Timothy Castagne,Belgium,DF,Fulham,27.0,1995.0,34,29,2634,29.3,1,3,4,1,0,0,3,0,0.034129692832764506,0.10238907849829351,0.13651877133105803,0.034129692832764506,0.13651877133105803,False,2023-24,2023,False,
Timothy Castagne,Belgium,"DF,MF",Fulham,28.0,1995.0,24,17,1649,18.3,0,1,1,0,0,0,1,0,0.0,0.0546448087431694,0.0546448087431694,0.0,0.0546448087431694,False,2024-25,2024,False,
Timothy Castagne,Belgium,"DF,MF",Fulham,29.0,1995.0,30,20,1845,20.5,0,0,0,0,0,0,4,0,0.0,0.0,0.0,0.0,0.0,False,2025-26,2025,False,
Timothy Castagne,,DF,Fulham,30.0,1995.0,4,4,318,3.5,0,1,1,0,0,0,1,0,0.0,0.28,0.28,0.0,0.28,False,2026-27,2026,True,4.0
Tino Livramento,England,DF,Southampton,18.0,2002.0,28,25,2202,24.5,1,1,2,1,0,0,2,0,0.04081632653061224,0.04081632653061224,0.08163265306122448,0.04081632653061224,0.08163265306122448,False,2021-22,2021,False,
Tino Livramento,England,"DF,MF",Southampton,19.0,2002.0,2,0,28,0.3,0,0,0,0,0,0,0,0,0.0,0.0,0.0,0.0,0.0,False,2022-23,2022,False,
Tino Livramento,England,DF,Newcastle,20.0,2002.0,26,12,1314,14.6,1,0,1,1,0,0,1,0,0.0684931506849315,0.0,0.0684931506849315,0.0684931506849315,0.0684931506849315,False,2023-24,2023,False,
Tino Livramento,England,DF,Newcastle,21.0,2002.0,37,32,2840,31.6,0,1,1,0,0,0,1,0,0.0,0.03164556962025316,0.03164556962025316,0.0,0.03164556962025316,False,2024-25,2024,False,
Tino Livramento,England,DF,Newcastle,22.0,2002.0,17,14,1328,14.8,0,1,1,0,0,0,1,0,0.0,0.06756756756756756,0.06756756756756756,0.0,0.06756756756756756,False,2025-26,2025,False,
Tino Livramento,,"DF,MF",Newcastle,23.0,2002.0,2,0,34,0.4,0,0,0,0,0,0,1,0,0.0,0.0,0.0,0.0,0.0,False,2026-27,2026,True,4.0
Toby Collyer,England,MF,Manchester Utd,20.0,2004.0,6,0,179,2.0,0,0,0,0,0,0,0,0,0.0,0.0,0.0,0.0,0.0,False,2024-25,2024,False,
Todd Cantwell,England,"FW,MF",Norwich City,23.0,1998.0,8,5,441,4.9,0,0,0,0,0,0,2,0,0.0,0.0,0.0,0.0,0.0,False,2021-22,2021,False,
Tolu Arokodare,Nigeria,FW,Wolves,24.0,2000.0,33,13,1419,15.8,3,1,4,3,0,1,1,0,0.18987341772151897,0.06329113924050632,0.2531645569620253,0.18987341772151897,0.2531645569620253,False,2025-26,2025,False,
Tom Cairney,Scotland,MF,Fulham,31.0,1991.0,33,6,988,11.0,2,0,2,2,0,0,2,0,0.18181818181818182,0.0,0.18181818181818182,0.18181818181818182,0.18181818181818182,False,2022-23,2022,False,
Tom Cairney,Scotland,MF,Fulham,32.0,1991.0,34,14,1488,16.5,1,4,5,1,0,0,3,0,0.06060606060606061,0.24242424242424243,0.30303030303030304,0.06060606060606061,0.30303030303030304,False,2023-24,2023,False,
Tom Cairney,Scotland,MF,Fulham,33.0,1991.0,25,3,628,7.0,2,0,2,2,0,0,3,1,0.2857142857142857,0.0,0.2857142857142857,0.2857142857142857,0.2857142857142857,False,2024-25,2024,False,
Tom Cairney,Scotland,MF,Fulham,34.0,1991.0,24,6,775,8.6,2,0,2,2,0,0,3,0,0.23255813953488372,0.0,0.23255813953488372,0.23255813953488372,0.23255813953488372,False,2025-26,2025,False,
Tom Cannon,Ireland,FW,Everton,19.0,2002.0,2,0,25,0.3,0,0,0,0,0,0,0,0,0.0,0.0,0.0,0.0,0.0,False,2022-23,2022,False,
Tom Cannon,Ireland,FW,Everton,20.0,2002.0,1,0,1,0.0,0,0,0,0,0,0,0,0,0.0,0.0,0.0,0.0,0.0,False,2023-24,2023,False,
Tom Cleverley,England,MF,Watford,31.0,1989.0,28,20,1616,18.0,0,2,2,0,0,0,2,0,0.0,0.1111111111111111,0.1111111111111111,0.0,0.1111111111111111,False,2021-22,2021,False,
Tom Davies,England,MF,Everton,23.0,1998.0,6,2,234,2.6,1,0,1,1,0,0,1,0,0.3846153846153846,0.0,0.3846153846153846,0.3846153846153846,0.3846153846153846,False,2021-22,2021,False,
Tom Davies,England,MF,Everton,24.0,1998.0,19,4,538,6.0,0,0,0,0,0,0,3,0,0.0,0.0,0.0,0.0,0.0,False,2022-23,2022,False,
Tom Davies,England,MF,Sheffield United,25.0,1998.0,9,2,221,2.5,0,0,0,0,0,0,2,0,0.0,0.0,0.0,0.0,0.0,False,2023-24,2023,False,
Tom Edozie,England,MF,Wolves,19.0,2006.0,3,0,14,0.2,1,0,1,1,0,0,0,0,5.0,0.0,5.0,5.0,5.0,False,2025-26,2025,False,
Tom King,Wales,GK,Wolves,29.0,1995.0,1,0,1,0.0,0,0,0,0,0,0,0,0,0.0,0.0,0.0,0.0,0.0,False,2024-25,2024,False,
Tom Lockyer,Wales,DF,Luton Town,28.0,1994.0,14,14,1169,13.0,1,1,2,1,0,0,4,0,0.07692307692307693,0.07692307692307693,0.15384615384615385,0.07692307692307693,0.15384615384615385,False,2023-24,2023,False,
Tom Watson,England,MF,Brighton,19.0,2006.0,6,0,62,0.7,0,0,0,0,0,0,1,0,0.0,0.0,0.0,0.0,0.0,False,2025-26,2025,False,
Tommy Doyle,England,MF,Wolves,21.0,2001.0,26,11,1222,13.6,0,0,0,0,0,0,2,0,0.0,0.0,0.0,0.0,0.0,False,2023-24,2023,False,
Tommy Doyle,England,MF,Wolves,22.0,2001.0,24,3,488,5.4,0,1,1,0,0,0,1,0,0.0,0.18518518518518517,0.18518518518518517,0.0,0.18518518518518517,False,2024-25,2024,False,
Tomáš Souček,Czechia,MF,West Ham,26.0,1995.0,35,34,3062,34.0,5,1,6,5,0,0,3,0,0.14705882352941177,0.029411764705882353,0.17647058823529413,0.14705882352941177,0.17647058823529413,False,2021-22,2021,False,
Tomáš Souček,Czechia,MF,West Ham,27.0,1995.0,36,32,2815,31.3,2,3,5,2,0,0,3,0,0.06389776357827476,0.09584664536741214,0.1597444089456869,0.06389776357827476,0.1597444089456869,False,2022-23,2022,False,
Tomáš Souček,Czechia,MF,West Ham,28.0,1995.0,37,34,2870,31.9,7,2,9,7,0,0,7,0,0.219435736677116,0.06269592476489029,0.2821316614420063,0.219435736677116,0.2821316614420063,False,2023-24,2023,False,
Tomáš Souček,Czechia,MF,West Ham,29.0,1995.0,35,30,2567,28.5,9,1,10,9,0,0,8,0,0.3157894736842105,0.03508771929824561,0.3508771929824561,0.3157894736842105,0.3508771929824561,False,2024-25,2024,False,
Tomáš Souček,Czechia,MF,West Ham,30.0,1995.0,35,24,2200,24.4,5,0,5,5,0,0,3,1,0.20491803278688525,0.0,0.20491803278688525,0.20491803278688525,0.20491803278688525,False,2025-26,2025,False,
Tony Springett,Ireland,MF,Norwich City,18.0,2002.0,3,1,141,1.6,0,0,0,0,0,0,1,0,0.0,0.0,0.0,0.0,0.0,False,2021-22,2021,False,
Tosin Adarabioyo,England,DF,Fulham,24.0,1997.0,25,23,2085,23.2,1,0,1,1,0,0,4,0,0.04310344827586207,0.0,0.04310344827586207,0.04310344827586207,0.04310344827586207,False,2022-23,2022,False,
Tosin Adarabioyo,England,DF,Fulham,25.0,1997.0,20,18,1617,18.0,2,0,2,2,0,0,2,0,0.1111111111111111,0.0,0.1111111111111111,0.1111111111111111,0.1111111111111111,False,2023-24,2023,False,
Tosin Adarabioyo,England,DF,Chelsea,26.0,1997.0,22,15,1409,15.7,1,1,2,1,0,0,4,0,0.06369426751592357,0.06369426751592357,0.12738853503184713,0.06369426751592357,0.12738853503184713,False,2024-25,2024,False,
Tosin Adarabioyo,England,DF,Chelsea,27.0,1997.0,16,8,795,8.8,0,0,0,0,0,0,2,0,0.0,0.0,0.0,0.0,0.0,False,2025-26,2025,False,
Tosin Adarabioyo,,DF,Tottenham,28.0,1997.0,1,0,6,0.1,0,0,0,0,0,0,0,0,0.0,0.0,0.0,0.0,0.0,False,2026-27,2026,True,4.0
Toti Gomes,Portugal,DF,Wolves,22.0,1999.0,4,4,360,4.0,0,0,0,0,0,0,1,0,0.0,0.0,0.0,0.0,0.0,False,2021-22,2021,False,
Toti Gomes,Portugal,DF,Wolves,23.0,1999.0,17,10,984,10.9,1,0,1,1,0,0,6,0,0.09174311926605504,0.0,0.09174311926605504,0.09174311926605504,0.09174311926605504,False,2022-23,2022,False,
Toti Gomes,Portugal,DF,Wolves,24.0,1999.0,35,31,2772,30.8,1,3,4,1,0,0,7,0,0.032467532467532464,0.09740259740259741,0.12987012987012986,0.032467532467532464,0.12987012987012986,False,2023-24,2023,False,
Toti Gomes,Portugal,DF,Wolves,25.0,1999.0,31,30,2614,29.0,0,1,1,0,0,0,7,0,0.0,0.034482758620689655,0.034482758620689655,0.0,0.034482758620689655,False,2024-25,2024,False,
Toti Gomes,Portugal,DF,Wolves,26.0,1999.0,19,17,1424,15.8,0,0,0,0,0,0,2,1,0.0,0.0,0.0,0.0,0.0,False,2025-26,2025,False,
Trai Hume,Northern Ireland,"DF,MF",Sunderland,23.0,2002.0,38,34,3036,33.7,2,1,3,2,0,0,9,0,0.05934718100890207,0.029673590504451036,0.08902077151335311,0.05934718100890207,0.08902077151335311,False,2025-26,2025,False,
Trai Hume,,MF,Sunderland,23.0,2002.0,3,2,196,2.2,0,0,0,0,0,0,0,0,0.0,0.0,0.0,0.0,0.0,False,2026-27,2026,True,4.0
Trent Alexander-Arnold,England,DF,Liverpool,22.0,1998.0,32,32,2853,31.7,2,12,14,2,0,0,2,0,0.06309148264984227,0.37854889589905366,0.44164037854889593,0.06309148264984227,0.44164037854889593,False,2021-22,2021,False,
Trent Alexander-Arnold,England,DF,Liverpool,23.0,1998.0,37,34,2923,32.5,2,9,11,2,0,0,5,0,0.06153846153846154,0.27692307692307694,0.3384615384615385,0.06153846153846154,0.3384615384615385,False,2022-23,2022,False,
Trent Alexander-Arnold,England,DF,Liverpool,24.0,1998.0,28,25,2155,23.9,3,4,7,3,0,0,6,0,0.12552301255230125,0.1673640167364017,0.29288702928870297,0.12552301255230125,0.29288702928870297,False,2023-24,2023,False,
Trent Alexander-Arnold,England,DF,Liverpool,25.0,1998.0,33,28,2365,26.3,3,6,9,3,0,0,5,0,0.11406844106463879,0.22813688212927757,0.34220532319391633,0.11406844106463879,0.34220532319391633,False,2024-25,2024,False,
Trevoh Chalobah,England,DF,Chelsea,22.0,1999.0,20,17,1449,16.1,3,1,4,3,0,0,2,0,0.18633540372670807,0.06211180124223602,0.24844720496894407,0.18633540372670807,0.24844720496894407,False,2021-22,2021,False,
Trevoh Chalobah,England,DF,Chelsea,23.0,1999.0,25,18,1608,17.9,0,0,0,0,0,0,4,0,0.0,0.0,0.0,0.0,0.0,False,2022-23,2022,False,
Trevoh Chalobah,England,DF,Chelsea,24.0,1999.0,13,10,952,10.6,1,0,1,1,0,0,1,0,0.09433962264150944,0.0,0.09433962264150944,0.09433962264150944,0.09433962264150944,False,2023-24,2023,False,
Trevoh Chalobah,England,DF,Chelsea,26.0,1999.0,34,31,2783,30.9,3,0,3,3,0,0,3,1,0.0970873786407767,0.0,0.0970873786407767,0.0970873786407767,0.0970873786407767,False,2025-26,2025,False,
Trevoh ChalobahTrevoh Chalobah,England,DF,Crystal Palace,25.0,1999.0,25,23,1970,21.9,3,1,4,3,0,0,3,0,0.13698630136986303,0.04566210045662101,0.18264840182648404,0.13698630136986303,0.18264840182648404,False,2024-25,2024,False,
Trey Nyoni,England,MF,Liverpool,18.0,2007.0,6,0,24,0.3,0,0,0,0,0,0,0,0,0.0,0.0,0.0,0.0,0.0,False,2025-26,2025,False,
Trey Nyoni,,MF,Liverpool,18.0,2007.0,2,0,21,0.2,0,0,0,0,0,0,0,0,0.0,0.0,0.0,0.0,0.0,False,2026-27,2026,True,4.0
Troy Deeney,England,FW,Watford,33.0,1988.0,2,0,25,0.3,0,0,0,0,0,0,0,0,0.0,0.0,0.0,0.0,0.0,False,2021-22,2021,False,
Trézéguet,Egypt,"FW,MF",Aston Villa,26.0,1994.0,1,0,11,0.1,0,0,0,0,0,0,0,0,0.0,0.0,0.0,0.0,0.0,False,2021-22,2021,False,
Tyler Adams,USA,MF,Leeds United,23.0,1999.0,24,24,2156,24.0,0,0,0,0,0,0,6,1,0.0,0.0,0.0,0.0,0.0,False,2022-23,2022,False,
Tyler Adams,USA,MF,Bournemouth,24.0,1999.0,3,1,121,1.3,0,0,0,0,0,0,0,0,0.0,0.0,0.0,0.0,0.0,False,2023-24,2023,False,
Tyler Adams,USA,MF,Bournemouth,25.0,1999.0,28,21,1965,21.8,0,3,3,0,0,0,7,0,0.0,0.13761467889908258,0.13761467889908258,0.0,0.13761467889908258,False,2024-25,2024,False,
Tyler Adams,USA,MF,Bournemouth,26.0,1999.0,25,21,1772,19.7,2,2,4,2,0,0,8,0,0.10152284263959391,0.10152284263959391,0.20304568527918782,0.10152284263959391,0.20304568527918782,False,2025-26,2025,False,
Tyler Adams,,MF,Bournemouth,26.0,1999.0,4,2,194,2.2,0,0,0,0,0,0,0,0,0.0,0.0,0.0,0.0,0.0,False,2026-27,2026,True,4.0
Tyler Dibling,England,"MF,FW",Southampton,18.0,2006.0,33,20,1874,20.8,2,0,2,2,0,0,6,0,0.09615384615384615,0.0,0.09615384615384615,0.09615384615384615,0.09615384615384615,False,2024-25,2024,False,
Tyler Dibling,England,MF,Everton,19.0,2006.0,14,4,358,4.0,0,0,0,0,0,0,2,0,0.0,0.0,0.0,0.0,0.0,False,2025-26,2025,False,
Tyler Fletcher,Scotland,MF,Manchester Utd,18.0,2007.0,2,0,18,0.2,0,0,0,0,0,0,0,0,0.0,0.0,0.0,0.0,0.0,False,2025-26,2025,False,
Tyler Fredricson,England,DF,Manchester Utd,19.0,2005.0,2,2,165,1.8,0,0,0,0,0,0,0,0,0.0,0.0,0.0,0.0,0.0,False,2024-25,2024,False,
Tyler Fredricson,England,DF,Manchester Utd,20.0,2005.0,1,0,3,0.0,0,0,0,0,0,0,0,0,0.0,0.0,0.0,0.0,0.0,False,2025-26,2025,False,
Tyler Morton,England,MF,Liverpool,18.0,2002.0,2,1,66,0.7,0,0,0,0,0,0,1,0,0.0,0.0,0.0,0.0,0.0,False,2021-22,2021,False,
Tyler Onyango,England,MF,Everton,18.0,2003.0,3,0,28,0.3,0,0,0,0,0,0,0,0,0.0,0.0,0.0,0.0,0.0,False,2021-22,2021,False,
Tyler Onyango,England,MF,Everton,20.0,2003.0,1,0,1,0.0,0,0,0,0,0,0,0,0,0.0,0.0,0.0,0.0,0.0,False,2023-24,2023,False,
Tyler Roberts,Wales,"MF,FW",Leeds United,22.0,1999.0,23,7,987,11.0,1,1,2,1,0,0,5,0,0.09090909090909091,0.09090909090909091,0.18181818181818182,0.09090909090909091,0.18181818181818182,False,2021-22,2021,False,
Tyrell Malacia,Netherlands,DF,Manchester Utd,22.0,1999.0,22,14,1396,15.5,0,0,0,0,0,0,6,0,0.0,0.0,0.0,0.0,0.0,False,2022-23,2022,False,
Tyrell Malacia,Netherlands,MF,Manchester Utd,24.0,1999.0,3,2,100,1.1,0,0,0,0,0,0,1,0,0.0,0.0,0.0,0.0,0.0,False,2024-25,2024,False,
Tyrell Malacia,Netherlands,DF,Manchester Utd,25.0,1999.0,3,0,18,0.2,0,0,0,0,0,0,0,0,0.0,0.0,0.0,0.0,0.0,False,2025-26,2025,False,
Tyrese Francois,Australia,MF,Fulham,22.0,2000.0,1,0,1,0.0,0,0,0,0,0,0,0,0,0.0,0.0,0.0,0.0,0.0,False,2022-23,2022,False,
Tyrick Mitchell,England,DF,Crystal Palace,21.0,1999.0,36,35,3101,34.5,0,2,2,0,0,0,1,0,0.0,0.057971014492753624,0.057971014492753624,0.0,0.057971014492753624,False,2021-22,2021,False,
Tyrick Mitchell,England,DF,Crystal Palace,22.0,1999.0,36,34,2891,32.1,0,2,2,0,0,0,5,1,0.0,0.06230529595015576,0.06230529595015576,0.0,0.06230529595015576,False,2022-23,2022,False,
Tyrick Mitchell,England,"DF,MF",Crystal Palace,23.0,1999.0,37,37,3204,35.6,2,3,5,2,0,0,6,0,0.056179775280898875,0.08426966292134831,0.14044943820224717,0.056179775280898875,0.14044943820224717,False,2023-24,2023,False,
Tyrick Mitchell,England,MF,Crystal Palace,24.0,1999.0,37,37,3092,34.4,0,5,5,0,0,0,2,0,0.0,0.14534883720930233,0.14534883720930233,0.0,0.14534883720930233,False,2024-25,2024,False,
Tyrick Mitchell,England,MF,Crystal Palace,25.0,1999.0,38,36,3251,36.1,1,2,3,1,0,0,6,0,0.027700831024930747,0.055401662049861494,0.08310249307479224,0.027700831024930747,0.08310249307479224,False,2025-26,2025,False,
Tyrick Mitchell,,MF,Crystal Palace,26.0,1999.0,4,4,329,3.7,2,0,2,2,0,0,0,0,0.55,0.0,0.55,0.55,0.55,False,2026-27,2026,True,4.0
Tyrique George,England,FW,Chelsea,18.0,2006.0,8,1,183,2.0,1,1,2,1,0,0,1,0,0.5,0.5,1.0,0.5,1.0,False,2024-25,2024,False,
Tyrique George,,MF,Everton,19.0,2006.0,4,4,298,3.3,1,0,1,1,0,0,0,0,0.3,0.0,0.3,0.3,0.3,False,2026-27,2026,True,4.0
Tyrique GeorgeTyrique George,England,FW,Everton,19.0,2006.0,15,1,363,4.0,0,0,0,0,0,0,2,0,0.0,0.0,0.0,0.0,0.0,False,2025-26,2025,False,
Tyrone Mings,England,DF,Aston Villa,28.0,1993.0,36,35,3189,35.4,1,3,4,1,0,0,11,0,0.02824858757062147,0.08474576271186442,0.11299435028248588,0.02824858757062147,0.11299435028248588,False,2021-22,2021,False,
Tyrone Mings,England,DF,Aston Villa,29.0,1993.0,35,35,3150,35.0,1,2,3,1,0,0,7,0,0.02857142857142857,0.05714285714285714,0.08571428571428572,0.02857142857142857,0.08571428571428572,False,2022-23,2022,False,
Tyrone Mings,England,DF,Aston Villa,30.0,1993.0,1,1,30,0.3,0,0,0,0,0,0,0,0,0.0,0.0,0.0,0.0,0.0,False,2023-24,2023,False,
Tyrone Mings,England,DF,Aston Villa,31.0,1993.0,14,12,1120,12.4,0,0,0,0,0,0,1,0,0.0,0.0,0.0,0.0,0.0,False,2024-25,2024,False,
Tyrone Mings,England,DF,Aston Villa,32.0,1993.0,17,15,1324,14.7,0,0,0,0,0,0,1,0,0.0,0.0,0.0,0.0,0.0,False,2025-26,2025,False,
Tyrone Mings,,DF,Aston Villa,32.0,1993.0,3,1,173,1.9,0,0,0,0,0,0,1,0,0.0,0.0,0.0,0.0,0.0,False,2026-27,2026,True,4.0
Valentín Barco,Argentina,DF,Brighton,19.0,2004.0,6,3,307,3.4,0,0,0,0,0,0,1,0,0.0,0.0,0.0,0.0,0.0,False,2023-24,2023,False,
Valentín Barco,,"DF,MF",Chelsea,21.0,2004.0,2,0,31,0.3,0,0,0,0,0,0,1,0,0.0,0.0,0.0,0.0,0.0,False,2026-27,2026,True,4.0
Valentín Castellanos,Argentina,FW,West Ham,26.0,1998.0,18,17,1384,15.4,6,0,6,6,0,0,6,0,0.38961038961038963,0.0,0.38961038961038963,0.38961038961038963,0.38961038961038963,False,2025-26,2025,False,
Veljko Milosavljević,Serbia,DF,Bournemouth,18.0,2007.0,7,4,368,4.1,0,0,0,0,0,0,0,0,0.0,0.0,0.0,0.0,0.0,False,2025-26,2025,False,
Vicente Guaita,Spain,GK,Crystal Palace,34.0,1987.0,30,30,2655,29.5,0,0,0,0,0,0,2,0,0.0,0.0,0.0,0.0,0.0,False,2021-22,2021,False,
Vicente Guaita,Spain,GK,Crystal Palace,35.0,1987.0,27,27,2430,27.0,0,0,0,0,0,0,1,0,0.0,0.0,0.0,0.0,0.0,False,2022-23,2022,False,
Victor Bernth Kristiansen,Denmark,DF,Leicester City,19.0,2002.0,12,11,892,9.9,0,1,1,0,0,0,2,0,0.0,0.10101010101010101,0.10101010101010101,0.0,0.10101010101010101,False,2022-23,2022,False,
Victor Bernth Kristiansen,Denmark,"DF,MF",Leicester City,21.0,2002.0,30,29,2482,27.6,0,1,1,0,0,0,1,0,0.0,0.036231884057971016,0.036231884057971016,0.0,0.036231884057971016,False,2024-25,2024,False,
Victor Lindelöf,Sweden,DF,Manchester Utd,27.0,1994.0,28,26,2355,26.2,0,2,2,0,0,0,4,0,0.0,0.07633587786259542,0.07633587786259542,0.0,0.07633587786259542,False,2021-22,2021,False,
Victor Lindelöf,Sweden,DF,Manchester Utd,28.0,1994.0,20,14,1365,15.2,0,0,0,0,0,0,1,0,0.0,0.0,0.0,0.0,0.0,False,2022-23,2022,False,
Victor Lindelöf,Sweden,DF,Manchester Utd,29.0,1994.0,19,14,1328,14.8,1,1,2,1,0,0,2,0,0.06756756756756756,0.06756756756756756,0.13513513513513511,0.06756756756756756,0.13513513513513511,False,2023-24,2023,False,
Victor Lindelöf,Sweden,DF,Manchester Utd,30.0,1994.0,16,6,704,7.8,0,0,0,0,0,0,1,0,0.0,0.0,0.0,0.0,0.0,False,2024-25,2024,False,
Victor Lindelöf,Sweden,"DF,MF",Aston Villa,31.0,1994.0,17,11,948,10.5,0,1,1,0,0,0,0,0,0.0,0.09523809523809523,0.09523809523809523,0.0,0.09523809523809523,False,2025-26,2025,False,
Victor Lindelöf,,DF,Aston Villa,31.0,1994.0,4,4,360,4.0,0,0,0,0,0,0,0,0,0.0,0.0,0.0,0.0,0.0,False,2026-27,2026,True,4.0
Victor Torp,,MF,Coventry City,,,3,0,56,0.6,0,0,0,0,0,0,0,0,0.0,0.0,0.0,0.0,0.0,False,2026-27,2026,True,4.0
Viktor Gyökeres,Sweden,FW,Arsenal,27.0,1998.0,36,26,2224,24.7,14,1,15,11,3,3,5,0,0.5668016194331984,0.04048582995951417,0.6072874493927126,0.4453441295546559,0.4858299595141701,False,2025-26,2025,False,
Viktor Gyökeres,,"FW,MF",Arsenal,27.0,1998.0,1,0,13,0.1,0,0,0,0,0,0,0,0,0.0,0.0,0.0,0.0,0.0,False,2026-27,2026,True,4.0
Vinicius Souza,Brazil,MF,Sheffield United,24.0,1999.0,36,29,2668,29.6,1,0,1,1,0,0,3,0,0.03378378378378378,0.0,0.03378378378378378,0.03378378378378378,0.03378378378378378,False,2023-24,2023,False,
Virgil van Dijk,Netherlands,DF,Liverpool,30.0,1991.0,34,34,3060,34.0,3,1,4,3,0,0,3,0,0.08823529411764706,0.029411764705882353,0.11764705882352941,0.08823529411764706,0.11764705882352941,False,2021-22,2021,False,
Virgil van Dijk,Netherlands,DF,Liverpool,31.0,1991.0,32,32,2835,31.5,3,1,4,3,0,0,3,0,0.09523809523809523,0.031746031746031744,0.12698412698412698,0.09523809523809523,0.12698412698412698,False,2022-23,2022,False,
Virgil van Dijk,Netherlands,DF,Liverpool,32.0,1991.0,36,36,3177,35.3,2,2,4,2,0,0,3,1,0.056657223796034,0.056657223796034,0.113314447592068,0.056657223796034,0.113314447592068,False,2023-24,2023,False,
Virgil van Dijk,Netherlands,DF,Liverpool,33.0,1991.0,37,37,3330,37.0,3,1,4,3,0,0,5,0,0.08108108108108109,0.02702702702702703,0.10810810810810811,0.08108108108108109,0.10810810810810811,False,2024-25,2024,False,
Virgil van Dijk,Netherlands,DF,Liverpool,34.0,1991.0,38,38,3420,38.0,6,0,6,6,0,0,4,0,0.15789473684210525,0.0,0.15789473684210525,0.15789473684210525,0.15789473684210525,False,2025-26,2025,False,
Virgil van Dijk,,DF,Liverpool,34.0,1991.0,4,4,360,4.0,0,0,0,0,0,0,1,0,0.0,0.0,0.0,0.0,0.0,False,2026-27,2026,True,4.0
Vitaliy Mykolenko,Ukraine,"DF,MF",Everton,22.0,1999.0,13,12,1055,11.7,1,0,1,1,0,0,0,0,0.08547008547008547,0.0,0.08547008547008547,0.08547008547008547,0.08547008547008547,False,2021-22,2021,False,
Vitaliy Mykolenko,Ukraine,"DF,MF",Everton,23.0,1999.0,34,30,2655,29.5,0,0,0,0,0,0,4,0,0.0,0.0,0.0,0.0,0.0,False,2022-23,2022,False,
Vitaliy Mykolenko,Ukraine,DF,Everton,24.0,1999.0,28,28,2469,27.4,2,0,2,2,0,0,1,0,0.07299270072992702,0.0,0.07299270072992702,0.07299270072992702,0.07299270072992702,False,2023-24,2023,False,
Vitaliy Mykolenko,Ukraine,DF,Everton,25.0,1999.0,35,35,3082,34.2,1,2,3,1,0,0,4,0,0.029239766081871343,0.05847953216374269,0.08771929824561403,0.029239766081871343,0.08771929824561403,False,2024-25,2024,False,
Vitaliy Mykolenko,Ukraine,DF,Everton,26.0,1999.0,33,33,2958,32.9,0,1,1,0,0,0,6,0,0.0,0.030395136778115502,0.030395136778115502,0.0,0.030395136778115502,False,2025-26,2025,False,
Vitaliy Mykolenko,,DF,Everton,26.0,1999.0,4,4,360,4.0,0,0,0,0,0,0,0,0,0.0,0.0,0.0,0.0,0.0,False,2026-27,2026,True,4.0
Vitaly Janelt,Germany,MF,Brentford,23.0,1998.0,31,27,2298,25.5,4,0,4,4,0,0,3,0,0.1568627450980392,0.0,0.1568627450980392,0.1568627450980392,0.1568627450980392,False,2021-22,2021,False,
Vitaly Janelt,Germany,MF,Brentford,24.0,1998.0,35,24,2208,24.5,3,1,4,3,0,0,3,0,0.12244897959183673,0.04081632653061224,0.16326530612244897,0.12244897959183673,0.16326530612244897,False,2022-23,2022,False,
Vitaly Janelt,Germany,"MF,DF",Brentford,25.0,1998.0,38,37,3054,33.9,1,3,4,1,0,0,8,0,0.029498525073746312,0.08849557522123894,0.11799410029498525,0.029498525073746312,0.11799410029498525,False,2023-24,2023,False,
Vitaly Janelt,Germany,MF,Brentford,26.0,1998.0,32,27,2254,25.0,1,3,4,1,0,0,3,0,0.04,0.12,0.16,0.04,0.16,False,2024-25,2024,False,
Vitaly Janelt,Germany,MF,Brentford,27.0,1998.0,25,15,1443,16.0,1,4,5,1,0,0,8,0,0.0625,0.25,0.3125,0.0625,0.3125,False,2025-26,2025,False,
Vitaly Janelt,,MF,Brentford,27.0,1998.0,4,4,360,4.0,2,0,2,2,0,0,3,0,0.5,0.0,0.5,0.5,0.5,False,2026-27,2026,True,4.0
Vitezslav Jaros,Czechia,GK,Liverpool,23.0,2001.0,1,0,12,0.1,0,0,0,0,0,0,0,0,0.0,0.0,0.0,0.0,0.0,False,2024-25,2024,False,
Vitinho,Brazil,"DF,MF",Burnley,24.0,1999.0,32,26,2314,25.7,0,2,2,0,0,0,1,0,0.0,0.07782101167315175,0.07782101167315175,0.0,0.07782101167315175,False,2023-24,2023,False,
Vitor Reis,Brazil,DF,Manchester City,18.0,2006.0,1,0,1,0.0,0,0,0,0,0,0,0,0,0.0,0.0,0.0,0.0,0.0,False,2024-25,2024,False,
Vitor Reis,,DF,Manchester City,19.0,2006.0,1,0,2,0.0,0,0,0,0,0,0,0,0,0.0,0.0,0.0,0.0,0.0,False,2026-27,2026,True,4.0
Vladimír Coufal,Czechia,DF,West Ham,28.0,1992.0,28,25,2209,24.5,0,4,4,0,0,0,5,1,0.0,0.16326530612244897,0.16326530612244897,0.0,0.16326530612244897,False,2021-22,2021,False,
Vladimír Coufal,Czechia,"DF,MF",West Ham,29.0,1992.0,27,24,2136,23.7,0,1,1,0,0,0,5,0,0.0,0.04219409282700422,0.04219409282700422,0.0,0.04219409282700422,False,2022-23,2022,False,
Vladimír Coufal,Czechia,DF,West Ham,30.0,1992.0,36,36,3132,34.8,0,7,7,0,0,0,7,1,0.0,0.20114942528735633,0.20114942528735633,0.0,0.20114942528735633,False,2023-24,2023,False,
Vladimír Coufal,Czechia,"DF,MF",West Ham,31.0,1992.0,22,11,1067,11.9,0,0,0,0,0,0,5,0,0.0,0.0,0.0,0.0,0.0,False,2024-25,2024,False,
Víctor Muñoz,,MF,Liverpool,,,4,3,240,2.7,1,0,1,1,0,0,1,0,0.37,0.0,0.37,0.37,0.37,False,2026-27,2026,True,4.0
Walter Benítez,Argentina,GK,Crystal Palace,32.0,1993.0,1,1,90,1.0,0,0,0,0,0,0,0,0,0.0,0.0,0.0,0.0,0.0,False,2025-26,2025,False,
Walter Benítez,,GK,Crystal Palace,32.0,1993.0,1,1,90,1.0,0,0,0,0,0,0,0,0,0.0,0.0,0.0,0.0,0.0,False,2026-27,2026,True,4.0
Wataru Endo,Japan,MF,Liverpool,30.0,1993.0,29,20,1722,19.1,1,0,1,1,0,0,10,0,0.05235602094240837,0.0,0.05235602094240837,0.05235602094240837,0.05235602094240837,False,2023-24,2023,False,
Wataru Endo,Japan,MF,Liverpool,31.0,1993.0,20,1,273,3.0,0,0,0,0,0,0,0,0,0.0,0.0,0.0,0.0,0.0,False,2024-25,2024,False,
Wataru Endo,Japan,DF,Liverpool,32.0,1993.0,8,1,175,1.9,0,1,1,0,0,0,1,0,0.0,0.5263157894736842,0.5263157894736842,0.0,0.5263157894736842,False,2025-26,2025,False,
Wayne Hennessey,Wales,GK,Burnley,34.0,1987.0,2,2,180,2.0,0,0,0,0,0,0,0,0,0.0,0.0,0.0,0.0,0.0,False,2021-22,2021,False,
Wayne Hennessey,Wales,GK,Nottingham,35.0,1987.0,4,3,271,3.0,0,0,0,0,0,0,0,0,0.0,0.0,0.0,0.0,0.0,False,2022-23,2022,False,
Welington,Brazil,"MF,DF",Southampton,23.0,2001.0,10,6,482,5.4,0,0,0,0,0,0,1,0,0.0,0.0,0.0,0.0,0.0,False,2024-25,2024,False,
Wes Burns,Wales,MF,Ipswich Town,29.0,1994.0,18,12,926,10.3,0,1,1,0,0,0,1,0,0.0,0.0970873786407767,0.0970873786407767,0.0,0.0970873786407767,False,2024-25,2024,False,
Wes Foderingham,England,GK,Sheffield United,32.0,1991.0,30,29,2649,29.4,0,0,0,0,0,0,2,0,0.0,0.0,0.0,0.0,0.0,False,2023-24,2023,False,
Wesley Fofana,France,DF,Leicester City,20.0,2000.0,7,7,630,7.0,0,0,0,0,0,0,2,0,0.0,0.0,0.0,0.0,0.0,False,2021-22,2021,False,
Wesley Fofana,France,DF,Chelsea,23.0,2000.0,14,14,1172,13.0,0,0,0,0,0,0,7,0,0.0,0.0,0.0,0.0,0.0,False,2024-25,2024,False,
Wesley Fofana,France,DF,Chelsea,24.0,2000.0,25,20,1722,19.1,0,1,1,0,0,0,9,2,0.0,0.05235602094240837,0.05235602094240837,0.0,0.05235602094240837,False,2025-26,2025,False,
Wesley Fofana,,DF,Chelsea,25.0,2000.0,3,3,242,2.7,0,0,0,0,0,0,1,0,0.0,0.0,0.0,0.0,0.0,False,2026-27,2026,True,4.0
Wesley FofanaWesley Fofana,France,DF,Leicester City,21.0,2000.0,17,14,1363,15.1,1,0,1,1,0,0,4,0,0.06622516556291391,0.0,0.06622516556291391,0.06622516556291391,0.06622516556291391,False,2022-23,2022,False,
Wesley Moraes,Brazil,FW,Aston Villa,24.0,1996.0,1,0,1,0.0,0,0,0,0,0,0,0,0,0.0,0.0,0.0,0.0,0.0,False,2021-22,2021,False,
Weston McKennie,USA,MF,Leeds United,23.0,1998.0,19,16,1437,16.0,0,1,1,0,0,0,7,0,0.0,0.0625,0.0625,0.0,0.0625,False,2022-23,2022,False,
Wilfred Ndidi,Nigeria,"MF,DF",Leicester City,24.0,1996.0,19,18,1618,18.0,0,0,0,0,0,0,4,0,0.0,0.0,0.0,0.0,0.0,False,2021-22,2021,False,
Wilfred Ndidi,Nigeria,"MF,DF",Leicester City,25.0,1996.0,27,19,1679,18.7,0,0,0,0,0,0,4,0,0.0,0.0,0.0,0.0,0.0,False,2022-23,2022,False,
Wilfred Ndidi,Nigeria,MF,Leicester City,27.0,1996.0,28,28,2324,25.8,0,5,5,0,0,0,8,0,0.0,0.19379844961240308,0.19379844961240308,0.0,0.19379844961240308,False,2024-25,2024,False,
Wilfried Gnonto,Italy,"MF,FW",Leeds United,18.0,2003.0,24,14,1354,15.0,2,4,6,2,0,0,7,0,0.13333333333333333,0.26666666666666666,0.4,0.13333333333333333,0.4,False,2022-23,2022,False,
Wilfried Gnonto,Italy,FW,Leeds United,21.0,2003.0,23,4,537,6.0,0,1,1,0,0,0,3,0,0.0,0.16666666666666666,0.16666666666666666,0.0,0.16666666666666666,False,2025-26,2025,False,
Wilfried Zaha,Ivory Coast,"FW,MF",Crystal Palace,28.0,1992.0,33,31,2760,30.7,14,1,15,9,5,7,6,1,0.45602605863192186,0.03257328990228013,0.48859934853420195,0.2931596091205212,0.3257328990228013,False,2021-22,2021,False,
Wilfried Zaha,Ivory Coast,"FW,MF",Crystal Palace,29.0,1992.0,27,27,2288,25.4,7,2,9,7,0,2,5,0,0.2755905511811024,0.07874015748031496,0.35433070866141736,0.2755905511811024,0.35433070866141736,False,2022-23,2022,False,
Will Alves,England,MF,Leicester City,19.0,2005.0,1,0,1,0.0,0,0,0,0,0,0,0,0,0.0,0.0,0.0,0.0,0.0,False,2024-25,2024,False,
Will Hughes,England,MF,Crystal Palace,26.0,1995.0,16,13,1053,11.7,0,1,1,0,0,0,6,0,0.0,0.08547008547008547,0.08547008547008547,0.0,0.08547008547008547,False,2021-22,2021,False,
Will Hughes,England,MF,Crystal Palace,27.0,1995.0,27,7,842,9.4,1,1,2,1,0,0,4,0,0.10638297872340426,0.10638297872340426,0.2127659574468085,0.10638297872340426,0.2127659574468085,False,2022-23,2022,False,
Will Hughes,England,MF,Crystal Palace,28.0,1995.0,30,23,1891,21.0,0,1,1,0,0,0,6,0,0.0,0.047619047619047616,0.047619047619047616,0.0,0.047619047619047616,False,2023-24,2023,False,
Will Hughes,England,MF,Crystal Palace,29.0,1995.0,33,24,2108,23.4,0,3,3,0,0,0,11,0,0.0,0.12820512820512822,0.12820512820512822,0.0,0.12820512820512822,False,2024-25,2024,False,
Will Hughes,England,MF,Crystal Palace,30.0,1995.0,31,19,1571,17.5,0,0,0,0,0,0,7,0,0.0,0.0,0.0,0.0,0.0,False,2025-26,2025,False,
Will Hughes,,MF,Crystal Palace,30.0,1995.0,2,0,31,0.3,0,0,0,0,0,0,0,0,0.0,0.0,0.0,0.0,0.0,False,2026-27,2026,True,4.0
Will Lankshear,England,FW,Tottenham,19.0,2005.0,3,0,11,0.1,0,0,0,0,0,0,0,0,0.0,0.0,0.0,0.0,0.0,False,2024-25,2024,False,
William Osula,Denmark,FW,Sheffield United,19.0,2003.0,21,9,786,8.7,0,0,0,0,0,0,4,0,0.0,0.0,0.0,0.0,0.0,False,2023-24,2023,False,
William Osula,Denmark,FW,Newcastle,20.0,2003.0,14,0,134,1.5,1,0,1,1,0,0,0,0,0.6666666666666666,0.0,0.6666666666666666,0.6666666666666666,0.6666666666666666,False,2024-25,2024,False,
William Osula,Denmark,FW,Newcastle,21.0,2003.0,24,8,819,9.1,7,0,7,7,0,0,0,0,0.7692307692307693,0.0,0.7692307692307693,0.7692307692307693,0.7692307692307693,False,2025-26,2025,False,
William Osula,,FW,Newcastle,22.0,2003.0,1,1,55,0.6,0,1,1,0,0,0,0,0,0.0,1.64,1.64,0.0,1.64,False,2026-27,2026,True,4.0
William Saliba,France,DF,Arsenal,21.0,2001.0,27,27,2415,26.8,2,1,3,2,0,0,4,0,0.07462686567164178,0.03731343283582089,0.11194029850746269,0.07462686567164178,0.11194029850746269,False,2022-23,2022,False,
William Saliba,France,DF,Arsenal,22.0,2001.0,38,38,3420,38.0,2,1,3,2,0,0,4,0,0.05263157894736842,0.02631578947368421,0.07894736842105263,0.05263157894736842,0.07894736842105263,False,2023-24,2023,False,
William Saliba,France,DF,Arsenal,23.0,2001.0,35,35,3039,33.8,2,0,2,2,0,0,2,1,0.0591715976331361,0.0,0.0591715976331361,0.0591715976331361,0.0591715976331361,False,2024-25,2024,False,
William Saliba,France,DF,Arsenal,24.0,2001.0,31,30,2614,29.0,1,0,1,1,0,0,2,0,0.034482758620689655,0.0,0.034482758620689655,0.034482758620689655,0.034482758620689655,False,2025-26,2025,False,
William Smallbone,Ireland,"MF,FW",Southampton,21.0,2000.0,4,2,133,1.5,0,0,0,0,0,0,0,0,0.0,0.0,0.0,0.0,0.0,False,2021-22,2021,False,
William Smallbone,Ireland,MF,Southampton,24.0,2000.0,18,6,690,7.7,1,0,1,1,0,0,1,0,0.12987012987012986,0.0,0.12987012987012986,0.12987012987012986,0.12987012987012986,False,2024-25,2024,False,
William Troost-Ekong,Nigeria,DF,Watford,27.0,1993.0,17,15,1390,15.4,0,0,0,0,0,0,3,0,0.0,0.0,0.0,0.0,0.0,False,2021-22,2021,False,
Willian,Brazil,MF,Fulham,33.0,1988.0,27,25,2126,23.6,5,5,10,5,0,0,2,0,0.211864406779661,0.211864406779661,0.423728813559322,0.211864406779661,0.423728813559322,False,2022-23,2022,False,
Willian,Brazil,"MF,FW",Fulham,34.0,1988.0,31,24,2053,22.8,4,2,6,2,2,2,1,0,0.17543859649122806,0.08771929824561403,0.2631578947368421,0.08771929824561403,0.17543859649122806,False,2023-24,2023,False,
Willian,Brazil,"MF,FW",Fulham,35.0,1988.0,10,2,257,2.9,0,0,0,0,0,0,0,0,0.0,0.0,0.0,0.0,0.0,False,2024-25,2024,False,
Willy Boly,Ivory Coast,DF,Wolves,30.0,1991.0,10,10,900,10.0,0,0,0,0,0,0,1,0,0.0,0.0,0.0,0.0,0.0,False,2021-22,2021,False,
Willy Boly,Ivory Coast,DF,Nottingham,31.0,1991.0,11,9,685,7.6,0,1,1,0,0,0,2,0,0.0,0.13157894736842105,0.13157894736842105,0.0,0.13157894736842105,False,2022-23,2022,False,
Willy Boly,Ivory Coast,DF,Nottingham,32.0,1991.0,20,18,1438,16.0,2,1,3,2,0,0,3,1,0.125,0.0625,0.1875,0.125,0.1875,False,2023-24,2023,False,
Willy Boly,Ivory Coast,DF,Nottingham,33.0,1991.0,6,1,150,1.7,0,0,0,0,0,0,1,0,0.0,0.0,0.0,0.0,0.0,False,2024-25,2024,False,
Willy Caballero,Argentina,GK,Southampton,39.0,1981.0,2,2,180,2.0,0,0,0,0,0,0,1,0,0.0,0.0,0.0,0.0,0.0,False,2021-22,2021,False,
Willy Kambwala,France,DF,Manchester Utd,18.0,2004.0,8,3,330,3.7,0,0,0,0,0,0,1,0,0.0,0.0,0.0,0.0,0.0,False,2023-24,2023,False,
Wilson Isidor,Haiti,FW,Sunderland,24.0,2000.0,32,11,1165,12.9,6,0,6,6,0,0,1,0,0.46511627906976744,0.0,0.46511627906976744,0.46511627906976744,0.46511627906976744,False,2025-26,2025,False,
Wilson Isidor,,"FW,MF",Sunderland,25.0,2000.0,4,0,98,1.1,1,0,1,1,0,0,0,0,0.92,0.0,0.92,0.92,0.92,False,2026-27,2026,True,4.0
Wilson Odobert,France,"MF,FW",Burnley,18.0,2004.0,29,25,2098,23.3,3,2,5,3,0,0,3,0,0.12875536480686695,0.08583690987124463,0.2145922746781116,0.12875536480686695,0.2145922746781116,False,2023-24,2023,False,
Wilson Odobert,France,"FW,MF",Tottenham,19.0,2004.0,16,9,850,9.4,1,0,1,1,0,0,0,0,0.10638297872340426,0.0,0.10638297872340426,0.10638297872340426,0.10638297872340426,False,2024-25,2024,False,
Wilson Odobert,France,"MF,FW",Tottenham,20.0,2004.0,24,10,985,10.9,0,2,2,0,0,0,0,0,0.0,0.18348623853211007,0.18348623853211007,0.0,0.18348623853211007,False,2025-26,2025,False,
Wout Faes,Belgium,DF,Leicester City,24.0,1998.0,31,31,2786,31.0,1,2,3,1,0,0,6,1,0.03225806451612903,0.06451612903225806,0.0967741935483871,0.03225806451612903,0.0967741935483871,False,2022-23,2022,False,
Wout Faes,Belgium,DF,Leicester City,26.0,1998.0,34,30,2815,31.3,1,0,1,1,0,0,4,0,0.03194888178913738,0.0,0.03194888178913738,0.03194888178913738,0.03194888178913738,False,2024-25,2024,False,
Wout Weghorst,Netherlands,FW,Burnley,28.0,1992.0,20,17,1450,16.1,2,3,5,2,0,0,3,0,0.12422360248447203,0.18633540372670807,0.3105590062111801,0.12422360248447203,0.3105590062111801,False,2021-22,2021,False,
Wout Weghorst,Netherlands,"FW,MF",Manchester Utd,29.0,1992.0,17,10,797,8.9,0,1,1,0,0,0,1,0,0.0,0.11235955056179775,0.11235955056179775,0.0,0.11235955056179775,False,2022-23,2022,False,
Woyo Coulibaly,Mali,DF,Leicester City,25.0,1999.0,4,1,109,1.2,0,0,0,0,0,0,1,0,0.0,0.0,0.0,0.0,0.0,False,2024-25,2024,False,
Xaver Schlager,,MF,Nottingham,,,4,3,287,3.2,0,0,0,0,0,0,1,0,0.0,0.0,0.0,0.0,0.0,False,2026-27,2026,True,4.0
Xavi Simons,Netherlands,"MF,FW",Tottenham,22.0,2003.0,28,19,1755,19.5,2,5,7,2,0,0,5,1,0.10256410256410256,0.2564102564102564,0.358974358974359,0.10256410256410256,0.358974358974359,False,2025-26,2025,False,
Yan Valery,Tunisia,DF,Southampton,22.0,1999.0,5,3,370,4.1,0,0,0,0,0,0,0,0,0.0,0.0,0.0,0.0,0.0,False,2021-22,2021,False,
Yan Valery,Tunisia,DF,Southampton,23.0,1999.0,1,1,45,0.5,0,0,0,0,0,0,0,0,0.0,0.0,0.0,0.0,0.0,False,2022-23,2022,False,
Yankuba Minteh,Gambian,MF,Brighton,20.0,2004.0,32,20,1838,20.4,6,4,10,6,0,0,6,0,0.29411764705882354,0.19607843137254904,0.4901960784313726,0.29411764705882354,0.4901960784313726,False,2024-25,2024,False,
Yankuba Minteh,Gambian,MF,Brighton,21.0,2004.0,34,26,2391,26.6,3,4,7,3,0,0,3,0,0.11278195488721804,0.15037593984962405,0.2631578947368421,0.11278195488721804,0.2631578947368421,False,2025-26,2025,False,
Yasin Ayari,Sweden,MF,Brighton,18.0,2003.0,3,1,67,0.7,0,0,0,0,0,0,0,0,0.0,0.0,0.0,0.0,0.0,False,2022-23,2022,False,
Yasin Ayari,Sweden,MF,Brighton,20.0,2003.0,34,22,1965,21.8,2,1,3,2,0,0,3,0,0.09174311926605504,0.04587155963302752,0.13761467889908258,0.09174311926605504,0.13761467889908258,False,2024-25,2024,False,
Yasin Ayari,Sweden,MF,Brighton,21.0,2003.0,29,20,1929,21.4,3,3,6,3,0,0,1,0,0.14018691588785048,0.14018691588785048,0.28037383177570097,0.14018691588785048,0.28037383177570097,False,2025-26,2025,False,
Yasin Ayari,,MF,Brighton,22.0,2003.0,3,3,243,2.7,1,0,1,1,0,0,1,0,0.37,0.0,0.37,0.37,0.37,False,2026-27,2026,True,4.0
Yasser Larouci,Algeria,MF,Sheffield United,22.0,2001.0,11,6,531,5.9,0,0,0,0,0,0,1,0,0.0,0.0,0.0,0.0,0.0,False,2023-24,2023,False,
Yehor Yarmoliuk,Ukraine,MF,Brentford,19.0,2004.0,27,6,688,7.6,0,0,0,0,0,0,2,0,0.0,0.0,0.0,0.0,0.0,False,2023-24,2023,False,
Yehor Yarmoliuk,Ukraine,MF,Brentford,20.0,2004.0,31,15,1450,16.1,0,0,0,0,0,0,6,0,0.0,0.0,0.0,0.0,0.0,False,2024-25,2024,False,
Yehor Yarmoliuk,Ukraine,MF,Brentford,21.0,2004.0,37,30,2659,29.5,1,2,3,1,0,0,7,0,0.03389830508474576,0.06779661016949153,0.1016949152542373,0.03389830508474576,0.1016949152542373,False,2025-26,2025,False,
Yehor Yarmoliuk,,MF,Brentford,21.0,2004.0,4,1,150,1.7,0,1,1,0,0,0,1,0,0.0,0.6,0.6,0.0,0.6,False,2026-27,2026,True,4.0
Yerry Mina,Colombia,DF,Everton,26.0,1994.0,13,11,846,9.4,0,0,0,0,0,0,3,0,0.0,0.0,0.0,0.0,0.0,False,2021-22,2021,False,
Yerry Mina,Colombia,DF,Everton,27.0,1994.0,7,7,594,6.6,2,0,2,2,0,0,2,0,0.30303030303030304,0.0,0.30303030303030304,0.30303030303030304,0.30303030303030304,False,2022-23,2022,False,
Yerson Mosquera,Colombia,DF,Wolves,23.0,2001.0,5,5,441,4.9,0,0,0,0,0,0,2,0,0.0,0.0,0.0,0.0,0.0,False,2024-25,2024,False,
Yerson Mosquera,Colombia,DF,Wolves,24.0,2001.0,27,24,2136,23.7,0,0,0,0,0,0,12,0,0.0,0.0,0.0,0.0,0.0,False,2025-26,2025,False,
Yoane Wissa,DR Congo,FW,Brentford,24.0,1996.0,30,12,1284,14.3,7,1,8,7,0,0,0,0,0.4895104895104895,0.06993006993006992,0.5594405594405594,0.4895104895104895,0.5594405594405594,False,2021-22,2021,False,
Yoane Wissa,DR Congo,FW,Brentford,25.0,1996.0,38,16,1606,17.8,7,3,10,7,0,0,3,0,0.3932584269662921,0.16853932584269662,0.5617977528089887,0.3932584269662921,0.5617977528089887,False,2022-23,2022,False,
Yoane Wissa,DR Congo,FW,Brentford,26.0,1996.0,34,29,2493,27.7,12,3,15,12,0,0,7,0,0.4332129963898917,0.10830324909747292,0.5415162454873647,0.4332129963898917,0.5415162454873647,False,2023-24,2023,False,
Yoane Wissa,DR Congo,FW,Brentford,27.0,1996.0,35,34,2919,32.4,19,4,23,19,0,0,5,0,0.5864197530864198,0.1234567901234568,0.7098765432098766,0.5864197530864198,0.7098765432098766,False,2024-25,2024,False,
Yoane Wissa,DR Congo,FW,Newcastle,28.0,1996.0,19,4,531,5.9,1,1,2,1,0,0,3,0,0.1694915254237288,0.1694915254237288,0.3389830508474576,0.1694915254237288,0.3389830508474576,False,2025-26,2025,False,
Yoane Wissa,,"FW,MF",Newcastle,29.0,1996.0,4,4,350,3.9,1,1,2,1,0,0,2,0,0.26,0.26,0.51,0.26,0.51,False,2026-27,2026,True,4.0
Youri Tielemans,Belgium,MF,Leicester City,24.0,1997.0,32,29,2631,29.2,6,4,10,4,2,2,3,0,0.20547945205479454,0.136986301369863,0.3424657534246575,0.136986301369863,0.273972602739726,False,2021-22,2021,False,
Youri Tielemans,Belgium,MF,Leicester City,25.0,1997.0,31,27,2344,26.0,3,2,5,2,1,2,4,0,0.11538461538461539,0.07692307692307693,0.19230769230769232,0.07692307692307693,0.15384615384615385,False,2022-23,2022,False,
Youri Tielemans,Belgium,"MF,FW",Aston Villa,26.0,1997.0,32,17,1622,18.0,2,6,8,2,0,0,3,0,0.1111111111111111,0.3333333333333333,0.4444444444444444,0.1111111111111111,0.4444444444444444,False,2023-24,2023,False,
Youri Tielemans,Belgium,MF,Aston Villa,27.0,1997.0,36,35,3026,33.6,3,7,10,3,0,1,4,0,0.08928571428571429,0.20833333333333331,0.2976190476190476,0.08928571428571429,0.2976190476190476,False,2024-25,2024,False,
Youri Tielemans,Belgium,MF,Aston Villa,28.0,1997.0,25,21,1862,20.7,0,4,4,0,0,0,0,0,0.0,0.1932367149758454,0.1932367149758454,0.0,0.1932367149758454,False,2025-26,2025,False,
Youri Tielemans,,MF,Manchester Utd,28.0,1997.0,4,4,312,3.5,0,0,0,0,0,0,0,0,0.0,0.0,0.0,0.0,0.0,False,2026-27,2026,True,4.0
Youssef Chermiti,Portugal,FW,Everton,19.0,2004.0,18,1,208,2.3,0,0,0,0,0,0,3,0,0.0,0.0,0.0,0.0,0.0,False,2023-24,2023,False,
Youssef Chermiti,Portugal,FW,Everton,20.0,2004.0,4,0,45,0.5,0,0,0,0,0,0,1,0,0.0,0.0,0.0,0.0,0.0,False,2024-25,2024,False,
Yukinari Sugawara,Japan,"MF,DF",Southampton,24.0,2000.0,30,16,1557,17.3,1,1,2,1,0,0,4,0,0.057803468208092484,0.057803468208092484,0.11560693641618497,0.057803468208092484,0.11560693641618497,False,2024-25,2024,False,
Yunus Emre Konak,Turkey,MF,Brentford,18.0,2006.0,10,0,42,0.5,0,0,0,0,0,0,0,0,0.0,0.0,0.0,0.0,0.0,False,2024-25,2024,False,
Yves Bissouma,Mali,MF,Brighton,24.0,1996.0,26,25,2111,23.5,1,2,3,1,0,0,10,0,0.0425531914893617,0.0851063829787234,0.1276595744680851,0.0425531914893617,0.1276595744680851,False,2021-22,2021,False,
Yves Bissouma,Mali,MF,Tottenham,25.0,1996.0,23,10,1010,11.2,0,0,0,0,0,0,6,0,0.0,0.0,0.0,0.0,0.0,False,2022-23,2022,False,
Yves Bissouma,Mali,MF,Tottenham,26.0,1996.0,28,26,2068,23.0,0,0,0,0,0,0,10,2,0.0,0.0,0.0,0.0,0.0,False,2023-24,2023,False,
Yves Bissouma,Mali,MF,Tottenham,27.0,1996.0,28,16,1408,15.6,2,0,2,2,0,0,7,0,0.12820512820512822,0.0,0.12820512820512822,0.12820512820512822,0.12820512820512822,False,2024-25,2024,False,
Yves Bissouma,Mali,MF,Tottenham,28.0,1996.0,11,7,603,6.7,0,0,0,0,0,0,4,0,0.0,0.0,0.0,0.0,0.0,False,2025-26,2025,False,
Yéremy Pino,Spain,"MF,FW",Crystal Palace,22.0,2002.0,34,26,2080,23.1,2,2,4,2,0,0,4,0,0.08658008658008658,0.08658008658008658,0.17316017316017315,0.08658008658008658,0.17316017316017315,False,2025-26,2025,False,
Yéremy Pino,,MF,Crystal Palace,23.0,2002.0,4,3,227,2.5,0,0,0,0,0,0,0,0,0.0,0.0,0.0,0.0,0.0,False,2026-27,2026,True,4.0
Zach Abbott,England,DF,Nottingham,19.0,2006.0,3,2,164,1.8,0,0,0,0,0,0,0,0,0.0,0.0,0.0,0.0,0.0,False,2025-26,2025,False,
Zack Nelson,England,MF,Luton Town,18.0,2005.0,2,0,7,0.1,0,0,0,0,0,0,0,0,0.0,0.0,0.0,0.0,0.0,False,2023-24,2023,False,
Zack Steffen,USA,GK,Manchester City,26.0,1995.0,1,1,90,1.0,0,0,0,0,0,0,0,0,0.0,0.0,0.0,0.0,0.0,False,2021-22,2021,False,
Zadok Yohanna,,FW,Brighton,,,1,0,13,0.1,0,0,0,0,0,0,0,0,0.0,0.0,0.0,0.0,0.0,False,2026-27,2026,True,4.0
Zain Silcott-Duberry,Montserrat,MF,Bournemouth,19.0,2005.0,1,0,1,0.0,0,0,0,0,0,0,0,0,0.0,0.0,0.0,0.0,0.0,False,2024-25,2024,False,
Zavier Gozo,,MF,Crystal Palace,,,2,0,30,0.3,0,0,0,0,0,0,0,0,0.0,0.0,0.0,0.0,0.0,False,2026-27,2026,True,4.0
Zeki Amdouni,Switzerland,FW,Burnley,22.0,2000.0,34,27,1953,21.7,5,1,6,4,1,1,2,0,0.2304147465437788,0.04608294930875576,0.2764976958525346,0.18433179723502305,0.23041474654377883,False,2023-24,2023,False,
Zeki Amdouni,Switzerland,"FW,MF",Burnley,24.0,2000.0,4,0,73,0.8,0,0,0,0,0,0,0,0,0.0,0.0,0.0,0.0,0.0,False,2025-26,2025,False,
Zian Flemming,Netherlands,FW,Burnley,26.0,1998.0,29,21,1769,19.7,11,0,11,9,2,2,5,0,0.5583756345177665,0.0,0.5583756345177665,0.4568527918781726,0.4568527918781726,False,2025-26,2025,False,
Zian Flemming,,"FW,MF",Ipswich Town,27.0,1998.0,2,0,53,0.6,1,0,1,1,0,0,0,0,1.7,0.0,1.7,1.7,1.7,False,2026-27,2026,True,4.0
Zion Suzuki,,GK,Aston Villa,,,3,3,270,3.0,0,0,0,0,0,0,0,0,0.0,0.0,0.0,0.0,0.0,False,2026-27,2026,True,4.0
Álex Jiménez,Spain,"DF,MF",Bournemouth,20.0,2005.0,31,26,2317,25.7,1,0,1,1,0,0,10,0,0.038910505836575876,0.0,0.038910505836575876,0.038910505836575876,0.038910505836575876,False,2025-26,2025,False,
Álex Moreno,Spain,DF,Aston Villa,29.0,1993.0,19,14,1329,14.8,0,3,3,0,0,0,3,0,0.0,0.2027027027027027,0.2027027027027027,0.0,0.2027027027027027,False,2022-23,2022,False,
Álex Moreno,Spain,DF,Aston Villa,30.0,1993.0,21,11,1031,11.5,2,0,2,2,0,0,2,0,0.17391304347826086,0.0,0.17391304347826086,0.17391304347826086,0.17391304347826086,False,2023-24,2023,False,
Álex Moreno,Spain,DF,Nottingham,31.0,1993.0,15,11,955,10.6,0,1,1,0,0,0,2,0,0.0,0.09433962264150944,0.09433962264150944,0.0,0.09433962264150944,False,2024-25,2024,False,
Álvaro Fernández,Spain,GK,Brentford,23.0,1998.0,12,12,1080,12.0,0,0,0,0,0,0,0,0,0.0,0.0,0.0,0.0,0.0,False,2021-22,2021,False,
Álvaro Rodríguez,,FW,Bournemouth,,,2,0,11,0.1,0,0,0,0,0,0,0,0,0.0,0.0,0.0,0.0,0.0,False,2026-27,2026,True,4.0
Çağlar Söyüncü,Turkey,DF,Leicester City,25.0,1996.0,28,28,2497,27.7,1,0,1,1,0,0,5,0,0.036101083032490974,0.0,0.036101083032490974,0.036101083032490974,0.036101083032490974,False,2021-22,2021,False,
Çağlar Söyüncü,Turkey,DF,Leicester City,26.0,1996.0,7,6,529,5.9,1,0,1,1,0,0,2,0,0.1694915254237288,0.0,0.1694915254237288,0.1694915254237288,0.1694915254237288,False,2022-23,2022,False,
Édouard Mendy,Senegal,GK,Chelsea,29.0,1992.0,34,34,3060,34.0,0,0,0,0,0,0,3,0,0.0,0.0,0.0,0.0,0.0,False,2021-22,2021,False,
Édouard Mendy,Senegal,GK,Chelsea,30.0,1992.0,10,9,855,9.5,0,0,0,0,0,0,1,0,0.0,0.0,0.0,0.0,0.0,False,2022-23,2022,False,
Óscar Mingueza,,"DF,MF",Crystal Palace,,,2,0,18,0.2,0,0,0,0,0,0,0,0,0.0,0.0,0.0,0.0,0.0,False,2026-27,2026,True,4.0
Đorđe Petrović,Serbia,GK,Chelsea,23.0,1999.0,23,22,1987,22.1,0,0,0,0,0,0,2,0,0.0,0.0,0.0,0.0,0.0,False,2023-24,2023,False,
Đorđe Petrović,Serbia,GK,Bournemouth,25.0,1999.0,38,38,3420,38.0,0,0,0,0,0,0,3,0,0.0,0.0,0.0,0.0,0.0,False,2025-26,2025,False,
Đorđe Petrović,,GK,Bournemouth,26.0,1999.0,4,4,360,4.0,0,0,0,0,0,0,0,0,0.0,0.0,0.0,0.0,0.0,False,2026-27,2026,True,4.0
İlkay Gündoğan,Germany,MF,Manchester City,30.0,1990.0,27,20,1857,20.6,8,4,12,8,0,0,1,0,0.3883495145631068,0.1941747572815534,0.5825242718446602,0.3883495145631068,0.5825242718446602,False,2021-22,2021,False,
İlkay Gündoğan,Germany,MF,Manchester City,31.0,1990.0,31,27,2353,26.1,8,4,12,8,0,1,0,0,0.3065134099616858,0.1532567049808429,0.45977011494252873,0.3065134099616858,0.45977011494252873,False,2022-23,2022,False,
İlkay Gündoğan,Germany,MF,Manchester City,33.0,1990.0,33,25,2223,24.7,1,6,7,1,0,0,1,0,0.04048582995951417,0.24291497975708504,0.2834008097165992,0.04048582995951417,0.2834008097165992,False,2024-25,2024,False,
Łukasz Fabiański,Poland,GK,West Ham,36.0,1985.0,37,37,3330,37.0,0,0,0,0,0,0,2,0,0.0,0.0,0.0,0.0,0.0,False,2021-22,2021,False,
Łukasz Fabiański,Poland,GK,West Ham,37.0,1985.0,36,36,3111,34.6,0,0,0,0,0,0,1,0,0.0,0.0,0.0,0.0,0.0,False,2022-23,2022,False,
Łukasz Fabiański,Poland,GK,West Ham,38.0,1985.0,10,7,721,8.0,0,0,0,0,0,0,0,0,0.0,0.0,0.0,0.0,0.0,False,2023-24,2023,False,
Łukasz Fabiański,Poland,GK,West Ham,39.0,1985.0,14,13,1160,12.9,0,0,0,0,0,0,2,0,0.0,0.0,0.0,0.0,0.0,False,2024-25,2024,False,
