Player,Nation,Position,Squad,Age,Born,Matches Played,Starts,Minutes Played,90s,Goals Scored,Assists,Goals + Assists,Non-Penalty Goals,Penalty Goals,Penalty Attempts,Yellow Card,Red Cards,Gls/90,Ast/90,G+A /90,G-PK /90,G+A-PK /90,multi_club_season,Season,season_start_year,prev_ga90,career_seasons_so_far,cum_minutes,minutes_prev_season,minutes_trend,ga90_ewm,ga90_prev_season,ga90_2_seasons_ago,age_sq,matches,avg_possession,avg_shots_for,avg_sot_for,avg_shots_against,goals_for,goals_against,shot_share,target_next_ga90,target_next_90s,target_season,has_target
Aaron Connolly,Ireland,FW,Brighton,21,2000,4,1,156,1.7,0,0,0,0,0,0,0,0,0.0,0.0,0.0,0.0,0.0,False,2021-22,2021,0.0,1,156,,,0.0,,,441,38.0,54.73684210526316,12.868421052631579,4.0,12.526315789473685,42.0,44.0,0.5067357512953368,,,,False
Aaron Cresswell,England,DF,West Ham,31,1989,31,31,2726,30.3,2,3,5,2,0,0,3,0,0.066006600660066,0.099009900990099,0.16501650165016502,0.066006600660066,0.16501650165016502,False,2021-22,2021,0.16501650165016502,1,2726,,,0.16501650165016502,,,961,,,,,,,,,0.04032258064516129,24.8,2022-23,True
Aaron Cresswell,England,DF,West Ham,32,1989,28,24,2235,24.8,0,1,1,0,0,0,3,0,0.0,0.04032258064516129,0.04032258064516129,0.0,0.04032258064516129,False,2022-23,2022,0.04032258064516129,2,4961,2726.0,-491.0,0.08188722098016255,0.16501650165016502,,1024,,,,,,,,,0.0,4.8,2023-24,True
Aaron Cresswell,England,DF,West Ham,33,1989,11,4,436,4.8,0,0,0,0,0,0,1,0,0.0,0.0,0.0,0.0,0.0,False,2023-24,2023,0.0,3,5397,2235.0,-1799.0,0.02729574032672085,0.04032258064516129,0.16501650165016502,1089,,,,,,,,,0.0,9.2,2024-25,True
Aaron Cresswell,England,DF,West Ham,34,1989,18,10,824,9.2,0,0,0,0,0,0,3,0,0.0,0.0,0.0,0.0,0.0,False,2024-25,2024,0.0,4,6221,436.0,388.0,0.009098580108906951,0.0,0.04032258064516129,1156,,,,,,,,,,,,False
Aaron Hickey,Scotland,DF,Brentford,20,2002,26,23,1916,21.3,0,1,1,0,0,0,7,0,0.0,0.046948356807511735,0.046948356807511735,0.0,0.046948356807511735,False,2022-23,2022,0.046948356807511735,1,1916,,,0.046948356807511735,,,400,38.0,43.39473684210526,10.710526315789474,4.2631578947368425,14.763157894736842,58.0,46.0,0.42045454545454547,0.0,7.9,2023-24,True
Aaron Hickey,Scotland,"DF,MF",Brentford,21,2002,9,9,713,7.9,0,0,0,0,0,0,5,0,0.0,0.0,0.0,0.0,0.0,False,2023-24,2023,0.0,2,2629,1916.0,-1203.0,0.01564945226917058,0.046948356807511735,,441,38.0,44.973684210526315,12.447368421052632,4.526315789473684,14.421052631578947,56.0,65.0,0.4632713026444662,0.0,7.7,2025-26,True
Aaron Hickey,Scotland,"DF,MF",Brentford,23,2002,21,8,691,7.7,0,0,0,0,0,0,1,0,0.0,0.0,0.0,0.0,0.0,False,2025-26,2025,0.0,3,3320,713.0,-22.0,0.005216484089723527,0.0,0.046948356807511735,529,38.0,47.5,10.657894736842104,3.8684210526315788,13.263157894736842,55.0,52.0,0.44554455445544555,,,,False
Aaron Lennon,England,"MF,FW",Burnley,34,1987,28,17,1551,17.2,2,0,2,2,0,0,2,0,0.11627906976744186,0.0,0.11627906976744186,0.11627906976744186,0.11627906976744186,False,2021-22,2021,0.11627906976744186,1,1551,,,0.11627906976744186,,,1156,,,,,,,,,,,,False
Aaron Ramsdale,England,GK,Arsenal,23,1998,34,34,3060,34.0,0,0,0,0,0,0,1,0,0.0,0.0,0.0,0.0,0.0,False,2021-22,2021,0.0,1,3060,,,0.0,,,529,38.0,53.18421052631579,15.473684210526315,5.157894736842105,11.18421052631579,61.0,48.0,0.5804540967423495,0.0,38.0,2022-23,True
Aaron Ramsdale,England,GK,Arsenal,24,1998,38,38,3420,38.0,0,0,0,0,0,0,1,0,0.0,0.0,0.0,0.0,0.0,False,2022-23,2022,0.0,2,6480,3060.0,360.0,0.0,0.0,,576,38.0,59.94736842105263,15.605263157894736,5.368421052631579,8.973684210526315,88.0,43.0,0.6349036402569593,0.0,6.0,2023-24,True
Aaron Ramsdale,England,GK,Arsenal,25,1998,6,6,540,6.0,0,0,0,0,0,0,0,0,0.0,0.0,0.0,0.0,0.0,False,2023-24,2023,0.0,3,7020,3420.0,-2880.0,0.0,0.0,0.0,625,38.0,58.63157894736842,17.263157894736842,5.973684210526316,8.473684210526315,91.0,29.0,0.6707566462167689,0.0,30.0,2024-25,True
Aaron Ramsdale,England,GK,Southampton,26,1998,30,30,2700,30.0,0,0,0,0,0,0,2,0,0.0,0.0,0.0,0.0,0.0,False,2024-25,2024,0.0,4,9720,540.0,2160.0,0.0,0.0,0.0,676,,,,,,,,,0.0,11.2,2025-26,True
Aaron Ramsdale,England,GK,Newcastle,27,1998,12,11,1004,11.2,0,0,0,0,0,0,2,0,0.0,0.0,0.0,0.0,0.0,False,2025-26,2025,0.0,5,10724,2700.0,-1696.0,0.0,0.0,0.0,729,38.0,52.473684210526315,12.947368421052632,4.631578947368421,12.342105263157896,53.0,55.0,0.5119667013527576,,,,False
Aaron Ramsey,England,MF,Burnley,20,2003,14,5,527,5.9,0,0,0,0,0,0,1,0,0.0,0.0,0.0,0.0,0.0,False,2023-24,2023,0.0,1,527,,,0.0,,,400,,,,,,,,,,,,False
Aaron Wan-Bissaka,DR Congo,"DF,MF",Manchester Utd,23,1997,20,20,1793,19.9,0,0,0,0,0,0,2,0,0.0,0.0,0.0,0.0,0.0,False,2021-22,2021,0.0,1,1793,,,0.0,,,529,38.0,52.921052631578945,13.368421052631579,4.921052631578948,13.447368421052632,57.0,57.0,0.4985279685966634,0.0,15.9,2022-23,True
Aaron Wan-Bissaka,DR Congo,DF,Manchester Utd,24,1997,19,16,1435,15.9,0,0,0,0,0,0,2,0,0.0,0.0,0.0,0.0,0.0,False,2022-23,2022,0.0,2,3228,1793.0,-358.0,0.0,0.0,,576,38.0,53.973684210526315,15.578947368421053,5.631578947368421,12.657894736842104,58.0,43.0,0.5517241379310345,0.10101010101010101,19.8,2023-24,True
Aaron Wan-Bissaka,DR Congo,DF,Manchester Utd,25,1997,22,20,1780,19.8,0,2,2,0,0,0,4,0,0.0,0.10101010101010101,0.10101010101010101,0.0,0.10101010101010101,False,2023-24,2023,0.10101010101010101,3,5008,1435.0,345.0,0.06734006734006734,0.0,0.0,625,38.0,50.526315789473685,14.473684210526315,5.078947368421052,17.55263157894737,57.0,58.0,0.4519309778142974,0.2,35.0,2024-25,True
Aaron Wan-Bissaka,DR Congo,"DF,MF",West Ham,26,1997,36,35,3154,35.0,2,5,7,2,0,0,1,0,0.05714285714285714,0.14285714285714285,0.2,0.05714285714285714,0.2,False,2024-25,2024,0.2,4,8162,1780.0,1374.0,0.15578002244668912,0.10101010101010101,0.0,676,,,,,,,,,0.08658008658008658,23.1,2025-26,True
Aaron Wan-Bissaka,DR Congo,"DF,MF",West Ham,27,1997,25,23,2081,23.1,0,2,2,0,0,0,4,0,0.0,0.08658008658008658,0.08658008658008658,0.0,0.08658008658008658,False,2025-26,2025,0.08658008658008658,5,10243,3154.0,-1073.0,0.1096467318689541,0.2,0.10101010101010101,729,,,,,,,,,,,,False
Abdoulaye Doucouré,Mali,MF,Everton,28,1993,30,29,2537,28.2,2,4,6,2,0,0,6,0,0.07092198581560284,0.14184397163120568,0.2127659574468085,0.07092198581560284,0.2127659574468085,False,2021-22,2021,0.2127659574468085,1,2537,,,0.2127659574468085,,,784,38.0,39.68421052631579,11.526315789473685,3.6315789473684212,13.710526315789474,43.0,66.0,0.45672575599582904,0.4117647058823529,17.0,2022-23,True
Abdoulaye Doucouré,Mali,MF,Everton,29,1993,25,17,1533,17.0,5,2,7,5,0,0,6,1,0.29411764705882354,0.11764705882352941,0.4117647058823529,0.29411764705882354,0.4117647058823529,False,2022-23,2022,0.4117647058823529,2,4070,2537.0,-1004.0,0.3454317897371714,0.2127659574468085,,841,38.0,42.578947368421055,11.289473684210526,4.0,15.105263157894736,34.0,57.0,0.42771684945164506,0.273972602739726,29.2,2023-24,True
Abdoulaye Doucouré,Mali,MF,Everton,30,1993,32,32,2629,29.2,7,1,8,7,0,0,7,0,0.2397260273972603,0.03424657534246575,0.273972602739726,0.2397260273972603,0.273972602739726,False,2023-24,2023,0.273972602739726,3,6699,1533.0,1096.0,0.2977923317388745,0.4117647058823529,0.2127659574468085,900,38.0,40.73684210526316,13.342105263157896,4.2631578947368425,14.157894736842104,40.0,51.0,0.4851674641148326,0.17543859649122806,28.5,2024-25,True
Abdoulaye Doucouré,Mali,MF,Everton,31,1993,33,31,2564,28.5,3,2,5,3,0,0,5,1,0.10526315789473684,0.07017543859649122,0.17543859649122806,0.10526315789473684,0.17543859649122806,False,2024-25,2024,0.17543859649122806,4,9263,2629.0,-65.0,0.2162231749071102,0.273972602739726,0.4117647058823529,961,38.0,40.63157894736842,10.657894736842104,3.763157894736842,12.605263157894736,42.0,44.0,0.4581447963800905,,,,False
Abdukodir Khusanov,Uzbekistan,DF,Manchester City,20,2004,6,6,503,5.6,0,0,0,0,0,0,1,0,0.0,0.0,0.0,0.0,0.0,False,2024-25,2024,0.0,1,503,,,0.0,,,400,38.0,61.73684210526316,16.0,5.7105263157894735,9.31578947368421,72.0,44.0,0.6320166320166319,0.0,15.9,2025-26,True
Abdukodir Khusanov,Uzbekistan,DF,Manchester City,21,2004,21,15,1432,15.9,0,0,0,0,0,0,2,0,0.0,0.0,0.0,0.0,0.0,False,2025-26,2025,0.0,2,1935,503.0,929.0,0.0,0.0,,441,38.0,60.6578947368421,15.657894736842104,5.394736842105263,9.710526315789474,77.0,35.0,0.617219917012448,,,,False
Abdul Fatawu Issahaku,Ghana,"MF,FW",Leicester City,20,2004,11,6,579,6.4,0,2,2,0,0,0,0,0,0.0,0.3125,0.3125,0.0,0.3125,False,2024-25,2024,0.3125,1,579,,,0.3125,,,400,,,,,,,,,,,,False
Adam Armstrong,England,FW,Southampton,24,1997,23,17,1413,15.7,2,2,4,2,0,0,1,0,0.12738853503184713,0.12738853503184713,0.25477707006369427,0.12738853503184713,0.25477707006369427,False,2021-22,2021,0.25477707006369427,1,1413,,,0.25477707006369427,,,576,,,,,,,,,0.2027027027027027,14.8,2022-23,True
Adam Armstrong,England,"MF,FW",Southampton,25,1997,30,14,1335,14.8,2,1,3,2,0,0,2,0,0.13513513513513511,0.06756756756756756,0.2027027027027027,0.13513513513513511,0.2027027027027027,False,2022-23,2022,0.2027027027027027,2,2748,1413.0,-78.0,0.22006082515636655,0.25477707006369427,,625,,,,,,,,,0.28776978417266186,13.9,2024-25,True
Adam Armstrong,England,"FW,MF",Southampton,27,1997,20,15,1248,13.9,2,2,4,2,0,1,4,0,0.14388489208633093,0.14388489208633093,0.28776978417266186,0.14388489208633093,0.28776978417266186,False,2024-25,2024,0.28776978417266186,3,3996,1335.0,-87.0,0.26520013116723007,0.2027027027027027,0.25477707006369427,729,,,,,,,,,0.31496062992125984,12.7,2025-26,True
Adam Armstrong,England,"FW,MF",Wolves,28,1997,14,14,1140,12.7,2,2,4,1,1,1,3,0,0.15748031496062992,0.15748031496062992,0.31496062992125984,0.07874015748031496,0.23622047244094488,False,2025-26,2025,0.31496062992125984,4,5136,1248.0,-108.0,0.29837379700324995,0.28776978417266186,0.2027027027027027,784,,,,,,,,,,,,False
Adam Forshaw,England,MF,Leeds United,29,1991,22,17,1530,17.0,0,1,1,0,0,0,5,0,0.0,0.058823529411764705,0.058823529411764705,0.0,0.058823529411764705,False,2021-22,2021,0.058823529411764705,1,1530,,,0.058823529411764705,,,841,38.0,52.473684210526315,12.736842105263158,4.052631578947368,15.289473684210526,42.0,79.0,0.4544600938967136,0.0,5.3,2022-23,True
Adam Forshaw,England,MF,Leeds United,30,1991,12,5,479,5.3,0,0,0,0,0,0,0,0,0.0,0.0,0.0,0.0,0.0,False,2022-23,2022,0.0,2,2009,1530.0,-1051.0,0.019607843137254905,0.058823529411764705,,900,38.0,46.94736842105263,12.157894736842104,3.8157894736842106,13.868421052631579,48.0,78.0,0.4671385237613751,,,,False
Adam Idah,Ireland,"FW,MF",Norwich City,20,2001,17,6,625,6.9,1,1,2,1,0,0,0,0,0.14492753623188406,0.14492753623188406,0.2898550724637681,0.14492753623188406,0.2898550724637681,False,2021-22,2021,0.2898550724637681,1,625,,,0.2898550724637681,,,400,,,,,,,,,,,,False
Adam Lallana,England,MF,Brighton,33,1988,24,18,1561,17.3,0,1,1,0,0,0,4,0,0.0,0.057803468208092484,0.057803468208092484,0.0,0.057803468208092484,False,2021-22,2021,0.057803468208092484,1,1561,,,0.057803468208092484,,,1089,38.0,54.73684210526316,12.868421052631579,4.0,12.526315789473685,42.0,44.0,0.5067357512953368,0.375,8.0,2022-23,True
Adam Lallana,England,MF,Brighton,34,1988,16,12,722,8.0,2,1,3,2,0,0,0,0,0.25,0.125,0.375,0.25,0.375,False,2022-23,2022,0.375,2,2283,1561.0,-839.0,0.26926782273603084,0.057803468208092484,,1156,38.0,60.526315789473685,16.105263157894736,6.078947368421052,10.210526315789474,72.0,53.0,0.612,0.10638297872340426,9.4,2023-24,True
Adam Lallana,England,MF,Brighton,35,1988,25,13,850,9.4,0,1,1,0,0,0,2,0,0.0,0.10638297872340426,0.10638297872340426,0.0,0.10638297872340426,False,2023-24,2023,0.10638297872340426,3,3133,722.0,128.0,0.1606779267276131,0.375,0.057803468208092484,1225,38.0,60.3421052631579,14.789473684210526,5.473684210526316,12.289473684210526,55.0,62.0,0.5461613216715258,0.5,4.0,2024-25,True
Adam Lallana,England,MF,Southampton,36,1988,14,5,361,4.0,0,2,2,0,0,0,4,0,0.0,0.5,0.5,0.0,0.5,False,2024-25,2024,0.5,4,3494,850.0,-489.0,0.3868926422425377,0.10638297872340426,0.375,1296,,,,,,,,,,,,False
Adam Masina,Morocco,DF,Watford,27,1994,15,13,1077,12.0,0,1,1,0,0,0,0,0,0.0,0.08333333333333333,0.08333333333333333,0.0,0.08333333333333333,False,2021-22,2021,0.08333333333333333,1,1077,,,0.08333333333333333,,,729,,,,,,,,,,,,False
Adam Smith,England,DF,Bournemouth,31,1991,37,34,2943,32.7,0,1,1,0,0,0,11,0,0.0,0.030581039755351678,0.030581039755351678,0.0,0.030581039755351678,False,2022-23,2022,0.030581039755351678,1,2943,,,0.030581039755351678,,,961,38.0,40.078947368421055,9.394736842105264,3.5,16.473684210526315,37.0,71.0,0.3631739572736521,0.08368200836820085,23.9,2023-24,True
Adam Smith,England,DF,Bournemouth,32,1991,28,25,2150,23.9,0,2,2,0,0,0,6,0,0.0,0.08368200836820085,0.08368200836820085,0.0,0.08368200836820085,False,2023-24,2023,0.08368200836820085,2,5093,2943.0,-793.0,0.06598168549725113,0.030581039755351678,,1024,38.0,44.05263157894737,14.263157894736842,4.868421052631579,13.973684210526315,54.0,67.0,0.5051258154706431,0.0,17.7,2024-25,True
Adam Smith,England,DF,Bournemouth,33,1991,25,19,1590,17.7,0,0,0,0,0,0,7,0,0.0,0.0,0.0,0.0,0.0,False,2024-25,2024,0.0,3,6683,2150.0,-560.0,0.021993895165750378,0.08368200836820085,0.030581039755351678,1089,38.0,48.578947368421055,15.263157894736842,5.315789473684211,12.842105263157896,58.0,46.0,0.5430711610486891,0.16666666666666666,12.0,2025-26,True
Adam Smith,England,DF,Bournemouth,34,1991,22,14,1077,12.0,0,2,2,0,0,0,3,0,0.0,0.16666666666666666,0.16666666666666666,0.0,0.16666666666666666,False,2025-26,2025,0.16666666666666666,4,7760,1590.0,-513.0,0.11844240949969456,0.0,0.08368200836820085,1156,38.0,50.078947368421055,13.842105263157896,4.684210526315789,12.631578947368421,58.0,54.0,0.5228628230616302,,,,False
Adam Webster,England,DF,Brighton,26,1995,22,16,1434,15.9,2,0,2,2,0,0,5,0,0.12578616352201258,0.0,0.12578616352201258,0.12578616352201258,0.12578616352201258,False,2021-22,2021,0.12578616352201258,1,1434,,,0.12578616352201258,,,676,38.0,54.73684210526316,12.868421052631579,4.0,12.526315789473685,42.0,44.0,0.5067357512953368,0.0,22.1,2022-23,True
Adam Webster,England,DF,Brighton,27,1995,27,23,1985,22.1,0,0,0,0,0,0,2,0,0.0,0.0,0.0,0.0,0.0,False,2022-23,2022,0.0,2,3419,1434.0,551.0,0.041928721174004195,0.12578616352201258,,729,38.0,60.526315789473685,16.105263157894736,6.078947368421052,10.210526315789474,72.0,53.0,0.612,0.0,12.7,2023-24,True
Adam Webster,England,DF,Brighton,28,1995,15,13,1144,12.7,0,0,0,0,0,0,2,0,0.0,0.0,0.0,0.0,0.0,False,2023-24,2023,0.0,3,4563,1985.0,-841.0,0.013976240391334733,0.0,0.12578616352201258,784,38.0,60.3421052631579,14.789473684210526,5.473684210526316,12.289473684210526,55.0,62.0,0.5461613216715258,0.0,9.9,2024-25,True
Adam Webster,England,DF,Brighton,29,1995,14,11,887,9.9,0,0,0,0,0,0,1,0,0.0,0.0,0.0,0.0,0.0,False,2024-25,2024,0.0,4,5450,1144.0,-257.0,0.004658746797111578,0.0,0.0,841,38.0,52.63157894736842,14.026315789473685,5.026315789473684,11.236842105263158,66.0,59.0,0.5552083333333333,,,,False
Adam Wharton,England,MF,Crystal Palace,19,2004,16,15,1297,14.4,0,3,3,0,0,0,2,0,0.0,0.20833333333333331,0.20833333333333331,0.0,0.20833333333333331,False,2023-24,2023,0.20833333333333331,1,1297,,,0.20833333333333331,,,361,38.0,42.1578947368421,12.0,4.447368421052632,12.078947368421053,57.0,58.0,0.4983606557377049,0.136986301369863,14.6,2024-25,True
Adam Wharton,England,MF,Crystal Palace,20,2004,20,16,1318,14.6,0,2,2,0,0,0,2,0,0.0,0.136986301369863,0.136986301369863,0.0,0.136986301369863,False,2024-25,2024,0.136986301369863,2,2615,1297.0,21.0,0.16076864535768645,0.20833333333333331,,400,38.0,42.5,13.552631578947368,4.894736842105263,12.710526315789474,51.0,51.0,0.5160320641282565,0.21126760563380284,28.4,2025-26,True
Adam Wharton,England,MF,Crystal Palace,21,2004,34,29,2552,28.4,1,5,6,1,0,0,6,1,0.035211267605633804,0.17605633802816903,0.21126760563380284,0.035211267605633804,0.21126760563380284,False,2025-26,2025,0.21126760563380284,3,5167,1318.0,1234.0,0.1944346188750974,0.136986301369863,0.20833333333333331,441,38.0,45.89473684210526,11.631578947368421,3.710526315789474,11.710526315789474,41.0,51.0,0.49830890642615555,,,,False
Adama Traoré,Spain,"FW,MF",Wolves,25,1996,20,10,1067,11.9,1,0,1,1,0,0,0,0,0.08403361344537814,0.0,0.08403361344537814,0.08403361344537814,0.08403361344537814,False,2021-22,2021,0.08403361344537814,1,1067,,,0.08403361344537814,,,625,,,,,,,,,0.18072289156626503,16.6,2022-23,True
Adama Traoré,Spain,"MF,FW",Wolves,26,1996,34,12,1496,16.6,2,1,3,2,0,0,2,0,0.12048192771084336,0.06024096385542168,0.18072289156626503,0.12048192771084336,0.18072289156626503,False,2022-23,2022,0.18072289156626503,2,2563,1067.0,429.0,0.14849313219263607,0.08403361344537814,,676,,,,,,,,,1.1904761904761905,4.2,2023-24,True
Adama Traoré,Spain,MF,Fulham,27,1996,17,1,377,4.2,2,3,5,2,0,0,2,0,0.47619047619047616,0.7142857142857143,1.1904761904761905,0.47619047619047616,1.1904761904761905,False,2023-24,2023,1.1904761904761905,3,2940,1496.0,-1119.0,0.8431485043816723,0.18072289156626503,0.08403361344537814,729,38.0,50.73684210526316,13.157894736842104,4.7105263157894735,13.763157894736842,55.0,61.0,0.4887585532746823,0.4568527918781726,19.7,2024-25,True
Adama Traoré,Spain,MF,Fulham,28,1996,36,18,1772,19.7,2,7,9,2,0,0,3,0,0.10152284263959391,0.3553299492385787,0.4568527918781726,0.10152284263959391,0.4568527918781726,False,2024-25,2024,0.4568527918781726,4,4712,377.0,1395.0,0.5856180293793392,1.1904761904761905,0.18072289156626503,784,38.0,52.473684210526315,13.710526315789474,4.552631578947368,11.368421052631579,54.0,54.0,0.5466946484784889,,,,False
Adama TraoréAdama Traoré,Spain,MF,West Ham,29,1996,24,1,395,4.3,0,0,0,0,0,0,1,0,0.0,0.0,0.0,0.0,0.0,False,2025-26,2025,0.0,1,395,,,0.0,,,841,,,,,,,,,,,,False
Ademola Lookman,Nigeria,"MF,FW",Leicester City,23,1997,26,16,1453,16.1,6,0,6,6,0,0,2,0,0.37267080745341613,0.0,0.37267080745341613,0.37267080745341613,0.37267080745341613,False,2021-22,2021,0.37267080745341613,1,1453,,,0.37267080745341613,,,529,,,,,,,,,,,,False
Adrien Truffert,France,DF,Bournemouth,23,2001,38,38,3379,37.5,1,5,6,1,0,0,5,0,0.02666666666666667,0.13333333333333333,0.16,0.02666666666666667,0.16,False,2025-26,2025,0.16,1,3379,,,0.16,,,529,38.0,50.078947368421055,13.842105263157896,4.684210526315789,12.631578947368421,58.0,54.0,0.5228628230616302,,,,False
Ainsley Maitland-Niles,England,MF,Arsenal,23,1997,8,2,268,3.0,0,0,0,0,0,0,0,0,0.0,0.0,0.0,0.0,0.0,False,2021-22,2021,0.0,1,268,,,0.0,,,529,38.0,53.18421052631579,15.473684210526315,5.157894736842105,11.18421052631579,61.0,48.0,0.5804540967423495,0.0,15.6,2022-23,True
Ainsley Maitland-Niles,England,"DF,MF",Southampton,24,1997,22,13,1407,15.6,0,0,0,0,0,0,3,0,0.0,0.0,0.0,0.0,0.0,False,2022-23,2022,0.0,2,1675,268.0,1139.0,0.0,0.0,,576,,,,,,,,,,,,False
Albert Grønbaek,Denmark,"MF,FW",Southampton,23,2001,4,2,143,1.6,0,0,0,0,0,0,0,0,0.0,0.0,0.0,0.0,0.0,False,2024-25,2024,0.0,1,143,,,0.0,,,529,,,,,,,,,,,,False
Albert Sambi Lokonga,Belgium,MF,Arsenal,21,1999,19,12,1134,12.6,0,0,0,0,0,0,5,0,0.0,0.0,0.0,0.0,0.0,False,2021-22,2021,0.0,1,1134,,,0.0,,,441,38.0,53.18421052631579,15.473684210526315,5.157894736842105,11.18421052631579,61.0,48.0,0.5804540967423495,0.27586206896551724,14.5,2023-24,True
Albert Sambi Lokonga,Belgium,MF,Luton Town,23,1999,17,16,1303,14.5,1,3,4,1,0,0,4,0,0.06896551724137931,0.20689655172413793,0.27586206896551724,0.06896551724137931,0.27586206896551724,False,2023-24,2023,0.27586206896551724,2,2437,1134.0,169.0,0.1839080459770115,0.0,,529,,,,,,,,,,,,False
Albert Sambi LokongaAlbert Sambi Lokonga,Belgium,MF,Crystal Palace,22,1999,15,8,734,8.2,0,0,0,0,0,0,2,0,0.0,0.0,0.0,0.0,0.0,False,2022-23,2022,0.0,1,734,,,0.0,,,484,38.0,46.13157894736842,11.18421052631579,3.5789473684210527,12.0,40.0,49.0,0.48240635641316687,,,,False
Alejandro Garnacho,Argentina,MF,Manchester Utd,17,2004,2,0,13,0.1,0,0,0,0,0,0,0,0,0.0,0.0,0.0,0.0,0.0,False,2021-22,2021,0.0,1,13,,,0.0,,,289,38.0,52.921052631578945,13.368421052631579,4.921052631578948,13.447368421052632,57.0,57.0,0.4985279685966634,0.7936507936507937,6.3,2022-23,True
Alejandro Garnacho,Argentina,MF,Manchester Utd,18,2004,19,5,569,6.3,3,2,5,3,0,0,3,0,0.4761904761904762,0.31746031746031744,0.7936507936507937,0.4761904761904762,0.7936507936507937,False,2022-23,2022,0.7936507936507937,2,582,13.0,556.0,0.5291005291005291,0.0,,324,38.0,53.973684210526315,15.578947368421053,5.631578947368421,12.657894736842104,58.0,43.0,0.5517241379310345,0.38596491228070173,28.5,2023-24,True
Alejandro Garnacho,Argentina,MF,Manchester Utd,19,2004,36,30,2565,28.5,7,4,11,7,0,0,4,0,0.24561403508771928,0.14035087719298245,0.38596491228070173,0.24561403508771928,0.38596491228070173,False,2023-24,2023,0.38596491228070173,3,3147,569.0,1996.0,0.4336767845539775,0.7936507936507937,0.0,361,38.0,50.526315789473685,14.473684210526315,5.078947368421052,17.55263157894737,57.0,58.0,0.4519309778142974,0.3278688524590164,24.4,2024-25,True
Alejandro Garnacho,Argentina,MF,Manchester Utd,20,2004,36,23,2199,24.4,6,2,8,6,0,0,3,0,0.24590163934426232,0.0819672131147541,0.3278688524590164,0.24590163934426232,0.3278688524590164,False,2024-25,2024,0.3278688524590164,4,5346,2565.0,-366.0,0.3631381631573368,0.38596491228070173,0.7936507936507937,400,38.0,53.55263157894737,13.868421052631579,4.605263157894737,10.921052631578947,44.0,54.0,0.559447983014862,0.3546099290780142,14.1,2025-26,True
Alejandro Garnacho,Argentina,MF,Chelsea,21,2004,24,14,1268,14.1,1,4,5,1,0,0,2,0,0.07092198581560284,0.28368794326241137,0.3546099290780142,0.07092198581560284,0.3546099290780142,False,2025-26,2025,0.3546099290780142,5,6614,2199.0,-931.0,0.3574526737711218,0.3278688524590164,0.38596491228070173,441,38.0,57.73684210526316,13.394736842105264,4.368421052631579,10.947368421052632,58.0,52.0,0.5502702702702702,,,,False
Alejo Véliz,Argentina,FW,Tottenham,19,2003,8,0,50,0.6,1,0,1,1,0,0,1,0,1.6666666666666667,0.0,1.6666666666666667,1.6666666666666667,1.6666666666666667,False,2023-24,2023,1.6666666666666667,1,50,,,1.6666666666666667,,,361,38.0,62.05263157894737,15.31578947368421,5.631578947368421,12.789473684210526,74.0,61.0,0.5449438202247191,,,,False
Aleksandar Mitrović,Serbia,FW,Fulham,27,1994,24,23,2008,22.3,14,1,15,10,4,8,7,0,0.6278026905829596,0.04484304932735426,0.6726457399103138,0.44843049327354256,0.49327354260089684,False,2022-23,2022,0.6726457399103138,1,2008,,,0.6726457399103138,,,729,38.0,48.68421052631579,11.289473684210526,3.8947368421052633,13.289473684210526,55.0,53.0,0.45931477516059954,0.0,0.4,2023-24,False
Aleksandar Mitrović,Serbia,FW,Fulham,28,1994,1,0,33,0.4,0,0,0,0,0,0,0,0,0.0,0.0,0.0,0.0,0.0,False,2023-24,2023,0.0,2,2041,2008.0,-1975.0,0.2242152466367713,0.6726457399103138,,784,38.0,50.73684210526316,13.157894736842104,4.7105263157894735,13.763157894736842,55.0,61.0,0.4887585532746823,,,,False
Alex Iwobi,Nigeria,"MF,DF",Everton,25,1996,28,22,2035,22.6,2,2,4,2,0,0,1,0,0.08849557522123894,0.08849557522123894,0.17699115044247787,0.08849557522123894,0.17699115044247787,False,2021-22,2021,0.17699115044247787,1,2035,,,0.17699115044247787,,,625,38.0,39.68421052631579,11.526315789473685,3.6315789473684212,13.710526315789474,43.0,66.0,0.45672575599582904,0.24,37.5,2022-23,True
Alex Iwobi,Nigeria,MF,Everton,26,1996,38,38,3378,37.5,2,7,9,2,0,0,2,0,0.05333333333333334,0.18666666666666668,0.24,0.05333333333333334,0.24,False,2022-23,2022,0.24,2,5413,2035.0,1343.0,0.2189970501474926,0.17699115044247787,,676,38.0,42.578947368421055,11.289473684210526,4.0,15.105263157894736,34.0,57.0,0.42771684945164506,0.45317220543806647,33.1,2024-25,True
Alex Iwobi,Nigeria,MF,Fulham,28,1996,38,35,2981,33.1,9,6,15,9,0,0,1,0,0.2719033232628399,0.18126888217522658,0.45317220543806647,0.2719033232628399,0.45317220543806647,False,2024-25,2024,0.45317220543806647,3,8394,3378.0,-397.0,0.3751138203412085,0.24,0.17699115044247787,784,38.0,52.473684210526315,13.710526315789474,4.552631578947368,11.368421052631579,54.0,54.0,0.5466946484784889,0.26022304832713755,26.9,2025-26,True
Alex Iwobi,Nigeria,MF,Fulham,29,1996,29,29,2419,26.9,4,3,7,4,0,0,3,0,0.14869888475836432,0.11152416356877325,0.26022304832713755,0.14869888475836432,0.26022304832713755,False,2025-26,2025,0.26022304832713755,4,10813,2981.0,-562.0,0.29851997233182787,0.45317220543806647,0.24,841,38.0,51.73684210526316,12.657894736842104,3.6315789473684212,11.789473684210526,47.0,51.0,0.5177610333692142,,,,False
Alex IwobiAlex Iwobi,Nigeria,MF,Fulham,27,1996,32,27,2332,26.0,5,2,7,5,0,0,2,0,0.19230769230769232,0.07692307692307693,0.2692307692307692,0.19230769230769232,0.2692307692307692,False,2023-24,2023,0.2692307692307692,1,2332,,,0.2692307692307692,,,729,38.0,50.73684210526316,13.157894736842104,4.7105263157894735,13.763157894736842,55.0,61.0,0.4887585532746823,,,,False
Alex Král,Czechia,MF,West Ham,23,1998,1,0,1,0.0,0,0,0,0,0,0,0,0,0.0,0.0,0.0,0.0,0.0,False,2021-22,2021,0.0,1,1,,,0.0,,,529,,,,,,,,,,,,False
Alex Matos,England,MF,Chelsea,18,2004,1,0,1,0.0,0,0,0,0,0,0,0,0,0.0,0.0,0.0,0.0,0.0,False,2023-24,2023,0.0,1,1,,,0.0,,,324,38.0,59.0,14.421052631578947,5.657894736842105,14.631578947368421,77.0,63.0,0.4963768115942029,,,,False
Alex McCarthy,England,GK,Southampton,31,1989,17,17,1530,17.0,0,0,0,0,0,0,1,0,0.0,0.0,0.0,0.0,0.0,False,2021-22,2021,0.0,1,1530,,,0.0,,,961,,,,,,,,,0.0,6.0,2022-23,True
Alex McCarthy,England,GK,Southampton,32,1989,6,6,540,6.0,0,0,0,0,0,0,0,0,0.0,0.0,0.0,0.0,0.0,False,2022-23,2022,0.0,2,2070,1530.0,-990.0,0.0,0.0,,1024,,,,,,,,,0.0,5.0,2024-25,True
Alex McCarthy,England,GK,Southampton,34,1989,5,5,450,5.0,0,0,0,0,0,0,0,0,0.0,0.0,0.0,0.0,0.0,False,2024-25,2024,0.0,3,2520,540.0,-90.0,0.0,0.0,0.0,1156,,,,,,,,,,,,False
Alex Mighten,England,"FW,MF",Nottingham,20,2002,1,0,8,0.1,0,0,0,0,0,0,0,0,0.0,0.0,0.0,0.0,0.0,False,2022-23,2022,0.0,1,8,,,0.0,,,400,38.0,37.21052631578947,9.68421052631579,3.1052631578947367,14.657894736842104,38.0,68.0,0.3978378378378378,,,,False
Alex Murphy,Ireland,DF,Newcastle,19,2004,2,0,13,0.1,0,0,0,0,0,0,0,0,0.0,0.0,0.0,0.0,0.0,False,2023-24,2023,0.0,1,13,,,0.0,,,361,38.0,52.21052631578947,14.5,5.605263157894737,14.052631578947368,85.0,62.0,0.5078341013824884,0.0,0.1,2025-26,False
Alex Murphy,Ireland,DF,Newcastle,21,2004,2,0,9,0.1,0,0,0,0,0,0,0,0,0.0,0.0,0.0,0.0,0.0,False,2025-26,2025,0.0,2,22,13.0,-4.0,0.0,0.0,,441,38.0,52.473684210526315,12.947368421052632,4.631578947368421,12.342105263157896,53.0,55.0,0.5119667013527576,,,,False
Alex Oxlade-Chamberlain,England,"MF,FW",Liverpool,27,1993,17,9,785,8.7,2,1,3,2,0,0,0,0,0.2298850574712644,0.1149425287356322,0.3448275862068966,0.2298850574712644,0.3448275862068966,False,2021-22,2021,0.3448275862068966,1,785,,,0.3448275862068966,,,729,38.0,63.3421052631579,19.18421052631579,6.7631578947368425,7.7894736842105265,94.0,26.0,0.7112195121951219,0.27027027027027023,3.7,2022-23,True
Alex Oxlade-Chamberlain,England,FW,Liverpool,28,1993,9,4,335,3.7,1,0,1,1,0,0,0,0,0.27027027027027023,0.0,0.27027027027027023,0.27027027027027023,0.27027027027027023,False,2022-23,2022,0.27027027027027023,2,1120,785.0,-450.0,0.2951227089158124,0.3448275862068966,,784,38.0,61.10526315789474,15.921052631578947,5.578947368421052,9.710526315789474,75.0,47.0,0.6211498973305954,,,,False
Alex Palmer,England,GK,Ipswich Town,27,1996,13,13,1170,13.0,0,0,0,0,0,0,2,0,0.0,0.0,0.0,0.0,0.0,False,2024-25,2024,0.0,1,1170,,,0.0,,,729,38.0,40.39473684210526,9.894736842105264,3.3421052631578947,15.973684210526315,36.0,82.0,0.38250254323499494,,,,False
Alex Scott,England,MF,Bournemouth,19,2003,23,11,1014,11.3,1,1,2,1,0,0,3,0,0.08849557522123894,0.08849557522123894,0.17699115044247787,0.08849557522123894,0.17699115044247787,False,2023-24,2023,0.17699115044247787,1,1014,,,0.17699115044247787,,,361,38.0,44.05263157894737,14.263157894736842,4.868421052631579,13.973684210526315,54.0,67.0,0.5051258154706431,0.0,8.4,2024-25,True
Alex Scott,England,MF,Bournemouth,20,2003,20,8,755,8.4,0,0,0,0,0,0,3,0,0.0,0.0,0.0,0.0,0.0,False,2024-25,2024,0.0,2,1769,1014.0,-259.0,0.05899705014749263,0.17699115044247787,,400,38.0,48.578947368421055,15.263157894736842,5.315789473684211,12.842105263157896,58.0,46.0,0.5430711610486891,0.12618296529968454,31.7,2025-26,True
Alex Scott,England,MF,Bournemouth,21,2003,37,34,2849,31.7,3,1,4,3,0,0,5,0,0.09463722397476342,0.031545741324921134,0.12618296529968454,0.09463722397476342,0.12618296529968454,False,2025-26,2025,0.12618296529968454,3,4618,755.0,2094.0,0.1037876602489539,0.0,0.17699115044247787,441,38.0,50.078947368421055,13.842105263157896,4.684210526315789,12.631578947368421,58.0,54.0,0.5228628230616302,,,,False
Alex Telles,Brazil,DF,Manchester Utd,28,1992,21,18,1660,18.4,0,4,4,0,0,0,1,0,0.0,0.2173913043478261,0.2173913043478261,0.0,0.2173913043478261,False,2021-22,2021,0.2173913043478261,1,1660,,,0.2173913043478261,,,784,38.0,52.921052631578945,13.368421052631579,4.921052631578948,13.447368421052632,57.0,57.0,0.4985279685966634,,,,False
Alex Tóth,Hungary,MF,Bournemouth,19,2005,9,2,140,1.6,0,0,0,0,0,0,1,0,0.0,0.0,0.0,0.0,0.0,False,2025-26,2025,0.0,1,140,,,0.0,,,361,38.0,50.078947368421055,13.842105263157896,4.684210526315789,12.631578947368421,58.0,54.0,0.5228628230616302,,,,False
Alexander Isak,Sweden,FW,Newcastle,22,1999,22,17,1522,16.9,10,1,11,8,2,2,3,0,0.591715976331361,0.0591715976331361,0.6508875739644971,0.4733727810650888,0.5325443786982249,False,2022-23,2022,0.6508875739644971,1,1522,,,0.6508875739644971,,,484,38.0,52.44736842105263,15.026315789473685,5.184210526315789,10.18421052631579,68.0,33.0,0.5960334029227558,0.9163346613545816,25.1,2023-24,True
Alexander Isak,Sweden,FW,Newcastle,23,1999,30,27,2255,25.1,21,2,23,16,5,6,1,0,0.8366533864541832,0.0796812749003984,0.9163346613545816,0.6374501992031872,0.7171314741035857,False,2023-24,2023,0.9163346613545816,2,3777,1522.0,733.0,0.82785229889122,0.6508875739644971,,529,38.0,52.21052631578947,14.5,5.605263157894737,14.052631578947368,85.0,62.0,0.5078341013824884,0.9477124183006536,30.6,2024-25,True
Alexander Isak,Sweden,FW,Newcastle,24,1999,34,34,2756,30.6,23,6,29,19,4,4,1,0,0.7516339869281046,0.19607843137254902,0.9477124183006536,0.6209150326797386,0.8169934640522876,False,2024-25,2024,0.9477124183006536,3,6533,2255.0,501.0,0.9077590451641757,0.9163346613545816,0.6508875739644971,576,38.0,51.05263157894737,13.789473684210526,4.578947368421052,12.447368421052632,68.0,47.0,0.5255767301905717,0.5128205128205129,7.8,2025-26,True
Alexander Isak,Sweden,FW,Liverpool,25,1999,14,8,699,7.8,3,1,4,3,0,0,0,0,0.38461538461538464,0.12820512820512822,0.5128205128205129,0.38461538461538464,0.5128205128205129,False,2025-26,2025,0.5128205128205129,4,7232,2756.0,-2057.0,0.6444666902684004,0.9477124183006536,0.9163346613545816,625,38.0,59.31578947368421,15.473684210526315,4.605263157894737,11.447368421052632,63.0,53.0,0.5747800586510264,,,,False
Alexandre Lacazette,France,"FW,MF",Arsenal,30,1991,30,20,1782,19.8,4,7,11,2,2,3,0,0,0.20202020202020202,0.35353535353535354,0.5555555555555556,0.10101010101010101,0.4545454545454546,False,2021-22,2021,0.5555555555555556,1,1782,,,0.5555555555555556,,,900,38.0,53.18421052631579,15.473684210526315,5.157894736842105,11.18421052631579,61.0,48.0,0.5804540967423495,,,,False
Alexis Mac Allister,Argentina,"MF,FW",Brighton,22,1998,33,22,2123,23.6,5,2,7,3,2,3,4,0,0.211864406779661,0.0847457627118644,0.2966101694915254,0.1271186440677966,0.211864406779661,False,2021-22,2021,0.2966101694915254,1,2123,,,0.2966101694915254,,,484,38.0,54.73684210526316,12.868421052631579,4.0,12.526315789473685,42.0,44.0,0.5067357512953368,0.37383177570093457,32.1,2022-23,True
Alexis Mac Allister,Argentina,MF,Brighton,23,1998,35,31,2886,32.1,10,2,12,4,6,6,8,0,0.3115264797507788,0.06230529595015576,0.37383177570093457,0.12461059190031153,0.18691588785046728,False,2022-23,2022,0.37383177570093457,2,5009,2123.0,763.0,0.34809124029779814,0.2966101694915254,,529,38.0,60.526315789473685,16.105263157894736,6.078947368421052,10.210526315789474,72.0,53.0,0.612,0.34602076124567477,28.9,2023-24,True
Alexis Mac Allister,Argentina,MF,Liverpool,24,1998,33,31,2599,28.9,5,5,10,4,1,1,7,1,0.17301038062283738,0.17301038062283738,0.34602076124567477,0.1384083044982699,0.31141868512110726,False,2023-24,2023,0.34602076124567477,3,7608,2886.0,-287.0,0.3467109209297159,0.37383177570093457,0.2966101694915254,576,38.0,61.78947368421053,20.789473684210527,7.2894736842105265,10.894736842105264,86.0,41.0,0.6561461794019934,0.34602076124567477,28.9,2024-25,True
Alexis Mac Allister,Argentina,MF,Liverpool,25,1998,35,30,2599,28.9,5,5,10,5,0,0,6,0,0.17301038062283738,0.17301038062283738,0.34602076124567477,0.17301038062283738,0.34602076124567477,False,2024-25,2024,0.34602076124567477,4,10207,2599.0,0.0,0.34625081447368844,0.34602076124567477,0.37383177570093457,625,38.0,58.078947368421055,17.026315789473685,6.078947368421052,10.18421052631579,86.0,41.0,0.625725338491296,0.2033898305084746,29.5,2025-26,True
Alexis Mac Allister,Argentina,MF,Liverpool,26,1998,37,31,2658,29.5,2,4,6,2,0,0,7,0,0.06779661016949153,0.13559322033898305,0.2033898305084746,0.06779661016949153,0.2033898305084746,False,2025-26,2025,0.2033898305084746,5,12865,2599.0,59.0,0.25101015849687924,0.34602076124567477,0.34602076124567477,676,38.0,59.31578947368421,15.473684210526315,4.605263157894737,11.447368421052632,63.0,53.0,0.5747800586510264,,,,False
Alfie Dorrington,England,DF,Tottenham,19,2005,1,0,14,0.2,0,0,0,0,0,0,0,0,0.0,0.0,0.0,0.0,0.0,False,2024-25,2024,0.0,1,14,,,0.0,,,361,38.0,54.76315789473684,13.078947368421053,4.868421052631579,13.736842105263158,64.0,65.0,0.4877330716388616,,,,False
Alfie Doughty,England,"MF,DF",Luton Town,23,1999,37,34,2925,32.5,2,8,10,2,0,0,5,0,0.06153846153846154,0.24615384615384617,0.3076923076923077,0.06153846153846154,0.3076923076923077,False,2023-24,2023,0.3076923076923077,1,2925,,,0.3076923076923077,,,529,,,,,,,,,,,,False
Alfie Gilchrist,England,DF,Chelsea,19,2003,11,2,207,2.3,1,0,1,1,0,0,1,0,0.4347826086956522,0.0,0.4347826086956522,0.4347826086956522,0.4347826086956522,False,2023-24,2023,0.4347826086956522,1,207,,,0.4347826086956522,,,361,38.0,59.0,14.421052631578947,5.657894736842105,14.631578947368421,77.0,63.0,0.4963768115942029,,,,False
Alfie Pond,England,DF,Wolves,20,2004,1,0,1,0.0,0,0,0,0,0,0,0,0,0.0,0.0,0.0,0.0,0.0,False,2024-25,2024,0.0,1,1,,,0.0,,,400,,,,,,,,,,,,False
Ali Al Hamadi,Iraq,FW,Ipswich Town,22,2002,11,0,134,1.5,0,0,0,0,0,0,3,0,0.0,0.0,0.0,0.0,0.0,False,2024-25,2024,0.0,1,134,,,0.0,,,484,38.0,40.39473684210526,9.894736842105264,3.3421052631578947,15.973684210526315,36.0,82.0,0.38250254323499494,,,,False
Alisson,Brazil,GK,Liverpool,28,1992,36,36,3240,36.0,0,1,1,0,0,0,0,0,0.0,0.027777777777777776,0.027777777777777776,0.0,0.027777777777777776,False,2021-22,2021,0.027777777777777776,1,3240,,,0.027777777777777776,,,784,38.0,63.3421052631579,19.18421052631579,6.7631578947368425,7.7894736842105265,94.0,26.0,0.7112195121951219,0.02702702702702703,37.0,2022-23,True
Alisson,Brazil,GK,Liverpool,29,1992,37,37,3330,37.0,0,1,1,0,0,0,1,0,0.0,0.02702702702702703,0.02702702702702703,0.0,0.02702702702702703,False,2022-23,2022,0.02702702702702703,2,6570,3240.0,90.0,0.02727727727727728,0.027777777777777776,,841,38.0,61.10526315789474,15.921052631578947,5.578947368421052,9.710526315789474,75.0,47.0,0.6211498973305954,0.0,28.0,2023-24,True
Alisson,Brazil,GK,Liverpool,30,1992,28,28,2520,28.0,0,0,0,0,0,0,1,0,0.0,0.0,0.0,0.0,0.0,False,2023-24,2023,0.0,3,9090,3330.0,-810.0,0.009092425759092427,0.02702702702702703,0.027777777777777776,900,38.0,61.78947368421053,20.789473684210527,7.2894736842105265,10.894736842105264,86.0,41.0,0.6561461794019934,0.0,27.9,2024-25,True
Alisson,Brazil,GK,Liverpool,31,1992,28,28,2508,27.9,0,0,0,0,0,0,0,0,0.0,0.0,0.0,0.0,0.0,False,2024-25,2024,0.0,4,11598,2520.0,-12.0,0.003030808586364143,0.0,0.02702702702702703,961,38.0,58.078947368421055,17.026315789473685,6.078947368421052,10.18421052631579,86.0,41.0,0.625725338491296,0.0,26.0,2025-26,True
Alisson,Brazil,GK,Liverpool,32,1992,26,26,2340,26.0,0,0,0,0,0,0,1,0,0.0,0.0,0.0,0.0,0.0,False,2025-26,2025,0.0,5,13938,2508.0,-168.0,0.0010102695287880477,0.0,0.0,1024,38.0,59.31578947368421,15.473684210526315,4.605263157894737,11.447368421052632,63.0,53.0,0.5747800586510264,,,,False
Allan,Brazil,MF,Everton,30,1991,28,25,2183,24.3,0,2,2,0,0,0,7,1,0.0,0.0823045267489712,0.0823045267489712,0.0,0.0823045267489712,False,2021-22,2021,0.0823045267489712,1,2183,,,0.0823045267489712,,,900,38.0,39.68421052631579,11.526315789473685,3.6315789473684212,13.710526315789474,43.0,66.0,0.45672575599582904,,,,False
Allan Saint-Maximin,France,"FW,MF",Newcastle,24,1997,35,31,2804,31.2,5,5,10,5,0,0,6,0,0.16025641025641027,0.16025641025641027,0.32051282051282054,0.16025641025641027,0.32051282051282054,False,2021-22,2021,0.32051282051282054,1,2804,,,0.32051282051282054,,,576,38.0,39.94736842105263,11.789473684210526,3.8947368421052633,13.894736842105264,44.0,62.0,0.45901639344262296,0.48387096774193544,12.4,2022-23,True
Allan Saint-Maximin,France,FW,Newcastle,25,1997,25,12,1120,12.4,1,5,6,1,0,0,1,0,0.08064516129032258,0.4032258064516129,0.48387096774193544,0.08064516129032258,0.48387096774193544,False,2022-23,2022,0.48387096774193544,2,3924,2804.0,-1684.0,0.4294182519988971,0.32051282051282054,,625,38.0,52.44736842105263,15.026315789473685,5.184210526315789,10.18421052631579,68.0,33.0,0.5960334029227558,,,,False
Alphonse Areola,France,GK,West Ham,28,1993,1,1,90,1.0,0,0,0,0,0,0,0,0,0.0,0.0,0.0,0.0,0.0,False,2021-22,2021,0.0,1,90,,,0.0,,,784,,,,,,,,,0.0,3.4,2022-23,True
Alphonse Areola,France,GK,West Ham,29,1993,5,2,309,3.4,0,0,0,0,0,0,0,0,0.0,0.0,0.0,0.0,0.0,False,2022-23,2022,0.0,2,399,90.0,219.0,0.0,0.0,,841,,,,,,,,,0.0,30.0,2023-24,True
Alphonse Areola,France,GK,West Ham,30,1993,31,31,2699,30.0,0,0,0,0,0,0,1,0,0.0,0.0,0.0,0.0,0.0,False,2023-24,2023,0.0,3,3098,309.0,2390.0,0.0,0.0,0.0,900,,,,,,,,,0.0,25.1,2024-25,True
Alphonse Areola,France,GK,West Ham,31,1993,26,25,2260,25.1,0,0,0,0,0,0,0,0,0.0,0.0,0.0,0.0,0.0,False,2024-25,2024,0.0,4,5358,2699.0,-439.0,0.0,0.0,0.0,961,,,,,,,,,0.05,20.0,2025-26,True
Alphonse Areola,France,GK,West Ham,32,1993,20,20,1800,20.0,0,1,1,0,0,0,0,0,0.0,0.05,0.05,0.0,0.05,False,2025-26,2025,0.05,5,7158,2260.0,-460.0,0.03333333333333333,0.0,0.0,1024,,,,,,,,,,,,False
Altay Bayındır,Turkey,GK,Manchester Utd,26,1998,4,4,360,4.0,0,0,0,0,0,0,0,0,0.0,0.0,0.0,0.0,0.0,False,2024-25,2024,0.0,1,360,,,0.0,,,676,38.0,53.55263157894737,13.868421052631579,4.605263157894737,10.921052631578947,44.0,54.0,0.559447983014862,0.0,6.0,2025-26,True
Altay Bayındır,Turkey,GK,Manchester Utd,27,1998,6,6,540,6.0,0,0,0,0,0,0,0,0,0.0,0.0,0.0,0.0,0.0,False,2025-26,2025,0.0,2,900,360.0,180.0,0.0,0.0,,729,38.0,51.921052631578945,15.657894736842104,5.657894736842105,11.578947368421053,69.0,50.0,0.5748792270531401,,,,False
Alysson Edward,Brazil,MF,Aston Villa,19,2006,3,0,49,0.5,0,0,0,0,0,0,0,0,0.0,0.0,0.0,0.0,0.0,False,2025-26,2025,0.0,1,49,,,0.0,,,361,38.0,53.6578947368421,12.710526315789474,4.473684210526316,12.894736842105264,56.0,49.0,0.4964028776978417,,,,False
Amad Diallo,Ivory Coast,MF,Manchester Utd,21,2002,9,3,390,4.3,1,1,2,1,0,0,1,0,0.23255813953488372,0.23255813953488372,0.46511627906976744,0.23255813953488372,0.46511627906976744,False,2023-24,2023,0.46511627906976744,1,390,,,0.46511627906976744,,,441,38.0,50.526315789473685,14.473684210526315,5.078947368421052,17.55263157894737,57.0,58.0,0.4519309778142974,0.6635071090047393,21.1,2024-25,True
Amad Diallo,Ivory Coast,"MF,FW",Manchester Utd,22,2002,26,20,1901,21.1,8,6,14,8,0,0,5,0,0.3791469194312796,0.2843601895734597,0.6635071090047393,0.3791469194312796,0.6635071090047393,False,2024-25,2024,0.6635071090047393,2,2291,390.0,1511.0,0.5973768323597487,0.46511627906976744,,484,38.0,53.55263157894737,13.868421052631579,4.605263157894737,10.921052631578947,44.0,54.0,0.559447983014862,0.19230769230769232,26.0,2025-26,True
Amad Diallo,Ivory Coast,MF,Manchester Utd,23,2002,32,27,2341,26.0,2,3,5,2,0,0,2,0,0.07692307692307693,0.11538461538461539,0.19230769230769232,0.07692307692307693,0.19230769230769232,False,2025-26,2025,0.19230769230769232,3,4632,1901.0,440.0,0.3273307389917111,0.6635071090047393,0.46511627906976744,529,38.0,51.921052631578945,15.657894736842104,5.657894736842105,11.578947368421053,69.0,50.0,0.5748792270531401,,,,False
Amadou Diallo,England,FW,Newcastle,20,2003,1,0,1,0.0,0,0,0,0,0,0,0,0,0.0,0.0,0.0,0.0,0.0,False,2023-24,2023,0.0,1,1,,,0.0,,,400,38.0,52.21052631578947,14.5,5.605263157894737,14.052631578947368,85.0,62.0,0.5078341013824884,,,,False
Amadou Onana,Belgium,MF,Everton,20,2001,33,29,2488,27.6,1,2,3,1,0,0,9,0,0.036231884057971016,0.07246376811594203,0.10869565217391304,0.036231884057971016,0.10869565217391304,False,2022-23,2022,0.10869565217391304,1,2488,,,0.10869565217391304,,,400,38.0,42.578947368421055,11.289473684210526,4.0,15.105263157894736,34.0,57.0,0.42771684945164506,0.08620689655172414,23.2,2023-24,True
Amadou Onana,Belgium,MF,Everton,21,2001,30,23,2091,23.2,2,0,2,2,0,0,5,0,0.08620689655172414,0.0,0.08620689655172414,0.08620689655172414,0.08620689655172414,False,2023-24,2023,0.08620689655172414,2,4579,2488.0,-397.0,0.09370314842578711,0.10869565217391304,,441,38.0,40.73684210526316,13.342105263157896,4.2631578947368425,14.157894736842104,40.0,51.0,0.4851674641148326,0.16666666666666666,18.0,2024-25,True
Amadou Onana,Belgium,MF,Aston Villa,22,2001,26,20,1617,18.0,3,0,3,3,0,0,4,0,0.16666666666666666,0.0,0.16666666666666666,0.16666666666666666,0.16666666666666666,False,2024-25,2024,0.16666666666666666,3,6196,2091.0,-474.0,0.1423454939197068,0.08620689655172414,0.10869565217391304,484,38.0,50.71052631578947,12.736842105263158,4.473684210526316,12.18421052631579,58.0,51.0,0.5110876451953538,0.10256410256410256,19.5,2025-26,True
Amadou Onana,Belgium,MF,Aston Villa,23,2001,25,21,1758,19.5,2,0,2,2,0,0,3,0,0.10256410256410256,0.0,0.10256410256410256,0.10256410256410256,0.10256410256410256,False,2025-26,2025,0.10256410256410256,4,7954,1617.0,141.0,0.11582456634930396,0.16666666666666666,0.08620689655172414,529,38.0,53.6578947368421,12.710526315789474,4.473684210526316,12.894736842105264,56.0,49.0,0.4964028776978417,,,,False
Amari'i Bell,Jamaica,DF,Luton Town,29,1994,21,21,1720,19.1,0,0,0,0,0,0,0,0,0.0,0.0,0.0,0.0,0.0,False,2023-24,2023,0.0,1,1720,,,0.0,,,841,,,,,,,,,,,,False
Ameen Al-Dakhil,Belgium,DF,Burnley,21,2002,13,12,1056,11.7,1,0,1,1,0,0,1,0,0.08547008547008547,0.0,0.08547008547008547,0.08547008547008547,0.08547008547008547,False,2023-24,2023,0.08547008547008547,1,1056,,,0.08547008547008547,,,441,,,,,,,,,,,,False
Amine Adli,Morocco,MF,Bournemouth,25,2000,31,10,1094,12.2,3,1,4,3,0,0,2,0,0.24590163934426232,0.0819672131147541,0.3278688524590164,0.24590163934426232,0.3278688524590164,False,2025-26,2025,0.3278688524590164,1,1094,,,0.3278688524590164,,,625,38.0,50.078947368421055,13.842105263157896,4.684210526315789,12.631578947368421,58.0,54.0,0.5228628230616302,,,,False
Anass Zaroury,Morocco,FW,Burnley,22,2000,6,1,152,1.7,0,0,0,0,0,0,0,1,0.0,0.0,0.0,0.0,0.0,False,2023-24,2023,0.0,1,152,,,0.0,,,484,,,,,,,,,,,,False
Andre Brooks,Jamaica,MF,Sheffield United,19,2003,20,12,938,10.4,0,0,0,0,0,0,1,0,0.0,0.0,0.0,0.0,0.0,False,2023-24,2023,0.0,1,938,,,0.0,,,361,,,,,,,,,,,,False
Andreas Christensen,Denmark,DF,Chelsea,25,1996,19,17,1496,16.6,0,0,0,0,0,0,2,0,0.0,0.0,0.0,0.0,0.0,False,2021-22,2021,0.0,1,1496,,,0.0,,,625,38.0,62.3421052631579,15.578947368421053,5.552631578947368,8.921052631578947,76.0,33.0,0.635875402792696,,,,False
Andreas Pereira,Brazil,MF,Fulham,26,1996,33,33,2692,29.9,4,6,10,3,1,1,8,0,0.13377926421404682,0.20066889632107024,0.33444816053511706,0.10033444816053512,0.3010033444816054,False,2022-23,2022,0.33444816053511706,1,2692,,,0.33444816053511706,,,676,38.0,48.68421052631579,11.289473684210526,3.8947368421052633,13.289473684210526,55.0,53.0,0.45931477516059954,0.3448275862068966,29.0,2023-24,True
Andreas Pereira,Brazil,MF,Fulham,27,1996,37,34,2613,29.0,3,7,10,3,0,0,6,0,0.10344827586206896,0.2413793103448276,0.3448275862068966,0.10344827586206896,0.3448275862068966,False,2023-24,2023,0.3448275862068966,2,5305,2692.0,-79.0,0.3413677776496367,0.33444816053511706,,729,38.0,50.73684210526316,13.157894736842104,4.7105263157894735,13.763157894736842,55.0,61.0,0.4887585532746823,0.26785714285714285,22.4,2024-25,True
Andreas Pereira,Brazil,MF,Fulham,28,1996,33,25,2013,22.4,2,4,6,2,0,1,7,0,0.08928571428571429,0.17857142857142858,0.26785714285714285,0.08928571428571429,0.26785714285714285,False,2024-25,2024,0.26785714285714285,3,7318,2613.0,-600.0,0.29236068778797414,0.3448275862068966,0.33444816053511706,784,38.0,52.473684210526315,13.710526315789474,4.552631578947368,11.368421052631579,54.0,54.0,0.5466946484784889,,,,False
Andrew Moran,Ireland,MF,Brighton,18,2003,1,0,12,0.1,0,0,0,0,0,0,0,0,0.0,0.0,0.0,0.0,0.0,False,2022-23,2022,0.0,1,12,,,0.0,,,324,38.0,60.526315789473685,16.105263157894736,6.078947368421052,10.210526315789474,72.0,53.0,0.612,,,,False
Andrew Omobamidele,Ireland,DF,Norwich City,19,2002,5,4,382,4.2,1,0,1,1,0,0,1,0,0.23809523809523808,0.0,0.23809523809523808,0.23809523809523808,0.23809523809523808,False,2021-22,2021,0.23809523809523808,1,382,,,0.23809523809523808,,,361,,,,,,,,,0.0,8.7,2023-24,True
Andrew Omobamidele,Ireland,DF,Nottingham,21,2002,11,8,783,8.7,0,0,0,0,0,0,2,0,0.0,0.0,0.0,0.0,0.0,False,2023-24,2023,0.0,2,1165,382.0,401.0,0.07936507936507937,0.23809523809523808,,441,38.0,40.21052631578947,11.868421052631579,3.8947368421052633,13.421052631578947,49.0,67.0,0.46930280957336107,,,,False
Andrey Santos,Brazil,MF,Nottingham,19,2004,1,0,8,0.1,0,0,0,0,0,0,0,0,0.0,0.0,0.0,0.0,0.0,False,2023-24,2023,0.0,1,8,,,0.0,,,361,38.0,40.21052631578947,11.868421052631579,3.8947368421052633,13.421052631578947,49.0,67.0,0.46930280957336107,0.07142857142857142,14.0,2025-26,True
Andrey Santos,Brazil,MF,Chelsea,21,2004,27,13,1260,14.0,1,0,1,1,0,0,4,0,0.07142857142857142,0.0,0.07142857142857142,0.07142857142857142,0.07142857142857142,False,2025-26,2025,0.07142857142857142,2,1268,8.0,1252.0,0.047619047619047616,0.0,,441,38.0,57.73684210526316,13.394736842105264,4.368421052631579,10.947368421052632,58.0,52.0,0.5502702702702702,,,,False
Andriy Yarmolenko,Ukraine,MF,West Ham,31,1989,19,1,316,3.5,1,0,1,1,0,0,1,0,0.2857142857142857,0.0,0.2857142857142857,0.2857142857142857,0.2857142857142857,False,2021-22,2021,0.2857142857142857,1,316,,,0.2857142857142857,,,961,,,,,,,,,,,,False
Andros Townsend,England,MF,Everton,30,1991,21,17,1455,16.2,3,2,5,2,1,1,3,0,0.1851851851851852,0.1234567901234568,0.308641975308642,0.1234567901234568,0.24691358024691362,False,2021-22,2021,0.308641975308642,1,1455,,,0.308641975308642,,,900,38.0,39.68421052631579,11.526315789473685,3.6315789473684212,13.710526315789474,43.0,66.0,0.45672575599582904,0.29850746268656714,13.4,2023-24,True
Andros Townsend,England,"MF,FW",Luton Town,32,1991,27,14,1210,13.4,1,3,4,1,0,0,1,0,0.07462686567164178,0.22388059701492538,0.29850746268656714,0.07462686567164178,0.29850746268656714,False,2023-24,2023,0.29850746268656714,2,2665,1455.0,-245.0,0.3018856335605921,0.308641975308642,,1024,,,,,,,,,,,,False
André,Brazil,MF,Wolves,23,2001,33,31,2472,27.5,0,0,0,0,0,0,7,0,0.0,0.0,0.0,0.0,0.0,False,2024-25,2024,0.0,1,2472,,,0.0,,,529,,,,,,,,,0.03257328990228013,30.7,2025-26,True
André,Brazil,MF,Wolves,24,2001,35,30,2762,30.7,1,0,1,1,0,0,12,0,0.03257328990228013,0.0,0.03257328990228013,0.03257328990228013,0.03257328990228013,False,2025-26,2025,0.03257328990228013,2,5234,2472.0,290.0,0.021715526601520086,0.0,,576,,,,,,,,,,,,False
André Ayew,Ghana,FW,Nottingham,32,1989,13,1,316,3.5,0,0,0,0,0,1,1,0,0.0,0.0,0.0,0.0,0.0,False,2022-23,2022,0.0,1,316,,,0.0,,,1024,38.0,37.21052631578947,9.68421052631579,3.1052631578947367,14.657894736842104,38.0,68.0,0.3978378378378378,,,,False
André Gomes,Portugal,MF,Everton,28,1993,14,7,619,6.9,0,1,1,0,0,0,3,0,0.0,0.14492753623188406,0.14492753623188406,0.0,0.14492753623188406,False,2021-22,2021,0.14492753623188406,1,619,,,0.14492753623188406,,,784,38.0,39.68421052631579,11.526315789473685,3.6315789473684212,13.710526315789474,43.0,66.0,0.45672575599582904,0.17857142857142858,5.6,2023-24,True
André Gomes,Portugal,MF,Everton,30,1993,12,3,508,5.6,1,0,1,1,0,0,4,0,0.17857142857142858,0.0,0.17857142857142858,0.17857142857142858,0.17857142857142858,False,2023-24,2023,0.17857142857142858,2,1127,619.0,-111.0,0.16735679779158041,0.14492753623188406,,900,38.0,40.73684210526316,13.342105263157896,4.2631578947368425,14.157894736842104,40.0,51.0,0.4851674641148326,,,,False
André Onana,Cameroon,GK,Manchester Utd,27,1996,38,38,3420,38.0,0,0,0,0,0,0,5,0,0.0,0.0,0.0,0.0,0.0,False,2023-24,2023,0.0,1,3420,,,0.0,,,729,38.0,50.526315789473685,14.473684210526315,5.078947368421052,17.55263157894737,57.0,58.0,0.4519309778142974,0.0,34.0,2024-25,True
André Onana,Cameroon,GK,Manchester Utd,28,1996,34,34,3060,34.0,0,0,0,0,0,0,0,0,0.0,0.0,0.0,0.0,0.0,False,2024-25,2024,0.0,2,6480,3420.0,-360.0,0.0,0.0,,784,38.0,53.55263157894737,13.868421052631579,4.605263157894737,10.921052631578947,44.0,54.0,0.559447983014862,,,,False
Andrés García,Spain,"DF,MF",Aston Villa,21,2003,7,5,318,3.5,0,0,0,0,0,0,0,0,0.0,0.0,0.0,0.0,0.0,False,2024-25,2024,0.0,1,318,,,0.0,,,441,38.0,50.71052631578947,12.736842105263158,4.473684210526316,12.18421052631579,58.0,51.0,0.5110876451953538,0.0,1.0,2025-26,False
Andrés García,Spain,DF,Aston Villa,22,2003,6,1,86,1.0,0,0,0,0,0,0,0,0,0.0,0.0,0.0,0.0,0.0,False,2025-26,2025,0.0,2,404,318.0,-232.0,0.0,0.0,,484,38.0,53.6578947368421,12.710526315789474,4.473684210526316,12.894736842105264,56.0,49.0,0.4964028776978417,,,,False
Andy Irving,Scotland,MF,West Ham,24,2000,10,1,166,1.8,0,0,0,0,0,0,2,0,0.0,0.0,0.0,0.0,0.0,False,2024-25,2024,0.0,1,166,,,0.0,,,576,,,,,,,,,0.0,1.8,2025-26,False
Andy Irving,Scotland,MF,West Ham,25,2000,7,2,158,1.8,0,0,0,0,0,0,0,0,0.0,0.0,0.0,0.0,0.0,False,2025-26,2025,0.0,2,324,166.0,-8.0,0.0,0.0,,625,,,,,,,,,,,,False
Andy Robertson,Scotland,DF,Liverpool,27,1994,29,29,2537,28.2,3,10,13,3,0,0,5,1,0.10638297872340426,0.3546099290780142,0.46099290780141844,0.10638297872340426,0.46099290780141844,False,2021-22,2021,0.46099290780141844,1,2537,,,0.46099290780141844,,,729,38.0,63.3421052631579,19.18421052631579,6.7631578947368425,7.7894736842105265,94.0,26.0,0.7112195121951219,0.2787456445993031,28.7,2022-23,True
Andy Robertson,Scotland,DF,Liverpool,28,1994,34,29,2583,28.7,0,8,8,0,0,0,3,0,0.0,0.2787456445993031,0.2787456445993031,0.0,0.2787456445993031,False,2022-23,2022,0.2787456445993031,2,5120,2537.0,46.0,0.3394947323333416,0.46099290780141844,,784,38.0,61.10526315789474,15.921052631578947,5.578947368421052,9.710526315789474,75.0,47.0,0.6211498973305954,0.26595744680851063,18.8,2023-24,True
Andy Robertson,Scotland,DF,Liverpool,29,1994,23,18,1693,18.8,3,2,5,3,0,0,2,0,0.15957446808510636,0.10638297872340426,0.26595744680851063,0.15957446808510636,0.26595744680851063,False,2023-24,2023,0.26595744680851063,3,6813,2583.0,-890.0,0.2904698753167876,0.2787456445993031,0.46099290780141844,841,38.0,61.78947368421053,20.789473684210527,7.2894736842105265,10.894736842105264,86.0,41.0,0.6561461794019934,0.036231884057971016,27.6,2024-25,True
Andy Robertson,Scotland,DF,Liverpool,30,1994,33,29,2482,27.6,0,1,1,0,0,0,3,1,0.0,0.036231884057971016,0.036231884057971016,0.0,0.036231884057971016,False,2024-25,2024,0.036231884057971016,4,9295,1693.0,789.0,0.12097788114424321,0.26595744680851063,0.2787456445993031,900,38.0,58.078947368421055,17.026315789473685,6.078947368421052,10.18421052631579,86.0,41.0,0.625725338491296,0.07633587786259542,13.1,2025-26,True
Andy Robertson,Scotland,DF,Liverpool,31,1994,24,11,1176,13.1,1,0,1,1,0,0,0,0,0.07633587786259542,0.0,0.07633587786259542,0.07633587786259542,0.07633587786259542,False,2025-26,2025,0.07633587786259542,5,10471,2482.0,-1306.0,0.09121654562314468,0.036231884057971016,0.26595744680851063,961,38.0,59.31578947368421,15.473684210526315,4.605263157894737,11.447368421052632,63.0,53.0,0.5747800586510264,,,,False
Anel Ahmedhodžić,Bosnia & Herezgovina,DF,Sheffield United,24,1999,31,29,2649,29.4,2,0,2,2,0,0,11,1,0.06802721088435375,0.0,0.06802721088435375,0.06802721088435375,0.06802721088435375,False,2023-24,2023,0.06802721088435375,1,2649,,,0.06802721088435375,,,576,,,,,,,,,,,,False
Angel Gomes,England,"MF,FW",Wolves,24,2000,12,7,461,5.1,0,0,0,0,0,0,1,0,0.0,0.0,0.0,0.0,0.0,False,2025-26,2025,0.0,1,461,,,0.0,,,576,,,,,,,,,,,,False
Angelo Ogbonna,Italy,DF,West Ham,33,1988,11,11,921,10.2,1,0,1,1,0,0,1,0,0.09803921568627452,0.0,0.09803921568627452,0.09803921568627452,0.09803921568627452,False,2021-22,2021,0.09803921568627452,1,921,,,0.09803921568627452,,,1089,,,,,,,,,0.0,13.7,2022-23,True
Angelo Ogbonna,Italy,DF,West Ham,34,1988,16,13,1237,13.7,0,0,0,0,0,0,0,0,0.0,0.0,0.0,0.0,0.0,False,2022-23,2022,0.0,2,2158,921.0,316.0,0.03267973856209151,0.09803921568627452,,1156,,,,,,,,,0.0,7.1,2023-24,True
Angelo Ogbonna,Italy,DF,West Ham,35,1988,11,7,635,7.1,0,0,0,0,0,0,1,0,0.0,0.0,0.0,0.0,0.0,False,2023-24,2023,0.0,3,2793,1237.0,-602.0,0.010893246187363839,0.0,0.09803921568627452,1225,,,,,,,,,,,,False
Angus Gunn,Scotland,GK,Norwich City,25,1996,9,9,810,9.0,0,0,0,0,0,0,0,0,0.0,0.0,0.0,0.0,0.0,False,2021-22,2021,0.0,1,810,,,0.0,,,625,,,,,,,,,0.0,0.5,2025-26,False
Angus Gunn,Scotland,GK,Nottingham,29,1996,1,0,45,0.5,0,0,0,0,0,0,0,0,0.0,0.0,0.0,0.0,0.0,False,2025-26,2025,0.0,2,855,810.0,-765.0,0.0,0.0,,841,38.0,46.8421052631579,12.526315789473685,4.105263157894737,13.289473684210526,48.0,51.0,0.48521916411824667,,,,False
Anis Ben Slimane,Tunisia,MF,Sheffield United,22,2001,15,4,419,4.7,0,0,0,0,0,0,2,0,0.0,0.0,0.0,0.0,0.0,False,2023-24,2023,0.0,1,419,,,0.0,,,484,,,,,,,,,,,,False
Ansu Fati,Spain,"MF,FW",Brighton,20,2002,19,3,521,5.8,2,0,2,2,0,0,2,0,0.3448275862068966,0.0,0.3448275862068966,0.3448275862068966,0.3448275862068966,False,2023-24,2023,0.3448275862068966,1,521,,,0.3448275862068966,,,400,38.0,60.3421052631579,14.789473684210526,5.473684210526316,12.289473684210526,55.0,62.0,0.5461613216715258,,,,False
Anthony Elanga,Sweden,MF,Manchester Utd,19,2002,21,14,1214,13.5,2,2,4,2,0,0,0,0,0.14814814814814814,0.14814814814814814,0.2962962962962963,0.14814814814814814,0.2962962962962963,False,2021-22,2021,0.2962962962962963,1,1214,,,0.2962962962962963,,,361,38.0,52.921052631578945,13.368421052631579,4.921052631578948,13.447368421052632,57.0,57.0,0.4985279685966634,0.2127659574468085,4.7,2022-23,True
Anthony Elanga,Sweden,MF,Manchester Utd,20,2002,16,5,426,4.7,0,1,1,0,0,0,0,0,0.0,0.2127659574468085,0.2127659574468085,0.0,0.2127659574468085,False,2022-23,2022,0.2127659574468085,2,1640,1214.0,-788.0,0.24060940372997108,0.2962962962962963,,400,38.0,53.973684210526315,15.578947368421053,5.631578947368421,12.657894736842104,58.0,43.0,0.5517241379310345,0.5185185185185185,27.0,2023-24,True
Anthony Elanga,Sweden,"MF,FW",Nottingham,21,2002,36,25,2433,27.0,5,9,14,5,0,0,1,0,0.18518518518518517,0.3333333333333333,0.5185185185185185,0.18518518518518517,0.5185185185185185,False,2023-24,2023,0.5185185185185185,3,4073,426.0,2007.0,0.42588214692233606,0.2127659574468085,0.2962962962962963,441,38.0,40.21052631578947,11.868421052631579,3.8947368421052633,13.421052631578947,49.0,67.0,0.46930280957336107,0.6115107913669064,27.8,2024-25,True
Anthony Elanga,Sweden,"MF,FW",Nottingham,22,2002,38,31,2501,27.8,6,11,17,6,0,0,1,0,0.2158273381294964,0.39568345323741005,0.6115107913669064,0.2158273381294964,0.6115107913669064,False,2024-25,2024,0.6115107913669064,4,6574,2433.0,68.0,0.5496345765520496,0.5185185185185185,0.2127659574468085,484,38.0,40.921052631578945,12.18421052631579,4.368421052631579,13.973684210526315,58.0,46.0,0.4657947686116701,0.06802721088435375,14.7,2025-26,True
Anthony Elanga,Sweden,"FW,MF",Newcastle,23,2002,32,14,1319,14.7,0,1,1,0,0,0,0,0,0.0,0.06802721088435375,0.06802721088435375,0.0,0.06802721088435375,False,2025-26,2025,0.06802721088435375,5,7893,2501.0,-1182.0,0.22856299944025238,0.6115107913669064,0.5185185185185185,529,38.0,52.473684210526315,12.947368421052632,4.631578947368421,12.342105263157896,53.0,55.0,0.5119667013527576,,,,False
Anthony Gordon,England,"MF,FW",Everton,20,2001,35,25,2285,25.4,4,2,6,4,0,0,4,0,0.15748031496062992,0.07874015748031496,0.2362204724409449,0.15748031496062992,0.2362204724409449,False,2021-22,2021,0.2362204724409449,1,2285,,,0.2362204724409449,,,400,38.0,39.68421052631579,11.526315789473685,3.6315789473684212,13.710526315789474,43.0,66.0,0.45672575599582904,0.6542056074766355,32.1,2023-24,True
Anthony Gordon,England,FW,Newcastle,22,2001,35,34,2890,32.1,11,10,21,10,1,1,12,1,0.3426791277258567,0.3115264797507788,0.6542056074766355,0.3115264797507788,0.6230529595015576,False,2023-24,2023,0.6542056074766355,2,5175,2285.0,605.0,0.5148772291314052,0.2362204724409449,,484,38.0,52.21052631578947,14.5,5.605263157894737,14.052631578947368,85.0,62.0,0.5078341013824884,0.4074074074074074,27.0,2024-25,True
Anthony Gordon,England,"FW,MF",Newcastle,23,2001,34,28,2434,27.0,6,5,11,5,1,2,2,0,0.2222222222222222,0.18518518518518517,0.4074074074074074,0.18518518518518517,0.37037037037037035,False,2024-25,2024,0.4074074074074074,3,7609,2890.0,-456.0,0.44323068131540666,0.6542056074766355,0.2362204724409449,529,38.0,51.05263157894737,13.789473684210526,4.578947368421052,12.447368421052632,68.0,47.0,0.5255767301905717,0.4020100502512563,19.9,2025-26,True
Anthony Gordon,England,FW,Newcastle,24,2001,26,24,1795,19.9,6,2,8,3,3,3,3,1,0.30150753768844224,0.10050251256281408,0.4020100502512563,0.15075376884422112,0.25125628140703515,False,2025-26,2025,0.4020100502512563,4,9404,2434.0,-639.0,0.4157502606059731,0.4074074074074074,0.6542056074766355,576,38.0,52.473684210526315,12.947368421052632,4.631578947368421,12.342105263157896,53.0,55.0,0.5119667013527576,,,,False
Anthony GordonAnthony Gordon,England,"FW,MF",Newcastle,21,2001,32,16,1582,17.6,4,0,4,4,0,0,7,0,0.22727272727272727,0.0,0.22727272727272727,0.22727272727272727,0.22727272727272727,False,2022-23,2022,0.22727272727272727,1,1582,,,0.22727272727272727,,,441,38.0,52.44736842105263,15.026315789473685,5.184210526315789,10.18421052631579,68.0,33.0,0.5960334029227558,,,,False
Anthony Martial,France,"MF,FW",Manchester Utd,25,1995,8,2,212,2.4,1,0,1,1,0,0,0,0,0.4166666666666667,0.0,0.4166666666666667,0.4166666666666667,0.4166666666666667,False,2021-22,2021,0.4166666666666667,1,212,,,0.4166666666666667,,,625,38.0,52.921052631578945,13.368421052631579,4.921052631578948,13.447368421052632,57.0,57.0,0.4985279685966634,0.7339449541284403,10.9,2022-23,True
Anthony Martial,France,FW,Manchester Utd,26,1995,21,11,978,10.9,6,2,8,5,1,1,0,0,0.5504587155963303,0.18348623853211007,0.7339449541284403,0.4587155963302752,0.6422018348623852,False,2022-23,2022,0.7339449541284403,2,1190,212.0,766.0,0.6281855249745157,0.4166666666666667,,676,38.0,53.973684210526315,15.578947368421053,5.631578947368421,12.657894736842104,58.0,43.0,0.5517241379310345,0.2,5.0,2023-24,True
Anthony Martial,France,FW,Manchester Utd,27,1995,13,5,448,5.0,1,0,1,1,0,0,0,0,0.2,0.0,0.2,0.2,0.2,False,2023-24,2023,0.2,3,1638,978.0,-530.0,0.3427285083248386,0.7339449541284403,0.4166666666666667,729,38.0,50.526315789473685,14.473684210526315,5.078947368421052,17.55263157894737,57.0,58.0,0.4519309778142974,,,,False
Antoine Semenyo,Ghana,"MF,FW",Bournemouth,22,2000,11,2,258,2.9,1,0,1,1,0,0,0,0,0.3448275862068966,0.0,0.3448275862068966,0.3448275862068966,0.3448275862068966,False,2022-23,2022,0.3448275862068966,1,258,,,0.3448275862068966,,,484,38.0,40.078947368421055,9.394736842105264,3.5,16.473684210526315,37.0,71.0,0.3631739572736521,0.4273504273504274,23.4,2023-24,True
Antoine Semenyo,Ghana,MF,Bournemouth,23,2000,33,25,2105,23.4,8,2,10,8,0,0,6,0,0.3418803418803419,0.08547008547008547,0.4273504273504274,0.3418803418803419,0.4273504273504274,False,2023-24,2023,0.4273504273504274,2,2363,258.0,1847.0,0.3998428136359171,0.3448275862068966,,529,38.0,44.05263157894737,14.263157894736842,4.868421052631579,13.973684210526315,54.0,67.0,0.5051258154706431,0.449438202247191,35.6,2024-25,True
Antoine Semenyo,Ghana,MF,Bournemouth,24,2000,37,36,3203,35.6,11,5,16,11,0,0,9,0,0.3089887640449438,0.14044943820224717,0.449438202247191,0.3089887640449438,0.449438202247191,False,2024-25,2024,0.449438202247191,3,5566,2105.0,1098.0,0.432906406043433,0.4273504273504274,0.3448275862068966,576,38.0,48.578947368421055,15.263157894736842,5.315789473684211,12.842105263157896,58.0,46.0,0.5430711610486891,,,,False
Antoine SemenyoAntoine Semenyo,Ghana,MF,Manchester City,25,2000,37,37,3195,35.5,17,4,21,16,1,2,7,0,0.4788732394366197,0.11267605633802817,0.5915492957746479,0.4507042253521127,0.5633802816901409,False,2025-26,2025,0.5915492957746479,1,3195,,,0.5915492957746479,,,625,38.0,60.6578947368421,15.657894736842104,5.394736842105263,9.710526315789474,77.0,35.0,0.617219917012448,,,,False
Anton Stach,Germany,MF,Leeds United,26,1998,29,28,2370,26.3,5,3,8,5,0,0,3,0,0.19011406844106463,0.11406844106463879,0.3041825095057034,0.19011406844106463,0.3041825095057034,False,2025-26,2025,0.3041825095057034,1,2370,,,0.3041825095057034,,,676,38.0,45.73684210526316,12.552631578947368,3.973684210526316,12.526315789473685,49.0,56.0,0.5005246589716683,,,,False
Antonee Robinson,USA,DF,Fulham,24,1997,35,35,3088,34.3,0,1,1,0,0,0,8,0,0.0,0.02915451895043732,0.02915451895043732,0.0,0.02915451895043732,False,2022-23,2022,0.02915451895043732,1,3088,,,0.02915451895043732,,,576,38.0,48.68421052631579,11.289473684210526,3.8947368421052633,13.289473684210526,55.0,53.0,0.45931477516059954,0.1652892561983471,36.3,2023-24,True
Antonee Robinson,USA,DF,Fulham,25,1997,37,37,3265,36.3,0,6,6,0,0,0,6,0,0.0,0.1652892561983471,0.1652892561983471,0.0,0.1652892561983471,False,2023-24,2023,0.1652892561983471,2,6353,3088.0,177.0,0.11991101044904384,0.02915451895043732,,625,38.0,50.73684210526316,13.157894736842104,4.7105263157894735,13.763157894736842,55.0,61.0,0.4887585532746823,0.28409090909090906,35.2,2024-25,True
Antonee Robinson,USA,"DF,MF",Fulham,26,1997,36,35,3167,35.2,0,10,10,0,0,0,8,0,0.0,0.28409090909090906,0.28409090909090906,0.0,0.28409090909090906,False,2024-25,2024,0.28409090909090906,3,9520,3265.0,-98.0,0.22936427621028732,0.1652892561983471,0.02915451895043732,676,38.0,52.473684210526315,13.710526315789474,4.552631578947368,11.368421052631579,54.0,54.0,0.5466946484784889,0.06024096385542168,16.6,2025-26,True
Antonee Robinson,USA,"DF,MF",Fulham,27,1997,22,17,1492,16.6,1,0,1,0,1,1,5,0,0.06024096385542168,0.0,0.06024096385542168,0.0,0.0,False,2025-26,2025,0.06024096385542168,4,11012,3167.0,-1675.0,0.11661540130704356,0.28409090909090906,0.1652892561983471,729,38.0,51.73684210526316,12.657894736842104,3.6315789473684212,11.789473684210526,47.0,51.0,0.5177610333692142,,,,False
Antoni Milambo,Netherlands,MF,Brentford,20,2005,1,1,45,0.5,0,0,0,0,0,0,0,0,0.0,0.0,0.0,0.0,0.0,False,2025-26,2025,0.0,1,45,,,0.0,,,400,38.0,47.5,10.657894736842104,3.8684210526315788,13.263157894736842,55.0,52.0,0.44554455445544555,,,,False
Antonio Rüdiger,Germany,DF,Chelsea,28,1993,34,34,3035,33.7,3,0,3,3,0,0,9,0,0.08902077151335311,0.0,0.08902077151335311,0.08902077151335311,0.08902077151335311,False,2021-22,2021,0.08902077151335311,1,3035,,,0.08902077151335311,,,784,38.0,62.3421052631579,15.578947368421053,5.552631578947368,8.921052631578947,76.0,33.0,0.635875402792696,,,,False
Antony,Brazil,MF,Manchester Utd,22,2000,25,23,1802,20.0,4,2,6,4,0,0,5,0,0.2,0.1,0.3,0.2,0.3,False,2022-23,2022,0.3,1,1802,,,0.3,,,484,38.0,53.973684210526315,15.578947368421053,5.631578947368421,12.657894736842104,58.0,43.0,0.5517241379310345,0.1360544217687075,14.7,2023-24,True
Antony,Brazil,MF,Manchester Utd,23,2000,29,15,1324,14.7,1,1,2,1,0,0,5,0,0.06802721088435375,0.06802721088435375,0.1360544217687075,0.06802721088435375,0.1360544217687075,False,2023-24,2023,0.1360544217687075,2,3126,1802.0,-478.0,0.190702947845805,0.3,,529,38.0,50.526315789473685,14.473684210526315,5.078947368421052,17.55263157894737,57.0,58.0,0.4519309778142974,0.0,1.6,2024-25,False
Antony,Brazil,"FW,MF",Manchester Utd,24,2000,8,0,141,1.6,0,0,0,0,0,0,0,0,0.0,0.0,0.0,0.0,0.0,False,2024-25,2024,0.0,3,3267,1324.0,-1183.0,0.06356764928193501,0.1360544217687075,0.3,576,38.0,53.55263157894737,13.868421052631579,4.605263157894737,10.921052631578947,44.0,54.0,0.559447983014862,,,,False
Antonín Kinský,Czechia,GK,Tottenham,21,2003,6,6,540,6.0,0,0,0,0,0,0,0,0,0.0,0.0,0.0,0.0,0.0,False,2024-25,2024,0.0,1,540,,,0.0,,,441,38.0,54.76315789473684,13.078947368421053,4.868421052631579,13.736842105263158,64.0,65.0,0.4877330716388616,0.0,7.0,2025-26,True
Antonín Kinský,Czechia,GK,Tottenham,22,2003,7,7,630,7.0,0,0,0,0,0,0,1,0,0.0,0.0,0.0,0.0,0.0,False,2025-26,2025,0.0,2,1170,540.0,90.0,0.0,0.0,,484,38.0,50.421052631578945,11.447368421052632,3.8421052631578947,12.289473684210526,48.0,57.0,0.4822616407982262,,,,False
Antwoine Hackford,England,FW,Sheffield United,19,2004,2,0,13,0.1,0,0,0,0,0,0,0,0,0.0,0.0,0.0,0.0,0.0,False,2023-24,2023,0.0,1,13,,,0.0,,,361,,,,,,,,,,,,False
Anwar El GhaziAnwar El Ghazi,Netherlands,"MF,FW",Everton,26,1995,11,4,399,4.3999999999999995,1,1,2,0,1,1,2,0,0.2272727272727273,0.2272727272727273,0.4545454545454546,0.0,0.2272727272727273,False,2021-22,2021,0.4545454545454546,1,399,,,0.4545454545454546,,,676,38.0,39.68421052631579,11.526315789473685,3.6315789473684212,13.710526315789474,43.0,66.0,0.45672575599582904,,,,False
Ao Tanaka,Japan,MF,Leeds United,26,1998,28,14,1315,14.6,2,0,2,2,0,0,1,0,0.136986301369863,0.0,0.136986301369863,0.136986301369863,0.136986301369863,False,2025-26,2025,0.136986301369863,1,1315,,,0.136986301369863,,,676,38.0,45.73684210526316,12.552631578947368,3.973684210526316,12.526315789473685,49.0,56.0,0.5005246589716683,,,,False
Archie Gray,England,"DF,MF",Tottenham,18,2006,28,19,1751,19.5,0,0,0,0,0,0,1,0,0.0,0.0,0.0,0.0,0.0,False,2024-25,2024,0.0,1,1751,,,0.0,,,324,38.0,54.76315789473684,13.078947368421053,4.868421052631579,13.736842105263158,64.0,65.0,0.4877330716388616,0.24390243902439027,16.4,2025-26,True
Archie Gray,England,"MF,DF",Tottenham,19,2006,24,18,1478,16.4,2,2,4,2,0,0,5,0,0.12195121951219513,0.12195121951219513,0.24390243902439027,0.12195121951219513,0.24390243902439027,False,2025-26,2025,0.24390243902439027,2,3229,1751.0,-273.0,0.16260162601626016,0.0,,361,38.0,50.421052631578945,11.447368421052632,3.8421052631578947,12.289473684210526,48.0,57.0,0.4822616407982262,,,,False
Arijanet Muric,Kosovo,GK,Burnley,24,1998,10,10,900,10.0,0,0,0,0,0,0,0,0,0.0,0.0,0.0,0.0,0.0,False,2023-24,2023,0.0,1,900,,,0.0,,,576,,,,,,,,,0.0,18.0,2024-25,True
Arijanet Muric,Kosovo,GK,Ipswich Town,25,1998,18,18,1620,18.0,0,0,0,0,0,0,1,0,0.0,0.0,0.0,0.0,0.0,False,2024-25,2024,0.0,2,2520,900.0,720.0,0.0,0.0,,625,38.0,40.39473684210526,9.894736842105264,3.3421052631578947,15.973684210526315,36.0,82.0,0.38250254323499494,,,,False
Armando Broja,Albania,FW,Southampton,19,2001,32,21,1975,21.9,6,0,6,6,0,0,2,0,0.27397260273972607,0.0,0.27397260273972607,0.27397260273972607,0.27397260273972607,False,2021-22,2021,0.27397260273972607,1,1975,,,0.27397260273972607,,,361,,,,,,,,,0.30303030303030304,3.3,2022-23,True
Armando Broja,Albania,FW,Chelsea,20,2001,12,2,294,3.3,1,0,1,1,0,0,0,0,0.30303030303030304,0.0,0.30303030303030304,0.30303030303030304,0.30303030303030304,False,2022-23,2022,0.30303030303030304,2,2269,1975.0,-1681.0,0.29334440293344405,0.27397260273972607,,400,38.0,59.026315789473685,12.736842105263158,4.157894736842105,11.526315789473685,38.0,47.0,0.5249457700650759,0.0,3.7,2024-25,True
Armando Broja,Albania,FW,Everton,22,2001,10,4,334,3.7,0,0,0,0,0,0,1,0,0.0,0.0,0.0,0.0,0.0,False,2024-25,2024,0.0,3,2603,294.0,40.0,0.09778146764448135,0.30303030303030304,0.27397260273972607,484,38.0,40.63157894736842,10.657894736842104,3.763157894736842,12.605263157894736,42.0,44.0,0.4581447963800905,0.20833333333333334,9.6,2025-26,True
Armando Broja,Albania,FW,Burnley,23,2001,24,8,860,9.6,1,1,2,1,0,0,0,0,0.10416666666666667,0.10416666666666667,0.20833333333333334,0.10416666666666667,0.20833333333333334,False,2025-26,2025,0.20833333333333334,4,3463,334.0,526.0,0.17148271143704935,0.0,0.30303030303030304,529,,,,,,,,,,,,False
Armando BrojaArmando Broja,Albania,FW,Fulham,21,2001,21,6,542,6.0,1,1,2,1,0,0,0,0,0.16666666666666666,0.16666666666666666,0.3333333333333333,0.16666666666666666,0.3333333333333333,False,2023-24,2023,0.3333333333333333,1,542,,,0.3333333333333333,,,441,38.0,50.73684210526316,13.157894736842104,4.7105263157894735,13.763157894736842,55.0,61.0,0.4887585532746823,,,,False
Armel Bella Kotchap,Germany,DF,Southampton,20,2001,24,24,1879,20.9,0,2,2,0,0,0,4,0,0.0,0.09569377990430622,0.09569377990430622,0.0,0.09569377990430622,False,2022-23,2022,0.09569377990430622,1,1879,,,0.09569377990430622,,,400,,,,,,,,,0.0,3.7,2024-25,True
Armel Bella Kotchap,Germany,DF,Southampton,22,2001,4,2,331,3.7,0,0,0,0,0,0,0,0,0.0,0.0,0.0,0.0,0.0,False,2024-25,2024,0.0,2,2210,1879.0,-1548.0,0.031897926634768745,0.09569377990430622,,484,,,,,,,,,,,,False
Arnaud Kalimuendo,France,FW,Nottingham,23,2002,9,0,96,1.1,0,0,0,0,0,0,0,0,0.0,0.0,0.0,0.0,0.0,False,2025-26,2025,0.0,1,96,,,0.0,,,529,38.0,46.8421052631579,12.526315789473685,4.105263157894737,13.289473684210526,48.0,51.0,0.48521916411824667,,,,False
Arnaut Danjuma,Netherlands,MF,Tottenham,25,1997,9,1,169,1.9,1,0,1,1,0,0,0,0,0.5263157894736842,0.0,0.5263157894736842,0.5263157894736842,0.5263157894736842,False,2022-23,2022,0.5263157894736842,1,169,,,0.5263157894736842,,,625,38.0,49.94736842105263,13.68421052631579,5.2631578947368425,13.68421052631579,70.0,63.0,0.5,0.15151515151515152,6.6,2023-24,True
Arnaut Danjuma,Netherlands,"MF,FW",Everton,26,1997,14,5,595,6.6,1,0,1,1,0,0,0,0,0.15151515151515152,0.0,0.15151515151515152,0.15151515151515152,0.15151515151515152,False,2023-24,2023,0.15151515151515152,2,764,169.0,426.0,0.2764486975013291,0.5263157894736842,,676,38.0,40.73684210526316,13.342105263157896,4.2631578947368425,14.157894736842104,40.0,51.0,0.4851674641148326,,,,False
Arthur Masuaku,DR Congo,"MF,DF",West Ham,27,1993,13,6,650,7.2,1,1,2,1,0,0,1,0,0.1388888888888889,0.1388888888888889,0.2777777777777778,0.1388888888888889,0.2777777777777778,False,2021-22,2021,0.2777777777777778,1,650,,,0.2777777777777778,,,729,,,,,,,,,0.0,1.4,2025-26,False
Arthur Masuaku,DR Congo,DF,Sunderland,31,1993,3,2,126,1.4,0,0,0,0,0,0,1,0,0.0,0.0,0.0,0.0,0.0,False,2025-26,2025,0.0,2,776,650.0,-524.0,0.0925925925925926,0.2777777777777778,,961,38.0,44.89473684210526,10.421052631578947,3.4210526315789473,14.210526315789474,42.0,48.0,0.4230769230769231,,,,False
Asher Agbinone,England,MF,Crystal Palace,18,2005,2,0,6,0.1,0,0,0,0,0,0,0,0,0.0,0.0,0.0,0.0,0.0,False,2024-25,2024,0.0,1,6,,,0.0,,,324,38.0,42.5,13.552631578947368,4.894736842105263,12.710526315789474,51.0,51.0,0.5160320641282565,,,,False
Ashley Barnes,England,FW,Burnley,31,1989,23,8,808,9.0,1,0,1,0,1,1,4,0,0.1111111111111111,0.0,0.1111111111111111,0.0,0.0,False,2021-22,2021,0.1111111111111111,1,808,,,0.1111111111111111,,,961,,,,,,,,,0.0,0.5,2025-26,False
Ashley Barnes,England,"FW,MF",Burnley,35,1989,7,0,46,0.5,0,0,0,0,0,0,2,0,0.0,0.0,0.0,0.0,0.0,False,2025-26,2025,0.0,2,854,808.0,-762.0,0.03703703703703704,0.1111111111111111,,1225,,,,,,,,,,,,False
Ashley Fletcher,England,FW,Watford,25,1995,3,0,30,0.3,0,0,0,0,0,0,0,0,0.0,0.0,0.0,0.0,0.0,False,2021-22,2021,0.0,1,30,,,0.0,,,625,,,,,,,,,,,,False
Ashley Westwood,England,MF,Burnley,31,1990,27,26,2287,25.4,0,3,3,0,0,0,7,0,0.0,0.11811023622047245,0.11811023622047245,0.0,0.11811023622047245,False,2021-22,2021,0.11811023622047245,1,2287,,,0.11811023622047245,,,961,,,,,,,,,,,,False
Ashley Young,England,"DF,FW",Aston Villa,36,1985,24,10,1250,13.9,0,2,2,0,0,0,2,0,0.0,0.14388489208633093,0.14388489208633093,0.0,0.14388489208633093,False,2021-22,2021,0.14388489208633093,1,1250,,,0.14388489208633093,,,1296,38.0,46.473684210526315,12.210526315789474,4.2631578947368425,12.552631578947368,52.0,54.0,0.49309245483528164,0.04424778761061947,22.6,2022-23,True
Ashley Young,England,DF,Aston Villa,37,1985,29,23,2036,22.6,1,0,1,1,0,0,7,0,0.04424778761061947,0.0,0.04424778761061947,0.04424778761061947,0.04424778761061947,False,2022-23,2022,0.04424778761061947,2,3286,1250.0,786.0,0.07746015576918996,0.14388489208633093,,1369,38.0,49.44736842105263,11.31578947368421,3.973684210526316,11.289473684210526,51.0,46.0,0.5005820721769499,0.0,25.3,2023-24,True
Ashley Young,England,"DF,MF",Everton,38,1985,31,27,2280,25.3,0,0,0,0,0,0,7,1,0.0,0.0,0.0,0.0,0.0,False,2023-24,2023,0.0,3,5566,2036.0,244.0,0.025820051923063324,0.04424778761061947,0.14388489208633093,1444,38.0,40.73684210526316,13.342105263157896,4.2631578947368425,14.157894736842104,40.0,51.0,0.4851674641148326,0.1923076923076923,20.8,2024-25,True
Ashley Young,England,DF,Everton,39,1985,32,19,1875,20.8,1,3,4,1,0,0,7,1,0.04807692307692307,0.14423076923076922,0.1923076923076923,0.04807692307692307,0.1923076923076923,False,2024-25,2024,0.1923076923076923,4,7441,2280.0,-405.0,0.13681181217948263,0.0,0.04424778761061947,1521,38.0,40.63157894736842,10.657894736842104,3.763157894736842,12.605263157894736,42.0,44.0,0.4581447963800905,,,,False
Asmir Begović,Bosnia & Herezgovina,GK,Everton,34,1987,3,3,270,3.0,0,0,0,0,0,0,0,0,0.0,0.0,0.0,0.0,0.0,False,2021-22,2021,0.0,1,270,,,0.0,,,1156,38.0,39.68421052631579,11.526315789473685,3.6315789473684212,13.710526315789474,43.0,66.0,0.45672575599582904,0.0,1.0,2022-23,False
Asmir Begović,Bosnia & Herezgovina,GK,Everton,35,1987,1,1,90,1.0,0,0,0,0,0,0,0,0,0.0,0.0,0.0,0.0,0.0,False,2022-23,2022,0.0,2,360,270.0,-180.0,0.0,0.0,,1225,38.0,42.578947368421055,11.289473684210526,4.0,15.105263157894736,34.0,57.0,0.42771684945164506,,,,False
Auston Trusty,USA,DF,Sheffield United,24,1998,32,28,2572,28.6,0,0,0,0,0,0,4,0,0.0,0.0,0.0,0.0,0.0,False,2023-24,2023,0.0,1,2572,,,0.0,,,576,,,,,,,,,,,,False
Axel Disasi,France,DF,Chelsea,25,1998,31,29,2579,28.7,2,0,2,2,0,0,6,0,0.06968641114982578,0.0,0.06968641114982578,0.06968641114982578,0.06968641114982578,False,2023-24,2023,0.06968641114982578,1,2579,,,0.06968641114982578,,,625,38.0,59.0,14.421052631578947,5.657894736842105,14.631578947368421,77.0,63.0,0.4963768115942029,0.0,13.9,2025-26,True
Axel Disasi,France,DF,West Ham,27,1998,14,14,1254,13.9,0,0,0,0,0,0,1,0,0.0,0.0,0.0,0.0,0.0,False,2025-26,2025,0.0,2,3833,2579.0,-1325.0,0.023228803716608595,0.06968641114982578,,729,,,,,,,,,,,,False
Axel DisasiAxel Disasi,France,DF,Chelsea,26,1998,13,9,854,9.4,1,0,1,1,0,0,3,0,0.10638297872340426,0.0,0.10638297872340426,0.10638297872340426,0.10638297872340426,False,2024-25,2024,0.10638297872340426,1,854,,,0.10638297872340426,,,676,38.0,57.3421052631579,15.657894736842104,5.7368421052631575,10.447368421052632,64.0,43.0,0.5997983870967741,,,,False
Axel Tuanzebe,DR Congo,DF,Aston Villa,23,1997,9,6,508,5.6,0,0,0,0,0,0,1,0,0.0,0.0,0.0,0.0,0.0,False,2021-22,2021,0.0,1,508,,,0.0,,,529,38.0,46.473684210526315,12.210526315789474,4.2631578947368425,12.552631578947368,52.0,54.0,0.49309245483528164,0.05263157894736842,19.0,2024-25,True
Axel Tuanzebe,DR Congo,DF,Ipswich Town,26,1997,22,20,1710,19.0,0,1,1,0,0,0,5,1,0.0,0.05263157894736842,0.05263157894736842,0.0,0.05263157894736842,False,2024-25,2024,0.05263157894736842,2,2218,508.0,1202.0,0.03508771929824561,0.0,,676,38.0,40.39473684210526,9.894736842105264,3.3421052631578947,15.973684210526315,36.0,82.0,0.38250254323499494,0.07518796992481203,13.3,2025-26,True
Axel Tuanzebe,DR Congo,DF,Burnley,27,1997,14,14,1201,13.3,1,0,1,1,0,0,1,0,0.07518796992481203,0.0,0.07518796992481203,0.07518796992481203,0.07518796992481203,False,2025-26,2025,0.07518796992481203,3,3419,1710.0,-509.0,0.061821219715956555,0.05263157894736842,0.0,729,,,,,,,,,,,,False
Ayden Heaven,England,DF,Manchester Utd,17,2006,4,2,170,1.9,0,0,0,0,0,0,1,0,0.0,0.0,0.0,0.0,0.0,False,2024-25,2024,0.0,1,170,,,0.0,,,289,38.0,53.55263157894737,13.868421052631579,4.605263157894737,10.921052631578947,44.0,54.0,0.559447983014862,0.0970873786407767,10.3,2025-26,True
Ayden Heaven,England,DF,Manchester Utd,18,2006,17,11,924,10.3,0,1,1,0,0,0,2,0,0.0,0.0970873786407767,0.0970873786407767,0.0,0.0970873786407767,False,2025-26,2025,0.0970873786407767,2,1094,170.0,754.0,0.06472491909385113,0.0,,324,38.0,51.921052631578945,15.657894736842104,5.657894736842105,11.578947368421053,69.0,50.0,0.5748792270531401,,,,False
Aymeric Laporte,Spain,DF,Manchester City,27,1994,33,33,2828,31.4,4,0,4,4,0,0,5,1,0.12738853503184713,0.0,0.12738853503184713,0.12738853503184713,0.12738853503184713,False,2021-22,2021,0.12738853503184713,1,2828,,,0.12738853503184713,,,729,38.0,68.5,18.763157894736842,6.657894736842105,6.2368421052631575,99.0,26.0,0.7505263157894737,0.0,11.0,2022-23,True
Aymeric Laporte,Spain,"DF,MF",Manchester City,28,1994,12,11,993,11.0,0,0,0,0,0,0,0,0,0.0,0.0,0.0,0.0,0.0,False,2022-23,2022,0.0,2,3821,2828.0,-1835.0,0.042462845010615716,0.12738853503184713,,784,38.0,65.34210526315789,15.789473684210526,5.7631578947368425,7.7105263157894735,94.0,33.0,0.6718924972004479,0.0,0.1,2023-24,False
Aymeric Laporte,Spain,DF,Manchester City,29,1994,1,0,12,0.1,0,0,0,0,0,0,0,0,0.0,0.0,0.0,0.0,0.0,False,2023-24,2023,0.0,3,3833,993.0,-981.0,0.01415428167020524,0.0,0.12738853503184713,841,38.0,65.73684210526316,18.263157894736842,7.315789473684211,7.7368421052631575,96.0,34.0,0.7024291497975709,,,,False
Ayoze Pérez,Spain,MF,Leicester City,28,1993,14,6,445,4.9,2,3,5,2,0,0,0,1,0.4081632653061224,0.6122448979591836,1.0204081632653061,0.4081632653061224,1.0204081632653061,False,2021-22,2021,1.0204081632653061,1,445,,,1.0204081632653061,,,784,,,,,,,,,0.23809523809523808,4.2,2022-23,True
Ayoze Pérez,Spain,MF,Leicester City,29,1993,8,3,382,4.2,0,1,1,0,0,0,0,0,0.0,0.23809523809523808,0.23809523809523808,0.0,0.23809523809523808,False,2022-23,2022,0.23809523809523808,2,827,445.0,-63.0,0.4988662131519275,1.0204081632653061,,841,,,,,,,,,,,,False
Bafodé Diakité,France,DF,Bournemouth,24,2001,18,15,1277,14.2,0,0,0,0,0,0,1,0,0.0,0.0,0.0,0.0,0.0,False,2025-26,2025,0.0,1,1277,,,0.0,,,576,38.0,50.078947368421055,13.842105263157896,4.684210526315789,12.631578947368421,58.0,54.0,0.5228628230616302,,,,False
Bali Mumba,England,"DF,MF",Norwich City,19,2001,1,0,45,0.5,0,0,0,0,0,0,0,0,0.0,0.0,0.0,0.0,0.0,False,2021-22,2021,0.0,1,45,,,0.0,,,361,,,,,,,,,,,,False
Bart Verbruggen,Netherlands,GK,Brighton,20,2002,21,21,1890,21.0,0,0,0,0,0,0,3,0,0.0,0.0,0.0,0.0,0.0,False,2023-24,2023,0.0,1,1890,,,0.0,,,400,38.0,60.3421052631579,14.789473684210526,5.473684210526316,12.289473684210526,55.0,62.0,0.5461613216715258,0.027777777777777776,36.0,2024-25,True
Bart Verbruggen,Netherlands,GK,Brighton,21,2002,36,36,3240,36.0,0,1,1,0,0,0,5,0,0.0,0.027777777777777776,0.027777777777777776,0.0,0.027777777777777776,False,2024-25,2024,0.027777777777777776,2,5130,1890.0,1350.0,0.018518518518518517,0.0,,441,38.0,52.63157894736842,14.026315789473685,5.026315789473684,11.236842105263158,66.0,59.0,0.5552083333333333,0.0,38.0,2025-26,True
Bart Verbruggen,Netherlands,GK,Brighton,22,2002,38,38,3420,38.0,0,0,0,0,0,0,3,0,0.0,0.0,0.0,0.0,0.0,False,2025-26,2025,0.0,3,8550,3240.0,180.0,0.00617283950617284,0.027777777777777776,0.0,484,38.0,53.94736842105263,13.0,4.631578947368421,11.68421052631579,52.0,46.0,0.5266524520255864,,,,False
Bashir Humphreys,England,"DF,MF",Burnley,22,2003,20,17,1578,17.5,0,0,0,0,0,0,6,0,0.0,0.0,0.0,0.0,0.0,False,2025-26,2025,0.0,1,1578,,,0.0,,,484,,,,,,,,,,,,False
Ben Brereton,Chile,"FW,MF",Sheffield United,24,1999,14,14,1105,12.3,6,1,7,5,1,1,3,0,0.4878048780487805,0.08130081300813008,0.5691056910569106,0.4065040650406504,0.4878048780487805,False,2023-24,2023,0.5691056910569106,1,1105,,,0.5691056910569106,,,576,,,,,,,,,0.0,5.0,2024-25,True
Ben Brereton,Chile,"FW,MF",Southampton,25,1999,10,4,449,5.0,0,0,0,0,0,0,1,0,0.0,0.0,0.0,0.0,0.0,False,2024-25,2024,0.0,2,1554,1105.0,-656.0,0.1897018970189702,0.5691056910569106,,625,,,,,,,,,,,,False
Ben Chilwell,England,MF,Chelsea,24,1996,7,6,542,6.0,3,1,4,3,0,0,0,0,0.5,0.16666666666666666,0.6666666666666666,0.5,0.6666666666666666,False,2021-22,2021,0.6666666666666666,1,542,,,0.6666666666666666,,,576,38.0,62.3421052631579,15.578947368421053,5.552631578947368,8.921052631578947,76.0,33.0,0.635875402792696,0.25641025641025644,15.6,2022-23,True
Ben Chilwell,England,"MF,DF",Chelsea,25,1996,23,15,1408,15.6,2,2,4,2,0,0,3,0,0.12820512820512822,0.12820512820512822,0.25641025641025644,0.12820512820512822,0.25641025641025644,False,2022-23,2022,0.25641025641025644,2,1950,542.0,866.0,0.3931623931623932,0.6666666666666666,,625,38.0,59.026315789473685,12.736842105263158,4.157894736842105,11.526315789473685,38.0,47.0,0.5249457700650759,0.11904761904761904,8.4,2023-24,True
Ben Chilwell,England,"MF,DF",Chelsea,26,1996,13,9,756,8.4,0,1,1,0,0,0,5,0,0.0,0.11904761904761904,0.11904761904761904,0.0,0.11904761904761904,False,2023-24,2023,0.11904761904761904,3,2706,1408.0,-652.0,0.21041921041921044,0.25641025641025644,0.6666666666666666,676,38.0,59.0,14.421052631578947,5.657894736842105,14.631578947368421,77.0,63.0,0.4963768115942029,0.3448275862068966,2.9,2024-25,False
Ben Chilwell,England,MF,Crystal Palace,27,1996,8,1,259,2.9,1,0,1,1,0,0,1,0,0.3448275862068966,0.0,0.3448275862068966,0.3448275862068966,0.3448275862068966,False,2024-25,2024,0.3448275862068966,4,2965,756.0,-497.0,0.30002479427766787,0.11904761904761904,0.25641025641025644,729,38.0,42.5,13.552631578947368,4.894736842105263,12.710526315789474,51.0,51.0,0.5160320641282565,,,,False
Ben Davies,Wales,DF,Tottenham,28,1993,29,28,2538,28.2,1,1,2,1,0,0,6,0,0.03546099290780142,0.03546099290780142,0.07092198581560284,0.03546099290780142,0.07092198581560284,False,2021-22,2021,0.07092198581560284,1,2538,,,0.07092198581560284,,,784,38.0,52.0,12.921052631578947,5.184210526315789,12.921052631578947,69.0,40.0,0.5,0.15748031496062992,25.4,2022-23,True
Ben Davies,Wales,"DF,MF",Tottenham,29,1993,31,26,2288,25.4,2,2,4,2,0,0,4,0,0.07874015748031496,0.07874015748031496,0.15748031496062992,0.07874015748031496,0.15748031496062992,False,2022-23,2022,0.15748031496062992,2,4826,2538.0,-250.0,0.12862753857895423,0.07092198581560284,,841,38.0,49.94736842105263,13.68421052631579,5.2631578947368425,13.68421052631579,70.0,63.0,0.5,0.08264462809917356,12.1,2023-24,True
Ben Davies,Wales,DF,Tottenham,30,1993,17,12,1090,12.1,1,0,1,1,0,0,2,0,0.08264462809917356,0.0,0.08264462809917356,0.08264462809917356,0.08264462809917356,False,2023-24,2023,0.08264462809917356,3,5916,2288.0,-1198.0,0.09797226492576712,0.15748031496062992,0.07092198581560284,900,38.0,62.05263157894737,15.31578947368421,5.631578947368421,12.789473684210526,74.0,61.0,0.5449438202247191,0.0,14.8,2024-25,True
Ben Davies,Wales,DF,Tottenham,31,1993,17,14,1331,14.8,0,0,0,0,0,0,5,0,0.0,0.0,0.0,0.0,0.0,False,2024-25,2024,0.0,4,7247,1090.0,241.0,0.032657421641922375,0.08264462809917356,0.15748031496062992,961,38.0,54.76315789473684,13.078947368421053,4.868421052631579,13.736842105263158,64.0,65.0,0.4877330716388616,0.6666666666666666,1.5,2025-26,False
Ben Davies,Wales,DF,Tottenham,32,1993,3,2,137,1.5,1,0,1,1,0,0,1,0,0.6666666666666666,0.0,0.6666666666666666,0.6666666666666666,0.6666666666666666,False,2025-26,2025,0.6666666666666666,5,7384,1331.0,-1194.0,0.45533025165841856,0.0,0.08264462809917356,1024,38.0,50.421052631578945,11.447368421052632,3.8421052631578947,12.289473684210526,48.0,57.0,0.4822616407982262,,,,False
Ben Foster,England,GK,Watford,38,1983,26,26,2340,26.0,0,1,1,0,0,0,0,0,0.0,0.038461538461538464,0.038461538461538464,0.0,0.038461538461538464,False,2021-22,2021,0.038461538461538464,1,2340,,,0.038461538461538464,,,1444,,,,,,,,,,,,False
Ben Gannon-Doak,Scotland,MF,Liverpool,16,2005,2,0,26,0.3,0,0,0,0,0,0,0,0,0.0,0.0,0.0,0.0,0.0,False,2022-23,2022,0.0,1,26,,,0.0,,,256,38.0,61.10526315789474,15.921052631578947,5.578947368421052,9.710526315789474,75.0,47.0,0.6211498973305954,0.0,0.2,2023-24,False
Ben Gannon-Doak,Scotland,MF,Liverpool,17,2005,1,0,14,0.2,0,0,0,0,0,0,0,0,0.0,0.0,0.0,0.0,0.0,False,2023-24,2023,0.0,2,40,26.0,-12.0,0.0,0.0,,289,38.0,61.78947368421053,20.789473684210527,7.2894736842105265,10.894736842105264,86.0,41.0,0.6561461794019934,0.7692307692307692,1.3,2025-26,False
Ben Gannon-Doak,Scotland,MF,Bournemouth,19,2005,8,0,113,1.3,0,1,1,0,0,0,0,0,0.0,0.7692307692307692,0.7692307692307692,0.0,0.7692307692307692,False,2025-26,2025,0.7692307692307692,3,153,14.0,99.0,0.5128205128205128,0.0,0.0,361,38.0,50.078947368421055,13.842105263157896,4.684210526315789,12.631578947368421,58.0,54.0,0.5228628230616302,,,,False
Ben Gibson,England,DF,Norwich City,28,1993,28,28,2494,27.7,0,0,0,0,0,0,5,1,0.0,0.0,0.0,0.0,0.0,False,2021-22,2021,0.0,1,2494,,,0.0,,,784,,,,,,,,,,,,False
Ben Godfrey,England,DF,Everton,23,1998,23,23,2029,22.5,0,0,0,0,0,0,6,0,0.0,0.0,0.0,0.0,0.0,False,2021-22,2021,0.0,1,2029,,,0.0,,,529,38.0,39.68421052631579,11.526315789473685,3.6315789473684212,13.710526315789474,43.0,66.0,0.45672575599582904,0.11235955056179775,8.9,2022-23,True
Ben Godfrey,England,DF,Everton,24,1998,13,10,802,8.9,0,1,1,0,0,0,2,0,0.0,0.11235955056179775,0.11235955056179775,0.0,0.11235955056179775,False,2022-23,2022,0.11235955056179775,2,2831,2029.0,-1227.0,0.07490636704119849,0.0,,576,38.0,42.578947368421055,11.289473684210526,4.0,15.105263157894736,34.0,57.0,0.42771684945164506,0.0,12.4,2023-24,True
Ben Godfrey,England,DF,Everton,25,1998,15,13,1120,12.4,0,0,0,0,0,0,2,0,0.0,0.0,0.0,0.0,0.0,False,2023-24,2023,0.0,3,3951,802.0,318.0,0.024968789013732832,0.11235955056179775,0.0,625,38.0,40.73684210526316,13.342105263157896,4.2631578947368425,14.157894736842104,40.0,51.0,0.4851674641148326,0.0,1.8,2024-25,False
Ben Godfrey,England,DF,Ipswich Town,26,1998,3,2,159,1.8,0,0,0,0,0,0,1,0,0.0,0.0,0.0,0.0,0.0,False,2024-25,2024,0.0,4,4110,1120.0,-961.0,0.008322929671244279,0.0,0.11235955056179775,676,38.0,40.39473684210526,9.894736842105264,3.3421052631578947,15.973684210526315,36.0,82.0,0.38250254323499494,,,,False
Ben Johnson,England,"DF,MF",West Ham,21,2000,20,16,1397,15.5,1,0,1,1,0,0,1,0,0.06451612903225806,0.0,0.06451612903225806,0.06451612903225806,0.06451612903225806,False,2021-22,2021,0.06451612903225806,1,1397,,,0.06451612903225806,,,441,,,,,,,,,0.0,9.6,2022-23,True
Ben Johnson,England,"DF,MF",West Ham,22,2000,17,9,866,9.6,0,0,0,0,0,0,0,0,0.0,0.0,0.0,0.0,0.0,False,2022-23,2022,0.0,2,2263,1397.0,-531.0,0.021505376344086023,0.06451612903225806,,484,,,,,,,,,0.0,6.0,2023-24,True
Ben Johnson,England,"MF,DF",West Ham,23,2000,14,4,544,6.0,0,0,0,0,0,0,1,0,0.0,0.0,0.0,0.0,0.0,False,2023-24,2023,0.0,3,2807,866.0,-322.0,0.007168458781362009,0.0,0.06451612903225806,529,,,,,,,,,0.2,15.0,2024-25,True
Ben Johnson,England,"MF,DF",Ipswich Town,24,2000,23,14,1354,15.0,1,2,3,1,0,0,5,1,0.06666666666666667,0.13333333333333333,0.2,0.06666666666666667,0.2,False,2024-25,2024,0.2,4,4161,544.0,810.0,0.13572281959378735,0.0,0.0,576,38.0,40.39473684210526,9.894736842105264,3.3421052631578947,15.973684210526315,36.0,82.0,0.38250254323499494,,,,False
Ben Mee,England,DF,Burnley,31,1989,21,21,1839,20.4,3,0,3,3,0,0,3,0,0.14705882352941177,0.0,0.14705882352941177,0.14705882352941177,0.14705882352941177,False,2021-22,2021,0.14705882352941177,1,1839,,,0.14705882352941177,,,961,,,,,,,,,0.13774104683195593,36.3,2022-23,True
Ben Mee,England,DF,Brentford,32,1989,37,37,3269,36.3,3,2,5,3,0,0,2,0,0.08264462809917356,0.05509641873278237,0.13774104683195593,0.08264462809917356,0.13774104683195593,False,2022-23,2022,0.13774104683195593,2,5108,1839.0,1430.0,0.14084697239777455,0.14705882352941177,,1024,38.0,43.39473684210526,10.710526315789474,4.2631578947368425,14.763157894736842,58.0,46.0,0.42045454545454547,0.14184397163120568,14.1,2023-24,True
Ben Mee,England,DF,Brentford,33,1989,16,15,1272,14.1,2,0,2,2,0,0,1,1,0.14184397163120568,0.0,0.14184397163120568,0.14184397163120568,0.14184397163120568,False,2023-24,2023,0.14184397163120568,3,6380,3269.0,-1997.0,0.1415116385533953,0.13774104683195593,0.14705882352941177,1089,38.0,44.973684210526315,12.447368421052632,4.526315789473684,14.421052631578947,56.0,65.0,0.4632713026444662,0.0,2.0,2024-25,False
Ben Mee,England,DF,Brentford,34,1989,7,2,183,2.0,0,0,0,0,0,0,2,0,0.0,0.0,0.0,0.0,0.0,False,2024-25,2024,0.0,4,6563,1272.0,-1089.0,0.047170546184465104,0.14184397163120568,0.13774104683195593,1156,38.0,47.81578947368421,11.578947368421053,4.842105263157895,17.026315789473685,66.0,57.0,0.40478380864765406,,,,False
Ben Osborn,England,MF,Sheffield United,28,1994,24,14,1367,15.2,0,2,2,0,0,0,3,0,0.0,0.13157894736842105,0.13157894736842105,0.0,0.13157894736842105,False,2023-24,2023,0.13157894736842105,1,1367,,,0.13157894736842105,,,784,,,,,,,,,,,,False
Ben Parkinson,England,FW,Newcastle,18,2005,1,0,25,0.3,0,0,0,0,0,0,0,0,0.0,0.0,0.0,0.0,0.0,False,2023-24,2023,0.0,1,25,,,0.0,,,324,38.0,52.21052631578947,14.5,5.605263157894737,14.052631578947368,85.0,62.0,0.5078341013824884,,,,False
Ben Pearson,England,MF,Bournemouth,27,1995,7,3,286,3.2,0,0,0,0,0,0,1,0,0.0,0.0,0.0,0.0,0.0,False,2022-23,2022,0.0,1,286,,,0.0,,,729,38.0,40.078947368421055,9.394736842105264,3.5,16.473684210526315,37.0,71.0,0.3631739572736521,,,,False
Ben White,England,DF,Arsenal,23,1997,32,32,2880,32.0,0,0,0,0,0,0,3,0,0.0,0.0,0.0,0.0,0.0,False,2021-22,2021,0.0,1,2880,,,0.0,,,529,38.0,53.18421052631579,15.473684210526315,5.157894736842105,11.18421052631579,61.0,48.0,0.5804540967423495,0.20648967551622419,33.9,2022-23,True
Ben White,England,DF,Arsenal,24,1997,38,36,3055,33.9,2,5,7,2,0,0,5,0,0.058997050147492625,0.14749262536873156,0.20648967551622419,0.058997050147492625,0.20648967551622419,False,2022-23,2022,0.20648967551622419,2,5935,2880.0,175.0,0.13765978367748277,0.0,,576,38.0,59.94736842105263,15.605263157894736,5.368421052631579,8.973684210526315,88.0,43.0,0.6349036402569593,0.24096385542168672,33.2,2023-24,True
Ben White,England,DF,Arsenal,25,1997,37,35,2988,33.2,4,4,8,4,0,0,8,0,0.12048192771084336,0.12048192771084336,0.24096385542168672,0.12048192771084336,0.24096385542168672,False,2023-24,2023,0.24096385542168672,3,8923,3055.0,-67.0,0.20652916484028538,0.20648967551622419,0.0,625,38.0,58.63157894736842,17.263157894736842,5.973684210526316,8.473684210526315,91.0,29.0,0.6707566462167689,0.15037593984962405,13.3,2024-25,True
Ben White,England,DF,Arsenal,26,1997,17,13,1198,13.3,0,2,2,0,0,0,2,0,0.0,0.15037593984962405,0.15037593984962405,0.0,0.15037593984962405,False,2024-25,2024,0.15037593984962405,4,10121,2988.0,-1790.0,0.16909368151317783,0.24096385542168672,0.20648967551622419,676,38.0,57.18421052631579,14.394736842105264,4.947368421052632,9.526315789473685,69.0,34.0,0.6017601760176018,0.12820512820512822,7.8,2025-26,True
Ben White,England,DF,Arsenal,27,1997,12,9,702,7.8,0,1,1,0,0,0,0,0,0.0,0.12820512820512822,0.12820512820512822,0.0,0.12820512820512822,False,2025-26,2025,0.12820512820512822,5,10823,1198.0,-496.0,0.1418346459744781,0.15037593984962405,0.24096385542168672,729,38.0,56.44736842105263,14.526315789473685,4.894736842105263,8.157894736842104,71.0,27.0,0.640371229698376,,,,False
Ben Winterburn,England,MF,Bournemouth,19,2004,4,0,24,0.3,0,0,0,0,0,0,0,0,0.0,0.0,0.0,0.0,0.0,False,2024-25,2024,0.0,1,24,,,0.0,,,361,38.0,48.578947368421055,15.263157894736842,5.315789473684211,12.842105263157896,58.0,46.0,0.5430711610486891,0.0,0.1,2025-26,False
Ben Winterburn,England,MF,Bournemouth,20,2004,1,0,7,0.1,0,0,0,0,0,0,0,0,0.0,0.0,0.0,0.0,0.0,False,2025-26,2025,0.0,2,31,24.0,-17.0,0.0,0.0,,400,38.0,50.078947368421055,13.842105263157896,4.684210526315789,12.631578947368421,58.0,54.0,0.5228628230616302,,,,False
Bendito Mantato,England,MF,Manchester Utd,17,2008,1,0,16,0.2,0,0,0,0,0,0,0,0,0.0,0.0,0.0,0.0,0.0,False,2025-26,2025,0.0,1,16,,,0.0,,,289,38.0,51.921052631578945,15.657894736842104,5.657894736842105,11.578947368421053,69.0,50.0,0.5748792270531401,,,,False
Benicio Boaitey,England,FW,Brighton,19,2004,5,0,40,0.4,0,0,0,0,0,0,1,0,0.0,0.0,0.0,0.0,0.0,False,2023-24,2023,0.0,1,40,,,0.0,,,361,38.0,60.3421052631579,14.789473684210526,5.473684210526316,12.289473684210526,55.0,62.0,0.5461613216715258,,,,False
Benjamin Mendy,France,DF,Manchester City,27,1994,1,1,78,0.9,0,0,0,0,0,0,0,0,0.0,0.0,0.0,0.0,0.0,False,2021-22,2021,0.0,1,78,,,0.0,,,729,38.0,68.5,18.763157894736842,6.657894736842105,6.2368421052631575,99.0,26.0,0.7505263157894737,,,,False
Benjamin Šeško,Slovenia,FW,Manchester Utd,22,2003,30,17,1643,18.3,11,1,12,11,0,0,2,0,0.6010928961748634,0.0546448087431694,0.6557377049180327,0.6010928961748634,0.6557377049180327,False,2025-26,2025,0.6557377049180327,1,1643,,,0.6557377049180327,,,484,38.0,51.921052631578945,15.657894736842104,5.657894736842105,11.578947368421053,69.0,50.0,0.5748792270531401,,,,False
Benoît Badiashile,France,DF,Chelsea,21,2001,11,10,905,10.1,1,0,1,1,0,0,2,0,0.09900990099009901,0.0,0.09900990099009901,0.09900990099009901,0.09900990099009901,False,2022-23,2022,0.09900990099009901,1,905,,,0.09900990099009901,,,441,38.0,59.026315789473685,12.736842105263158,4.157894736842105,11.526315789473685,38.0,47.0,0.5249457700650759,0.06711409395973154,14.9,2023-24,True
Benoît Badiashile,France,DF,Chelsea,22,2001,18,15,1338,14.9,0,1,1,0,0,0,3,0,0.0,0.06711409395973154,0.06711409395973154,0.0,0.06711409395973154,False,2023-24,2023,0.06711409395973154,2,2243,905.0,433.0,0.07774602963652069,0.09900990099009901,,484,38.0,59.0,14.421052631578947,5.657894736842105,14.631578947368421,77.0,63.0,0.4963768115942029,0.0,3.7,2024-25,True
Benoît Badiashile,France,DF,Chelsea,23,2001,5,3,334,3.7,0,0,0,0,0,0,0,0,0.0,0.0,0.0,0.0,0.0,False,2024-25,2024,0.0,3,2577,1338.0,-1004.0,0.025915343212173567,0.06711409395973154,0.09900990099009901,529,38.0,57.3421052631579,15.657894736842104,5.7368421052631575,10.447368421052632,64.0,43.0,0.5997983870967741,0.0,5.2,2025-26,True
Benoît Badiashile,France,DF,Chelsea,24,2001,8,6,471,5.2,0,0,0,0,0,0,2,0,0.0,0.0,0.0,0.0,0.0,False,2025-26,2025,0.0,4,3048,334.0,137.0,0.00863844773739119,0.0,0.06711409395973154,576,38.0,57.73684210526316,13.394736842105264,4.368421052631579,10.947368421052632,58.0,52.0,0.5502702702702702,,,,False
Benson Manuel,Angola,MF,Burnley,26,1997,8,1,116,1.3,0,0,0,0,0,0,0,0,0.0,0.0,0.0,0.0,0.0,False,2023-24,2023,0.0,1,116,,,0.0,,,676,,,,,,,,,,,,False
Bernardo Silva,Portugal,"MF,FW",Manchester City,26,1994,35,33,2857,31.7,8,4,12,8,0,0,6,0,0.25236593059936907,0.12618296529968454,0.37854889589905366,0.25236593059936907,0.37854889589905366,False,2021-22,2021,0.37854889589905366,1,2857,,,0.37854889589905366,,,676,38.0,68.5,18.763157894736842,6.657894736842105,6.2368421052631575,99.0,26.0,0.7505263157894737,0.3673469387755102,24.5,2022-23,True
Bernardo Silva,Portugal,"MF,FW",Manchester City,27,1994,34,24,2205,24.5,4,5,9,4,0,0,5,0,0.16326530612244897,0.20408163265306123,0.3673469387755102,0.16326530612244897,0.3673469387755102,False,2022-23,2022,0.3673469387755102,2,5062,2857.0,-652.0,0.37108092448335805,0.37854889589905366,,729,38.0,65.34210526315789,15.789473684210526,5.7631578947368425,7.7105263157894735,94.0,33.0,0.6718924972004479,0.5244755244755245,28.6,2023-24,True
Bernardo Silva,Portugal,MF,Manchester City,28,1994,33,29,2578,28.6,6,9,15,6,0,0,8,0,0.2097902097902098,0.3146853146853147,0.5244755244755245,0.2097902097902098,0.5244755244755245,False,2023-24,2023,0.5244755244755245,3,7640,2205.0,373.0,0.4733439911448023,0.3673469387755102,0.37854889589905366,784,38.0,65.73684210526316,18.263157894736842,7.315789473684211,7.7368421052631575,96.0,34.0,0.7024291497975709,0.26936026936026936,29.7,2024-25,True
Bernardo Silva,Portugal,MF,Manchester City,29,1994,33,29,2670,29.7,4,4,8,4,0,0,7,0,0.13468013468013468,0.13468013468013468,0.26936026936026936,0.13468013468013468,0.26936026936026936,False,2024-25,2024,0.26936026936026936,4,10310,2578.0,92.0,0.337354843288447,0.5244755244755245,0.3673469387755102,841,38.0,61.73684210526316,16.0,5.7105263157894735,9.31578947368421,72.0,44.0,0.6320166320166319,0.18808777429467086,31.9,2025-26,True
Bernardo Silva,Portugal,MF,Manchester City,30,1994,38,34,2872,31.9,2,4,6,2,0,0,10,0,0.06269592476489029,0.12539184952978058,0.18808777429467086,0.06269592476489029,0.18808777429467086,False,2025-26,2025,0.18808777429467086,5,13182,2670.0,202.0,0.2378434639592629,0.26936026936026936,0.5244755244755245,900,38.0,60.6578947368421,15.657894736842104,5.394736842105263,9.710526315789474,77.0,35.0,0.617219917012448,,,,False
Bernd Leno,Germany,GK,Arsenal,29,1992,4,4,360,4.0,0,0,0,0,0,0,0,0,0.0,0.0,0.0,0.0,0.0,False,2021-22,2021,0.0,1,360,,,0.0,,,841,38.0,53.18421052631579,15.473684210526315,5.157894736842105,11.18421052631579,61.0,48.0,0.5804540967423495,0.0,36.0,2022-23,True
Bernd Leno,Germany,GK,Fulham,30,1992,36,36,3240,36.0,0,0,0,0,0,0,3,0,0.0,0.0,0.0,0.0,0.0,False,2022-23,2022,0.0,2,3600,360.0,2880.0,0.0,0.0,,900,38.0,48.68421052631579,11.289473684210526,3.8947368421052633,13.289473684210526,55.0,53.0,0.45931477516059954,0.0,38.0,2023-24,True
Bernd Leno,Germany,GK,Fulham,31,1992,38,38,3420,38.0,0,0,0,0,0,0,3,0,0.0,0.0,0.0,0.0,0.0,False,2023-24,2023,0.0,3,7020,3240.0,180.0,0.0,0.0,0.0,961,38.0,50.73684210526316,13.157894736842104,4.7105263157894735,13.763157894736842,55.0,61.0,0.4887585532746823,0.02631578947368421,38.0,2024-25,True
Bernd Leno,Germany,GK,Fulham,32,1992,38,38,3420,38.0,0,1,1,0,0,0,5,0,0.0,0.02631578947368421,0.02631578947368421,0.0,0.02631578947368421,False,2024-25,2024,0.02631578947368421,4,10440,3420.0,0.0,0.017543859649122806,0.0,0.0,1024,38.0,52.473684210526315,13.710526315789474,4.552631578947368,11.368421052631579,54.0,54.0,0.5466946484784889,0.0,38.0,2025-26,True
Bernd Leno,Germany,GK,Fulham,33,1992,38,38,3420,38.0,0,0,0,0,0,0,3,0,0.0,0.0,0.0,0.0,0.0,False,2025-26,2025,0.0,5,13860,3420.0,0.0,0.0058479532163742695,0.02631578947368421,0.0,1089,38.0,51.73684210526316,12.657894736842104,3.6315789473684212,11.789473684210526,47.0,51.0,0.5177610333692142,,,,False
Bertrand Traoré,Burkina Faso,FW,Aston Villa,25,1995,9,1,220,2.4,0,0,0,0,0,0,0,0,0.0,0.0,0.0,0.0,0.0,False,2021-22,2021,0.0,1,220,,,0.0,,,625,38.0,46.473684210526315,12.210526315789474,4.2631578947368425,12.552631578947368,52.0,54.0,0.49309245483528164,0.7692307692307692,2.6,2022-23,False
Bertrand Traoré,Burkina Faso,MF,Aston Villa,26,1995,8,1,233,2.6,2,0,2,2,0,0,1,0,0.7692307692307692,0.0,0.7692307692307692,0.7692307692307692,0.7692307692307692,False,2022-23,2022,0.7692307692307692,2,453,220.0,13.0,0.5128205128205128,0.0,,676,38.0,49.44736842105263,11.31578947368421,3.973684210526316,11.289473684210526,51.0,46.0,0.5005820721769499,0.0,0.1,2023-24,False
Bertrand Traoré,Burkina Faso,"FW,MF",Aston Villa,27,1995,2,0,11,0.1,0,0,0,0,0,0,0,0,0.0,0.0,0.0,0.0,0.0,False,2023-24,2023,0.0,3,464,233.0,-222.0,0.17094017094017094,0.7692307692307692,0.0,729,38.0,53.421052631578945,13.5,5.0,11.947368421052632,76.0,61.0,0.5305067218200621,0.14285714285714285,7.0,2025-26,True
Bertrand Traoré,Burkina Faso,"MF,FW",Sunderland,29,1995,12,9,632,7.0,1,0,1,1,0,0,1,0,0.14285714285714285,0.0,0.14285714285714285,0.14285714285714285,0.14285714285714285,False,2025-26,2025,0.14285714285714285,4,1096,11.0,621.0,0.15221815221815221,0.0,0.7692307692307692,841,38.0,44.89473684210526,10.421052631578947,3.4210526315789473,14.210526315789474,42.0,48.0,0.4230769230769231,,,,False
Beto,Guinea-Bissau,FW,Everton,25,1998,30,9,951,10.6,3,0,3,3,0,1,2,0,0.2830188679245283,0.0,0.2830188679245283,0.2830188679245283,0.2830188679245283,False,2023-24,2023,0.2830188679245283,1,951,,,0.2830188679245283,,,625,38.0,40.73684210526316,13.342105263157896,4.2631578947368425,14.157894736842104,40.0,51.0,0.4851674641148326,0.47058823529411764,17.0,2024-25,True
Beto,Guinea-Bissau,FW,Everton,26,1998,30,15,1534,17.0,8,0,8,8,0,0,2,0,0.47058823529411764,0.0,0.47058823529411764,0.47058823529411764,0.47058823529411764,False,2024-25,2024,0.47058823529411764,2,2485,951.0,583.0,0.40806511283758784,0.2830188679245283,,676,38.0,40.63157894736842,10.657894736842104,3.763157894736842,12.605263157894736,42.0,44.0,0.4581447963800905,0.574712643678161,17.4,2025-26,True
Beto,Guinea-Bissau,FW,Everton,27,1998,37,17,1568,17.4,9,1,10,9,0,0,3,0,0.5172413793103449,0.0574712643678161,0.574712643678161,0.5172413793103449,0.574712643678161,False,2025-26,2025,0.574712643678161,3,4053,1534.0,34.0,0.5191634667313032,0.47058823529411764,0.2830188679245283,729,38.0,43.76315789473684,11.105263157894736,3.736842105263158,13.973684210526315,47.0,50.0,0.4428121720881427,,,,False
Bilal El Khannouss,Morocco,MF,Leicester City,20,2004,32,27,2182,24.2,2,3,5,2,0,0,4,0,0.08264462809917356,0.12396694214876033,0.2066115702479339,0.08264462809917356,0.2066115702479339,False,2024-25,2024,0.2066115702479339,1,2182,,,0.2066115702479339,,,400,,,,,,,,,,,,False
Billy Gilmour,Scotland,MF,Norwich City,20,2001,24,21,1855,20.6,0,1,1,0,0,0,2,0,0.0,0.04854368932038835,0.04854368932038835,0.0,0.04854368932038835,False,2021-22,2021,0.04854368932038835,1,1855,,,0.04854368932038835,,,400,,,,,,,,,0.17857142857142858,5.6,2022-23,True
Billy Gilmour,Scotland,MF,Brighton,21,2001,14,7,507,5.6,0,1,1,0,0,0,1,0,0.0,0.17857142857142858,0.17857142857142858,0.0,0.17857142857142858,False,2022-23,2022,0.17857142857142858,2,2362,1855.0,-1348.0,0.13522884882108183,0.04854368932038835,,441,38.0,60.526315789473685,16.105263157894736,6.078947368421052,10.210526315789474,72.0,53.0,0.612,0.0423728813559322,23.6,2023-24,True
Billy Gilmour,Scotland,MF,Brighton,22,2001,30,24,2120,23.6,0,1,1,0,0,0,8,1,0.0,0.0423728813559322,0.0423728813559322,0.0,0.0423728813559322,False,2023-24,2023,0.0423728813559322,3,4482,507.0,1613.0,0.07332487051098208,0.17857142857142858,0.04854368932038835,484,38.0,60.3421052631579,14.789473684210526,5.473684210526316,12.289473684210526,55.0,62.0,0.5461613216715258,0.0,1.1,2024-25,False
Billy Gilmour,Scotland,MF,Brighton,23,2001,2,1,98,1.1,0,0,0,0,0,0,0,0,0.0,0.0,0.0,0.0,0.0,False,2024-25,2024,0.0,4,4580,2120.0,-2022.0,0.024441623503660696,0.0423728813559322,0.17857142857142858,529,38.0,52.63157894736842,14.026315789473685,5.026315789473684,11.236842105263158,66.0,59.0,0.5552083333333333,,,,False
Bobby Clark,England,MF,Liverpool,17,2005,1,0,8,0.1,0,0,0,0,0,0,0,0,0.0,0.0,0.0,0.0,0.0,False,2022-23,2022,0.0,1,8,,,0.0,,,289,38.0,61.10526315789474,15.921052631578947,5.578947368421052,9.710526315789474,75.0,47.0,0.6211498973305954,0.0,1.0,2023-24,False
Bobby Clark,England,MF,Liverpool,18,2005,5,1,89,1.0,0,0,0,0,0,0,0,0,0.0,0.0,0.0,0.0,0.0,False,2023-24,2023,0.0,2,97,8.0,81.0,0.0,0.0,,324,38.0,61.78947368421053,20.789473684210527,7.2894736842105265,10.894736842105264,86.0,41.0,0.6561461794019934,,,,False
Bobby De Cordova-Reid,Jamaica,"MF,DF",Fulham,29,1993,36,29,2475,27.5,4,1,5,4,0,0,8,0,0.14545454545454545,0.03636363636363636,0.18181818181818182,0.14545454545454545,0.18181818181818182,False,2022-23,2022,0.18181818181818182,1,2475,,,0.18181818181818182,,,841,38.0,48.68421052631579,11.289473684210526,3.8947368421052633,13.289473684210526,55.0,53.0,0.45931477516059954,0.5063291139240506,15.8,2023-24,True
Bobby De Cordova-Reid,Jamaica,"MF,FW",Fulham,30,1993,33,17,1423,15.8,6,2,8,6,0,0,4,0,0.37974683544303794,0.12658227848101264,0.5063291139240506,0.37974683544303794,0.5063291139240506,False,2023-24,2023,0.5063291139240506,2,3898,2475.0,-1052.0,0.3981588032220943,0.18181818181818182,,900,38.0,50.73684210526316,13.157894736842104,4.7105263157894735,13.763157894736842,55.0,61.0,0.4887585532746823,0.36144578313253006,8.3,2024-25,True
Bobby De Cordova-Reid,Jamaica,"MF,FW",Leicester City,31,1993,23,9,744,8.3,1,2,3,1,0,0,2,0,0.12048192771084336,0.24096385542168672,0.36144578313253006,0.12048192771084336,0.36144578313253006,False,2024-25,2024,0.36144578313253006,3,4642,1423.0,-679.0,0.3736834564957181,0.5063291139240506,0.18181818181818182,961,,,,,,,,,,,,False
Borna Sosa,Croatia,"DF,MF",Crystal Palace,27,1998,7,0,101,1.1,0,0,0,0,0,0,1,0,0.0,0.0,0.0,0.0,0.0,False,2025-26,2025,0.0,1,101,,,0.0,,,729,38.0,45.89473684210526,11.631578947368421,3.710526315789474,11.710526315789474,41.0,51.0,0.49830890642615555,,,,False
Boubacar Kamara,France,MF,Aston Villa,22,1999,24,21,1777,19.7,0,1,1,0,0,0,4,0,0.0,0.050761421319796954,0.050761421319796954,0.0,0.050761421319796954,False,2022-23,2022,0.050761421319796954,1,1777,,,0.050761421319796954,,,484,38.0,49.44736842105263,11.31578947368421,3.973684210526316,11.289473684210526,51.0,46.0,0.5005820721769499,0.05434782608695653,18.4,2023-24,True
Boubacar Kamara,France,MF,Aston Villa,23,1999,20,20,1652,18.4,0,1,1,0,0,0,7,1,0.0,0.05434782608695653,0.05434782608695653,0.0,0.05434782608695653,False,2023-24,2023,0.05434782608695653,2,3429,1777.0,-125.0,0.053152357831236674,0.050761421319796954,,529,38.0,53.421052631578945,13.5,5.0,11.947368421052632,76.0,61.0,0.5305067218200621,0.052083333333333336,19.2,2024-25,True
Boubacar Kamara,France,"MF,DF",Aston Villa,24,1999,26,20,1726,19.2,1,0,1,1,0,0,2,0,0.052083333333333336,0.0,0.052083333333333336,0.052083333333333336,0.052083333333333336,False,2024-25,2024,0.052083333333333336,3,5155,1652.0,74.0,0.05243967483263445,0.05434782608695653,0.050761421319796954,576,38.0,50.71052631578947,12.736842105263158,4.473684210526316,12.18421052631579,58.0,51.0,0.5110876451953538,0.25477707006369427,15.7,2025-26,True
Boubacar Kamara,France,MF,Aston Villa,25,1999,18,17,1411,15.7,1,3,4,1,0,0,5,0,0.06369426751592357,0.1910828025477707,0.25477707006369427,0.06369426751592357,0.25477707006369427,False,2025-26,2025,0.25477707006369427,4,6566,1726.0,-315.0,0.18733127165334099,0.052083333333333336,0.05434782608695653,625,38.0,53.6578947368421,12.710526315789474,4.473684210526316,12.894736842105264,56.0,49.0,0.4964028776978417,,,,False
Boubacar Traoré,Mali,MF,Wolves,20,2001,10,4,411,4.6,0,1,1,0,0,0,2,0,0.0,0.2173913043478261,0.2173913043478261,0.0,0.2173913043478261,False,2022-23,2022,0.2173913043478261,1,411,,,0.2173913043478261,,,400,,,,,,,,,0.0,9.1,2023-24,True
Boubacar Traoré,Mali,MF,Wolves,21,2001,24,7,819,9.1,0,0,0,0,0,0,4,0,0.0,0.0,0.0,0.0,0.0,False,2023-24,2023,0.0,2,1230,411.0,408.0,0.07246376811594205,0.2173913043478261,,441,,,,,,,,,0.0,0.0,2024-25,False
Boubacar Traoré,Mali,MF,Wolves,22,2001,1,0,1,0.0,0,0,0,0,0,0,0,0,0.0,0.0,0.0,0.0,0.0,False,2024-25,2024,0.0,3,1231,819.0,-818.0,0.024154589371980683,0.0,0.2173913043478261,484,,,,,,,,,,,,False
Boubakary Soumaré,France,MF,Leicester City,22,1999,19,12,1102,12.2,0,1,1,0,0,0,0,0,0.0,0.0819672131147541,0.0819672131147541,0.0,0.0819672131147541,False,2021-22,2021,0.0819672131147541,1,1102,,,0.0819672131147541,,,484,,,,,,,,,0.0,18.1,2022-23,True
Boubakary Soumaré,France,MF,Leicester City,23,1999,26,20,1629,18.1,0,0,0,0,0,0,9,0,0.0,0.0,0.0,0.0,0.0,False,2022-23,2022,0.0,2,2731,1102.0,527.0,0.027322404371584706,0.0819672131147541,,529,,,,,,,,,0.0,24.1,2024-25,True
Boubakary Soumaré,France,MF,Leicester City,25,1999,31,25,2171,24.1,0,0,0,0,0,0,8,0,0.0,0.0,0.0,0.0,0.0,False,2024-25,2024,0.0,3,4902,1629.0,542.0,0.009107468123861569,0.0,0.0819672131147541,625,,,,,,,,,,,,False
Bradley Burrowes,England,MF,Aston Villa,17,2008,1,0,17,0.2,0,0,0,0,0,0,0,0,0.0,0.0,0.0,0.0,0.0,False,2025-26,2025,0.0,1,17,,,0.0,,,289,38.0,53.6578947368421,12.710526315789474,4.473684210526316,12.894736842105264,56.0,49.0,0.4964028776978417,,,,False
Brajan Gruda,Germany,"MF,FW",Brighton,20,2004,21,8,687,7.6,1,4,5,1,0,0,0,0,0.13157894736842105,0.5263157894736842,0.6578947368421053,0.13157894736842105,0.6578947368421053,False,2024-25,2024,0.6578947368421053,1,687,,,0.6578947368421053,,,400,38.0,52.63157894736842,14.026315789473685,5.026315789473684,11.236842105263158,66.0,59.0,0.5552083333333333,0.25,8.0,2025-26,True
Brajan Gruda,Germany,MF,Brighton,21,2004,18,8,719,8.0,1,1,2,1,0,0,2,0,0.125,0.125,0.25,0.125,0.25,False,2025-26,2025,0.25,2,1406,687.0,32.0,0.3859649122807018,0.6578947368421053,,441,38.0,53.94736842105263,13.0,4.631578947368421,11.68421052631579,52.0,46.0,0.5266524520255864,,,,False
Brandon Aguilera,Costa Rica,MF,Nottingham,20,2003,1,0,5,0.1,0,0,0,0,0,0,0,0,0.0,0.0,0.0,0.0,0.0,False,2023-24,2023,0.0,1,5,,,0.0,,,400,38.0,40.21052631578947,11.868421052631579,3.8947368421052633,13.421052631578947,49.0,67.0,0.46930280957336107,,,,False
Brandon Austin,England,GK,Tottenham,25,1999,1,1,90,1.0,0,0,0,0,0,0,0,0,0.0,0.0,0.0,0.0,0.0,False,2024-25,2024,0.0,1,90,,,0.0,,,625,38.0,54.76315789473684,13.078947368421053,4.868421052631579,13.736842105263158,64.0,65.0,0.4877330716388616,,,,False
Brandon Williams,England,DF,Norwich City,20,2000,26,23,2120,23.6,0,1,1,0,0,0,8,0,0.0,0.0423728813559322,0.0423728813559322,0.0,0.0423728813559322,False,2021-22,2021,0.0423728813559322,1,2120,,,0.0423728813559322,,,400,,,,,,,,,,,,False
Brenden Aaronson,USA,MF,Leeds United,21,2000,36,28,2372,26.4,1,3,4,1,0,0,2,0,0.03787878787878788,0.11363636363636365,0.15151515151515152,0.03787878787878788,0.15151515151515152,False,2022-23,2022,0.15151515151515152,1,2372,,,0.15151515151515152,,,441,38.0,46.94736842105263,12.157894736842104,3.8157894736842106,13.868421052631579,48.0,78.0,0.4671385237613751,0.33088235294117646,27.2,2025-26,True
Brenden Aaronson,USA,"MF,FW",Leeds United,24,2000,37,30,2449,27.2,4,5,9,4,0,0,3,0,0.14705882352941177,0.18382352941176472,0.33088235294117646,0.14705882352941177,0.33088235294117646,False,2025-26,2025,0.33088235294117646,2,4821,2372.0,77.0,0.27109328579916814,0.15151515151515152,,576,38.0,45.73684210526316,12.552631578947368,3.973684210526316,12.526315789473685,49.0,56.0,0.5005246589716683,,,,False
Brennan Johnson,Wales,"FW,MF",Nottingham,21,2001,38,33,2934,32.6,8,3,11,7,1,3,6,0,0.24539877300613497,0.09202453987730061,0.3374233128834356,0.21472392638036808,0.3067484662576687,False,2022-23,2022,0.3374233128834356,1,2934,,,0.3374233128834356,,,441,38.0,37.21052631578947,9.68421052631579,3.1052631578947367,14.657894736842104,38.0,68.0,0.3978378378378378,0.578512396694215,24.2,2024-25,True
Brennan Johnson,Wales,"FW,MF",Tottenham,23,2001,33,24,2177,24.2,11,3,14,11,0,0,5,0,0.4545454545454546,0.12396694214876033,0.578512396694215,0.4545454545454546,0.578512396694215,False,2024-25,2024,0.578512396694215,2,5111,2934.0,-757.0,0.49814936875728844,0.3374233128834356,,529,38.0,54.76315789473684,13.078947368421053,4.868421052631579,13.736842105263158,64.0,65.0,0.4877330716388616,,,,False
Brennan JohnsonBrennan Johnson,Wales,"FW,MF",Tottenham,22,2001,35,26,2322,25.8,5,10,15,5,0,0,3,0,0.19379844961240308,0.38759689922480617,0.5813953488372093,0.19379844961240308,0.5813953488372093,False,2023-24,2023,0.5813953488372093,1,2322,,,0.5813953488372093,,,484,38.0,62.05263157894737,15.31578947368421,5.631578947368421,12.789473684210526,74.0,61.0,0.5449438202247191,0.15625,19.2,2025-26,True
Brennan JohnsonBrennan Johnson,Wales,"MF,FW",Tottenham,24,2001,34,19,1722,19.2,2,1,3,2,0,0,6,0,0.10416666666666667,0.052083333333333336,0.15625,0.10416666666666667,0.15625,False,2025-26,2025,0.15625,2,4044,2322.0,-600.0,0.2979651162790698,0.5813953488372093,,576,38.0,50.421052631578945,11.447368421052632,3.8421052631578947,12.289473684210526,48.0,57.0,0.4822616407982262,,,,False
Brian Brobbey,Netherlands,FW,Sunderland,23,2002,31,22,1927,21.4,7,1,8,7,0,0,6,0,0.3271028037383178,0.04672897196261683,0.3738317757009346,0.3271028037383178,0.3738317757009346,False,2025-26,2025,0.3738317757009346,1,1927,,,0.3738317757009346,,,529,38.0,44.89473684210526,10.421052631578947,3.4210526315789473,14.210526315789474,42.0,48.0,0.4230769230769231,,,,False
Bruno Fernandes,Portugal,MF,Manchester Utd,26,1994,36,35,3111,34.6,10,6,16,10,0,2,10,0,0.2890173410404624,0.17341040462427745,0.4624277456647399,0.2890173410404624,0.4624277456647399,False,2021-22,2021,0.4624277456647399,1,3111,,,0.4624277456647399,,,676,38.0,52.921052631578945,13.368421052631579,4.921052631578948,13.447368421052632,57.0,57.0,0.4985279685966634,0.4347826086956522,36.8,2022-23,True
Bruno Fernandes,Portugal,MF,Manchester Utd,27,1994,37,37,3316,36.8,8,8,16,6,2,2,6,0,0.2173913043478261,0.2173913043478261,0.4347826086956522,0.16304347826086957,0.3804347826086957,False,2022-23,2022,0.4347826086956522,2,6427,3111.0,205.0,0.44399765435201477,0.4624277456647399,,729,38.0,53.973684210526315,15.578947368421053,5.631578947368421,12.657894736842104,58.0,43.0,0.5517241379310345,0.5202312138728323,34.6,2023-24,True
Bruno Fernandes,Portugal,MF,Manchester Utd,28,1994,35,35,3118,34.6,10,8,18,6,4,5,9,0,0.2890173410404624,0.23121387283236994,0.5202312138728323,0.17341040462427745,0.40462427745664736,False,2023-24,2023,0.5202312138728323,3,9545,3316.0,-198.0,0.49482002736589314,0.4347826086956522,0.4624277456647399,784,38.0,50.526315789473685,14.473684210526315,5.078947368421052,17.55263157894737,57.0,58.0,0.4519309778142974,0.5373134328358209,33.5,2024-25,True
Bruno Fernandes,Portugal,MF,Manchester Utd,29,1994,36,35,3018,33.5,8,10,18,5,3,3,5,2,0.23880597014925373,0.29850746268656714,0.5373134328358209,0.14925373134328357,0.44776119402985076,False,2024-25,2024,0.5373134328358209,4,12563,3118.0,-100.0,0.523148964345845,0.5202312138728323,0.4347826086956522,841,38.0,53.55263157894737,13.868421052631579,4.605263157894737,10.921052631578947,44.0,54.0,0.559447983014862,0.8823529411764706,34.0,2025-26,True
Bruno Fernandes,Portugal,MF,Manchester Utd,30,1994,35,35,3063,34.0,9,21,30,5,4,6,5,0,0.2647058823529412,0.6176470588235294,0.8823529411764706,0.14705882352941177,0.7647058823529411,False,2025-26,2025,0.8823529411764706,5,15626,3018.0,45.0,0.7626182822329286,0.5373134328358209,0.5202312138728323,900,38.0,51.921052631578945,15.657894736842104,5.657894736842105,11.578947368421053,69.0,50.0,0.5748792270531401,,,,False
Bruno Guimarães,Brazil,MF,Newcastle,23,1997,17,11,1034,11.5,5,1,6,5,0,0,4,0,0.43478260869565216,0.08695652173913043,0.5217391304347826,0.43478260869565216,0.5217391304347826,False,2021-22,2021,0.5217391304347826,1,1034,,,0.5217391304347826,,,529,38.0,39.94736842105263,11.789473684210526,3.8947368421052633,13.894736842105264,44.0,62.0,0.45901639344262296,0.297029702970297,30.3,2022-23,True
Bruno Guimarães,Brazil,MF,Newcastle,24,1997,32,32,2726,30.3,4,5,9,4,0,0,7,0,0.132013201320132,0.16501650165016502,0.297029702970297,0.132013201320132,0.297029702970297,False,2022-23,2022,0.297029702970297,2,3760,1034.0,1692.0,0.3719328454584589,0.5217391304347826,,576,38.0,52.44736842105263,15.026315789473685,5.184210526315789,10.18421052631579,68.0,33.0,0.5960334029227558,0.4132231404958678,36.3,2023-24,True
Bruno Guimarães,Brazil,MF,Newcastle,25,1997,37,37,3263,36.3,7,8,15,7,0,0,9,0,0.1928374655647383,0.22038567493112948,0.4132231404958678,0.1928374655647383,0.4132231404958678,False,2023-24,2023,0.4132231404958678,3,7023,2726.0,537.0,0.3994597088167315,0.297029702970297,0.5217391304347826,625,38.0,52.21052631578947,14.5,5.605263157894737,14.052631578947368,85.0,62.0,0.5078341013824884,0.30303030303030304,36.3,2024-25,True
Bruno Guimarães,Brazil,MF,Newcastle,26,1997,38,38,3271,36.3,5,6,11,5,0,0,7,0,0.13774104683195593,0.1652892561983471,0.30303030303030304,0.13774104683195593,0.30303030303030304,False,2024-25,2024,0.30303030303030304,4,10294,3263.0,8.0,0.33517343829244584,0.4132231404958678,0.297029702970297,676,38.0,51.05263157894737,13.789473684210526,4.578947368421052,12.447368421052632,68.0,47.0,0.5255767301905717,0.5128205128205128,27.3,2025-26,True
Bruno Guimarães,Brazil,MF,Newcastle,27,1997,29,27,2453,27.3,9,5,14,7,2,2,6,0,0.32967032967032966,0.18315018315018314,0.5128205128205128,0.2564102564102564,0.4395604395604395,False,2025-26,2025,0.5128205128205128,5,12747,3271.0,-818.0,0.4536048213111571,0.30303030303030304,0.4132231404958678,729,38.0,52.473684210526315,12.947368421052632,4.631578947368421,12.342105263157896,53.0,55.0,0.5119667013527576,,,,False
Bryan Gil,Spain,"FW,MF",Tottenham,20,2001,9,0,94,1.0,0,0,0,0,0,0,0,0,0.0,0.0,0.0,0.0,0.0,False,2021-22,2021,0.0,1,94,,,0.0,,,400,38.0,52.0,12.921052631578947,5.184210526315789,12.921052631578947,69.0,40.0,0.5,0.625,1.6,2022-23,False
Bryan Gil,Spain,"MF,FW",Tottenham,21,2001,4,2,148,1.6,0,1,1,0,0,0,1,0,0.0,0.625,0.625,0.0,0.625,False,2022-23,2022,0.625,2,242,94.0,54.0,0.41666666666666663,0.0,,441,38.0,49.94736842105263,13.68421052631579,5.2631578947368425,13.68421052631579,70.0,63.0,0.5,0.0,2.3,2023-24,False
Bryan Gil,Spain,MF,Tottenham,22,2001,11,2,209,2.3,0,0,0,0,0,0,0,0,0.0,0.0,0.0,0.0,0.0,False,2023-24,2023,0.0,3,451,148.0,61.0,0.1388888888888889,0.625,0.0,484,38.0,62.05263157894737,15.31578947368421,5.631578947368421,12.789473684210526,74.0,61.0,0.5449438202247191,,,,False
Bryan Mbeumo,Cameroon,FW,Brentford,21,1999,35,34,2905,32.3,4,7,11,3,1,1,4,0,0.12383900928792571,0.21671826625387,0.3405572755417957,0.09287925696594428,0.30959752321981426,False,2021-22,2021,0.3405572755417957,1,2905,,,0.3405572755417957,,,441,38.0,44.5,11.631578947368421,4.052631578947368,13.210526315789474,48.0,56.0,0.4682203389830508,0.5263157894736843,32.3,2022-23,True
Bryan Mbeumo,Cameroon,FW,Brentford,22,1999,38,36,2906,32.3,9,8,17,8,1,1,5,0,0.2786377708978328,0.24767801857585142,0.5263157894736843,0.24767801857585142,0.49535603715170284,False,2022-23,2022,0.5263157894736843,2,5811,2905.0,1.0,0.4643962848297214,0.3405572755417957,,484,38.0,43.39473684210526,10.710526315789474,4.2631578947368425,14.763157894736842,58.0,46.0,0.42045454545454547,0.6880733944954128,21.8,2023-24,True
Bryan Mbeumo,Cameroon,FW,Brentford,23,1999,25,22,1960,21.8,9,6,15,6,3,3,2,0,0.4128440366972477,0.27522935779816515,0.6880733944954128,0.27522935779816515,0.5504587155963303,False,2023-24,2023,0.6880733944954128,3,7771,2906.0,-946.0,0.6135143579401824,0.5263157894736843,0.3405572755417957,529,38.0,44.973684210526315,12.447368421052632,4.526315789473684,14.421052631578947,56.0,65.0,0.4632713026444662,0.712401055408971,37.9,2024-25,True
Bryan Mbeumo,Cameroon,"MF,FW",Brentford,24,1999,38,38,3414,37.9,20,7,27,15,5,6,3,0,0.5277044854881267,0.18469656992084432,0.712401055408971,0.395778364116095,0.5804749340369394,False,2024-25,2024,0.712401055408971,4,11185,1960.0,1454.0,0.6794388229193749,0.6880733944954128,0.5263157894736843,576,38.0,47.81578947368421,11.578947368421053,4.842105263157895,17.026315789473685,66.0,57.0,0.40478380864765406,0.4827586206896552,29.0,2025-26,True
Bryan Mbeumo,Cameroon,"MF,FW",Manchester Utd,25,1999,33,31,2609,29.0,11,3,14,11,0,0,4,0,0.3793103448275862,0.10344827586206896,0.4827586206896552,0.3793103448275862,0.4827586206896552,False,2025-26,2025,0.4827586206896552,5,13794,3414.0,-805.0,0.5483186880995617,0.712401055408971,0.6880733944954128,625,38.0,51.921052631578945,15.657894736842104,5.657894736842105,11.578947368421053,69.0,50.0,0.5748792270531401,,,,False
Bukayo Saka,England,"MF,FW",Arsenal,19,2001,38,36,2978,33.1,11,7,18,9,2,2,6,0,0.3323262839879154,0.21148036253776434,0.5438066465256798,0.2719033232628399,0.48338368580060426,False,2021-22,2021,0.5438066465256798,1,2978,,,0.5438066465256798,,,361,38.0,53.18421052631579,15.473684210526315,5.157894736842105,11.18421052631579,61.0,48.0,0.5804540967423495,0.708215297450425,35.3,2022-23,True
Bukayo Saka,England,"FW,MF",Arsenal,20,2001,38,37,3181,35.3,14,11,25,12,2,3,6,0,0.39660056657223797,0.311614730878187,0.708215297450425,0.33994334277620397,0.651558073654391,False,2022-23,2022,0.708215297450425,2,6159,2978.0,203.0,0.6534124138088433,0.5438066465256798,,400,38.0,59.94736842105263,15.605263157894736,5.368421052631579,8.973684210526315,88.0,43.0,0.6349036402569593,0.7716049382716049,32.4,2023-24,True
Bukayo Saka,England,FW,Arsenal,21,2001,35,35,2919,32.4,16,9,25,10,6,6,4,0,0.4938271604938272,0.2777777777777778,0.7716049382716049,0.308641975308642,0.5864197530864197,False,2023-24,2023,0.7716049382716049,3,9078,3181.0,-262.0,0.7322074301173511,0.708215297450425,0.5438066465256798,441,38.0,58.63157894736842,17.263157894736842,5.973684210526316,8.473684210526315,91.0,29.0,0.6707566462167689,0.8333333333333334,19.2,2024-25,True
Bukayo Saka,England,"FW,MF",Arsenal,22,2001,25,20,1729,19.2,6,10,16,5,1,1,3,0,0.3125,0.5208333333333334,0.8333333333333334,0.2604166666666667,0.78125,False,2024-25,2024,0.8333333333333334,4,10807,2919.0,-1190.0,0.799624698928006,0.7716049382716049,0.708215297450425,484,38.0,57.18421052631579,14.394736842105264,4.947368421052632,9.526315789473685,69.0,34.0,0.6017601760176018,0.4858299595141701,24.7,2025-26,True
Bukayo Saka,England,"FW,MF",Arsenal,23,2001,31,25,2222,24.7,7,5,12,6,1,1,2,0,0.2834008097165992,0.20242914979757085,0.4858299595141701,0.24291497975708504,0.4453441295546559,False,2025-26,2025,0.4858299595141701,5,13029,1729.0,493.0,0.5904282059854488,0.8333333333333334,0.7716049382716049,529,38.0,56.44736842105263,14.526315789473685,4.894736842105263,8.157894736842104,71.0,27.0,0.640371229698376,,,,False
Bénie Traoré,Ivory Coast,"FW,MF",Sheffield United,20,2002,8,3,387,4.3,0,0,0,0,0,0,0,0,0.0,0.0,0.0,0.0,0.0,False,2023-24,2023,0.0,1,387,,,0.0,,,400,,,,,,,,,,,,False
CJ Egan-Riley,England,DF,Manchester City,18,2003,1,0,4,0.0,0,0,0,0,0,0,0,0,0.0,0.0,0.0,0.0,0.0,False,2021-22,2021,0.0,1,4,,,0.0,,,324,38.0,68.5,18.763157894736842,6.657894736842105,6.2368421052631575,99.0,26.0,0.7505263157894737,,,,False
Cafú,Portugal,MF,Nottingham,29,1993,1,0,7,0.1,0,0,0,0,0,0,0,0,0.0,0.0,0.0,0.0,0.0,False,2022-23,2022,0.0,1,7,,,0.0,,,841,38.0,37.21052631578947,9.68421052631579,3.1052631578947367,14.657894736842104,38.0,68.0,0.3978378378378378,,,,False
Caleb Kporha,England,DF,Crystal Palace,18,2006,2,0,13,0.1,0,0,0,0,0,0,0,0,0.0,0.0,0.0,0.0,0.0,False,2024-25,2024,0.0,1,13,,,0.0,,,324,38.0,42.5,13.552631578947368,4.894736842105263,12.710526315789474,51.0,51.0,0.5160320641282565,,,,False
Caleb Okoli,Italy,DF,Leicester City,23,2001,19,12,1125,12.5,1,0,1,1,0,0,4,0,0.08,0.0,0.08,0.08,0.08,False,2024-25,2024,0.08,1,1125,,,0.08,,,529,,,,,,,,,,,,False
Callum Hudson-Odoi,England,MF,Chelsea,20,2000,15,11,962,10.7,1,2,3,1,0,0,1,0,0.09345794392523366,0.1869158878504673,0.28037383177570097,0.09345794392523366,0.28037383177570097,False,2021-22,2021,0.28037383177570097,1,962,,,0.28037383177570097,,,400,38.0,62.3421052631579,15.578947368421053,5.552631578947368,8.921052631578947,76.0,33.0,0.635875402792696,0.4368932038834951,20.6,2023-24,True
Callum Hudson-Odoi,England,"MF,FW",Nottingham,22,2000,29,20,1854,20.6,8,1,9,8,0,0,0,0,0.3883495145631068,0.04854368932038835,0.4368932038834951,0.3883495145631068,0.4368932038834951,False,2023-24,2023,0.4368932038834951,2,2816,962.0,892.0,0.38472007984756373,0.28037383177570097,,484,38.0,40.21052631578947,11.868421052631579,3.8947368421052633,13.421052631578947,49.0,67.0,0.46930280957336107,0.2868852459016394,24.4,2024-25,True
Callum Hudson-Odoi,England,MF,Nottingham,23,2000,31,25,2194,24.4,5,2,7,5,0,0,2,0,0.20491803278688525,0.0819672131147541,0.2868852459016394,0.20491803278688525,0.2868852459016394,False,2024-25,2024,0.2868852459016394,3,5010,1854.0,340.0,0.31949685721694754,0.4368932038834951,0.28037383177570097,529,38.0,40.921052631578945,12.18421052631579,4.368421052631579,13.973684210526315,58.0,46.0,0.4657947686116701,0.34146341463414637,20.5,2025-26,True
Callum Hudson-Odoi,England,MF,Nottingham,24,2000,30,21,1841,20.5,3,4,7,3,0,0,0,0,0.14634146341463414,0.1951219512195122,0.34146341463414637,0.14634146341463414,0.34146341463414637,False,2025-26,2025,0.34146341463414637,4,6851,2194.0,-353.0,0.33414122882841346,0.2868852459016394,0.4368932038834951,576,38.0,46.8421052631579,12.526315789473685,4.105263157894737,13.289473684210526,48.0,51.0,0.48521916411824667,,,,False
Callum Marshall,Northern Ireland,FW,West Ham,20,2004,2,0,60,0.7,0,0,0,0,0,0,0,0,0.0,0.0,0.0,0.0,0.0,False,2025-26,2025,0.0,1,60,,,0.0,,,400,,,,,,,,,,,,False
Callum Olusesi,England,MF,Tottenham,18,2007,1,0,15,0.2,0,0,0,0,0,0,0,0,0.0,0.0,0.0,0.0,0.0,False,2025-26,2025,0.0,1,15,,,0.0,,,324,38.0,50.421052631578945,11.447368421052632,3.8421052631578947,12.289473684210526,48.0,57.0,0.4822616407982262,,,,False
Callum Wilson,England,FW,Newcastle,29,1992,18,16,1386,15.4,8,0,8,6,2,2,4,0,0.5194805194805194,0.0,0.5194805194805194,0.38961038961038963,0.3896103896103896,False,2021-22,2021,0.5194805194805194,1,1386,,,0.5194805194805194,,,841,38.0,39.94736842105263,11.789473684210526,3.8947368421052633,13.894736842105264,44.0,62.0,0.45901639344262296,1.1004784688995215,20.9,2022-23,True
Callum Wilson,England,FW,Newcastle,30,1992,31,21,1877,20.9,18,5,23,15,3,3,4,0,0.861244019138756,0.23923444976076558,1.1004784688995215,0.7177033492822967,0.9569377990430622,False,2022-23,2022,1.1004784688995215,2,3263,1386.0,491.0,0.9068124857598542,0.5194805194805194,,900,38.0,52.44736842105263,15.026315789473685,5.184210526315789,10.18421052631579,68.0,33.0,0.5960334029227558,0.9090909090909091,11.0,2023-24,True
Callum Wilson,England,FW,Newcastle,31,1992,20,9,991,11.0,9,1,10,7,2,2,3,0,0.8181818181818182,0.09090909090909091,0.9090909090909091,0.6363636363636364,0.7272727272727273,False,2023-24,2023,0.9090909090909091,3,4254,1877.0,-886.0,0.908331434647224,1.1004784688995215,0.5194805194805194,961,38.0,52.21052631578947,14.5,5.605263157894737,14.052631578947368,85.0,62.0,0.5078341013824884,0.0,4.1,2024-25,True
Callum Wilson,England,FW,Newcastle,32,1992,18,2,370,4.1,0,0,0,0,0,0,1,0,0.0,0.0,0.0,0.0,0.0,False,2024-25,2024,0.0,4,4624,991.0,-621.0,0.30277714488240803,0.9090909090909091,1.1004784688995215,1024,38.0,51.05263157894737,13.789473684210526,4.578947368421052,12.447368421052632,68.0,47.0,0.5255767301905717,0.5755395683453237,13.9,2025-26,True
Callum Wilson,England,FW,West Ham,33,1992,32,11,1251,13.9,7,1,8,7,0,0,1,0,0.5035971223021583,0.07194244604316546,0.5755395683453237,0.5035971223021583,0.5755395683453237,False,2025-26,2025,0.5755395683453237,5,5875,370.0,881.0,0.4846187605243518,0.0,0.9090909090909091,1089,,,,,,,,,,,,False
Calum Chambers,England,DF,Aston Villa,27,1995,14,2,353,3.9,0,0,0,0,0,0,2,0,0.0,0.0,0.0,0.0,0.0,False,2022-23,2022,0.0,1,353,,,0.0,,,729,38.0,49.44736842105263,11.31578947368421,3.973684210526316,11.289473684210526,51.0,46.0,0.5005820721769499,0.5882352941176471,1.7,2023-24,False
Calum Chambers,England,MF,Aston Villa,28,1995,5,1,152,1.7,0,1,1,0,0,0,1,0,0.0,0.5882352941176471,0.5882352941176471,0.0,0.5882352941176471,False,2023-24,2023,0.5882352941176471,2,505,353.0,-201.0,0.39215686274509803,0.0,,784,38.0,53.421052631578945,13.5,5.0,11.947368421052632,76.0,61.0,0.5305067218200621,,,,False
Calum ChambersCalum Chambers,England,DF,Aston Villa,26,1995,13,11,1001,11.1,1,0,1,1,0,0,1,0,0.0900900900900901,0.0,0.0900900900900901,0.0900900900900901,0.0900900900900901,False,2021-22,2021,0.0900900900900901,1,1001,,,0.0900900900900901,,,676,38.0,46.473684210526315,12.210526315789474,4.2631578947368425,12.552631578947368,52.0,54.0,0.49309245483528164,,,,False
Calvin Bassey,Nigeria,DF,Fulham,23,1999,29,25,2303,25.6,1,0,1,1,0,0,6,1,0.0390625,0.0,0.0390625,0.0390625,0.0390625,False,2023-24,2023,0.0390625,1,2303,,,0.0390625,,,529,38.0,50.73684210526316,13.157894736842104,4.7105263157894735,13.763157894736842,55.0,61.0,0.4887585532746823,0.029239766081871343,34.2,2024-25,True
Calvin Bassey,Nigeria,DF,Fulham,24,1999,35,34,3074,34.2,1,0,1,1,0,0,7,0,0.029239766081871343,0.0,0.029239766081871343,0.029239766081871343,0.029239766081871343,False,2024-25,2024,0.029239766081871343,2,5377,2303.0,771.0,0.032514010721247565,0.0390625,,576,38.0,52.473684210526315,13.710526315789474,4.552631578947368,11.368421052631579,54.0,54.0,0.5466946484784889,0.03546099290780142,28.2,2025-26,True
Calvin Bassey,Nigeria,DF,Fulham,25,1999,30,28,2534,28.2,1,0,1,1,0,0,5,0,0.03546099290780142,0.0,0.03546099290780142,0.03546099290780142,0.03546099290780142,False,2025-26,2025,0.03546099290780142,3,7911,3074.0,-540.0,0.03447866551228347,0.029239766081871343,0.0390625,625,38.0,51.73684210526316,12.657894736842104,3.6315789473684212,11.789473684210526,47.0,51.0,0.5177610333692142,,,,False
Cameron Archer,England,"FW,MF",Aston Villa,20,2001,3,0,27,0.3,0,0,0,0,0,0,0,0,0.0,0.0,0.0,0.0,0.0,False,2021-22,2021,0.0,1,27,,,0.0,,,400,38.0,46.473684210526315,12.210526315789474,4.2631578947368425,12.552631578947368,52.0,54.0,0.49309245483528164,0.0,0.5,2022-23,False
Cameron Archer,England,"FW,MF",Aston Villa,21,2001,6,0,49,0.5,0,0,0,0,0,0,0,0,0.0,0.0,0.0,0.0,0.0,False,2022-23,2022,0.0,2,76,27.0,22.0,0.0,0.0,,441,38.0,49.44736842105263,11.31578947368421,3.973684210526316,11.289473684210526,51.0,46.0,0.5005820721769499,0.125,16.0,2024-25,True
Cameron Archer,England,FW,Southampton,23,2001,35,13,1441,16.0,2,0,2,2,0,1,0,0,0.125,0.0,0.125,0.125,0.125,False,2024-25,2024,0.125,3,1517,49.0,1392.0,0.08333333333333333,0.0,0.0,529,,,,,,,,,,,,False
Cameron ArcherCameron Archer,England,"FW,MF",Sheffield United,22,2001,30,21,1838,20.5,4,1,5,4,0,0,2,0,0.1951219512195122,0.04878048780487805,0.24390243902439024,0.1951219512195122,0.24390243902439024,False,2023-24,2023,0.24390243902439024,1,1838,,,0.24390243902439024,,,484,,,,,,,,,,,,False
Cameron Burgess,Australia,DF,Ipswich Town,28,1995,18,16,1541,17.1,0,2,2,0,0,0,0,0,0.0,0.11695906432748537,0.11695906432748537,0.0,0.11695906432748537,False,2024-25,2024,0.11695906432748537,1,1541,,,0.11695906432748537,,,784,38.0,40.39473684210526,9.894736842105264,3.3421052631578947,15.973684210526315,36.0,82.0,0.38250254323499494,,,,False
Cameron Peupion,Australia,MF,Brighton,19,2002,1,0,6,0.1,0,0,0,0,0,0,0,0,0.0,0.0,0.0,0.0,0.0,False,2022-23,2022,0.0,1,6,,,0.0,,,361,38.0,60.526315789473685,16.105263157894736,6.078947368421052,10.210526315789474,72.0,53.0,0.612,,,,False
Caoimhín Kelleher,Ireland,GK,Liverpool,22,1998,2,2,180,2.0,0,0,0,0,0,0,0,0,0.0,0.0,0.0,0.0,0.0,False,2021-22,2021,0.0,1,180,,,0.0,,,484,38.0,63.3421052631579,19.18421052631579,6.7631578947368425,7.7894736842105265,94.0,26.0,0.7112195121951219,0.0,1.0,2022-23,False
Caoimhín Kelleher,Ireland,GK,Liverpool,23,1998,1,1,90,1.0,0,0,0,0,0,0,0,0,0.0,0.0,0.0,0.0,0.0,False,2022-23,2022,0.0,2,270,180.0,-90.0,0.0,0.0,,529,38.0,61.10526315789474,15.921052631578947,5.578947368421052,9.710526315789474,75.0,47.0,0.6211498973305954,0.0,10.0,2023-24,True
Caoimhín Kelleher,Ireland,GK,Liverpool,24,1998,10,10,900,10.0,0,0,0,0,0,0,0,0,0.0,0.0,0.0,0.0,0.0,False,2023-24,2023,0.0,3,1170,90.0,810.0,0.0,0.0,0.0,576,38.0,61.78947368421053,20.789473684210527,7.2894736842105265,10.894736842105264,86.0,41.0,0.6561461794019934,0.0,10.0,2024-25,True
Caoimhín Kelleher,Ireland,GK,Liverpool,25,1998,10,10,900,10.0,0,0,0,0,0,0,0,0,0.0,0.0,0.0,0.0,0.0,False,2024-25,2024,0.0,4,2070,900.0,0.0,0.0,0.0,0.0,625,38.0,58.078947368421055,17.026315789473685,6.078947368421052,10.18421052631579,86.0,41.0,0.625725338491296,0.0,37.0,2025-26,True
Caoimhín Kelleher,Ireland,GK,Brentford,26,1998,37,37,3330,37.0,0,0,0,0,0,0,1,0,0.0,0.0,0.0,0.0,0.0,False,2025-26,2025,0.0,5,5400,900.0,2430.0,0.0,0.0,0.0,676,38.0,47.5,10.657894736842104,3.8684210526315788,13.263157894736842,55.0,52.0,0.44554455445544555,,,,False
Carlos Alcaraz,Argentina,"MF,FW",Southampton,19,2002,18,13,1029,11.4,4,2,6,4,0,0,3,0,0.3508771929824561,0.17543859649122806,0.5263157894736842,0.3508771929824561,0.5263157894736842,False,2022-23,2022,0.5263157894736842,1,1029,,,0.5263157894736842,,,361,,,,,,,,,0.12987012987012986,7.7,2025-26,True
Carlos Alcaraz,Argentina,MF,Everton,22,2002,20,6,689,7.7,0,1,1,0,0,0,4,0,0.0,0.12987012987012986,0.12987012987012986,0.0,0.12987012987012986,False,2025-26,2025,0.12987012987012986,2,1718,1029.0,-340.0,0.26201868307131465,0.5263157894736842,,484,38.0,43.76315789473684,11.105263157894736,3.736842105263158,13.973684210526315,47.0,50.0,0.4428121720881427,,,,False
Carlos AlcarazCarlos Alcaraz,Argentina,MF,Southampton,21,2002,16,7,774,8.6,2,3,5,2,0,0,4,0,0.23255813953488372,0.3488372093023256,0.5813953488372093,0.23255813953488372,0.5813953488372093,False,2024-25,2024,0.5813953488372093,1,774,,,0.5813953488372093,,,441,,,,,,,,,,,,False
Carlos Baleba,Cameroon,MF,Brighton,19,2004,27,15,1325,14.7,0,0,0,0,0,0,7,0,0.0,0.0,0.0,0.0,0.0,False,2023-24,2023,0.0,1,1325,,,0.0,,,361,38.0,60.3421052631579,14.789473684210526,5.473684210526316,12.289473684210526,55.0,62.0,0.5461613216715258,0.13513513513513511,29.6,2024-25,True
Carlos Baleba,Cameroon,MF,Brighton,20,2004,34,31,2661,29.6,3,1,4,3,0,0,8,1,0.10135135135135134,0.03378378378378378,0.13513513513513511,0.10135135135135134,0.13513513513513511,False,2024-25,2024,0.13513513513513511,2,3986,1325.0,1336.0,0.09009009009009007,0.0,,400,38.0,52.63157894736842,14.026315789473685,5.026315789473684,11.236842105263158,66.0,59.0,0.5552083333333333,0.0,18.4,2025-26,True
Carlos Baleba,Cameroon,MF,Brighton,21,2004,31,23,1652,18.4,0,0,0,0,0,0,5,0,0.0,0.0,0.0,0.0,0.0,False,2025-26,2025,0.0,3,5638,2661.0,-1009.0,0.030030030030030026,0.13513513513513511,0.0,441,38.0,53.94736842105263,13.0,4.631578947368421,11.68421052631579,52.0,46.0,0.5266524520255864,,,,False
Carlos Forbs,Portugal,MF,Wolves,20,2004,10,1,239,2.7,0,0,0,0,0,0,2,0,0.0,0.0,0.0,0.0,0.0,False,2024-25,2024,0.0,1,239,,,0.0,,,400,,,,,,,,,,,,False
Carlos Soler,Spain,MF,West Ham,27,1997,31,14,1409,15.7,1,1,2,1,0,0,6,0,0.06369426751592357,0.06369426751592357,0.12738853503184713,0.06369426751592357,0.12738853503184713,False,2024-25,2024,0.12738853503184713,1,1409,,,0.12738853503184713,,,729,,,,,,,,,,,,False
Carlos Vinícius,Brazil,FW,Fulham,27,1995,28,11,1109,12.3,5,2,7,5,0,0,3,0,0.4065040650406504,0.16260162601626016,0.5691056910569106,0.4065040650406504,0.5691056910569106,False,2022-23,2022,0.5691056910569106,1,1109,,,0.5691056910569106,,,729,38.0,48.68421052631579,11.289473684210526,3.8947368421052633,13.289473684210526,55.0,53.0,0.45931477516059954,0.5714285714285714,3.5,2023-24,True
Carlos Vinícius,Brazil,FW,Fulham,28,1995,13,2,315,3.5,2,0,2,2,0,0,2,0,0.5714285714285714,0.0,0.5714285714285714,0.5714285714285714,0.5714285714285714,False,2023-24,2023,0.5714285714285714,2,1424,1109.0,-794.0,0.5706542779713512,0.5691056910569106,,784,38.0,50.73684210526316,13.157894736842104,4.7105263157894735,13.763157894736842,55.0,61.0,0.4887585532746823,0.0,0.2,2024-25,False
Carlos Vinícius,Brazil,FW,Fulham,29,1995,3,0,16,0.2,0,0,0,0,0,0,0,0,0.0,0.0,0.0,0.0,0.0,False,2024-25,2024,0.0,3,1440,315.0,-299.0,0.19021809265711706,0.5714285714285714,0.5691056910569106,841,38.0,52.473684210526315,13.710526315789474,4.552631578947368,11.368421052631579,54.0,54.0,0.5466946484784889,,,,False
Carlton Morris,England,"FW,MF",Luton Town,27,1995,38,32,2862,31.8,11,4,15,6,5,5,4,0,0.34591194968553457,0.12578616352201258,0.4716981132075472,0.18867924528301885,0.3144654088050315,False,2023-24,2023,0.4716981132075472,1,2862,,,0.4716981132075472,,,729,,,,,,,,,,,,False
Carney Chukwuemeka,Austria,MF,Aston Villa,17,2003,12,2,301,3.3,0,1,1,0,0,0,0,0,0.0,0.30303030303030304,0.30303030303030304,0.0,0.30303030303030304,False,2021-22,2021,0.30303030303030304,1,301,,,0.30303030303030304,,,289,38.0,46.473684210526315,12.210526315789474,4.2631578947368425,12.552631578947368,52.0,54.0,0.49309245483528164,0.0,3.9,2022-23,True
Carney Chukwuemeka,Austria,MF,Chelsea,18,2003,14,2,354,3.9,0,0,0,0,0,0,0,0,0.0,0.0,0.0,0.0,0.0,False,2022-23,2022,0.0,2,655,301.0,53.0,0.10101010101010102,0.30303030303030304,,324,38.0,59.026315789473685,12.736842105263158,4.157894736842105,11.526315789473685,38.0,47.0,0.5249457700650759,0.8,2.5,2023-24,False
Carney Chukwuemeka,Austria,MF,Chelsea,19,2003,9,2,227,2.5,1,1,2,1,0,0,2,0,0.4,0.4,0.8,0.4,0.8,False,2023-24,2023,0.8,3,882,354.0,-127.0,0.567003367003367,0.0,0.30303030303030304,361,38.0,59.0,14.421052631578947,5.657894736842105,14.631578947368421,77.0,63.0,0.4963768115942029,,,,False
Casemiro,Brazil,MF,Manchester Utd,30,1992,28,24,2124,23.6,4,3,7,4,0,0,7,2,0.1694915254237288,0.1271186440677966,0.2966101694915254,0.1694915254237288,0.2966101694915254,False,2022-23,2022,0.2966101694915254,1,2124,,,0.2966101694915254,,,900,38.0,53.973684210526315,15.578947368421053,5.631578947368421,12.657894736842104,58.0,43.0,0.5517241379310345,0.13636363636363635,22.0,2023-24,True
Casemiro,Brazil,"MF,DF",Manchester Utd,31,1992,25,24,1982,22.0,1,2,3,1,0,0,7,0,0.045454545454545456,0.09090909090909091,0.13636363636363635,0.045454545454545456,0.13636363636363635,False,2023-24,2023,0.13636363636363635,2,4106,2124.0,-142.0,0.18977914740626606,0.2966101694915254,,961,38.0,50.526315789473685,14.473684210526315,5.078947368421052,17.55263157894737,57.0,58.0,0.4519309778142974,0.06024096385542168,16.6,2024-25,True
Casemiro,Brazil,MF,Manchester Utd,32,1992,24,18,1494,16.6,1,0,1,1,0,0,5,0,0.06024096385542168,0.0,0.06024096385542168,0.06024096385542168,0.06024096385542168,False,2024-25,2024,0.06024096385542168,3,5600,1982.0,-488.0,0.10342035837236982,0.13636363636363635,0.2966101694915254,1024,38.0,53.55263157894737,13.868421052631579,4.605263157894737,10.921052631578947,44.0,54.0,0.559447983014862,0.3846153846153846,28.6,2025-26,True
Casemiro,Brazil,MF,Manchester Utd,33,1992,34,33,2571,28.6,9,2,11,9,0,0,11,1,0.3146853146853147,0.06993006993006992,0.3846153846153846,0.3146853146853147,0.3846153846153846,False,2025-26,2025,0.3846153846153846,4,8171,1494.0,1077.0,0.29088370920104634,0.06024096385542168,0.13636363636363635,1089,38.0,51.921052631578945,15.657894736842104,5.657894736842105,11.578947368421053,69.0,50.0,0.5748792270531401,,,,False
Cauley Woodrow,England,FW,Luton Town,28,1994,24,2,427,4.7,1,1,2,1,0,0,2,0,0.2127659574468085,0.2127659574468085,0.425531914893617,0.2127659574468085,0.425531914893617,False,2023-24,2023,0.425531914893617,1,427,,,0.425531914893617,,,784,,,,,,,,,,,,False
Cenk Tosun,Turkey,"FW,MF",Everton,30,1991,1,0,7,0.1,0,0,0,0,0,0,0,0,0.0,0.0,0.0,0.0,0.0,False,2021-22,2021,0.0,1,7,,,0.0,,,900,38.0,39.68421052631579,11.526315789473685,3.6315789473684212,13.710526315789474,43.0,66.0,0.45672575599582904,,,,False
Cesare Casadei,Italy,MF,Chelsea,20,2003,11,0,79,0.9,0,0,0,0,0,0,0,0,0.0,0.0,0.0,0.0,0.0,False,2023-24,2023,0.0,1,79,,,0.0,,,400,38.0,59.0,14.421052631578947,5.657894736842105,14.631578947368421,77.0,63.0,0.4963768115942029,,,,False
Chadi Riad,Morocco,DF,Crystal Palace,21,2003,1,1,90,1.0,0,0,0,0,0,0,0,0,0.0,0.0,0.0,0.0,0.0,False,2024-25,2024,0.0,1,90,,,0.0,,,441,38.0,42.5,13.552631578947368,4.894736842105263,12.710526315789474,51.0,51.0,0.5160320641282565,0.1639344262295082,6.1,2025-26,True
Chadi Riad,Morocco,DF,Crystal Palace,22,2003,9,6,552,6.1,0,1,1,0,0,0,2,0,0.0,0.1639344262295082,0.1639344262295082,0.0,0.1639344262295082,False,2025-26,2025,0.1639344262295082,2,642,90.0,462.0,0.10928961748633881,0.0,,484,38.0,45.89473684210526,11.631578947368421,3.710526315789474,11.710526315789474,41.0,51.0,0.49830890642615555,,,,False
Charalampos Kostoulas,Greece,FW,Brighton,18,2007,21,2,369,4.1,2,1,3,2,0,0,2,0,0.48780487804878053,0.24390243902439027,0.7317073170731708,0.48780487804878053,0.7317073170731708,False,2025-26,2025,0.7317073170731708,1,369,,,0.7317073170731708,,,324,38.0,53.94736842105263,13.0,4.631578947368421,11.68421052631579,52.0,46.0,0.5266524520255864,,,,False
Charlie Cresswell,England,DF,Leeds United,18,2002,5,1,141,1.6,0,0,0,0,0,0,1,0,0.0,0.0,0.0,0.0,0.0,False,2021-22,2021,0.0,1,141,,,0.0,,,324,38.0,52.473684210526315,12.736842105263158,4.052631578947368,15.289473684210526,42.0,79.0,0.4544600938967136,,,,False
Charlie Goode,England,DF,Brentford,25,1995,6,4,450,5.0,0,0,0,0,0,0,3,0,0.0,0.0,0.0,0.0,0.0,False,2021-22,2021,0.0,1,450,,,0.0,,,625,38.0,44.5,11.631578947368421,4.052631578947368,13.210526315789474,48.0,56.0,0.4682203389830508,,,,False
Charlie Taylor,England,DF,Burnley,27,1993,31,30,2731,30.3,0,3,3,0,0,0,3,0,0.0,0.099009900990099,0.099009900990099,0.0,0.099009900990099,False,2021-22,2021,0.099009900990099,1,2731,,,0.099009900990099,,,729,,,,,,,,,0.07722007722007722,25.9,2023-24,True
Charlie Taylor,England,DF,Burnley,29,1993,28,25,2331,25.9,1,1,2,1,0,0,8,0,0.03861003861003861,0.03861003861003861,0.07722007722007722,0.03861003861003861,0.07722007722007722,False,2023-24,2023,0.07722007722007722,2,5062,2731.0,-400.0,0.08448335181008448,0.099009900990099,,841,,,,,,,,,0.0,4.0,2024-25,True
Charlie Taylor,England,DF,Southampton,30,1993,8,3,356,4.0,0,0,0,0,0,0,1,0,0.0,0.0,0.0,0.0,0.0,False,2024-25,2024,0.0,3,5418,2331.0,-1975.0,0.028161117270028166,0.07722007722007722,0.099009900990099,900,,,,,,,,,,,,False
Cheick Doucouré,Mali,MF,Crystal Palace,22,2000,34,34,2769,30.8,0,3,3,0,0,0,10,1,0.0,0.09740259740259741,0.09740259740259741,0.0,0.09740259740259741,False,2022-23,2022,0.09740259740259741,1,2769,,,0.09740259740259741,,,484,38.0,46.13157894736842,11.18421052631579,3.5789473684210527,12.0,40.0,49.0,0.48240635641316687,0.0,10.2,2023-24,True
Cheick Doucouré,Mali,MF,Crystal Palace,23,2000,11,11,919,10.2,0,0,0,0,0,0,2,0,0.0,0.0,0.0,0.0,0.0,False,2023-24,2023,0.0,2,3688,2769.0,-1850.0,0.03246753246753247,0.09740259740259741,,529,38.0,42.1578947368421,12.0,4.447368421052632,12.078947368421053,57.0,58.0,0.4983606557377049,0.0,5.0,2024-25,True
Cheick Doucouré,Mali,MF,Crystal Palace,24,2000,13,4,452,5.0,0,0,0,0,0,0,1,0,0.0,0.0,0.0,0.0,0.0,False,2024-25,2024,0.0,3,4140,919.0,-467.0,0.010822510822510826,0.0,0.09740259740259741,576,38.0,42.5,13.552631578947368,4.894736842105263,12.710526315789474,51.0,51.0,0.5160320641282565,,,,False
Cheikhou Kouyaté,Senegal,MF,Crystal Palace,31,1989,27,23,1974,21.9,0,1,1,0,0,0,3,0,0.0,0.04566210045662101,0.04566210045662101,0.0,0.04566210045662101,False,2021-22,2021,0.04566210045662101,1,1974,,,0.04566210045662101,,,961,38.0,50.94736842105263,10.81578947368421,3.8684210526315788,11.657894736842104,50.0,46.0,0.48126463700234196,0.1020408163265306,9.8,2022-23,True
Cheikhou Kouyaté,Senegal,"MF,DF",Nottingham,32,1989,21,10,882,9.8,1,0,1,1,0,0,3,0,0.1020408163265306,0.0,0.1020408163265306,0.1020408163265306,0.1020408163265306,False,2022-23,2022,0.1020408163265306,2,2856,1974.0,-1092.0,0.08324791103656073,0.04566210045662101,,1024,38.0,37.21052631578947,9.68421052631579,3.1052631578947367,14.657894736842104,38.0,68.0,0.3978378378378378,0.0,2.4,2023-24,False
Cheikhou Kouyaté,Senegal,MF,Nottingham,33,1989,12,2,212,2.4,0,0,0,0,0,0,2,0,0.0,0.0,0.0,0.0,0.0,False,2023-24,2023,0.0,3,3068,882.0,-670.0,0.02774930367885358,0.1020408163265306,0.04566210045662101,1089,38.0,40.21052631578947,11.868421052631579,3.8947368421052633,13.421052631578947,49.0,67.0,0.46930280957336107,,,,False
Chem Campbell,Wales,"FW,MF",Wolves,18,2002,1,0,13,0.1,0,0,0,0,0,0,0,0,0.0,0.0,0.0,0.0,0.0,False,2021-22,2021,0.0,1,13,,,0.0,,,324,,,,,,,,,0.0,0.8,2022-23,False
Chem Campbell,Wales,"FW,MF",Wolves,19,2002,5,0,74,0.8,0,0,0,0,0,0,0,0,0.0,0.0,0.0,0.0,0.0,False,2022-23,2022,0.0,2,87,13.0,61.0,0.0,0.0,,361,,,,,,,,,,,,False
Chemsdine Talbi,Morocco,"MF,FW",Sunderland,20,2005,28,16,1561,17.3,4,1,5,4,0,0,0,0,0.23121387283236994,0.057803468208092484,0.2890173410404624,0.23121387283236994,0.2890173410404624,False,2025-26,2025,0.2890173410404624,1,1561,,,0.2890173410404624,,,400,38.0,44.89473684210526,10.421052631578947,3.4210526315789473,14.210526315789474,42.0,48.0,0.4230769230769231,,,,False
Chidozie Obi-Martin,Denmark,FW,Manchester Utd,16,2007,7,1,165,1.8,0,0,0,0,0,0,1,0,0.0,0.0,0.0,0.0,0.0,False,2024-25,2024,0.0,1,165,,,0.0,,,256,38.0,53.55263157894737,13.868421052631579,4.605263157894737,10.921052631578947,44.0,54.0,0.559447983014862,,,,False
Chiedozie Ogbene,Ireland,MF,Luton Town,26,1997,30,20,1995,22.2,4,1,5,4,0,0,1,0,0.1801801801801802,0.04504504504504505,0.22522522522522523,0.1801801801801802,0.22522522522522523,False,2023-24,2023,0.22522522522522523,1,1995,,,0.22522522522522523,,,676,,,,,,,,,0.0,2.6,2024-25,False
Chiedozie Ogbene,Ireland,MF,Ipswich Town,27,1997,5,3,238,2.6,0,0,0,0,0,0,0,0,0.0,0.0,0.0,0.0,0.0,False,2024-25,2024,0.0,2,2233,1995.0,-1757.0,0.07507507507507509,0.22522522522522523,,729,38.0,40.39473684210526,9.894736842105264,3.3421052631578947,15.973684210526315,36.0,82.0,0.38250254323499494,,,,False
Chiquinho,Portugal,MF,Wolves,21,2000,8,1,208,2.3,0,3,3,0,0,0,0,0,0.0,1.3043478260869565,1.3043478260869565,0.0,1.3043478260869565,False,2021-22,2021,1.3043478260869565,1,208,,,1.3043478260869565,,,441,,,,,,,,,0.0,0.1,2024-25,False
Chiquinho,Portugal,"FW,MF",Wolves,24,2000,1,0,7,0.1,0,0,0,0,0,0,0,0,0.0,0.0,0.0,0.0,0.0,False,2024-25,2024,0.0,2,215,208.0,-201.0,0.4347826086956522,1.3043478260869565,,576,,,,,,,,,,,,False
Chris Basham,England,"DF,MF",Sheffield United,35,1988,8,3,321,3.6,0,0,0,0,0,0,1,0,0.0,0.0,0.0,0.0,0.0,False,2023-24,2023,0.0,1,321,,,0.0,,,1225,,,,,,,,,,,,False
Chris Mepham,Wales,DF,Bournemouth,24,1997,26,24,2199,24.4,0,0,0,0,0,0,7,0,0.0,0.0,0.0,0.0,0.0,False,2022-23,2022,0.0,1,2199,,,0.0,,,576,38.0,40.078947368421055,9.394736842105264,3.5,16.473684210526315,37.0,71.0,0.3631739572736521,0.14492753623188406,6.9,2023-24,True
Chris Mepham,Wales,DF,Bournemouth,25,1997,10,6,617,6.9,0,1,1,0,0,0,2,0,0.0,0.14492753623188406,0.14492753623188406,0.0,0.14492753623188406,False,2023-24,2023,0.14492753623188406,2,2816,2199.0,-1582.0,0.0966183574879227,0.0,,625,38.0,44.05263157894737,14.263157894736842,4.868421052631579,13.973684210526315,54.0,67.0,0.5051258154706431,,,,False
Chris Richards,USA,DF,Crystal Palace,22,2000,9,4,447,5.0,0,0,0,0,0,0,0,0,0.0,0.0,0.0,0.0,0.0,False,2022-23,2022,0.0,1,447,,,0.0,,,484,38.0,46.13157894736842,11.18421052631579,3.5789473684210527,12.0,40.0,49.0,0.48240635641316687,0.08583690987124463,23.3,2023-24,True
Chris Richards,USA,"DF,MF",Crystal Palace,23,2000,26,23,2094,23.3,1,1,2,1,0,0,3,0,0.04291845493562232,0.04291845493562232,0.08583690987124463,0.04291845493562232,0.08583690987124463,False,2023-24,2023,0.08583690987124463,2,2541,447.0,1647.0,0.05722460658082976,0.0,,529,38.0,42.1578947368421,12.0,4.447368421052632,12.078947368421053,57.0,58.0,0.4983606557377049,0.04672897196261683,21.4,2024-25,True
Chris Richards,USA,DF,Crystal Palace,24,2000,24,22,1922,21.4,1,0,1,1,0,0,4,1,0.04672897196261683,0.0,0.04672897196261683,0.04672897196261683,0.04672897196261683,False,2024-25,2024,0.04672897196261683,3,4463,2094.0,-172.0,0.05022751683535447,0.08583690987124463,0.0,576,38.0,42.5,13.552631578947368,4.894736842105263,12.710526315789474,51.0,51.0,0.5160320641282565,0.03184713375796178,31.4,2025-26,True
Chris Richards,USA,DF,Crystal Palace,25,2000,33,31,2827,31.4,1,0,1,1,0,0,4,0,0.03184713375796178,0.0,0.03184713375796178,0.03184713375796178,0.03184713375796178,False,2025-26,2025,0.03184713375796178,4,7290,1922.0,905.0,0.03797392811709268,0.04672897196261683,0.08583690987124463,625,38.0,45.89473684210526,11.631578947368421,3.710526315789474,11.710526315789474,41.0,51.0,0.49830890642615555,,,,False
Chris Rigg,England,MF,Sunderland,18,2007,18,11,761,8.5,1,1,2,1,0,0,1,0,0.11764705882352941,0.11764705882352941,0.23529411764705882,0.11764705882352941,0.23529411764705882,False,2025-26,2025,0.23529411764705882,1,761,,,0.23529411764705882,,,324,38.0,44.89473684210526,10.421052631578947,3.4210526315789473,14.210526315789474,42.0,48.0,0.4230769230769231,,,,False
Chris Wood,New Zealand,FW,Nottingham,31,1991,31,20,1812,20.1,14,1,15,14,0,0,0,0,0.6965174129353233,0.04975124378109452,0.7462686567164178,0.6965174129353233,0.7462686567164178,False,2023-24,2023,0.7462686567164178,1,1812,,,0.7462686567164178,,,961,38.0,40.21052631578947,11.868421052631579,3.8947368421052633,13.421052631578947,49.0,67.0,0.46930280957336107,0.6990881458966566,32.9,2024-25,True
Chris Wood,New Zealand,FW,Nottingham,32,1991,36,35,2959,32.9,20,3,23,17,3,3,1,0,0.60790273556231,0.0911854103343465,0.6990881458966566,0.5167173252279635,0.6079027355623101,False,2024-25,2024,0.6990881458966566,2,4771,1812.0,1147.0,0.714814982836577,0.7462686567164178,,1024,38.0,40.921052631578945,12.18421052631579,4.368421052631579,13.973684210526315,58.0,46.0,0.4657947686116701,0.3,10.0,2025-26,True
Chris Wood,New Zealand,FW,Nottingham,33,1991,15,11,901,10.0,3,0,3,3,0,0,0,0,0.3,0.0,0.3,0.3,0.3,False,2025-26,2025,0.3,3,5672,2959.0,-2058.0,0.43827166094552567,0.6990881458966566,0.7462686567164178,1089,38.0,46.8421052631579,12.526315789473685,4.105263157894737,13.289473684210526,48.0,51.0,0.48521916411824667,,,,False
Chris WoodChris Wood,New Zealand,FW,Newcastle,29,1991,34,32,2694,29.9,5,0,5,4,1,1,1,0,0.16722408026755853,0.0,0.16722408026755853,0.13377926421404682,0.13377926421404682,False,2021-22,2021,0.16722408026755853,1,2694,,,0.16722408026755853,,,841,38.0,39.94736842105263,11.789473684210526,3.8947368421052633,13.894736842105264,44.0,62.0,0.45901639344262296,0.32967032967032966,9.1,2022-23,True
Chris WoodChris Wood,New Zealand,FW,Nottingham,30,1991,25,9,818,9.1,3,0,3,2,1,1,0,0,0.32967032967032966,0.0,0.32967032967032966,0.21978021978021978,0.21978021978021978,False,2022-23,2022,0.32967032967032966,2,3512,2694.0,-1876.0,0.27552157986940595,0.16722408026755853,,900,38.0,37.21052631578947,9.68421052631579,3.1052631578947367,14.657894736842104,38.0,68.0,0.3978378378378378,,,,False
Christantus Uche,Nigeria,FW,Crystal Palace,22,2003,14,0,173,1.9,0,0,0,0,0,0,0,0,0.0,0.0,0.0,0.0,0.0,False,2025-26,2025,0.0,1,173,,,0.0,,,484,38.0,45.89473684210526,11.631578947368421,3.710526315789474,11.710526315789474,41.0,51.0,0.49830890642615555,,,,False
Christian Benteke,Belgium,FW,Crystal Palace,30,1990,25,11,1145,12.7,4,1,5,4,0,0,3,0,0.31496062992125984,0.07874015748031496,0.3937007874015748,0.31496062992125984,0.3937007874015748,False,2021-22,2021,0.3937007874015748,1,1145,,,0.3937007874015748,,,900,38.0,50.94736842105263,10.81578947368421,3.8684210526315788,11.657894736842104,50.0,46.0,0.48126463700234196,,,,False
Christian Eriksen,Denmark,MF,Brentford,29,1992,11,10,939,10.4,1,4,5,1,0,0,1,0,0.09615384615384615,0.3846153846153846,0.4807692307692307,0.09615384615384615,0.4807692307692307,False,2021-22,2021,0.4807692307692307,1,939,,,0.4807692307692307,,,841,38.0,44.5,11.631578947368421,4.052631578947368,13.210526315789474,48.0,56.0,0.4682203389830508,0.39473684210526316,22.8,2022-23,True
Christian Eriksen,Denmark,MF,Manchester Utd,30,1992,28,25,2048,22.8,1,8,9,1,0,0,3,0,0.043859649122807015,0.3508771929824561,0.39473684210526316,0.043859649122807015,0.39473684210526316,False,2022-23,2022,0.39473684210526316,2,2987,939.0,1109.0,0.4234143049932524,0.4807692307692307,,900,38.0,53.973684210526315,15.578947368421053,5.631578947368421,12.657894736842104,58.0,43.0,0.5517241379310345,0.2362204724409449,12.7,2023-24,True
Christian Eriksen,Denmark,MF,Manchester Utd,31,1992,22,12,1141,12.7,1,2,3,1,0,0,1,0,0.07874015748031496,0.15748031496062992,0.2362204724409449,0.07874015748031496,0.2362204724409449,False,2023-24,2023,0.2362204724409449,3,4128,2048.0,-907.0,0.2986184166250474,0.39473684210526316,0.4807692307692307,961,38.0,50.526315789473685,14.473684210526315,5.078947368421052,17.55263157894737,57.0,58.0,0.4519309778142974,0.2542372881355932,11.8,2024-25,True
Christian Eriksen,Denmark,MF,Manchester Utd,32,1992,23,11,1061,11.8,1,2,3,0,1,1,4,0,0.0847457627118644,0.1694915254237288,0.2542372881355932,0.0,0.1694915254237288,False,2024-25,2024,0.2542372881355932,4,5189,1141.0,-80.0,0.26903099763207794,0.2362204724409449,0.39473684210526316,1024,38.0,53.55263157894737,13.868421052631579,4.605263157894737,10.921052631578947,44.0,54.0,0.559447983014862,,,,False
Christian Kabasele,Belgium,DF,Watford,30,1991,16,12,1193,13.3,0,0,0,0,0,0,0,0,0.0,0.0,0.0,0.0,0.0,False,2021-22,2021,0.0,1,1193,,,0.0,,,900,,,,,,,,,,,,False
Christian Nørgaard,Denmark,MF,Brentford,27,1994,35,35,3054,33.9,3,4,7,3,0,0,8,0,0.08849557522123894,0.11799410029498525,0.20648967551622419,0.08849557522123894,0.20648967551622419,False,2021-22,2021,0.20648967551622419,1,3054,,,0.20648967551622419,,,729,38.0,44.5,11.631578947368421,4.052631578947368,13.210526315789474,48.0,56.0,0.4682203389830508,0.2040816326530612,19.6,2022-23,True
Christian Nørgaard,Denmark,MF,Brentford,28,1994,22,21,1763,19.6,1,3,4,1,0,0,6,0,0.0510204081632653,0.1530612244897959,0.2040816326530612,0.0510204081632653,0.2040816326530612,False,2022-23,2022,0.2040816326530612,2,4817,3054.0,-1291.0,0.20488431360744885,0.20648967551622419,,784,38.0,43.39473684210526,10.710526315789474,4.2631578947368425,14.763157894736842,58.0,46.0,0.42045454545454547,0.1079136690647482,27.8,2023-24,True
Christian Nørgaard,Denmark,MF,Brentford,29,1994,31,30,2505,27.8,2,1,3,2,0,0,8,0,0.07194244604316546,0.03597122302158273,0.1079136690647482,0.07194244604316546,0.1079136690647482,False,2023-24,2023,0.1079136690647482,3,7322,1763.0,742.0,0.14023721724564842,0.2040816326530612,0.20648967551622419,841,38.0,44.973684210526315,12.447368421052632,4.526315789473684,14.421052631578947,56.0,65.0,0.4632713026444662,0.28753993610223644,31.3,2024-25,True
Christian Nørgaard,Denmark,MF,Brentford,30,1994,34,34,2819,31.3,5,4,9,5,0,0,8,1,0.1597444089456869,0.12779552715654952,0.28753993610223644,0.1597444089456869,0.28753993610223644,False,2024-25,2024,0.28753993610223644,4,10141,2505.0,314.0,0.2384390298167071,0.1079136690647482,0.2040816326530612,900,38.0,47.81578947368421,11.578947368421053,4.842105263157895,17.026315789473685,66.0,57.0,0.40478380864765406,0.0,1.2,2025-26,False
Christian Nørgaard,Denmark,MF,Arsenal,31,1994,7,1,106,1.2,0,0,0,0,0,0,0,0,0.0,0.0,0.0,0.0,0.0,False,2025-26,2025,0.0,5,10247,2819.0,-2713.0,0.07947967660556904,0.28753993610223644,0.1079136690647482,961,38.0,56.44736842105263,14.526315789473685,4.894736842105263,8.157894736842104,71.0,27.0,0.640371229698376,,,,False
Christian Pulisic,USA,"MF,FW",Chelsea,22,1998,22,13,1290,14.3,6,2,8,6,0,0,2,0,0.4195804195804196,0.13986013986013984,0.5594405594405594,0.4195804195804196,0.5594405594405594,False,2021-22,2021,0.5594405594405594,1,1290,,,0.5594405594405594,,,484,38.0,62.3421052631579,15.578947368421053,5.552631578947368,8.921052631578947,76.0,33.0,0.635875402792696,0.21978021978021978,9.1,2022-23,True
Christian Pulisic,USA,"MF,FW",Chelsea,23,1998,24,8,821,9.1,1,1,2,1,0,0,1,0,0.10989010989010989,0.10989010989010989,0.21978021978021978,0.10989010989010989,0.21978021978021978,False,2022-23,2022,0.21978021978021978,2,2111,1290.0,-469.0,0.33300033300033294,0.5594405594405594,,529,38.0,59.026315789473685,12.736842105263158,4.157894736842105,11.526315789473685,38.0,47.0,0.5249457700650759,,,,False
Christian Walton,England,GK,Ipswich Town,28,1995,7,7,630,7.0,0,0,0,0,0,0,0,0,0.0,0.0,0.0,0.0,0.0,False,2024-25,2024,0.0,1,630,,,0.0,,,784,38.0,40.39473684210526,9.894736842105264,3.3421052631578947,15.973684210526315,36.0,82.0,0.38250254323499494,,,,False
Christoph Zimmermann,Germany,DF,Norwich City,28,1993,3,2,157,1.7,0,0,0,0,0,0,0,0,0.0,0.0,0.0,0.0,0.0,False,2021-22,2021,0.0,1,157,,,0.0,,,784,,,,,,,,,,,,False
Christopher Nkunku,France,"MF,FW",Chelsea,25,1997,11,2,443,4.9,3,0,3,3,0,0,0,0,0.6122448979591836,0.0,0.6122448979591836,0.6122448979591836,0.6122448979591836,False,2023-24,2023,0.6122448979591836,1,443,,,0.6122448979591836,,,625,38.0,59.0,14.421052631578947,5.657894736842105,14.631578947368421,77.0,63.0,0.4963768115942029,0.4901960784313726,10.2,2024-25,True
Christopher Nkunku,France,"MF,FW",Chelsea,26,1997,27,9,921,10.2,3,2,5,3,0,0,2,0,0.29411764705882354,0.19607843137254904,0.4901960784313726,0.29411764705882354,0.4901960784313726,False,2024-25,2024,0.4901960784313726,2,1364,443.0,478.0,0.5308790182739762,0.6122448979591836,,676,38.0,57.3421052631579,15.657894736842104,5.7368421052631575,10.447368421052632,64.0,43.0,0.5997983870967741,,,,False
Christos Tzolis,Greece,"MF,FW",Norwich City,19,2002,14,3,336,3.7,0,0,0,0,0,0,0,0,0.0,0.0,0.0,0.0,0.0,False,2021-22,2021,0.0,1,336,,,0.0,,,361,,,,,,,,,,,,False
Ché Adams,Scotland,FW,Southampton,25,1996,30,23,2039,22.7,7,3,10,7,0,0,0,0,0.30837004405286345,0.13215859030837004,0.4405286343612335,0.30837004405286345,0.4405286343612335,False,2021-22,2021,0.4405286343612335,1,2039,,,0.4405286343612335,,,625,,,,,,,,,0.36199095022624433,22.1,2022-23,True
Ché Adams,Scotland,FW,Southampton,26,1996,28,23,1992,22.1,5,3,8,5,0,0,1,0,0.2262443438914027,0.13574660633484162,0.36199095022624433,0.2262443438914027,0.36199095022624433,False,2022-23,2022,0.36199095022624433,2,4031,2039.0,-47.0,0.38817017827124073,0.4405286343612335,,676,,,,,,,,,,,,False
Ciaran Clark,Ireland,DF,Newcastle,31,1989,13,12,1014,11.3,0,1,1,0,0,0,2,1,0.0,0.08849557522123894,0.08849557522123894,0.0,0.08849557522123894,False,2021-22,2021,0.08849557522123894,1,1014,,,0.08849557522123894,,,961,38.0,39.94736842105263,11.789473684210526,3.8947368421052633,13.894736842105264,44.0,62.0,0.45901639344262296,,,,False
Claudio Echeverri,Argentina,MF,Manchester City,18,2006,1,0,6,0.1,0,0,0,0,0,0,0,0,0.0,0.0,0.0,0.0,0.0,False,2024-25,2024,0.0,1,6,,,0.0,,,324,38.0,61.73684210526316,16.0,5.7105263157894735,9.31578947368421,72.0,44.0,0.6320166320166319,,,,False
Clément Lenglet,France,DF,Tottenham,27,1995,26,24,2019,22.4,0,2,2,0,0,0,4,0,0.0,0.08928571428571429,0.08928571428571429,0.0,0.08928571428571429,False,2022-23,2022,0.08928571428571429,1,2019,,,0.08928571428571429,,,729,38.0,49.94736842105263,13.68421052631579,5.2631578947368425,13.68421052631579,70.0,63.0,0.5,0.078125,12.8,2023-24,True
Clément Lenglet,France,DF,Aston Villa,28,1995,14,14,1153,12.8,0,1,1,0,0,0,3,0,0.0,0.078125,0.078125,0.0,0.078125,False,2023-24,2023,0.078125,2,3172,2019.0,-866.0,0.0818452380952381,0.08928571428571429,,784,38.0,53.421052631578945,13.5,5.0,11.947368421052632,76.0,61.0,0.5305067218200621,,,,False
Cody Drameh,England,DF,Leeds United,19,2001,3,1,128,1.4,0,0,0,0,0,0,1,0,0.0,0.0,0.0,0.0,0.0,False,2021-22,2021,0.0,1,128,,,0.0,,,361,38.0,52.473684210526315,12.736842105263158,4.052631578947368,15.289473684210526,42.0,79.0,0.4544600938967136,0.0,0.8,2022-23,False
Cody Drameh,England,DF,Leeds United,20,2001,1,1,69,0.8,0,0,0,0,0,0,0,0,0.0,0.0,0.0,0.0,0.0,False,2022-23,2022,0.0,2,197,128.0,-59.0,0.0,0.0,,400,38.0,46.94736842105263,12.157894736842104,3.8157894736842106,13.868421052631579,48.0,78.0,0.4671385237613751,,,,False
Cody Gakpo,Netherlands,FW,Liverpool,23,1999,21,17,1458,16.2,7,2,9,7,0,0,0,0,0.4320987654320988,0.1234567901234568,0.5555555555555556,0.4320987654320988,0.5555555555555556,False,2022-23,2022,0.5555555555555556,1,1458,,,0.5555555555555556,,,529,38.0,61.10526315789474,15.921052631578947,5.578947368421052,9.710526315789474,75.0,47.0,0.6211498973305954,0.7103825136612022,18.3,2023-24,True
Cody Gakpo,Netherlands,"FW,MF",Liverpool,24,1999,35,17,1649,18.3,8,5,13,8,0,0,1,0,0.4371584699453552,0.27322404371584696,0.7103825136612022,0.4371584699453552,0.7103825136612022,False,2023-24,2023,0.7103825136612022,2,3107,1458.0,191.0,0.6587735276259866,0.5555555555555556,,576,38.0,61.78947368421053,20.789473684210527,7.2894736842105265,10.894736842105264,86.0,41.0,0.6561461794019934,0.6511627906976745,21.5,2024-25,True
Cody Gakpo,Netherlands,MF,Liverpool,25,1999,35,23,1935,21.5,10,4,14,10,0,0,5,0,0.46511627906976744,0.18604651162790697,0.6511627906976745,0.46511627906976744,0.6511627906976745,False,2024-25,2024,0.6511627906976745,3,5042,1649.0,286.0,0.6536997030071119,0.7103825136612022,0.5555555555555556,625,38.0,58.078947368421055,17.026315789473685,6.078947368421052,10.18421052631579,86.0,41.0,0.625725338491296,0.39473684210526316,30.4,2025-26,True
Cody Gakpo,Netherlands,"MF,FW",Liverpool,26,1999,36,32,2737,30.4,7,5,12,7,0,0,3,0,0.23026315789473686,0.16447368421052633,0.39473684210526316,0.23026315789473686,0.39473684210526316,False,2025-26,2025,0.39473684210526316,4,7779,1935.0,802.0,0.48105779573921276,0.6511627906976745,0.7103825136612022,676,38.0,59.31578947368421,15.473684210526315,4.605263157894737,11.447368421052632,63.0,53.0,0.5747800586510264,,,,False
Cole Palmer,England,FW,Manchester City,19,2002,4,1,123,1.4,0,0,0,0,0,0,0,0,0.0,0.0,0.0,0.0,0.0,False,2021-22,2021,0.0,1,123,,,0.0,,,361,38.0,68.5,18.763157894736842,6.657894736842105,6.2368421052631575,99.0,26.0,0.7505263157894737,0.24390243902439027,4.1,2022-23,True
Cole Palmer,England,"MF,FW",Manchester City,20,2002,14,2,370,4.1,0,1,1,0,0,0,1,0,0.0,0.24390243902439027,0.24390243902439027,0.0,0.24390243902439027,False,2022-23,2022,0.24390243902439027,2,493,123.0,247.0,0.16260162601626016,0.0,,400,38.0,65.34210526315789,15.789473684210526,5.7631578947368425,7.7105263157894735,94.0,33.0,0.6718924972004479,0.647887323943662,35.5,2024-25,True
Cole Palmer,England,MF,Chelsea,22,2002,37,36,3191,35.5,15,8,23,11,4,5,7,0,0.4225352112676056,0.22535211267605634,0.647887323943662,0.30985915492957744,0.5352112676056339,False,2024-25,2024,0.647887323943662,3,3684,370.0,2821.0,0.48612542463452807,0.24390243902439027,0.0,484,38.0,57.3421052631579,15.657894736842104,5.7368421052631575,10.447368421052632,64.0,43.0,0.5997983870967741,0.5069124423963134,21.7,2025-26,True
Cole Palmer,England,MF,Chelsea,23,2002,26,24,1955,21.7,10,1,11,5,5,6,5,0,0.4608294930875576,0.04608294930875576,0.5069124423963134,0.2304147465437788,0.2764976958525346,False,2025-26,2025,0.5069124423963134,4,5639,3191.0,-1236.0,0.4999834364757183,0.647887323943662,0.24390243902439027,529,38.0,57.73684210526316,13.394736842105264,4.368421052631579,10.947368421052632,58.0,52.0,0.5502702702702702,,,,False
Cole PalmerCole Palmer,England,"MF,FW",Manchester City,21,2002,34,29,2618,29.1,22,11,33,13,9,9,7,0,0.7560137457044673,0.37800687285223367,1.134020618556701,0.4467353951890034,0.8247422680412371,False,2023-24,2023,1.134020618556701,1,2618,,,1.134020618556701,,,441,38.0,65.73684210526316,18.263157894736842,7.315789473684211,7.7368421052631575,96.0,34.0,0.7024291497975709,,,,False
Connor Roberts,Wales,DF,Burnley,25,1995,21,19,1692,18.8,1,1,2,1,0,0,2,0,0.05319148936170213,0.05319148936170213,0.10638297872340426,0.05319148936170213,0.10638297872340426,False,2021-22,2021,0.10638297872340426,1,1692,,,0.10638297872340426,,,625,,,,,,,,,0.10989010989010989,9.1,2023-24,True
Connor Roberts,Wales,DF,Burnley,27,1995,14,8,823,9.1,0,1,1,0,0,0,5,1,0.0,0.10989010989010989,0.10989010989010989,0.0,0.10989010989010989,False,2023-24,2023,0.10989010989010989,2,2515,1692.0,-869.0,0.10872106616787466,0.10638297872340426,,729,,,,,,,,,,,,False
Connor Ronan,Ireland,MF,Wolves,24,1998,1,0,1,0.0,0,0,0,0,0,0,0,0,0.0,0.0,0.0,0.0,0.0,False,2022-23,2022,0.0,1,1,,,0.0,,,576,,,,,,,,,,,,False
Conor Bradley,Northern Ireland,DF,Liverpool,20,2003,11,10,753,8.4,1,3,4,1,0,0,2,0,0.11904761904761904,0.35714285714285715,0.47619047619047616,0.11904761904761904,0.47619047619047616,False,2023-24,2023,0.47619047619047616,1,753,,,0.47619047619047616,,,400,38.0,61.78947368421053,20.789473684210527,7.2894736842105265,10.894736842105264,86.0,41.0,0.6561461794019934,0.23809523809523808,8.4,2024-25,True
Conor Bradley,Northern Ireland,DF,Liverpool,21,2003,19,7,754,8.4,0,2,2,0,0,0,4,0,0.0,0.23809523809523808,0.23809523809523808,0.0,0.23809523809523808,False,2024-25,2024,0.23809523809523808,2,1507,753.0,1.0,0.31746031746031744,0.47619047619047616,,441,38.0,58.078947368421055,17.026315789473685,6.078947368421052,10.18421052631579,86.0,41.0,0.625725338491296,0.0970873786407767,10.3,2025-26,True
Conor Bradley,Northern Ireland,DF,Liverpool,22,2003,15,12,929,10.3,0,1,1,0,0,0,5,0,0.0,0.0970873786407767,0.0970873786407767,0.0,0.0970873786407767,False,2025-26,2025,0.0970873786407767,3,2436,754.0,175.0,0.17054502491395696,0.23809523809523808,0.47619047619047616,484,38.0,59.31578947368421,15.473684210526315,4.605263157894737,11.447368421052632,63.0,53.0,0.5747800586510264,,,,False
Conor Chaplin,England,"MF,FW",Ipswich Town,27,1997,22,10,857,9.5,1,1,2,1,0,0,2,0,0.10526315789473684,0.10526315789473684,0.21052631578947367,0.10526315789473684,0.21052631578947367,False,2024-25,2024,0.21052631578947367,1,857,,,0.21052631578947367,,,729,38.0,40.39473684210526,9.894736842105264,3.3421052631578947,15.973684210526315,36.0,82.0,0.38250254323499494,,,,False
Conor Coady,England,DF,Wolves,28,1993,38,38,3361,37.3,4,0,4,4,0,0,4,0,0.10723860589812333,0.0,0.10723860589812333,0.10723860589812333,0.10723860589812333,False,2021-22,2021,0.10723860589812333,1,3361,,,0.10723860589812333,,,784,,,,,,,,,0.08583690987124463,23.3,2022-23,True
Conor Coady,England,DF,Everton,29,1993,24,23,2096,23.3,1,1,2,1,0,0,2,0,0.04291845493562232,0.04291845493562232,0.08583690987124463,0.04291845493562232,0.08583690987124463,False,2022-23,2022,0.08583690987124463,2,5457,3361.0,-1265.0,0.09297080854687087,0.10723860589812333,,841,38.0,42.578947368421055,11.289473684210526,4.0,15.105263157894736,34.0,57.0,0.42771684945164506,0.05263157894736842,19.0,2024-25,True
Conor Coady,England,DF,Leicester City,31,1993,22,19,1714,19.0,1,0,1,1,0,0,3,0,0.05263157894736842,0.0,0.05263157894736842,0.05263157894736842,0.05263157894736842,False,2024-25,2024,0.05263157894736842,3,7171,2096.0,-382.0,0.06607798881386924,0.08583690987124463,0.10723860589812333,961,,,,,,,,,,,,False
Conor Coventry,Ireland,MF,West Ham,22,2000,1,0,1,0.0,0,0,0,0,0,0,0,0,0.0,0.0,0.0,0.0,0.0,False,2022-23,2022,0.0,1,1,,,0.0,,,484,,,,,,,,,,,,False
Conor Gallagher,England,MF,Crystal Palace,21,2000,34,33,2845,31.6,8,3,11,8,0,0,10,0,0.2531645569620253,0.09493670886075949,0.3481012658227848,0.2531645569620253,0.3481012658227848,False,2021-22,2021,0.3481012658227848,1,2845,,,0.3481012658227848,,,441,38.0,50.94736842105263,10.81578947368421,3.8684210526315788,11.657894736842104,50.0,46.0,0.48126463700234196,0.2222222222222222,18.0,2022-23,True
Conor Gallagher,England,MF,Chelsea,22,2000,35,18,1621,18.0,3,1,4,3,0,0,11,1,0.16666666666666666,0.05555555555555555,0.2222222222222222,0.16666666666666666,0.2222222222222222,False,2022-23,2022,0.2222222222222222,2,4466,2845.0,-1224.0,0.26418190342240977,0.3481012658227848,,484,38.0,59.026315789473685,12.736842105263158,4.157894736842105,11.526315789473685,38.0,47.0,0.5249457700650759,0.3448275862068966,34.8,2023-24,True
Conor Gallagher,England,MF,Chelsea,23,2000,37,37,3128,34.8,5,7,12,5,0,0,9,1,0.14367816091954025,0.20114942528735633,0.3448275862068966,0.14367816091954025,0.3448275862068966,False,2023-24,2023,0.3448275862068966,3,7594,1621.0,1507.0,0.31794569194540095,0.2222222222222222,0.3481012658227848,529,38.0,59.0,14.421052631578947,5.657894736842105,14.631578947368421,77.0,63.0,0.4963768115942029,0.15151515151515152,13.2,2025-26,True
Conor Gallagher,England,MF,Tottenham,25,2000,16,14,1184,13.2,1,1,2,1,0,0,2,0,0.07575757575757576,0.07575757575757576,0.15151515151515152,0.07575757575757576,0.15151515151515152,False,2025-26,2025,0.15151515151515152,4,8778,3128.0,-1944.0,0.20699199832523468,0.3448275862068966,0.2222222222222222,625,38.0,50.421052631578945,11.447368421052632,3.8421052631578947,12.289473684210526,48.0,57.0,0.4822616407982262,,,,False
Conor Townsend,England,DF,Ipswich Town,31,1993,6,3,335,3.7,0,1,1,0,0,0,1,0,0.0,0.27027027027027023,0.27027027027027023,0.0,0.27027027027027023,False,2024-25,2024,0.27027027027027023,1,335,,,0.27027027027027023,,,961,38.0,40.39473684210526,9.894736842105264,3.3421052631578947,15.973684210526315,36.0,82.0,0.38250254323499494,,,,False
Craig Cathcart,Northern Ireland,DF,Watford,32,1989,31,27,2396,26.6,0,1,1,0,0,0,3,0,0.0,0.03759398496240601,0.03759398496240601,0.0,0.03759398496240601,False,2021-22,2021,0.03759398496240601,1,2396,,,0.03759398496240601,,,1024,,,,,,,,,,,,False
Craig Dawson,England,DF,West Ham,31,1990,34,30,2754,30.6,2,2,4,2,0,0,5,1,0.06535947712418301,0.06535947712418301,0.13071895424836602,0.06535947712418301,0.13071895424836602,False,2021-22,2021,0.13071895424836602,1,2754,,,0.13071895424836602,,,961,,,,,,,,,0.08163265306122448,24.5,2023-24,True
Craig Dawson,England,DF,Wolves,33,1990,25,25,2209,24.5,1,1,2,1,0,0,7,0,0.04081632653061224,0.04081632653061224,0.08163265306122448,0.04081632653061224,0.08163265306122448,False,2023-24,2023,0.08163265306122448,2,4963,2754.0,-545.0,0.09799475345693834,0.13071895424836602,,1089,,,,,,,,,0.0,10.8,2024-25,True
Craig Dawson,England,DF,Wolves,34,1990,15,10,971,10.8,0,0,0,0,0,0,2,0,0.0,0.0,0.0,0.0,0.0,False,2024-25,2024,0.0,3,5934,2209.0,-1238.0,0.03266491781897945,0.08163265306122448,0.13071895424836602,1156,,,,,,,,,,,,False
Craig DawsonCraig Dawson,England,DF,Wolves,32,1990,25,25,2134,23.7,1,0,1,1,0,0,6,0,0.04219409282700422,0.0,0.04219409282700422,0.04219409282700422,0.04219409282700422,False,2022-23,2022,0.04219409282700422,1,2134,,,0.04219409282700422,,,1024,,,,,,,,,,,,False
Cristhian Mosquera,Spain,DF,Arsenal,21,2004,20,9,994,11.0,0,0,0,0,0,0,4,0,0.0,0.0,0.0,0.0,0.0,False,2025-26,2025,0.0,1,994,,,0.0,,,441,38.0,56.44736842105263,14.526315789473685,4.894736842105263,8.157894736842104,71.0,27.0,0.640371229698376,,,,False
Cristian Romero,Argentina,DF,Tottenham,23,1998,22,21,1844,20.5,1,0,1,1,0,0,8,0,0.04878048780487805,0.0,0.04878048780487805,0.04878048780487805,0.04878048780487805,False,2021-22,2021,0.04878048780487805,1,1844,,,0.04878048780487805,,,529,38.0,52.0,12.921052631578947,5.184210526315789,12.921052631578947,69.0,40.0,0.5,0.03802281368821293,26.3,2022-23,True
Cristian Romero,Argentina,DF,Tottenham,24,1998,27,26,2364,26.3,0,1,1,0,0,0,11,1,0.0,0.03802281368821293,0.03802281368821293,0.0,0.03802281368821293,False,2022-23,2022,0.03802281368821293,2,4208,1844.0,520.0,0.04160870506043464,0.04878048780487805,,576,38.0,49.94736842105263,13.68421052631579,5.2631578947368425,13.68421052631579,70.0,63.0,0.5,0.16129032258064516,31.0,2023-24,True
Cristian Romero,Argentina,DF,Tottenham,25,1998,33,33,2790,31.0,5,0,5,5,0,0,7,1,0.16129032258064516,0.0,0.16129032258064516,0.16129032258064516,0.16129032258064516,False,2023-24,2023,0.16129032258064516,3,6998,2364.0,426.0,0.12139645007390831,0.03802281368821293,0.04878048780487805,625,38.0,62.05263157894737,15.31578947368421,5.631578947368421,12.789473684210526,74.0,61.0,0.5449438202247191,0.06369426751592357,15.7,2024-25,True
Cristian Romero,Argentina,DF,Tottenham,26,1998,18,18,1416,15.7,1,0,1,1,0,0,3,0,0.06369426751592357,0.0,0.06369426751592357,0.06369426751592357,0.06369426751592357,False,2024-25,2024,0.06369426751592357,4,8414,2790.0,-1374.0,0.08292832836858516,0.16129032258064516,0.03802281368821293,676,38.0,54.76315789473684,13.078947368421053,4.868421052631579,13.736842105263158,64.0,65.0,0.4877330716388616,0.24038461538461536,20.8,2025-26,True
Cristian Romero,Argentina,DF,Tottenham,27,1998,23,22,1868,20.8,4,1,5,4,0,0,11,2,0.1923076923076923,0.04807692307692307,0.24038461538461536,0.1923076923076923,0.24038461538461536,False,2025-26,2025,0.24038461538461536,5,10282,1416.0,452.0,0.18789918637927197,0.06369426751592357,0.16129032258064516,729,38.0,50.421052631578945,11.447368421052632,3.8421052631578947,12.289473684210526,48.0,57.0,0.4822616407982262,,,,False
Cristiano Ronaldo,Portugal,FW,Manchester Utd,36,1985,30,27,2456,27.3,18,3,21,15,3,3,8,0,0.6593406593406593,0.10989010989010989,0.7692307692307692,0.5494505494505494,0.6593406593406592,False,2021-22,2021,0.7692307692307692,1,2456,,,0.7692307692307692,,,1296,38.0,52.921052631578945,13.368421052631579,4.921052631578948,13.447368421052632,57.0,57.0,0.4985279685966634,0.1724137931034483,5.8,2022-23,True
Cristiano Ronaldo,Portugal,FW,Manchester Utd,37,1985,10,4,525,5.8,1,0,1,1,0,0,2,0,0.1724137931034483,0.0,0.1724137931034483,0.1724137931034483,0.1724137931034483,False,2022-23,2022,0.1724137931034483,2,2981,2456.0,-1931.0,0.37135278514588865,0.7692307692307692,,1369,38.0,53.973684210526315,15.578947368421053,5.631578947368421,12.657894736842104,58.0,43.0,0.5517241379310345,,,,False
Crysencio Summerville,Netherlands,"FW,MF",Leeds United,19,2001,6,0,130,1.4,0,0,0,0,0,0,0,0,0.0,0.0,0.0,0.0,0.0,False,2021-22,2021,0.0,1,130,,,0.0,,,361,38.0,52.473684210526315,12.736842105263158,4.052631578947368,15.289473684210526,42.0,79.0,0.4544600938967136,0.37974683544303794,15.8,2022-23,True
Crysencio Summerville,Netherlands,"MF,FW",Leeds United,20,2001,28,12,1426,15.8,4,2,6,4,0,0,4,0,0.2531645569620253,0.12658227848101264,0.37974683544303794,0.2531645569620253,0.37974683544303794,False,2022-23,2022,0.37974683544303794,2,1556,130.0,1296.0,0.2531645569620253,0.0,,400,38.0,46.94736842105263,12.157894736842104,3.8157894736842106,13.868421052631579,48.0,78.0,0.4671385237613751,0.2298850574712644,8.7,2024-25,True
Crysencio Summerville,Netherlands,"MF,FW",West Ham,22,2001,19,7,786,8.7,1,1,2,1,0,0,2,0,0.1149425287356322,0.1149425287356322,0.2298850574712644,0.1149425287356322,0.2298850574712644,False,2024-25,2024,0.2298850574712644,3,2342,1426.0,-640.0,0.23764489063485136,0.37974683544303794,0.0,484,,,,,,,,,0.25547445255474455,27.4,2025-26,True
Crysencio Summerville,Netherlands,"MF,FW",West Ham,23,2001,31,29,2470,27.4,5,2,7,5,0,0,6,0,0.18248175182481752,0.07299270072992702,0.25547445255474455,0.18248175182481752,0.25547445255474455,False,2025-26,2025,0.25547445255474455,4,4812,786.0,1684.0,0.24953126524811348,0.2298850574712644,0.37974683544303794,529,,,,,,,,,,,,False
Cucho,Colombia,"MF,FW",Watford,22,1999,25,11,1147,12.7,5,2,7,5,0,0,3,0,0.3937007874015748,0.15748031496062992,0.5511811023622047,0.3937007874015748,0.5511811023622047,False,2021-22,2021,0.5511811023622047,1,1147,,,0.5511811023622047,,,484,,,,,,,,,,,,False
Curtis Jones,England,MF,Liverpool,20,2001,15,10,851,9.5,1,1,2,1,0,0,0,0,0.10526315789473684,0.10526315789473684,0.21052631578947367,0.10526315789473684,0.21052631578947367,False,2021-22,2021,0.21052631578947367,1,851,,,0.21052631578947367,,,400,38.0,63.3421052631579,19.18421052631579,6.7631578947368425,7.7894736842105265,94.0,26.0,0.7112195121951219,0.34782608695652173,11.5,2022-23,True
Curtis Jones,England,MF,Liverpool,21,2001,18,12,1035,11.5,3,1,4,3,0,0,2,0,0.2608695652173913,0.08695652173913043,0.34782608695652173,0.2608695652173913,0.34782608695652173,False,2022-23,2022,0.34782608695652173,2,1886,851.0,184.0,0.3020594965675057,0.21052631578947367,,441,38.0,61.10526315789474,15.921052631578947,5.578947368421052,9.710526315789474,75.0,47.0,0.6211498973305954,0.15384615384615385,13.0,2023-24,True
Curtis Jones,England,MF,Liverpool,22,2001,23,14,1167,13.0,1,1,2,1,0,0,3,1,0.07692307692307693,0.07692307692307693,0.15384615384615385,0.07692307692307693,0.15384615384615385,False,2023-24,2023,0.15384615384615385,3,3053,1035.0,132.0,0.20325060141993778,0.34782608695652173,0.21052631578947367,484,38.0,61.78947368421053,20.789473684210527,7.2894736842105265,10.894736842105264,86.0,41.0,0.6561461794019934,0.3157894736842105,19.0,2024-25,True
Curtis Jones,England,"MF,DF",Liverpool,23,2001,33,19,1712,19.0,3,3,6,3,0,0,3,1,0.15789473684210525,0.15789473684210525,0.3157894736842105,0.15789473684210525,0.3157894736842105,False,2024-25,2024,0.3157894736842105,4,4765,1167.0,545.0,0.27827651626278627,0.15384615384615385,0.34782608695652173,529,38.0,58.078947368421055,17.026315789473685,6.078947368421052,10.18421052631579,86.0,41.0,0.625725338491296,0.13953488372093023,21.5,2025-26,True
Curtis Jones,England,"MF,DF",Liverpool,24,2001,34,18,1937,21.5,1,2,3,1,0,0,2,0,0.046511627906976744,0.09302325581395349,0.13953488372093023,0.046511627906976744,0.13953488372093023,False,2025-26,2025,0.13953488372093023,5,6702,1712.0,225.0,0.1857820945682156,0.3157894736842105,0.15384615384615385,576,38.0,59.31578947368421,15.473684210526315,4.605263157894737,11.447368421052632,63.0,53.0,0.5747800586510264,,,,False
Cédric Soares,Portugal,DF,Arsenal,29,1991,21,16,1486,16.5,1,1,2,1,0,0,3,0,0.06060606060606061,0.06060606060606061,0.12121212121212122,0.06060606060606061,0.12121212121212122,False,2021-22,2021,0.12121212121212122,1,1486,,,0.12121212121212122,,,841,38.0,53.18421052631579,15.473684210526315,5.157894736842105,11.18421052631579,61.0,48.0,0.5804540967423495,0.0,0.7,2023-24,False
Cédric Soares,Portugal,"DF,MF",Arsenal,31,1991,3,0,62,0.7,0,0,0,0,0,0,0,0,0.0,0.0,0.0,0.0,0.0,False,2023-24,2023,0.0,2,1548,1486.0,-1424.0,0.04040404040404041,0.12121212121212122,,961,38.0,58.63157894736842,17.263157894736842,5.973684210526316,8.473684210526315,91.0,29.0,0.6707566462167689,,,,False
Cédric SoaresCédric Soares,Portugal,"DF,MF",Fulham,30,1991,8,2,227,2.5,0,0,0,0,0,0,0,0,0.0,0.0,0.0,0.0,0.0,False,2022-23,2022,0.0,1,227,,,0.0,,,900,38.0,48.68421052631579,11.289473684210526,3.8947368421052633,13.289473684210526,55.0,53.0,0.45931477516059954,,,,False
César Azpilicueta,Spain,"DF,MF",Chelsea,31,1989,27,24,2070,23.0,1,2,3,1,0,0,3,0,0.043478260869565216,0.08695652173913043,0.13043478260869565,0.043478260869565216,0.13043478260869565,False,2021-22,2021,0.13043478260869565,1,2070,,,0.13043478260869565,,,961,38.0,62.3421052631579,15.578947368421053,5.552631578947368,8.921052631578947,76.0,33.0,0.635875402792696,0.0,17.0,2022-23,True
César Azpilicueta,Spain,"DF,MF",Chelsea,32,1989,25,16,1527,17.0,0,0,0,0,0,0,3,0,0.0,0.0,0.0,0.0,0.0,False,2022-23,2022,0.0,2,3597,2070.0,-543.0,0.04347826086956522,0.13043478260869565,,1024,38.0,59.026315789473685,12.736842105263158,4.157894736842105,11.526315789473685,38.0,47.0,0.5249457700650759,,,,False
Daichi Kamada,Japan,MF,Crystal Palace,27,1996,34,15,1564,17.4,0,0,0,0,0,0,4,1,0.0,0.0,0.0,0.0,0.0,False,2024-25,2024,0.0,1,1564,,,0.0,,,729,38.0,42.5,13.552631578947368,4.894736842105263,12.710526315789474,51.0,51.0,0.5160320641282565,0.0,21.1,2025-26,True
Daichi Kamada,Japan,MF,Crystal Palace,28,1996,28,22,1902,21.1,0,0,0,0,0,0,3,0,0.0,0.0,0.0,0.0,0.0,False,2025-26,2025,0.0,2,3466,1564.0,338.0,0.0,0.0,,784,38.0,45.89473684210526,11.631578947368421,3.710526315789474,11.710526315789474,41.0,51.0,0.49830890642615555,,,,False
Daiki Hashioka,Japan,"DF,MF",Luton Town,24,1999,10,6,595,6.6,0,0,0,0,0,0,0,0,0.0,0.0,0.0,0.0,0.0,False,2023-24,2023,0.0,1,595,,,0.0,,,576,,,,,,,,,,,,False
Dale Stephens,England,MF,Burnley,32,1989,3,1,124,1.4,0,0,0,0,0,0,1,0,0.0,0.0,0.0,0.0,0.0,False,2021-22,2021,0.0,1,124,,,0.0,,,1024,,,,,,,,,,,,False
Dan Burn,England,DF,Newcastle,30,1992,38,35,3111,34.6,1,0,1,1,0,0,5,0,0.028901734104046242,0.0,0.028901734104046242,0.028901734104046242,0.028901734104046242,False,2022-23,2022,0.028901734104046242,1,3111,,,0.028901734104046242,,,900,38.0,52.44736842105263,15.026315789473685,5.184210526315789,10.18421052631579,68.0,33.0,0.5960334029227558,0.132013201320132,30.3,2023-24,True
Dan Burn,England,DF,Newcastle,31,1992,33,32,2726,30.3,2,2,4,2,0,0,4,0,0.066006600660066,0.066006600660066,0.132013201320132,0.066006600660066,0.132013201320132,False,2023-24,2023,0.132013201320132,2,5837,3111.0,-385.0,0.09764271224810342,0.028901734104046242,,961,38.0,52.21052631578947,14.5,5.605263157894737,14.052631578947368,85.0,62.0,0.5078341013824884,0.05405405405405406,37.0,2024-25,True
Dan Burn,England,DF,Newcastle,32,1992,37,37,3330,37.0,1,1,2,1,0,0,11,0,0.02702702702702703,0.02702702702702703,0.05405405405405406,0.02702702702702703,0.05405405405405406,False,2024-25,2024,0.05405405405405406,3,9167,2726.0,604.0,0.06858360678540384,0.132013201320132,0.028901734104046242,1024,38.0,51.05263157894737,13.789473684210526,4.578947368421052,12.447368421052632,68.0,47.0,0.5255767301905717,0.12295081967213116,24.4,2025-26,True
Dan Burn,England,DF,Newcastle,33,1992,29,25,2199,24.4,1,2,3,1,0,0,11,1,0.04098360655737705,0.0819672131147541,0.12295081967213116,0.04098360655737705,0.12295081967213116,False,2025-26,2025,0.12295081967213116,4,11366,3330.0,-1131.0,0.10482841537655539,0.05405405405405406,0.132013201320132,1089,38.0,52.473684210526315,12.947368421052632,4.631578947368421,12.342105263157896,53.0,55.0,0.5119667013527576,,,,False
Dan BurnDan Burn,England,DF,Newcastle,29,1992,29,28,2462,27.4,1,1,2,1,0,0,8,0,0.03649635036496351,0.03649635036496351,0.07299270072992702,0.03649635036496351,0.07299270072992702,False,2021-22,2021,0.07299270072992702,1,2462,,,0.07299270072992702,,,841,38.0,39.94736842105263,11.789473684210526,3.8947368421052633,13.894736842105264,44.0,62.0,0.45901639344262296,,,,False
Dan Gosling,England,MF,Watford,31,1990,4,2,166,1.8,1,0,1,1,0,0,0,0,0.5555555555555556,0.0,0.5555555555555556,0.5555555555555556,0.5555555555555556,False,2021-22,2021,0.5555555555555556,1,166,,,0.5555555555555556,,,961,,,,,,,,,,,,False
Dan Ndoye,Switzerland,MF,Nottingham,24,2000,24,14,1173,13.0,1,1,2,1,0,0,1,0,0.07692307692307693,0.07692307692307693,0.15384615384615385,0.07692307692307693,0.15384615384615385,False,2025-26,2025,0.15384615384615385,1,1173,,,0.15384615384615385,,,576,38.0,46.8421052631579,12.526315789473685,4.105263157894737,13.289473684210526,48.0,51.0,0.48521916411824667,,,,False
Dan Neil,England,MF,Sunderland,23,2001,3,0,14,0.2,0,0,0,0,0,0,0,0,0.0,0.0,0.0,0.0,0.0,False,2025-26,2025,0.0,1,14,,,0.0,,,529,38.0,44.89473684210526,10.421052631578947,3.4210526315789473,14.210526315789474,42.0,48.0,0.4230769230769231,,,,False
Dane Scarlett,England,FW,Tottenham,17,2004,1,0,4,0.0,0,0,0,0,0,0,0,0,0.0,0.0,0.0,0.0,0.0,False,2021-22,2021,0.0,1,4,,,0.0,,,289,38.0,52.0,12.921052631578947,5.184210526315789,12.921052631578947,69.0,40.0,0.5,0.0,0.2,2023-24,False
Dane Scarlett,England,FW,Tottenham,19,2004,4,0,22,0.2,0,0,0,0,0,0,0,0,0.0,0.0,0.0,0.0,0.0,False,2023-24,2023,0.0,2,26,4.0,18.0,0.0,0.0,,361,38.0,62.05263157894737,15.31578947368421,5.631578947368421,12.789473684210526,74.0,61.0,0.5449438202247191,2.5,0.4,2024-25,False
Dane Scarlett,England,FW,Tottenham,20,2004,3,0,34,0.4,0,1,1,0,0,0,0,0,0.0,2.5,2.5,0.0,2.5,False,2024-25,2024,2.5,3,60,22.0,12.0,1.6666666666666665,0.0,0.0,400,38.0,54.76315789473684,13.078947368421053,4.868421052631579,13.736842105263158,64.0,65.0,0.4877330716388616,0.0,0.1,2025-26,False
Dane Scarlett,England,FW,Tottenham,21,2004,2,0,9,0.1,0,0,0,0,0,0,0,0,0.0,0.0,0.0,0.0,0.0,False,2025-26,2025,0.0,4,69,34.0,-25.0,0.5555555555555556,2.5,0.0,441,38.0,50.421052631578945,11.447368421052632,3.8421052631578947,12.289473684210526,48.0,57.0,0.4822616407982262,,,,False
Dango Ouattara,Burkina Faso,MF,Bournemouth,20,2002,19,15,1241,13.8,1,3,4,1,0,0,1,0,0.07246376811594203,0.21739130434782608,0.2898550724637681,0.07246376811594203,0.2898550724637681,False,2022-23,2022,0.2898550724637681,1,1241,,,0.2898550724637681,,,400,38.0,40.078947368421055,9.394736842105264,3.5,16.473684210526315,37.0,71.0,0.3631739572736521,0.21897810218978103,13.7,2023-24,True
Dango Ouattara,Burkina Faso,"DF,MF",Bournemouth,21,2002,30,12,1229,13.7,1,2,3,1,0,0,3,0,0.07299270072992702,0.14598540145985403,0.21897810218978103,0.07299270072992702,0.21897810218978103,False,2023-24,2023,0.21897810218978103,2,2470,1241.0,-12.0,0.24260375894777672,0.2898550724637681,,441,38.0,44.05263157894737,14.263157894736842,4.868421052631579,13.973684210526315,54.0,67.0,0.5051258154706431,0.49327354260089684,22.3,2024-25,True
Dango Ouattara,Burkina Faso,"MF,FW",Bournemouth,22,2002,32,21,2005,22.3,7,4,11,7,0,0,3,0,0.3139013452914798,0.17937219730941703,0.49327354260089684,0.3139013452914798,0.49327354260089684,False,2024-25,2024,0.49327354260089684,3,4475,1229.0,776.0,0.4097169480498568,0.21897810218978103,0.2898550724637681,484,38.0,48.578947368421055,15.263157894736842,5.315789473684211,12.842105263157896,58.0,46.0,0.5430711610486891,0.3952569169960474,25.3,2025-26,True
Dango Ouattara,Burkina Faso,MF,Brentford,23,2002,32,25,2276,25.3,7,3,10,7,0,0,5,0,0.2766798418972332,0.11857707509881422,0.3952569169960474,0.2766798418972332,0.3952569169960474,False,2025-26,2025,0.3952569169960474,4,6751,2005.0,271.0,0.4000769273473172,0.49327354260089684,0.21897810218978103,529,38.0,47.5,10.657894736842104,3.8684210526315788,13.263157894736842,55.0,52.0,0.44554455445544555,,,,False
Daniel Amartey,Ghana,DF,Leicester City,26,1994,28,23,2123,23.6,0,0,0,0,0,0,4,0,0.0,0.0,0.0,0.0,0.0,False,2021-22,2021,0.0,1,2123,,,0.0,,,676,,,,,,,,,0.0,17.9,2022-23,True
Daniel Amartey,Ghana,DF,Leicester City,27,1994,20,18,1610,17.9,0,0,0,0,0,0,1,0,0.0,0.0,0.0,0.0,0.0,False,2022-23,2022,0.0,2,3733,2123.0,-513.0,0.0,0.0,,729,,,,,,,,,,,,False
Daniel Bachmann,Austria,GK,Watford,27,1994,12,12,1080,12.0,0,0,0,0,0,0,0,0,0.0,0.0,0.0,0.0,0.0,False,2021-22,2021,0.0,1,1080,,,0.0,,,729,,,,,,,,,,,,False
Daniel Ballard,Northern Ireland,DF,Sunderland,25,1999,29,24,2149,23.9,2,0,2,2,0,0,4,1,0.08368200836820085,0.0,0.08368200836820085,0.08368200836820085,0.08368200836820085,False,2025-26,2025,0.08368200836820085,1,2149,,,0.08368200836820085,,,625,38.0,44.89473684210526,10.421052631578947,3.4210526315789473,14.210526315789474,42.0,48.0,0.4230769230769231,,,,False
Daniel Bentley,England,GK,Wolves,29,1993,2,2,180,2.0,0,0,0,0,0,0,0,0,0.0,0.0,0.0,0.0,0.0,False,2022-23,2022,0.0,1,180,,,0.0,,,841,,,,,,,,,0.0,4.3,2023-24,True
Daniel Bentley,England,GK,Wolves,30,1993,5,3,383,4.3,0,0,0,0,0,0,0,0,0.0,0.0,0.0,0.0,0.0,False,2023-24,2023,0.0,2,563,180.0,203.0,0.0,0.0,,900,,,,,,,,,0.0,2.0,2024-25,False
Daniel Bentley,England,GK,Wolves,31,1993,2,2,180,2.0,0,0,0,0,0,0,0,0,0.0,0.0,0.0,0.0,0.0,False,2024-25,2024,0.0,3,743,383.0,-203.0,0.0,0.0,0.0,961,,,,,,,,,0.0,3.0,2025-26,True
Daniel Bentley,England,GK,Wolves,32,1993,3,3,270,3.0,0,0,0,0,0,0,0,0,0.0,0.0,0.0,0.0,0.0,False,2025-26,2025,0.0,4,1013,180.0,90.0,0.0,0.0,0.0,1024,,,,,,,,,,,,False
Daniel Chesters,England,MF,West Ham,19,2002,1,0,1,0.0,0,0,0,0,0,0,0,0,0.0,0.0,0.0,0.0,0.0,False,2021-22,2021,0.0,1,1,,,0.0,,,361,,,,,,,,,,,,False
Daniel Gore,England,MF,Manchester Utd,18,2004,1,0,1,0.0,0,0,0,0,0,0,0,0,0.0,0.0,0.0,0.0,0.0,False,2023-24,2023,0.0,1,1,,,0.0,,,324,38.0,50.526315789473685,14.473684210526315,5.078947368421052,17.55263157894737,57.0,58.0,0.4519309778142974,,,,False
Daniel Iversen,Denmark,GK,Leicester City,25,1997,12,12,1080,12.0,0,0,0,0,0,0,0,0,0.0,0.0,0.0,0.0,0.0,False,2022-23,2022,0.0,1,1080,,,0.0,,,625,,,,,,,,,,,,False
Daniel James,Wales,"FW,MF",Leeds United,27,1997,19,6,559,6.2,0,0,0,0,0,0,0,0,0.0,0.0,0.0,0.0,0.0,False,2025-26,2025,0.0,1,559,,,0.0,,,729,38.0,45.73684210526316,12.552631578947368,3.973684210526316,12.526315789473685,49.0,56.0,0.5005246589716683,,,,False
Daniel JamesDaniel James,Wales,"FW,MF",Manchester Utd,23,1997,34,31,2492,27.7,4,4,8,4,0,0,7,1,0.1444043321299639,0.1444043321299639,0.2888086642599278,0.1444043321299639,0.2888086642599278,False,2021-22,2021,0.2888086642599278,1,2492,,,0.2888086642599278,,,529,38.0,52.921052631578945,13.368421052631579,4.921052631578948,13.447368421052632,57.0,57.0,0.4985279685966634,0.3296703296703296,9.100000000000001,2022-23,True
Daniel JamesDaniel James,Wales,"MF,FW",Leeds United,24,1997,24,7,819,9.100000000000001,2,1,3,2,0,0,0,0,0.21978021978021975,0.10989010989010987,0.3296703296703296,0.21978021978021975,0.3296703296703296,False,2022-23,2022,0.3296703296703296,2,3311,2492.0,-1673.0,0.316049774533529,0.2888086642599278,,576,38.0,46.94736842105263,12.157894736842104,3.8157894736842106,13.868421052631579,48.0,78.0,0.4671385237613751,,,,False
Daniel Jebbison,Canada,FW,Sheffield United,19,2003,1,0,21,0.2,0,0,0,0,0,0,0,0,0.0,0.0,0.0,0.0,0.0,False,2023-24,2023,0.0,1,21,,,0.0,,,361,,,,,,,,,0.7692307692307692,1.3,2024-25,False
Daniel Jebbison,Canada,FW,Bournemouth,20,2003,16,0,119,1.3,1,0,1,1,0,0,1,0,0.7692307692307692,0.0,0.7692307692307692,0.7692307692307692,0.7692307692307692,False,2024-25,2024,0.7692307692307692,2,140,21.0,98.0,0.5128205128205128,0.0,,400,38.0,48.578947368421055,15.263157894736842,5.315789473684211,12.842105263157896,58.0,46.0,0.5430711610486891,,,,False
Daniel Muñoz,Colombia,"MF,DF",Crystal Palace,27,1996,16,16,1439,16.0,0,4,4,0,0,0,4,0,0.0,0.25,0.25,0.0,0.25,False,2023-24,2023,0.25,1,1439,,,0.25,,,729,38.0,42.1578947368421,12.0,4.447368421052632,12.078947368421053,57.0,58.0,0.4983606557377049,0.25069637883008355,35.9,2024-25,True
Daniel Muñoz,Colombia,MF,Crystal Palace,28,1996,37,37,3228,35.9,4,5,9,4,0,0,10,0,0.11142061281337048,0.1392757660167131,0.25069637883008355,0.11142061281337048,0.25069637883008355,False,2024-25,2024,0.25069637883008355,2,4667,1439.0,1789.0,0.250464252553389,0.25,,784,38.0,42.5,13.552631578947368,4.894736842105263,12.710526315789474,51.0,51.0,0.5160320641282565,0.2621722846441948,26.7,2025-26,True
Daniel Muñoz,Colombia,MF,Crystal Palace,29,1996,29,29,2399,26.7,4,3,7,4,0,0,7,0,0.149812734082397,0.11235955056179775,0.2621722846441948,0.149812734082397,0.2621722846441948,False,2025-26,2025,0.2621722846441948,3,7066,3228.0,-829.0,0.25826960728059284,0.25069637883008355,0.25,841,38.0,45.89473684210526,11.631578947368421,3.710526315789474,11.710526315789474,41.0,51.0,0.49830890642615555,,,,False
Daniel Podence,Portugal,"FW,MF",Wolves,25,1995,26,15,1484,16.5,2,3,5,2,0,0,2,0,0.12121212121212122,0.18181818181818182,0.30303030303030304,0.12121212121212122,0.30303030303030304,False,2021-22,2021,0.30303030303030304,1,1484,,,0.30303030303030304,,,625,,,,,,,,,0.30456852791878175,19.7,2022-23,True
Daniel Podence,Portugal,"MF,FW",Wolves,26,1995,32,20,1771,19.7,6,0,6,6,0,0,5,0,0.30456852791878175,0.0,0.30456852791878175,0.30456852791878175,0.30456852791878175,False,2022-23,2022,0.30456852791878175,2,3255,1484.0,287.0,0.30405578628928887,0.30303030303030304,,676,,,,,,,,,0.0,0.5,2024-25,False
Daniel Podence,Portugal,"FW,MF",Wolves,28,1995,2,0,48,0.5,0,0,0,0,0,0,0,0,0.0,0.0,0.0,0.0,0.0,False,2024-25,2024,0.0,3,3303,1771.0,-1723.0,0.1013519287630963,0.30456852791878175,0.30303030303030304,784,,,,,,,,,,,,False
Danilo Santos,Brazil,MF,Nottingham,21,2001,13,12,976,10.8,3,2,5,3,0,0,1,0,0.27777777777777773,0.18518518518518517,0.4629629629629629,0.27777777777777773,0.4629629629629629,False,2022-23,2022,0.4629629629629629,1,976,,,0.4629629629629629,,,441,38.0,37.21052631578947,9.68421052631579,3.1052631578947367,14.657894736842104,38.0,68.0,0.3978378378378378,0.20100502512562815,19.9,2023-24,True
Danilo Santos,Brazil,MF,Nottingham,22,2001,29,20,1792,19.9,2,2,4,2,0,0,4,0,0.10050251256281408,0.10050251256281408,0.20100502512562815,0.10050251256281408,0.20100502512562815,False,2023-24,2023,0.20100502512562815,2,2768,976.0,816.0,0.2883243377380731,0.4629629629629629,,484,38.0,40.21052631578947,11.868421052631579,3.8947368421052633,13.421052631578947,49.0,67.0,0.46930280957336107,0.0,3.1,2024-25,True
Danilo Santos,Brazil,MF,Nottingham,23,2001,8,5,275,3.1,0,0,0,0,0,0,0,0,0.0,0.0,0.0,0.0,0.0,False,2024-25,2024,0.0,3,3043,1792.0,-1517.0,0.09610811257935771,0.20100502512562815,0.4629629629629629,529,38.0,40.921052631578945,12.18421052631579,4.368421052631579,13.973684210526315,58.0,46.0,0.4657947686116701,,,,False
Danny Ings,England,FW,Aston Villa,29,1992,30,22,1898,21.1,7,6,13,6,1,1,4,0,0.33175355450236965,0.2843601895734597,0.6161137440758293,0.2843601895734597,0.5687203791469193,False,2021-22,2021,0.6161137440758293,1,1898,,,0.6161137440758293,,,841,38.0,46.473684210526315,12.210526315789474,4.2631578947368425,12.552631578947368,52.0,54.0,0.49309245483528164,0.2222222222222222,4.5,2023-24,True
Danny Ings,England,"FW,MF",West Ham,31,1992,20,3,404,4.5,1,0,1,1,0,0,1,0,0.2222222222222222,0.0,0.2222222222222222,0.2222222222222222,0.2222222222222222,False,2023-24,2023,0.2222222222222222,2,2302,1898.0,-1494.0,0.3535193961734246,0.6161137440758293,,961,,,,,,,,,0.9375,3.2,2024-25,True
Danny Ings,England,FW,West Ham,32,1992,15,1,284,3.2,1,2,3,1,0,0,0,0,0.3125,0.625,0.9375,0.3125,0.9375,False,2024-25,2024,0.9375,3,2586,404.0,-120.0,0.7428397987244749,0.2222222222222222,0.6161137440758293,1024,,,,,,,,,,,,False
Danny IngsDanny Ings,England,FW,West Ham,30,1992,35,15,1599,17.799999999999997,8,2,10,6,2,2,4,0,0.4494382022471911,0.11235955056179778,0.5617977528089888,0.3370786516853933,0.449438202247191,False,2022-23,2022,0.5617977528089888,1,1599,,,0.5617977528089888,,,900,,,,,,,,,,,,False
Danny Rose,England,DF,Watford,31,1990,8,7,689,7.7,0,0,0,0,0,0,4,0,0.0,0.0,0.0,0.0,0.0,False,2021-22,2021,0.0,1,689,,,0.0,,,961,,,,,,,,,,,,False
Danny Ward,Wales,GK,Leicester City,28,1993,1,1,90,1.0,0,0,0,0,0,0,0,0,0.0,0.0,0.0,0.0,0.0,False,2021-22,2021,0.0,1,90,,,0.0,,,784,,,,,,,,,0.0,26.0,2022-23,True
Danny Ward,Wales,GK,Leicester City,29,1993,26,26,2340,26.0,0,0,0,0,0,0,0,0,0.0,0.0,0.0,0.0,0.0,False,2022-23,2022,0.0,2,2430,90.0,2250.0,0.0,0.0,,841,,,,,,,,,0.0,1.5,2024-25,False
Danny Ward,Wales,GK,Leicester City,31,1993,2,1,135,1.5,0,0,0,0,0,0,0,0,0.0,0.0,0.0,0.0,0.0,False,2024-25,2024,0.0,3,2565,2340.0,-2205.0,0.0,0.0,0.0,961,,,,,,,,,,,,False
Danny Welbeck,England,"FW,MF",Brighton,30,1990,25,15,1478,16.4,6,2,8,6,0,0,0,0,0.3658536585365854,0.12195121951219513,0.48780487804878053,0.3658536585365854,0.48780487804878053,False,2021-22,2021,0.48780487804878053,1,1478,,,0.48780487804878053,,,900,38.0,54.73684210526316,12.868421052631579,4.0,12.526315789473685,42.0,44.0,0.5067357512953368,0.4368932038834951,20.6,2022-23,True
Danny Welbeck,England,FW,Brighton,31,1990,31,21,1854,20.6,6,3,9,6,0,0,0,0,0.2912621359223301,0.14563106796116504,0.4368932038834951,0.2912621359223301,0.4368932038834951,False,2022-23,2022,0.4368932038834951,2,3332,1478.0,376.0,0.45386376193859024,0.48780487804878053,,961,38.0,60.526315789473685,16.105263157894736,6.078947368421052,10.210526315789474,72.0,53.0,0.612,0.3191489361702127,18.8,2023-24,True
Danny Welbeck,England,"FW,MF",Brighton,32,1990,29,21,1693,18.8,5,1,6,5,0,0,4,0,0.26595744680851063,0.05319148936170213,0.3191489361702127,0.26595744680851063,0.3191489361702127,False,2023-24,2023,0.3191489361702127,3,5025,1854.0,-161.0,0.36405387809300527,0.4368932038834951,0.48780487804878053,1024,38.0,60.3421052631579,14.789473684210526,5.473684210526316,12.289473684210526,55.0,62.0,0.5461613216715258,0.5957446808510638,23.5,2024-25,True
Danny Welbeck,England,FW,Brighton,33,1990,30,24,2115,23.5,10,4,14,9,1,1,5,0,0.425531914893617,0.1702127659574468,0.5957446808510638,0.3829787234042553,0.5531914893617021,False,2024-25,2024,0.5957446808510638,4,7140,1693.0,422.0,0.5185144132650443,0.3191489361702127,0.4368932038834951,1089,38.0,52.63157894736842,14.026315789473685,5.026315789473684,11.236842105263158,66.0,59.0,0.5552083333333333,0.5577689243027888,25.1,2025-26,True
Danny Welbeck,England,FW,Brighton,34,1990,37,26,2258,25.1,13,1,14,12,1,3,5,0,0.5179282868525896,0.0398406374501992,0.5577689243027888,0.4780876494023904,0.5179282868525896,False,2025-26,2025,0.5577689243027888,5,9398,2115.0,143.0,0.5446840872902073,0.5957446808510638,0.3191489361702127,1156,38.0,53.94736842105263,13.0,4.631578947368421,11.68421052631579,52.0,46.0,0.5266524520255864,,,,False
Dara O'Shea,Ireland,DF,Burnley,24,1999,33,32,2892,32.1,3,4,7,3,0,0,5,1,0.09345794392523364,0.12461059190031153,0.21806853582554517,0.09345794392523364,0.21806853582554517,False,2023-24,2023,0.21806853582554517,1,2892,,,0.21806853582554517,,,576,,,,,,,,,0.05763688760806916,34.7,2024-25,True
Dara O'Shea,Ireland,DF,Ipswich Town,25,1999,35,35,3122,34.7,0,2,2,0,0,0,6,0,0.0,0.05763688760806916,0.05763688760806916,0.0,0.05763688760806916,False,2024-25,2024,0.05763688760806916,2,6014,2892.0,230.0,0.11111410368056118,0.21806853582554517,,625,38.0,40.39473684210526,9.894736842105264,3.3421052631578947,15.973684210526315,36.0,82.0,0.38250254323499494,,,,False
Dario Essugo,Portugal,MF,Chelsea,20,2005,3,0,30,0.3,0,0,0,0,0,0,2,0,0.0,0.0,0.0,0.0,0.0,False,2025-26,2025,0.0,1,30,,,0.0,,,400,38.0,57.73684210526316,13.394736842105264,4.368421052631579,10.947368421052632,58.0,52.0,0.5502702702702702,,,,False
Darko Gyabi,England,MF,Leeds United,18,2004,1,0,8,0.1,0,0,0,0,0,0,0,0,0.0,0.0,0.0,0.0,0.0,False,2022-23,2022,0.0,1,8,,,0.0,,,324,38.0,46.94736842105263,12.157894736842104,3.8157894736842106,13.868421052631579,48.0,78.0,0.4671385237613751,,,,False
Darwin Núñez,Uruguay,FW,Liverpool,23,1999,29,19,1695,18.8,9,3,12,9,0,0,1,1,0.4787234042553191,0.15957446808510636,0.6382978723404255,0.4787234042553191,0.6382978723404255,False,2022-23,2022,0.6382978723404255,1,1695,,,0.6382978723404255,,,529,38.0,61.10526315789474,15.921052631578947,5.578947368421052,9.710526315789474,75.0,47.0,0.6211498973305954,0.8370044052863437,22.7,2023-24,True
Darwin Núñez,Uruguay,FW,Liverpool,24,1999,36,22,2047,22.7,11,8,19,11,0,1,9,0,0.4845814977973568,0.3524229074889868,0.8370044052863437,0.4845814977973568,0.8370044052863437,False,2023-24,2023,0.8370044052863437,2,3742,1695.0,352.0,0.7707688943043709,0.6382978723404255,,576,38.0,61.78947368421053,20.789473684210527,7.2894736842105265,10.894736842105264,86.0,41.0,0.6561461794019934,0.5555555555555556,12.6,2024-25,True
Darwin Núñez,Uruguay,FW,Liverpool,25,1999,30,8,1133,12.6,5,2,7,5,0,0,8,0,0.39682539682539686,0.15873015873015872,0.5555555555555556,0.39682539682539686,0.5555555555555556,False,2024-25,2024,0.5555555555555556,3,4875,2047.0,-914.0,0.627293335138494,0.8370044052863437,0.6382978723404255,625,38.0,58.078947368421055,17.026315789473685,6.078947368421052,10.18421052631579,86.0,41.0,0.625725338491296,,,,False
David Brooks,Wales,MF,Bournemouth,25,1997,6,2,173,1.9,0,0,0,0,0,0,1,0,0.0,0.0,0.0,0.0,0.0,False,2022-23,2022,0.0,1,173,,,0.0,,,625,38.0,40.078947368421055,9.394736842105264,3.5,16.473684210526315,37.0,71.0,0.3631739572736521,0.6451612903225806,3.1,2023-24,True
David Brooks,Wales,MF,Bournemouth,26,1997,13,2,282,3.1,1,1,2,1,0,0,1,0,0.3225806451612903,0.3225806451612903,0.6451612903225806,0.3225806451612903,0.6451612903225806,False,2023-24,2023,0.6451612903225806,2,455,173.0,109.0,0.4301075268817204,0.0,,676,38.0,44.05263157894737,14.263157894736842,4.868421052631579,13.973684210526315,54.0,67.0,0.5051258154706431,0.1869158878504673,10.7,2024-25,True
David Brooks,Wales,MF,Bournemouth,27,1997,29,9,960,10.7,2,0,2,2,0,0,3,0,0.1869158878504673,0.0,0.1869158878504673,0.1869158878504673,0.1869158878504673,False,2024-25,2024,0.1869158878504673,3,1415,282.0,678.0,0.2679797675275517,0.6451612903225806,0.0,729,38.0,48.578947368421055,15.263157894736842,5.315789473684211,12.842105263157896,58.0,46.0,0.5430711610486891,0.29850746268656714,13.4,2025-26,True
David Brooks,Wales,MF,Bournemouth,28,1997,31,13,1204,13.4,1,3,4,1,0,0,7,0,0.07462686567164178,0.22388059701492538,0.29850746268656714,0.07462686567164178,0.29850746268656714,False,2025-26,2025,0.29850746268656714,4,2619,960.0,244.0,0.28833156430022866,0.1869158878504673,0.6451612903225806,784,38.0,50.078947368421055,13.842105263157896,4.684210526315789,12.631578947368421,58.0,54.0,0.5228628230616302,,,,False
David Datro Fofana,Ivory Coast,FW,Chelsea,19,2002,3,1,70,0.8,0,0,0,0,0,0,0,0,0.0,0.0,0.0,0.0,0.0,False,2022-23,2022,0.0,1,70,,,0.0,,,361,38.0,59.026315789473685,12.736842105263158,4.157894736842105,11.526315789473685,38.0,47.0,0.5249457700650759,0.5102040816326531,9.8,2023-24,True
David Datro Fofana,Ivory Coast,FW,Burnley,20,2002,15,10,879,9.8,4,1,5,4,0,0,1,0,0.4081632653061224,0.1020408163265306,0.5102040816326531,0.4081632653061224,0.5102040816326531,False,2023-24,2023,0.5102040816326531,2,949,70.0,809.0,0.3401360544217687,0.0,,400,,,,,,,,,,,,False
David Møller Wolfe,Norway,"MF,DF",Wolves,23,2002,22,11,1049,11.7,0,2,2,0,0,0,1,0,0.0,0.17094017094017094,0.17094017094017094,0.0,0.17094017094017094,False,2025-26,2025,0.17094017094017094,1,1049,,,0.17094017094017094,,,529,,,,,,,,,,,,False
David Ozoh,England,MF,Crystal Palace,17,2005,1,0,1,0.0,0,0,0,0,0,0,0,0,0.0,0.0,0.0,0.0,0.0,False,2022-23,2022,0.0,1,1,,,0.0,,,289,38.0,46.13157894736842,11.18421052631579,3.5789473684210527,12.0,40.0,49.0,0.48240635641316687,0.0,1.7,2023-24,False
David Ozoh,England,MF,Crystal Palace,18,2005,9,0,156,1.7,0,0,0,0,0,0,1,0,0.0,0.0,0.0,0.0,0.0,False,2023-24,2023,0.0,2,157,1.0,155.0,0.0,0.0,,324,38.0,42.1578947368421,12.0,4.447368421052632,12.078947368421053,57.0,58.0,0.4983606557377049,,,,False
David Raya,Spain,GK,Brentford,25,1995,24,24,2160,24.0,0,0,0,0,0,0,1,0,0.0,0.0,0.0,0.0,0.0,False,2021-22,2021,0.0,1,2160,,,0.0,,,625,38.0,44.5,11.631578947368421,4.052631578947368,13.210526315789474,48.0,56.0,0.4682203389830508,0.0,38.0,2022-23,True
David Raya,Spain,GK,Brentford,26,1995,38,38,3420,38.0,0,0,0,0,0,0,1,0,0.0,0.0,0.0,0.0,0.0,False,2022-23,2022,0.0,2,5580,2160.0,1260.0,0.0,0.0,,676,38.0,43.39473684210526,10.710526315789474,4.2631578947368425,14.763157894736842,58.0,46.0,0.42045454545454547,0.0,32.0,2023-24,True
David Raya,Spain,GK,Arsenal,27,1995,32,32,2880,32.0,0,0,0,0,0,0,2,0,0.0,0.0,0.0,0.0,0.0,False,2023-24,2023,0.0,3,8460,3420.0,-540.0,0.0,0.0,0.0,729,38.0,58.63157894736842,17.263157894736842,5.973684210526316,8.473684210526315,91.0,29.0,0.6707566462167689,0.0,38.0,2024-25,True
David Raya,Spain,GK,Arsenal,28,1995,38,38,3420,38.0,0,0,0,0,0,0,3,0,0.0,0.0,0.0,0.0,0.0,False,2024-25,2024,0.0,4,11880,2880.0,540.0,0.0,0.0,0.0,784,38.0,57.18421052631579,14.394736842105264,4.947368421052632,9.526315789473685,69.0,34.0,0.6017601760176018,0.0,37.0,2025-26,True
David Raya,Spain,GK,Arsenal,29,1995,37,37,3330,37.0,0,0,0,0,0,0,1,0,0.0,0.0,0.0,0.0,0.0,False,2025-26,2025,0.0,5,15210,3420.0,-90.0,0.0,0.0,0.0,841,38.0,56.44736842105263,14.526315789473685,4.894736842105263,8.157894736842104,71.0,27.0,0.640371229698376,,,,False
David de Gea,Spain,GK,Manchester Utd,30,1990,38,38,3420,38.0,0,0,0,0,0,0,0,0,0.0,0.0,0.0,0.0,0.0,False,2021-22,2021,0.0,1,3420,,,0.0,,,900,38.0,52.921052631578945,13.368421052631579,4.921052631578948,13.447368421052632,57.0,57.0,0.4985279685966634,0.0,38.0,2022-23,True
David de Gea,Spain,GK,Manchester Utd,31,1990,38,38,3420,38.0,0,0,0,0,0,0,0,0,0.0,0.0,0.0,0.0,0.0,False,2022-23,2022,0.0,2,6840,3420.0,0.0,0.0,0.0,,961,38.0,53.973684210526315,15.578947368421053,5.631578947368421,12.657894736842104,58.0,43.0,0.5517241379310345,,,,False
Davinson Sánchez,Colombia,DF,Tottenham,25,1996,23,17,1631,18.1,2,0,2,2,0,0,4,0,0.11049723756906077,0.0,0.11049723756906077,0.11049723756906077,0.11049723756906077,False,2021-22,2021,0.11049723756906077,1,1631,,,0.11049723756906077,,,625,38.0,52.0,12.921052631578947,5.184210526315789,12.921052631578947,69.0,40.0,0.5,0.0,9.5,2022-23,True
Davinson Sánchez,Colombia,DF,Tottenham,26,1996,18,8,858,9.5,0,0,0,0,0,0,1,0,0.0,0.0,0.0,0.0,0.0,False,2022-23,2022,0.0,2,2489,1631.0,-773.0,0.03683241252302026,0.11049723756906077,,676,38.0,49.94736842105263,13.68421052631579,5.2631578947368425,13.68421052631579,70.0,63.0,0.5,0.0,0.9,2023-24,False
Davinson Sánchez,Colombia,DF,Tottenham,27,1996,1,0,77,0.9,0,0,0,0,0,0,1,0,0.0,0.0,0.0,0.0,0.0,False,2023-24,2023,0.0,3,2566,858.0,-781.0,0.012277470841006754,0.0,0.11049723756906077,729,38.0,62.05263157894737,15.31578947368421,5.631578947368421,12.789473684210526,74.0,61.0,0.5449438202247191,,,,False
Dean Henderson,England,GK,Nottingham,25,1997,18,18,1620,18.0,0,0,0,0,0,0,2,0,0.0,0.0,0.0,0.0,0.0,False,2022-23,2022,0.0,1,1620,,,0.0,,,625,38.0,37.21052631578947,9.68421052631579,3.1052631578947367,14.657894736842104,38.0,68.0,0.3978378378378378,0.0,18.0,2023-24,True
Dean Henderson,England,GK,Crystal Palace,26,1997,18,18,1620,18.0,0,0,0,0,0,0,2,0,0.0,0.0,0.0,0.0,0.0,False,2023-24,2023,0.0,2,3240,1620.0,0.0,0.0,0.0,,676,38.0,42.1578947368421,12.0,4.447368421052632,12.078947368421053,57.0,58.0,0.4983606557377049,0.0,38.0,2024-25,True
Dean Henderson,England,GK,Crystal Palace,27,1997,38,38,3420,38.0,0,0,0,0,0,0,3,0,0.0,0.0,0.0,0.0,0.0,False,2024-25,2024,0.0,3,6660,1620.0,1800.0,0.0,0.0,0.0,729,38.0,42.5,13.552631578947368,4.894736842105263,12.710526315789474,51.0,51.0,0.5160320641282565,0.0,37.0,2025-26,True
Dean Henderson,England,GK,Crystal Palace,28,1997,37,37,3330,37.0,0,0,0,0,0,0,5,0,0.0,0.0,0.0,0.0,0.0,False,2025-26,2025,0.0,4,9990,3420.0,-90.0,0.0,0.0,0.0,784,38.0,45.89473684210526,11.631578947368421,3.710526315789474,11.710526315789474,41.0,51.0,0.49830890642615555,,,,False
Dean Huijsen,Spain,DF,Bournemouth,19,2005,32,26,2427,27.0,3,2,5,3,0,0,10,0,0.1111111111111111,0.07407407407407407,0.18518518518518517,0.1111111111111111,0.18518518518518517,False,2024-25,2024,0.18518518518518517,1,2427,,,0.18518518518518517,,,361,38.0,48.578947368421055,15.263157894736842,5.315789473684211,12.842105263157896,58.0,46.0,0.5430711610486891,,,,False
Declan Rice,England,MF,West Ham,22,1999,36,35,3179,35.3,1,4,5,1,0,0,8,0,0.028328611898017,0.113314447592068,0.141643059490085,0.028328611898017,0.141643059490085,False,2021-22,2021,0.141643059490085,1,3179,,,0.141643059490085,,,484,,,,,,,,,0.16483516483516483,36.4,2022-23,True
Declan Rice,England,MF,West Ham,23,1999,37,36,3273,36.4,4,2,6,4,0,1,5,0,0.10989010989010989,0.054945054945054944,0.16483516483516483,0.10989010989010989,0.16483516483516483,False,2022-23,2022,0.16483516483516483,2,6452,3179.0,94.0,0.15710446305347156,0.141643059490085,,529,,,,,,,,,0.4189944134078213,35.8,2023-24,True
Declan Rice,England,MF,Arsenal,24,1999,38,37,3225,35.8,7,8,15,7,0,0,5,0,0.19553072625698326,0.223463687150838,0.4189944134078213,0.19553072625698326,0.4189944134078213,False,2023-24,2023,0.4189944134078213,3,9677,3273.0,-48.0,0.33169776328970474,0.16483516483516483,0.141643059490085,576,38.0,58.63157894736842,17.263157894736842,5.973684210526316,8.473684210526315,91.0,29.0,0.6707566462167689,0.35031847133757965,31.4,2024-25,True
Declan Rice,England,MF,Arsenal,25,1999,35,33,2825,31.4,4,7,11,4,0,0,7,1,0.12738853503184713,0.2229299363057325,0.35031847133757965,0.12738853503184713,0.35031847133757965,False,2024-25,2024,0.35031847133757965,4,12502,3225.0,-400.0,0.3441115686549547,0.4189944134078213,0.16483516483516483,625,38.0,57.18421052631579,14.394736842105264,4.947368421052632,9.526315789473685,69.0,34.0,0.6017601760176018,0.2616279069767442,34.4,2025-26,True
Declan Rice,England,MF,Arsenal,26,1999,36,35,3094,34.4,4,5,9,4,0,0,3,0,0.11627906976744186,0.14534883720930233,0.2616279069767442,0.11627906976744186,0.2616279069767442,False,2025-26,2025,0.2616279069767442,5,15596,2825.0,269.0,0.289122460869481,0.35031847133757965,0.4189944134078213,676,38.0,56.44736842105263,14.526315789473685,4.894736842105263,8.157894736842104,71.0,27.0,0.640371229698376,,,,False
Deivid Washington,Brazil,FW,Chelsea,18,2005,2,0,13,0.1,0,0,0,0,0,0,0,0,0.0,0.0,0.0,0.0,0.0,False,2023-24,2023,0.0,1,13,,,0.0,,,324,38.0,59.0,14.421052631578947,5.657894736842105,14.631578947368421,77.0,63.0,0.4963768115942029,,,,False
Dejan Kulusevski,Sweden,"MF,FW",Tottenham,21,2000,18,14,1261,14.0,5,8,13,5,0,0,3,0,0.35714285714285715,0.5714285714285714,0.9285714285714286,0.35714285714285715,0.9285714285714286,False,2021-22,2021,0.9285714285714286,1,1261,,,0.9285714285714286,,,441,38.0,52.0,12.921052631578947,5.184210526315789,12.921052631578947,69.0,40.0,0.5,0.391304347826087,23.0,2022-23,True
Dejan Kulusevski,Sweden,"MF,FW",Tottenham,22,2000,30,23,2067,23.0,2,7,9,2,0,0,2,0,0.08695652173913043,0.30434782608695654,0.391304347826087,0.08695652173913043,0.391304347826087,False,2022-23,2022,0.391304347826087,2,3328,1261.0,806.0,0.5703933747412009,0.9285714285714286,,484,38.0,49.94736842105263,13.68421052631579,5.2631578947368425,13.68421052631579,70.0,63.0,0.5,0.3583061889250814,30.7,2023-24,True
Dejan Kulusevski,Sweden,"MF,FW",Tottenham,23,2000,36,31,2762,30.7,8,3,11,8,0,0,7,0,0.26058631921824105,0.09771986970684039,0.3583061889250814,0.26058631921824105,0.3583061889250814,False,2023-24,2023,0.3583061889250814,3,6090,2067.0,695.0,0.4290019175304546,0.391304347826087,0.9285714285714286,529,38.0,62.05263157894737,15.31578947368421,5.631578947368421,12.789473684210526,74.0,61.0,0.5449438202247191,0.41509433962264153,26.5,2024-25,True
Dejan Kulusevski,Sweden,"MF,FW",Tottenham,24,2000,32,27,2389,26.5,7,4,11,7,0,0,3,0,0.2641509433962264,0.1509433962264151,0.41509433962264153,0.2641509433962264,0.41509433962264153,False,2024-25,2024,0.41509433962264153,4,8479,2762.0,-373.0,0.4197301989252459,0.3583061889250814,0.391304347826087,576,38.0,54.76315789473684,13.078947368421053,4.868421052631579,13.736842105263158,64.0,65.0,0.4877330716388616,,,,False
Dele Alli,England,"FW,MF",Everton,26,1996,2,0,40,0.4,0,0,0,0,0,0,0,0,0.0,0.0,0.0,0.0,0.0,False,2022-23,2022,0.0,1,40,,,0.0,,,676,38.0,42.578947368421055,11.289473684210526,4.0,15.105263157894736,34.0,57.0,0.42771684945164506,,,,False
Dele AlliDele Alli,England,MF,Tottenham,25,1996,21,9,995,11.1,1,0,1,0,1,1,4,0,0.0900900900900901,0.0,0.0900900900900901,0.0,0.0,False,2021-22,2021,0.0900900900900901,1,995,,,0.0900900900900901,,,625,38.0,52.0,12.921052631578947,5.184210526315789,12.921052631578947,69.0,40.0,0.5,,,,False
Demarai Gray,Jamaica,"MF,FW",Everton,25,1996,34,28,2338,26.0,5,4,9,5,0,0,3,0,0.19230769230769232,0.15384615384615385,0.34615384615384615,0.19230769230769232,0.34615384615384615,False,2021-22,2021,0.34615384615384615,1,2338,,,0.34615384615384615,,,625,38.0,39.68421052631579,11.526315789473685,3.6315789473684212,13.710526315789474,43.0,66.0,0.45672575599582904,0.17921146953405018,27.9,2022-23,True
Demarai Gray,Jamaica,"FW,MF",Everton,26,1996,33,27,2507,27.9,4,1,5,2,2,2,3,0,0.14336917562724016,0.03584229390681004,0.17921146953405018,0.07168458781362008,0.1075268817204301,False,2022-23,2022,0.17921146953405018,2,4845,2338.0,169.0,0.2348589284073155,0.34615384615384615,,676,38.0,42.578947368421055,11.289473684210526,4.0,15.105263157894736,34.0,57.0,0.42771684945164506,,,,False
Denis Zakaria,Switzerland,MF,Chelsea,25,1996,7,5,411,4.6,0,0,0,0,0,0,0,0,0.0,0.0,0.0,0.0,0.0,False,2022-23,2022,0.0,1,411,,,0.0,,,625,38.0,59.026315789473685,12.736842105263158,4.157894736842105,11.526315789473685,38.0,47.0,0.5249457700650759,,,,False
Deniz Undav,Germany,"MF,FW",Brighton,26,1996,22,6,628,7.0,5,0,5,5,0,0,2,0,0.7142857142857143,0.0,0.7142857142857143,0.7142857142857143,0.7142857142857143,False,2022-23,2022,0.7142857142857143,1,628,,,0.7142857142857143,,,676,38.0,60.526315789473685,16.105263157894736,6.078947368421052,10.210526315789474,72.0,53.0,0.612,,,,False
Dennis Cirkin,Latvia,DF,Sunderland,23,2002,8,3,323,3.6,0,0,0,0,0,0,2,0,0.0,0.0,0.0,0.0,0.0,False,2025-26,2025,0.0,1,323,,,0.0,,,529,38.0,44.89473684210526,10.421052631578947,3.4210526315789473,14.210526315789474,42.0,48.0,0.4230769230769231,,,,False
Dennis Praet,Belgium,MF,Leicester City,28,1994,22,6,649,7.2,1,0,1,1,0,0,1,0,0.1388888888888889,0.0,0.1388888888888889,0.1388888888888889,0.1388888888888889,False,2022-23,2022,0.1388888888888889,1,649,,,0.1388888888888889,,,784,,,,,,,,,,,,False
Destiny Udogie,Italy,DF,Tottenham,20,2002,28,28,2391,26.6,2,3,5,2,0,0,7,1,0.07518796992481203,0.11278195488721804,0.18796992481203006,0.07518796992481203,0.18796992481203006,False,2023-24,2023,0.18796992481203006,1,2391,,,0.18796992481203006,,,400,38.0,62.05263157894737,15.31578947368421,5.631578947368421,12.789473684210526,74.0,61.0,0.5449438202247191,0.04672897196261683,21.4,2024-25,True
Destiny Udogie,Italy,DF,Tottenham,21,2002,25,24,1924,21.4,0,1,1,0,0,0,2,0,0.0,0.04672897196261683,0.04672897196261683,0.0,0.04672897196261683,False,2024-25,2024,0.04672897196261683,2,4315,2391.0,-467.0,0.09380928957908792,0.18796992481203006,,441,38.0,54.76315789473684,13.078947368421053,4.868421052631579,13.736842105263158,64.0,65.0,0.4877330716388616,0.06711409395973154,14.9,2025-26,True
Destiny Udogie,Italy,"DF,MF",Tottenham,22,2002,20,14,1338,14.9,0,1,1,0,0,0,4,0,0.0,0.06711409395973154,0.06711409395973154,0.0,0.06711409395973154,False,2025-26,2025,0.06711409395973154,3,5653,1924.0,-586.0,0.076012492499517,0.04672897196261683,0.18796992481203006,484,38.0,50.421052631578945,11.447368421052632,3.8421052631578947,12.289473684210526,48.0,57.0,0.4822616407982262,,,,False
Dexter Lembikisa,Jamaica,"DF,MF",Wolves,18,2003,1,0,23,0.3,0,0,0,0,0,0,0,0,0.0,0.0,0.0,0.0,0.0,False,2022-23,2022,0.0,1,23,,,0.0,,,324,,,,,,,,,,,,False
Diego Carlos,Brazil,DF,Aston Villa,29,1993,3,2,205,2.3,0,0,0,0,0,0,0,0,0.0,0.0,0.0,0.0,0.0,False,2022-23,2022,0.0,1,205,,,0.0,,,841,38.0,49.44736842105263,11.31578947368421,3.973684210526316,11.289473684210526,51.0,46.0,0.5005820721769499,0.0,20.2,2023-24,True
Diego Carlos,Brazil,DF,Aston Villa,30,1993,27,20,1816,20.2,0,0,0,0,0,0,4,0,0.0,0.0,0.0,0.0,0.0,False,2023-24,2023,0.0,2,2021,205.0,1611.0,0.0,0.0,,900,38.0,53.421052631578945,13.5,5.0,11.947368421052632,76.0,61.0,0.5305067218200621,0.0,9.2,2024-25,True
Diego Carlos,Brazil,DF,Aston Villa,31,1993,10,8,830,9.2,0,0,0,0,0,0,1,0,0.0,0.0,0.0,0.0,0.0,False,2024-25,2024,0.0,3,2851,1816.0,-986.0,0.0,0.0,0.0,961,38.0,50.71052631578947,12.736842105263158,4.473684210526316,12.18421052631579,58.0,51.0,0.5110876451953538,,,,False
Diego Coppola,Italy,DF,Brighton,21,2003,5,2,194,2.2,0,0,0,0,0,0,2,0,0.0,0.0,0.0,0.0,0.0,False,2025-26,2025,0.0,1,194,,,0.0,,,441,38.0,53.94736842105263,13.0,4.631578947368421,11.68421052631579,52.0,46.0,0.5266524520255864,,,,False
Diego Costa,Spain,FW,Wolves,33,1988,23,16,1241,13.8,1,0,1,1,0,0,5,1,0.07246376811594203,0.0,0.07246376811594203,0.07246376811594203,0.07246376811594203,False,2022-23,2022,0.07246376811594203,1,1241,,,0.07246376811594203,,,1089,,,,,,,,,,,,False
Diego Gómez,Paraguay,MF,Brighton,21,2003,16,4,516,5.7,1,0,1,1,0,0,0,0,0.17543859649122806,0.0,0.17543859649122806,0.17543859649122806,0.17543859649122806,False,2024-25,2024,0.17543859649122806,1,516,,,0.17543859649122806,,,441,38.0,52.63157894736842,14.026315789473685,5.026315789473684,11.236842105263158,66.0,59.0,0.5552083333333333,0.2542372881355932,23.6,2025-26,True
Diego Gómez,Paraguay,"MF,FW",Brighton,22,2003,32,26,2120,23.6,5,1,6,5,0,0,9,0,0.211864406779661,0.0423728813559322,0.2542372881355932,0.211864406779661,0.2542372881355932,False,2025-26,2025,0.2542372881355932,2,2636,516.0,1604.0,0.2279710575874715,0.17543859649122806,,484,38.0,53.94736842105263,13.0,4.631578947368421,11.68421052631579,52.0,46.0,0.5266524520255864,,,,False
Diego Llorente,Spain,DF,Leeds United,27,1993,28,28,2340,26.0,3,0,3,3,0,0,7,0,0.11538461538461539,0.0,0.11538461538461539,0.11538461538461539,0.11538461538461539,False,2021-22,2021,0.11538461538461539,1,2340,,,0.11538461538461539,,,729,38.0,52.473684210526315,12.736842105263158,4.052631578947368,15.289473684210526,42.0,79.0,0.4544600938967136,0.0,7.2,2022-23,True
Diego Llorente,Spain,DF,Leeds United,28,1993,8,7,649,7.2,0,0,0,0,0,0,1,0,0.0,0.0,0.0,0.0,0.0,False,2022-23,2022,0.0,2,2989,2340.0,-1691.0,0.03846153846153847,0.11538461538461539,,784,38.0,46.94736842105263,12.157894736842104,3.8157894736842106,13.868421052631579,48.0,78.0,0.4671385237613751,,,,False
Dilane Bakwa,France,MF,Nottingham,22,2002,14,6,553,6.1,0,2,2,0,0,0,1,0,0.0,0.3278688524590164,0.3278688524590164,0.0,0.3278688524590164,False,2025-26,2025,0.3278688524590164,1,553,,,0.3278688524590164,,,484,38.0,46.8421052631579,12.526315789473685,4.105263157894737,13.289473684210526,48.0,51.0,0.48521916411824667,,,,False
Dimitris Giannoulis,Greece,"DF,MF",Norwich City,25,1995,18,14,1169,13.0,0,1,1,0,0,0,2,0,0.0,0.07692307692307693,0.07692307692307693,0.0,0.07692307692307693,False,2021-22,2021,0.07692307692307693,1,1169,,,0.07692307692307693,,,625,,,,,,,,,,,,False
Diogo Dalot,Portugal,DF,Manchester Utd,22,1999,24,19,1801,20.0,0,0,0,0,0,0,4,0,0.0,0.0,0.0,0.0,0.0,False,2021-22,2021,0.0,1,1801,,,0.0,,,484,38.0,52.921052631578945,13.368421052631579,4.921052631578948,13.447368421052632,57.0,57.0,0.4985279685966634,0.12552301255230125,23.9,2022-23,True
Diogo Dalot,Portugal,DF,Manchester Utd,23,1999,26,24,2154,23.9,1,2,3,1,0,0,6,0,0.041841004184100423,0.08368200836820085,0.12552301255230125,0.041841004184100423,0.12552301255230125,False,2022-23,2022,0.12552301255230125,2,3955,1801.0,353.0,0.08368200836820083,0.0,,529,38.0,53.973684210526315,15.578947368421053,5.631578947368421,12.657894736842104,58.0,43.0,0.5517241379310345,0.141643059490085,35.3,2023-24,True
Diogo Dalot,Portugal,DF,Manchester Utd,24,1999,36,35,3174,35.3,2,3,5,2,0,0,6,1,0.056657223796034,0.08498583569405099,0.141643059490085,0.056657223796034,0.141643059490085,False,2023-24,2023,0.141643059490085,3,7129,2154.0,1020.0,0.1223227091161236,0.12552301255230125,0.0,576,38.0,50.526315789473685,14.473684210526315,5.078947368421052,17.55263157894737,57.0,58.0,0.4519309778142974,0.09584664536741214,31.3,2024-25,True
Diogo Dalot,Portugal,"MF,DF",Manchester Utd,25,1999,33,31,2814,31.3,0,3,3,0,0,0,5,0,0.0,0.09584664536741214,0.09584664536741214,0.0,0.09584664536741214,False,2024-25,2024,0.09584664536741214,4,9943,3174.0,-360.0,0.10467199995031595,0.141643059490085,0.12552301255230125,625,38.0,53.55263157894737,13.868421052631579,4.605263157894737,10.921052631578947,44.0,54.0,0.559447983014862,0.13793103448275862,29.0,2025-26,True
Diogo Dalot,Portugal,"DF,MF",Manchester Utd,26,1999,34,29,2614,29.0,1,3,4,1,0,0,5,0,0.034482758620689655,0.10344827586206896,0.13793103448275862,0.034482758620689655,0.13793103448275862,False,2025-26,2025,0.13793103448275862,5,12557,2814.0,-200.0,0.12684468963861106,0.09584664536741214,0.141643059490085,676,38.0,51.921052631578945,15.657894736842104,5.657894736842105,11.578947368421053,69.0,50.0,0.5748792270531401,,,,False
Diogo Jota,Portugal,FW,Liverpool,24,1996,35,27,2364,26.3,15,4,19,15,0,0,3,0,0.5703422053231939,0.1520912547528517,0.7224334600760456,0.5703422053231939,0.7224334600760456,False,2021-22,2021,0.7224334600760456,1,2364,,,0.7224334600760456,,,576,38.0,63.3421052631579,19.18421052631579,6.7631578947368425,7.7894736842105265,94.0,26.0,0.7112195121951219,0.873015873015873,12.6,2022-23,True
Diogo Jota,Portugal,"FW,MF",Liverpool,25,1996,22,12,1131,12.6,7,4,11,7,0,0,2,0,0.5555555555555556,0.31746031746031744,0.873015873015873,0.5555555555555556,0.873015873015873,False,2022-23,2022,0.873015873015873,2,3495,2364.0,-1233.0,0.8228217353692638,0.7224334600760456,,625,38.0,61.10526315789474,15.921052631578947,5.578947368421052,9.710526315789474,75.0,47.0,0.6211498973305954,1.0236220472440944,12.7,2023-24,True
Diogo Jota,Portugal,FW,Liverpool,26,1996,21,14,1145,12.7,10,3,13,10,0,0,3,1,0.7874015748031497,0.2362204724409449,1.0236220472440944,0.7874015748031497,1.0236220472440944,False,2023-24,2023,1.0236220472440944,3,4640,1131.0,14.0,0.9566886099524843,0.873015873015873,0.7224334600760456,676,38.0,61.78947368421053,20.789473684210527,7.2894736842105265,10.894736842105264,86.0,41.0,0.6561461794019934,0.6766917293233082,13.3,2024-25,True
Diogo Jota,Portugal,FW,Liverpool,27,1996,26,14,1196,13.3,6,3,9,6,0,0,2,0,0.45112781954887216,0.22556390977443608,0.6766917293233082,0.45112781954887216,0.6766917293233082,False,2024-25,2024,0.6766917293233082,4,5836,1145.0,51.0,0.770024022866367,1.0236220472440944,0.873015873015873,729,38.0,58.078947368421055,17.026315789473685,6.078947368421052,10.18421052631579,86.0,41.0,0.625725338491296,,,,False
Divin Mubama,England,FW,West Ham,17,2004,3,0,38,0.4,0,0,0,0,0,0,0,0,0.0,0.0,0.0,0.0,0.0,False,2022-23,2022,0.0,1,38,,,0.0,,,289,,,,,,,,,0.0,0.9,2023-24,False
Divin Mubama,England,FW,West Ham,18,2004,5,0,80,0.9,0,0,0,0,0,0,0,0,0.0,0.0,0.0,0.0,0.0,False,2023-24,2023,0.0,2,118,38.0,42.0,0.0,0.0,,324,,,,,,,,,0.0,0.3,2024-25,False
Divin Mubama,England,FW,Manchester City,19,2004,1,0,28,0.3,0,0,0,0,0,0,0,0,0.0,0.0,0.0,0.0,0.0,False,2024-25,2024,0.0,3,146,80.0,-52.0,0.0,0.0,0.0,361,38.0,61.73684210526316,16.0,5.7105263157894735,9.31578947368421,72.0,44.0,0.6320166320166319,,,,False
Divine Mukasa,England,MF,Manchester City,17,2007,2,0,27,0.3,0,0,0,0,0,0,0,0,0.0,0.0,0.0,0.0,0.0,False,2025-26,2025,0.0,1,27,,,0.0,,,289,38.0,60.6578947368421,15.657894736842104,5.394736842105263,9.710526315789474,77.0,35.0,0.617219917012448,,,,False
Divock Origi,Belgium,"FW,MF",Liverpool,26,1995,7,0,133,1.5,3,0,3,3,0,0,0,0,2.0,0.0,2.0,2.0,2.0,False,2021-22,2021,2.0,1,133,,,2.0,,,676,38.0,63.3421052631579,19.18421052631579,6.7631578947368425,7.7894736842105265,94.0,26.0,0.7112195121951219,0.14925373134328357,6.7,2023-24,True
Divock Origi,Belgium,"MF,FW",Nottingham,28,1995,20,6,606,6.7,0,1,1,0,0,0,1,0,0.0,0.14925373134328357,0.14925373134328357,0.0,0.14925373134328357,False,2023-24,2023,0.14925373134328357,2,739,133.0,473.0,0.7661691542288558,2.0,,784,38.0,40.21052631578947,11.868421052631579,3.8947368421052633,13.421052631578947,49.0,67.0,0.46930280957336107,,,,False
Djed Spence,England,"DF,MF",Tottenham,21,2000,4,0,7,0.1,0,0,0,0,0,0,0,0,0.0,0.0,0.0,0.0,0.0,False,2022-23,2022,0.0,1,7,,,0.0,,,441,38.0,49.94736842105263,13.68421052631579,5.2631578947368425,13.68421052631579,70.0,63.0,0.5,0.15075376884422112,19.9,2024-25,True
Djed Spence,England,DF,Tottenham,23,2000,25,19,1792,19.9,1,2,3,1,0,0,4,1,0.05025125628140704,0.10050251256281408,0.15075376884422112,0.05025125628140704,0.15075376884422112,False,2024-25,2024,0.15075376884422112,2,1799,7.0,1785.0,0.10050251256281408,0.0,,529,38.0,54.76315789473684,13.078947368421053,4.868421052631579,13.736842105263158,64.0,65.0,0.4877330716388616,0.0,22.8,2025-26,True
Djed Spence,England,"DF,MF",Tottenham,24,2000,30,23,2056,22.8,0,0,0,0,0,0,4,0,0.0,0.0,0.0,0.0,0.0,False,2025-26,2025,0.0,3,3855,1792.0,264.0,0.03350083752093803,0.15075376884422112,0.0,576,38.0,50.421052631578945,11.447368421052632,3.8421052631578947,12.289473684210526,48.0,57.0,0.4822616407982262,,,,False
Dominic Ballard,England,FW,Southampton,17,2005,2,0,26,0.3,0,0,0,0,0,0,0,0,0.0,0.0,0.0,0.0,0.0,False,2022-23,2022,0.0,1,26,,,0.0,,,289,,,,,,,,,,,,False
Dominic Calvert-Lewin,England,FW,Everton,24,1997,17,15,1283,14.3,5,2,7,3,2,3,2,0,0.34965034965034963,0.13986013986013984,0.4895104895104895,0.2097902097902098,0.34965034965034963,False,2021-22,2021,0.4895104895104895,1,1283,,,0.4895104895104895,,,576,38.0,39.68421052631579,11.526315789473685,3.6315789473684212,13.710526315789474,43.0,66.0,0.45672575599582904,0.23255813953488372,12.9,2022-23,True
Dominic Calvert-Lewin,England,FW,Everton,25,1997,17,15,1165,12.9,2,1,3,1,1,1,3,0,0.15503875968992248,0.07751937984496124,0.23255813953488372,0.07751937984496124,0.15503875968992248,False,2022-23,2022,0.23255813953488372,2,2448,1283.0,-118.0,0.3182089228600856,0.4895104895104895,,625,38.0,42.578947368421055,11.289473684210526,4.0,15.105263157894736,34.0,57.0,0.42771684945164506,0.37344398340248963,24.1,2023-24,True
Dominic Calvert-Lewin,England,FW,Everton,26,1997,32,26,2171,24.1,7,2,9,5,2,2,2,0,0.2904564315352697,0.08298755186721991,0.37344398340248963,0.20746887966804978,0.29045643153526973,False,2023-24,2023,0.37344398340248963,3,4619,1165.0,1006.0,0.35503229655502166,0.23255813953488372,0.4895104895104895,676,38.0,40.73684210526316,13.342105263157896,4.2631578947368425,14.157894736842104,40.0,51.0,0.4851674641148326,0.223463687150838,17.9,2024-25,True
Dominic Calvert-Lewin,England,FW,Everton,27,1997,26,19,1609,17.9,3,1,4,3,0,0,2,0,0.1675977653631285,0.0558659217877095,0.223463687150838,0.1675977653631285,0.223463687150838,False,2024-25,2024,0.223463687150838,4,6228,2171.0,-562.0,0.2673198902855659,0.37344398340248963,0.23255813953488372,729,38.0,40.63157894736842,10.657894736842104,3.763157894736842,12.605263157894736,42.0,44.0,0.4581447963800905,0.49668874172185434,30.2,2025-26,True
Dominic Calvert-Lewin,England,FW,Leeds United,28,1997,35,30,2721,30.2,14,1,15,10,4,5,3,0,0.4635761589403974,0.033112582781456956,0.49668874172185434,0.33112582781456956,0.3642384105960265,False,2025-26,2025,0.49668874172185434,5,8949,1609.0,1112.0,0.4202324579097582,0.223463687150838,0.37344398340248963,784,38.0,45.73684210526316,12.552631578947368,3.973684210526316,12.526315789473685,49.0,56.0,0.5005246589716683,,,,False
Dominic Sadi,England,MF,Bournemouth,19,2003,1,0,1,0.0,0,0,0,0,0,0,0,0,0.0,0.0,0.0,0.0,0.0,False,2023-24,2023,0.0,1,1,,,0.0,,,361,38.0,44.05263157894737,14.263157894736842,4.868421052631579,13.973684210526315,54.0,67.0,0.5051258154706431,,,,False
Dominic Solanke,England,FW,Bournemouth,24,1997,33,32,2860,31.8,6,7,13,6,0,0,2,0,0.18867924528301885,0.22012578616352202,0.40880503144654085,0.18867924528301885,0.40880503144654085,False,2022-23,2022,0.40880503144654085,1,2860,,,0.40880503144654085,,,576,38.0,40.078947368421055,9.394736842105264,3.5,16.473684210526315,37.0,71.0,0.3631739572736521,0.5962059620596206,36.9,2023-24,True
Dominic Solanke,England,FW,Bournemouth,25,1997,38,37,3325,36.9,19,3,22,17,2,3,3,0,0.5149051490514905,0.08130081300813008,0.5962059620596206,0.46070460704607047,0.5420054200542006,False,2023-24,2023,0.5962059620596206,2,6185,2860.0,465.0,0.5337389851885941,0.40880503144654085,,625,38.0,44.05263157894737,14.263157894736842,4.868421052631579,13.973684210526315,54.0,67.0,0.5051258154706431,0.4897959183673469,24.5,2024-25,True
Dominic Solanke,England,FW,Tottenham,26,1997,27,25,2201,24.5,9,3,12,8,1,1,0,0,0.3673469387755102,0.12244897959183673,0.4897959183673469,0.32653061224489793,0.4489795918367347,False,2024-25,2024,0.4897959183673469,3,8386,3325.0,-1124.0,0.5044436073077626,0.5962059620596206,0.40880503144654085,676,38.0,54.76315789473684,13.078947368421053,4.868421052631579,13.736842105263158,64.0,65.0,0.4877330716388616,0.2702702702702703,11.1,2025-26,True
Dominic Solanke,England,FW,Tottenham,27,1997,15,11,1001,11.1,3,0,3,3,0,0,1,0,0.2702702702702703,0.0,0.2702702702702703,0.2702702702702703,0.2702702702702703,False,2025-26,2025,0.2702702702702703,4,9387,2201.0,-1200.0,0.3483280492827677,0.4897959183673469,0.5962059620596206,729,38.0,50.421052631578945,11.447368421052632,3.8421052631578947,12.289473684210526,48.0,57.0,0.4822616407982262,,,,False
Dominic Thompson,England,MF,Brentford,21,2000,2,2,146,1.6,0,0,0,0,0,0,0,0,0.0,0.0,0.0,0.0,0.0,False,2021-22,2021,0.0,1,146,,,0.0,,,441,38.0,44.5,11.631578947368421,4.052631578947368,13.210526315789474,48.0,56.0,0.4682203389830508,,,,False
Dominik Szoboszlai,Hungary,MF,Liverpool,22,2000,33,25,2104,23.4,3,2,5,3,0,0,1,0,0.12820512820512822,0.08547008547008547,0.2136752136752137,0.12820512820512822,0.2136752136752137,False,2023-24,2023,0.2136752136752137,1,2104,,,0.2136752136752137,,,484,38.0,61.78947368421053,20.789473684210527,7.2894736842105265,10.894736842105264,86.0,41.0,0.6561461794019934,0.4332129963898917,27.7,2024-25,True
Dominik Szoboszlai,Hungary,MF,Liverpool,23,2000,36,29,2491,27.7,6,6,12,6,0,0,6,0,0.21660649819494585,0.21660649819494585,0.4332129963898917,0.21660649819494585,0.4332129963898917,False,2024-25,2024,0.4332129963898917,2,4595,2104.0,387.0,0.36003373548499906,0.2136752136752137,,529,38.0,58.078947368421055,17.026315789473685,6.078947368421052,10.18421052631579,86.0,41.0,0.625725338491296,0.36211699164345407,35.9,2025-26,True
Dominik Szoboszlai,Hungary,"MF,DF",Liverpool,24,2000,36,36,3231,35.9,6,7,13,6,0,1,8,1,0.1671309192200557,0.19498607242339833,0.36211699164345407,0.1671309192200557,0.36211699164345407,False,2025-26,2025,0.36211699164345407,3,7826,2491.0,740.0,0.36142257292396907,0.4332129963898917,0.2136752136752137,576,38.0,59.31578947368421,15.473684210526315,4.605263157894737,11.447368421052632,63.0,53.0,0.5747800586510264,,,,False
Donny van de Beek,Netherlands,MF,Manchester Utd,25,1997,7,2,167,1.9,0,0,0,0,0,0,0,0,0.0,0.0,0.0,0.0,0.0,False,2022-23,2022,0.0,1,167,,,0.0,,,625,38.0,53.973684210526315,15.578947368421053,5.631578947368421,12.657894736842104,58.0,43.0,0.5517241379310345,0.0,0.0,2023-24,False
Donny van de Beek,Netherlands,MF,Manchester Utd,26,1997,1,0,3,0.0,0,0,0,0,0,0,0,0,0.0,0.0,0.0,0.0,0.0,False,2023-24,2023,0.0,2,170,167.0,-164.0,0.0,0.0,,676,38.0,50.526315789473685,14.473684210526315,5.078947368421052,17.55263157894737,57.0,58.0,0.4519309778142974,,,,False
Donny van de BeekDonny van de Beek,Netherlands,MF,Manchester Utd,24,1997,15,5,558,6.2,2,0,2,2,0,0,1,0,0.3225806451612903,0.0,0.3225806451612903,0.3225806451612903,0.3225806451612903,False,2021-22,2021,0.3225806451612903,1,558,,,0.3225806451612903,,,576,38.0,52.921052631578945,13.368421052631579,4.921052631578948,13.447368421052632,57.0,57.0,0.4985279685966634,,,,False
Donyell Malen,Netherlands,MF,Aston Villa,25,1999,14,2,305,3.4,3,0,3,3,0,0,0,0,0.8823529411764706,0.0,0.8823529411764706,0.8823529411764706,0.8823529411764706,False,2024-25,2024,0.8823529411764706,1,305,,,0.8823529411764706,,,625,38.0,50.71052631578947,12.736842105263158,4.473684210526316,12.18421052631579,58.0,51.0,0.5110876451953538,0.684931506849315,7.3,2025-26,True
Donyell Malen,Netherlands,"FW,MF",Aston Villa,26,1999,21,5,656,7.3,4,1,5,4,0,0,0,0,0.547945205479452,0.136986301369863,0.684931506849315,0.547945205479452,0.684931506849315,False,2025-26,2025,0.684931506849315,2,961,305.0,351.0,0.7507386516250336,0.8823529411764706,,676,38.0,53.6578947368421,12.710526315789474,4.473684210526316,12.894736842105264,56.0,49.0,0.4964028776978417,,,,False
Douglas Luiz,Brazil,MF,Aston Villa,23,1998,34,31,2715,30.2,2,3,5,2,0,0,7,0,0.06622516556291391,0.09933774834437087,0.16556291390728478,0.06622516556291391,0.16556291390728478,False,2021-22,2021,0.16556291390728478,1,2715,,,0.16556291390728478,,,529,38.0,46.473684210526315,12.210526315789474,4.2631578947368425,12.552631578947368,52.0,54.0,0.49309245483528164,0.36923076923076925,32.5,2022-23,True
Douglas Luiz,Brazil,MF,Aston Villa,24,1998,37,33,2927,32.5,6,6,12,6,0,0,6,1,0.18461538461538463,0.18461538461538463,0.36923076923076925,0.18461538461538463,0.36923076923076925,False,2022-23,2022,0.36923076923076925,2,5642,2715.0,212.0,0.3013414841229411,0.16556291390728478,,576,38.0,49.44736842105263,11.31578947368421,3.973684210526316,11.289473684210526,51.0,46.0,0.5005820721769499,0.42042042042042044,33.3,2023-24,True
Douglas Luiz,Brazil,MF,Aston Villa,25,1998,35,35,2993,33.3,9,5,14,5,4,4,12,0,0.2702702702702703,0.15015015015015015,0.42042042042042044,0.15015015015015015,0.3003003003003003,False,2023-24,2023,0.42042042042042044,3,8635,2927.0,66.0,0.380727441654594,0.36923076923076925,0.16556291390728478,625,38.0,53.421052631578945,13.5,5.0,11.947368421052632,76.0,61.0,0.5305067218200621,,,,False
Douglas LuizDouglas Luiz,Brazil,MF,Nottingham,27,1998,21,12,919,10.2,1,0,1,1,0,0,3,0,0.09803921568627452,0.0,0.09803921568627452,0.09803921568627452,0.09803921568627452,False,2025-26,2025,0.09803921568627452,1,919,,,0.09803921568627452,,,729,38.0,46.8421052631579,12.526315789473685,4.105263157894737,13.289473684210526,48.0,51.0,0.48521916411824667,,,,False
Duje Ćaleta-Car,Croatia,DF,Southampton,25,1996,13,9,946,10.5,1,0,1,1,0,0,2,0,0.09523809523809523,0.0,0.09523809523809523,0.09523809523809523,0.09523809523809523,False,2022-23,2022,0.09523809523809523,1,946,,,0.09523809523809523,,,625,,,,,,,,,,,,False
Dwight Gayle,England,FW,Newcastle,30,1990,8,0,38,0.4,0,0,0,0,0,0,1,0,0.0,0.0,0.0,0.0,0.0,False,2021-22,2021,0.0,1,38,,,0.0,,,900,38.0,39.94736842105263,11.789473684210526,3.8947368421052633,13.894736842105264,44.0,62.0,0.45901639344262296,,,,False
Dwight McNeil,England,MF,Burnley,21,1999,38,35,3107,34.5,0,1,1,0,0,0,1,0,0.0,0.028985507246376812,0.028985507246376812,0.0,0.028985507246376812,False,2021-22,2021,0.028985507246376812,1,3107,,,0.028985507246376812,,,441,,,,,,,,,0.3597122302158273,27.8,2022-23,True
Dwight McNeil,England,"MF,FW",Everton,22,1999,36,28,2498,27.8,7,3,10,7,0,0,5,0,0.2517985611510791,0.1079136690647482,0.3597122302158273,0.2517985611510791,0.3597122302158273,False,2022-23,2022,0.3597122302158273,2,5605,3107.0,-609.0,0.2494699892260105,0.028985507246376812,,484,38.0,42.578947368421055,11.289473684210526,4.0,15.105263157894736,34.0,57.0,0.42771684945164506,0.2803738317757009,32.1,2023-24,True
Dwight McNeil,England,MF,Everton,23,1999,35,33,2892,32.1,3,6,9,3,0,0,2,0,0.09345794392523364,0.18691588785046728,0.2803738317757009,0.09345794392523364,0.2803738317757009,False,2023-24,2023,0.2803738317757009,3,8497,2498.0,394.0,0.27007255092580407,0.3597122302158273,0.028985507246376812,529,38.0,40.73684210526316,13.342105263157896,4.2631578947368425,14.157894736842104,40.0,51.0,0.4851674641148326,0.6578947368421053,15.2,2024-25,True
Dwight McNeil,England,MF,Everton,24,1999,21,15,1371,15.2,4,6,10,4,0,0,1,0,0.2631578947368421,0.39473684210526316,0.6578947368421053,0.2631578947368421,0.6578947368421053,False,2024-25,2024,0.6578947368421053,4,9868,2892.0,-1521.0,0.5286206748700049,0.2803738317757009,0.3597122302158273,576,38.0,40.63157894736842,10.657894736842104,3.763157894736842,12.605263157894736,42.0,44.0,0.4581447963800905,0.07692307692307693,13.0,2025-26,True
Dwight McNeil,England,MF,Everton,25,1999,22,14,1168,13.0,0,1,1,0,0,0,1,0,0.0,0.07692307692307693,0.07692307692307693,0.0,0.07692307692307693,False,2025-26,2025,0.07692307692307693,5,11036,1371.0,-203.0,0.22748894290538624,0.6578947368421053,0.2803738317757009,625,38.0,43.76315789473684,11.105263157894736,3.736842105263158,13.973684210526315,47.0,50.0,0.4428121720881427,,,,False
Eberechi Eze,England,"MF,FW",Crystal Palace,23,1998,13,6,605,6.7,1,1,2,1,0,0,1,0,0.14925373134328357,0.14925373134328357,0.29850746268656714,0.14925373134328357,0.29850746268656714,False,2021-22,2021,0.29850746268656714,1,605,,,0.29850746268656714,,,529,38.0,50.94736842105263,10.81578947368421,3.8684210526315788,11.657894736842104,50.0,46.0,0.48126463700234196,0.4778156996587031,29.3,2022-23,True
Eberechi Eze,England,"MF,FW",Crystal Palace,24,1998,38,30,2636,29.3,10,4,14,9,1,1,3,0,0.341296928327645,0.13651877133105803,0.4778156996587031,0.30716723549488056,0.44368600682593856,False,2022-23,2022,0.4778156996587031,2,3241,605.0,2031.0,0.41804628733465776,0.29850746268656714,,576,38.0,46.13157894736842,11.18421052631579,3.5789473684210527,12.0,40.0,49.0,0.48240635641316687,0.6578947368421052,22.8,2023-24,True
Eberechi Eze,England,"MF,FW",Crystal Palace,25,1998,27,24,2055,22.8,11,4,15,10,1,1,3,0,0.4824561403508772,0.17543859649122806,0.6578947368421052,0.43859649122807015,0.6140350877192982,False,2023-24,2023,0.6578947368421052,3,5296,2636.0,-581.0,0.577945253672956,0.4778156996587031,0.29850746268656714,625,38.0,42.1578947368421,12.0,4.447368421052632,12.078947368421053,57.0,58.0,0.4983606557377049,0.5555555555555556,28.8,2024-25,True
Eberechi Eze,England,MF,Crystal Palace,26,1998,34,31,2588,28.8,8,8,16,7,1,2,1,0,0.2777777777777778,0.2777777777777778,0.5555555555555556,0.24305555555555555,0.5208333333333334,False,2024-25,2024,0.5555555555555556,4,7884,2055.0,533.0,0.5630187882613558,0.6578947368421052,0.4778156996587031,676,38.0,42.5,13.552631578947368,4.894736842105263,12.710526315789474,51.0,51.0,0.5160320641282565,,,,False
Eberechi EzeEberechi Eze,England,"MF,FW",Crystal Palace,27,1998,33,22,1895,21.0,7,2,9,7,0,0,1,0,0.3333333333333333,0.09523809523809523,0.42857142857142855,0.3333333333333333,0.42857142857142855,False,2025-26,2025,0.42857142857142855,1,1895,,,0.42857142857142855,,,729,38.0,45.89473684210526,11.631578947368421,3.710526315789474,11.710526315789474,41.0,51.0,0.49830890642615555,,,,False
Eddie Nketiah,England,FW,Arsenal,22,1999,21,8,835,9.3,5,1,6,5,0,0,3,0,0.5376344086021505,0.1075268817204301,0.6451612903225806,0.5376344086021505,0.6451612903225806,False,2021-22,2021,0.6451612903225806,1,835,,,0.6451612903225806,,,484,38.0,53.18421052631579,15.473684210526315,5.157894736842105,11.18421052631579,61.0,48.0,0.5804540967423495,0.4132231404958678,12.1,2022-23,True
Eddie Nketiah,England,FW,Arsenal,23,1999,30,9,1089,12.1,4,1,5,4,0,0,3,0,0.3305785123966942,0.08264462809917356,0.4132231404958678,0.3305785123966942,0.4132231404958678,False,2022-23,2022,0.4132231404958678,2,1924,835.0,254.0,0.4905358571047721,0.6451612903225806,,529,38.0,59.94736842105263,15.605263157894736,5.368421052631579,8.973684210526315,88.0,43.0,0.6349036402569593,0.5833333333333334,12.0,2023-24,True
Eddie Nketiah,England,FW,Arsenal,24,1999,27,10,1082,12.0,5,2,7,5,0,0,3,0,0.4166666666666667,0.16666666666666666,0.5833333333333334,0.4166666666666667,0.5833333333333334,False,2023-24,2023,0.5833333333333334,3,3006,1089.0,-7.0,0.5524008412571463,0.4132231404958678,0.6451612903225806,576,38.0,58.63157894736842,17.263157894736842,5.973684210526316,8.473684210526315,91.0,29.0,0.6707566462167689,0.34782608695652173,11.5,2024-25,True
Eddie Nketiah,England,"FW,MF",Crystal Palace,25,1999,29,9,1034,11.5,3,1,4,3,0,0,6,1,0.2608695652173913,0.08695652173913043,0.34782608695652173,0.2608695652173913,0.34782608695652173,False,2024-25,2024,0.34782608695652173,4,4040,1082.0,-48.0,0.41601767172339654,0.5833333333333334,0.4132231404958678,625,38.0,42.5,13.552631578947368,4.894736842105263,12.710526315789474,51.0,51.0,0.5160320641282565,0.425531914893617,4.7,2025-26,True
Eddie Nketiah,England,MF,Crystal Palace,26,1999,12,2,424,4.7,2,0,2,2,0,0,2,0,0.425531914893617,0.0,0.425531914893617,0.425531914893617,0.425531914893617,False,2025-26,2025,0.425531914893617,5,4464,1034.0,-610.0,0.4223605005035435,0.34782608695652173,0.5833333333333334,676,38.0,45.89473684210526,11.631578947368421,3.710526315789474,11.710526315789474,41.0,51.0,0.49830890642615555,,,,False
Ederson Moraes,Brazil,GK,Manchester City,27,1993,37,37,3330,37.0,0,0,0,0,0,0,3,0,0.0,0.0,0.0,0.0,0.0,False,2021-22,2021,0.0,1,3330,,,0.0,,,729,38.0,68.5,18.763157894736842,6.657894736842105,6.2368421052631575,99.0,26.0,0.7505263157894737,0.02857142857142857,35.0,2022-23,True
Ederson Moraes,Brazil,GK,Manchester City,28,1993,35,35,3150,35.0,0,1,1,0,0,0,3,0,0.0,0.02857142857142857,0.02857142857142857,0.0,0.02857142857142857,False,2022-23,2022,0.02857142857142857,2,6480,3330.0,-180.0,0.019047619047619046,0.0,,784,38.0,65.34210526315789,15.789473684210526,5.7631578947368425,7.7105263157894735,94.0,33.0,0.6718924972004479,0.0,30.9,2023-24,True
Ederson Moraes,Brazil,GK,Manchester City,29,1993,33,33,2785,30.9,0,0,0,0,0,0,5,0,0.0,0.0,0.0,0.0,0.0,False,2023-24,2023,0.0,3,9265,3150.0,-365.0,0.006349206349206349,0.02857142857142857,0.0,841,38.0,65.73684210526316,18.263157894736842,7.315789473684211,7.7368421052631575,96.0,34.0,0.7024291497975709,0.15503875968992248,25.8,2024-25,True
Ederson Moraes,Brazil,GK,Manchester City,30,1993,26,26,2320,25.8,0,4,4,0,0,0,4,0,0.0,0.15503875968992248,0.15503875968992248,0.0,0.15503875968992248,False,2024-25,2024,0.15503875968992248,4,11585,2785.0,-465.0,0.1054755752430171,0.0,0.02857142857142857,900,38.0,61.73684210526316,16.0,5.7105263157894735,9.31578947368421,72.0,44.0,0.6320166320166319,,,,False
Edinson Cavani,Uruguay,FW,Manchester Utd,34,1987,15,7,766,8.5,2,1,3,2,0,0,0,0,0.23529411764705882,0.11764705882352941,0.35294117647058826,0.23529411764705882,0.35294117647058826,False,2021-22,2021,0.35294117647058826,1,766,,,0.35294117647058826,,,1156,38.0,52.921052631578945,13.368421052631579,4.921052631578948,13.447368421052632,57.0,57.0,0.4985279685966634,,,,False
Edmond-Paris Maghoma,England,MF,Brentford,23,2001,8,0,119,1.3,0,0,0,0,0,0,0,0,0.0,0.0,0.0,0.0,0.0,False,2024-25,2024,0.0,1,119,,,0.0,,,529,38.0,47.81578947368421,11.578947368421053,4.842105263157895,17.026315789473685,66.0,57.0,0.40478380864765406,,,,False
Edo Kayembe,DR Congo,MF,Watford,23,1998,13,9,799,8.9,0,0,0,0,0,0,0,0,0.0,0.0,0.0,0.0,0.0,False,2021-22,2021,0.0,1,799,,,0.0,,,529,,,,,,,,,,,,False
Edson Álvarez,Mexico,MF,West Ham,25,1997,31,28,2377,26.4,1,1,2,1,0,0,11,0,0.03787878787878788,0.03787878787878788,0.07575757575757576,0.03787878787878788,0.07575757575757576,False,2023-24,2023,0.07575757575757576,1,2377,,,0.07575757575757576,,,625,,,,,,,,,0.050761421319796954,19.7,2024-25,True
Edson Álvarez,Mexico,MF,West Ham,26,1997,28,20,1772,19.7,0,1,1,0,0,0,9,1,0.0,0.050761421319796954,0.050761421319796954,0.0,0.050761421319796954,False,2024-25,2024,0.050761421319796954,2,4149,2377.0,-605.0,0.05909347279905656,0.07575757575757576,,676,,,,,,,,,,,,False
Eiran Cashin,Ireland,DF,Brighton,22,2001,2,0,20,0.2,0,0,0,0,0,0,0,0,0.0,0.0,0.0,0.0,0.0,False,2024-25,2024,0.0,1,20,,,0.0,,,484,38.0,52.63157894736842,14.026315789473685,5.026315789473684,11.236842105263158,66.0,59.0,0.5552083333333333,,,,False
El Hadji Malick Diouf,Senegal,"DF,MF",West Ham,20,2004,32,30,2707,30.1,0,5,5,0,0,0,6,0,0.0,0.16611295681063123,0.16611295681063123,0.0,0.16611295681063123,False,2025-26,2025,0.16611295681063123,1,2707,,,0.16611295681063123,,,400,,,,,,,,,,,,False
Eli Junior Kroupi,France,"MF,FW",Bournemouth,19,2006,33,21,1672,18.6,13,0,13,11,2,2,5,0,0.6989247311827956,0.0,0.6989247311827956,0.5913978494623655,0.5913978494623655,False,2025-26,2025,0.6989247311827956,1,1672,,,0.6989247311827956,,,361,38.0,50.078947368421055,13.842105263157896,4.684210526315789,12.631578947368421,58.0,54.0,0.5228628230616302,,,,False
Eliezer Mayenda,Spain,"FW,MF",Sunderland,20,2005,20,8,759,8.4,2,0,2,2,0,0,0,0,0.23809523809523808,0.0,0.23809523809523808,0.23809523809523808,0.23809523809523808,False,2025-26,2025,0.23809523809523808,1,759,,,0.23809523809523808,,,400,38.0,44.89473684210526,10.421052631578947,3.4210526315789473,14.210526315789474,42.0,48.0,0.4230769230769231,,,,False
Elijah Adebayo,England,FW,Luton Town,25,1998,27,16,1419,15.8,10,0,10,10,0,0,1,0,0.6329113924050632,0.0,0.6329113924050632,0.6329113924050632,0.6329113924050632,False,2023-24,2023,0.6329113924050632,1,1419,,,0.6329113924050632,,,625,,,,,,,,,,,,False
Elliot Anderson,England,MF,Newcastle,19,2002,22,3,410,4.6,0,1,1,0,0,0,0,0,0.0,0.2173913043478261,0.2173913043478261,0.0,0.2173913043478261,False,2022-23,2022,0.2173913043478261,1,410,,,0.2173913043478261,,,361,38.0,52.44736842105263,15.026315789473685,5.184210526315789,10.18421052631579,68.0,33.0,0.5960334029227558,0.17543859649122806,11.4,2023-24,True
Elliot Anderson,England,"MF,FW",Newcastle,20,2002,21,10,1027,11.4,0,2,2,0,0,0,3,0,0.0,0.17543859649122806,0.17543859649122806,0.0,0.17543859649122806,False,2023-24,2023,0.17543859649122806,2,1437,410.0,617.0,0.18942283244342742,0.2173913043478261,,400,38.0,52.21052631578947,14.5,5.605263157894737,14.052631578947368,85.0,62.0,0.5078341013824884,0.264026402640264,30.3,2024-25,True
Elliot Anderson,England,MF,Nottingham,21,2002,37,33,2728,30.3,2,6,8,2,0,0,10,0,0.066006600660066,0.198019801980198,0.264026402640264,0.066006600660066,0.264026402640264,False,2024-25,2024,0.264026402640264,3,4165,1027.0,1701.0,0.23915854590798513,0.17543859649122806,0.2173913043478261,441,38.0,40.921052631578945,12.18421052631579,4.368421052631579,13.973684210526315,58.0,46.0,0.4657947686116701,0.21621621621621623,37.0,2025-26,True
Elliot Anderson,England,MF,Nottingham,22,2002,38,37,3331,37.0,4,4,8,3,1,1,8,0,0.10810810810810811,0.10810810810810811,0.21621621621621623,0.08108108108108109,0.1891891891891892,False,2025-26,2025,0.21621621621621623,4,7496,2728.0,603.0,0.22386365944680586,0.264026402640264,0.17543859649122806,484,38.0,46.8421052631579,12.526315789473685,4.105263157894737,13.289473684210526,48.0,51.0,0.48521916411824667,,,,False
Ellis Simms,England,FW,Everton,20,2001,1,1,61,0.7,0,0,0,0,0,0,0,0,0.0,0.0,0.0,0.0,0.0,False,2021-22,2021,0.0,1,61,,,0.0,,,400,38.0,39.68421052631579,11.526315789473685,3.6315789473684212,13.710526315789474,43.0,66.0,0.45672575599582904,0.4,2.5,2022-23,False
Ellis Simms,England,FW,Everton,21,2001,11,2,228,2.5,1,0,1,1,0,0,0,0,0.4,0.0,0.4,0.4,0.4,False,2022-23,2022,0.4,2,289,61.0,167.0,0.26666666666666666,0.0,,441,38.0,42.578947368421055,11.289473684210526,4.0,15.105263157894736,34.0,57.0,0.42771684945164506,,,,False
Emerson,Brazil,"MF,DF",Tottenham,22,1999,31,26,2286,25.4,1,1,2,1,0,0,5,0,0.03937007874015748,0.03937007874015748,0.07874015748031496,0.03937007874015748,0.07874015748031496,False,2021-22,2021,0.07874015748031496,1,2286,,,0.07874015748031496,,,484,38.0,52.0,12.921052631578947,5.184210526315789,12.921052631578947,69.0,40.0,0.5,0.15544041450777202,19.3,2022-23,True
Emerson,Brazil,"MF,DF",Tottenham,23,1999,26,20,1735,19.3,2,1,3,2,0,0,2,1,0.10362694300518134,0.05181347150259067,0.15544041450777202,0.10362694300518134,0.15544041450777202,False,2022-23,2022,0.15544041450777202,2,4021,2286.0,-551.0,0.12987366216528634,0.07874015748031496,,529,38.0,49.94736842105263,13.68421052631579,5.2631578947368425,13.68421052631579,70.0,63.0,0.5,0.07751937984496124,12.9,2023-24,True
Emerson,Brazil,DF,Tottenham,24,1999,22,11,1161,12.9,1,0,1,1,0,0,4,0,0.07751937984496124,0.0,0.07751937984496124,0.07751937984496124,0.07751937984496124,False,2023-24,2023,0.07751937984496124,3,5182,1735.0,-574.0,0.09497080728506961,0.15544041450777202,0.07874015748031496,576,38.0,62.05263157894737,15.31578947368421,5.631578947368421,12.789473684210526,74.0,61.0,0.5449438202247191,,,,False
Emerson Palmieri,Italy,"DF,MF",Chelsea,26,1994,1,0,5,0.1,0,0,0,0,0,0,0,0,0.0,0.0,0.0,0.0,0.0,False,2021-22,2021,0.0,1,5,,,0.0,,,676,38.0,62.3421052631579,15.578947368421053,5.552631578947368,8.921052631578947,76.0,33.0,0.635875402792696,0.06802721088435375,14.7,2022-23,True
Emerson Palmieri,Italy,"MF,DF",West Ham,27,1994,22,16,1320,14.7,1,0,1,1,0,0,2,0,0.06802721088435375,0.0,0.06802721088435375,0.06802721088435375,0.06802721088435375,False,2022-23,2022,0.06802721088435375,2,1325,5.0,1315.0,0.045351473922902494,0.0,,729,,,,,,,,,0.08595988538681949,34.9,2023-24,True
Emerson Palmieri,Italy,DF,West Ham,28,1994,36,35,3137,34.9,1,2,3,1,0,0,10,0,0.02865329512893983,0.05730659025787966,0.08595988538681949,0.02865329512893983,0.08595988538681949,False,2023-24,2023,0.08595988538681949,3,4462,1320.0,1817.0,0.0724237482321805,0.06802721088435375,0.0,784,,,,,,,,,0.1276595744680851,23.5,2024-25,True
Emerson Palmieri,Italy,"DF,MF",West Ham,29,1994,31,26,2113,23.5,2,1,3,2,0,0,5,0,0.0851063829787234,0.0425531914893617,0.1276595744680851,0.0851063829787234,0.1276595744680851,False,2024-25,2024,0.1276595744680851,4,6575,3137.0,-1024.0,0.10924763238945022,0.08595988538681949,0.06802721088435375,841,,,,,,,,,,,,False
Emi Buendía,Argentina,"FW,MF",Aston Villa,24,1996,35,22,1899,21.1,4,6,10,4,0,0,1,0,0.1895734597156398,0.2843601895734597,0.4739336492890995,0.1895734597156398,0.4739336492890995,False,2021-22,2021,0.4739336492890995,1,1899,,,0.4739336492890995,,,576,38.0,46.473684210526315,12.210526315789474,4.2631578947368425,12.552631578947368,52.0,54.0,0.49309245483528164,0.26119402985074625,26.8,2022-23,True
Emi Buendía,Argentina,"MF,FW",Aston Villa,25,1996,38,27,2412,26.8,5,2,7,5,0,0,0,0,0.18656716417910446,0.07462686567164178,0.26119402985074625,0.18656716417910446,0.26119402985074625,False,2022-23,2022,0.26119402985074625,2,4311,1899.0,513.0,0.33210723633019734,0.4739336492890995,,625,38.0,49.44736842105263,11.31578947368421,3.973684210526316,11.289473684210526,51.0,46.0,0.5005820721769499,0.0,1.1,2024-25,False
Emi Buendía,Argentina,"FW,MF",Aston Villa,27,1996,12,0,98,1.1,0,0,0,0,0,0,1,0,0.0,0.0,0.0,0.0,0.0,False,2024-25,2024,0.0,3,4409,2412.0,-2314.0,0.11070241211006579,0.26119402985074625,0.4739336492890995,729,38.0,50.71052631578947,12.736842105263158,4.473684210526316,12.18421052631579,58.0,51.0,0.5110876451953538,0.41025641025641024,19.5,2025-26,True
Emi Buendía,Argentina,MF,Aston Villa,28,1996,36,21,1755,19.5,6,2,8,6,0,0,6,0,0.3076923076923077,0.10256410256410256,0.41025641025641024,0.3076923076923077,0.41025641025641024,False,2025-26,2025,0.41025641025641024,4,6164,98.0,1657.0,0.3104050775409621,0.0,0.26119402985074625,784,38.0,53.6578947368421,12.710526315789474,4.473684210526316,12.894736842105264,56.0,49.0,0.4964028776978417,,,,False
Emil Krafth,Sweden,DF,Newcastle,26,1994,20,18,1634,18.2,0,1,1,0,0,0,5,0,0.0,0.054945054945054944,0.054945054945054944,0.0,0.054945054945054944,False,2021-22,2021,0.054945054945054944,1,1634,,,0.054945054945054944,,,676,38.0,39.94736842105263,11.789473684210526,3.8947368421052633,13.894736842105264,44.0,62.0,0.45901639344262296,0.0,0.0,2022-23,False
Emil Krafth,Sweden,DF,Newcastle,27,1994,1,0,1,0.0,0,0,0,0,0,0,0,0,0.0,0.0,0.0,0.0,0.0,False,2022-23,2022,0.0,2,1635,1634.0,-1633.0,0.018315018315018316,0.054945054945054944,,729,38.0,52.44736842105263,15.026315789473685,5.184210526315789,10.18421052631579,68.0,33.0,0.5960334029227558,0.0,10.1,2023-24,True
Emil Krafth,Sweden,DF,Newcastle,28,1994,17,8,913,10.1,0,0,0,0,0,0,2,0,0.0,0.0,0.0,0.0,0.0,False,2023-24,2023,0.0,3,2548,1.0,912.0,0.006105006105006106,0.0,0.054945054945054944,784,38.0,52.21052631578947,14.5,5.605263157894737,14.052631578947368,85.0,62.0,0.5078341013824884,0.0,3.8,2024-25,True
Emil Krafth,Sweden,DF,Newcastle,29,1994,12,2,342,3.8,0,0,0,0,0,0,2,0,0.0,0.0,0.0,0.0,0.0,False,2024-25,2024,0.0,4,2890,913.0,-571.0,0.0020350020350020357,0.0,0.0,841,38.0,51.05263157894737,13.789473684210526,4.578947368421052,12.447368421052632,68.0,47.0,0.5255767301905717,0.0,0.5,2025-26,False
Emil Krafth,Sweden,DF,Newcastle,30,1994,1,1,45,0.5,0,0,0,0,0,0,0,0,0.0,0.0,0.0,0.0,0.0,False,2025-26,2025,0.0,5,2935,342.0,-297.0,0.0006783340116673453,0.0,0.0,900,38.0,52.473684210526315,12.947368421052632,4.631578947368421,12.342105263157896,53.0,55.0,0.5119667013527576,,,,False
Emile Smith Rowe,England,MF,Arsenal,21,2000,33,21,1921,21.3,10,2,12,10,0,0,1,0,0.4694835680751174,0.09389671361502347,0.5633802816901409,0.4694835680751174,0.5633802816901409,False,2021-22,2021,0.5633802816901409,1,1921,,,0.5633802816901409,,,441,38.0,53.18421052631579,15.473684210526315,5.157894736842105,11.18421052631579,61.0,48.0,0.5804540967423495,1.0526315789473684,1.9,2022-23,False
Emile Smith Rowe,England,MF,Arsenal,22,2000,12,0,172,1.9,0,2,2,0,0,0,0,0,0.0,1.0526315789473684,1.0526315789473684,0.0,1.0526315789473684,False,2022-23,2022,1.0526315789473684,2,2093,1921.0,-1749.0,0.8895478131949592,0.5633802816901409,,484,38.0,59.94736842105263,15.605263157894736,5.368421052631579,8.973684210526315,88.0,43.0,0.6349036402569593,0.25641025641025644,3.9,2023-24,True
Emile Smith Rowe,England,MF,Arsenal,23,2000,13,3,353,3.9,0,1,1,0,0,0,0,0,0.0,0.25641025641025644,0.25641025641025644,0.0,0.25641025641025644,False,2023-24,2023,0.25641025641025644,3,2446,172.0,181.0,0.4674561086718241,1.0526315789473684,0.5633802816901409,529,38.0,58.63157894736842,17.263157894736842,5.973684210526316,8.473684210526315,91.0,29.0,0.6707566462167689,0.39647577092511016,22.7,2024-25,True
Emile Smith Rowe,England,MF,Fulham,24,2000,34,25,2043,22.7,6,3,9,6,0,0,3,0,0.2643171806167401,0.13215859030837004,0.39647577092511016,0.2643171806167401,0.39647577092511016,False,2024-25,2024,0.39647577092511016,4,4489,353.0,1690.0,0.4201358835073481,0.25641025641025644,1.0526315789473684,576,38.0,52.473684210526315,13.710526315789474,4.552631578947368,11.368421052631579,54.0,54.0,0.5466946484784889,0.14018691588785048,21.4,2025-26,True
Emile Smith Rowe,England,MF,Fulham,25,2000,37,22,1923,21.4,3,0,3,3,0,0,1,0,0.14018691588785048,0.0,0.14018691588785048,0.14018691588785048,0.14018691588785048,False,2025-26,2025,0.14018691588785048,5,6412,2043.0,-120.0,0.23350323842768303,0.39647577092511016,0.25641025641025644,625,38.0,51.73684210526316,12.657894736842104,3.6315789473684212,11.789473684210526,47.0,51.0,0.5177610333692142,,,,False
Emiliano Marcondes,Denmark,"FW,MF",Bournemouth,27,1995,1,0,9,0.1,0,0,0,0,0,0,0,0,0.0,0.0,0.0,0.0,0.0,False,2022-23,2022,0.0,1,9,,,0.0,,,729,38.0,40.078947368421055,9.394736842105264,3.5,16.473684210526315,37.0,71.0,0.3631739572736521,,,,False
Emiliano Martínez,Argentina,GK,Aston Villa,28,1992,36,36,3240,36.0,0,0,0,0,0,0,4,0,0.0,0.0,0.0,0.0,0.0,False,2021-22,2021,0.0,1,3240,,,0.0,,,784,38.0,46.473684210526315,12.210526315789474,4.2631578947368425,12.552631578947368,52.0,54.0,0.49309245483528164,0.0,34.9,2022-23,True
Emiliano Martínez,Argentina,GK,Aston Villa,29,1992,36,36,3139,34.9,0,0,0,0,0,0,7,0,0.0,0.0,0.0,0.0,0.0,False,2022-23,2022,0.0,2,6379,3240.0,-101.0,0.0,0.0,,841,38.0,49.44736842105263,11.31578947368421,3.973684210526316,11.289473684210526,51.0,46.0,0.5005820721769499,0.0,33.5,2023-24,True
Emiliano Martínez,Argentina,GK,Aston Villa,30,1992,34,34,3015,33.5,0,0,0,0,0,0,4,0,0.0,0.0,0.0,0.0,0.0,False,2023-24,2023,0.0,3,9394,3139.0,-124.0,0.0,0.0,0.0,900,38.0,53.421052631578945,13.5,5.0,11.947368421052632,76.0,61.0,0.5305067218200621,0.0,35.5,2024-25,True
Emiliano Martínez,Argentina,GK,Aston Villa,31,1992,37,37,3194,35.5,0,0,0,0,0,0,5,1,0.0,0.0,0.0,0.0,0.0,False,2024-25,2024,0.0,4,12588,3015.0,179.0,0.0,0.0,0.0,961,38.0,50.71052631578947,12.736842105263158,4.473684210526316,12.18421052631579,58.0,51.0,0.5110876451953538,0.031746031746031744,31.5,2025-26,True
Emiliano Martínez,Argentina,GK,Aston Villa,32,1992,32,32,2835,31.5,0,1,1,0,0,0,2,0,0.0,0.031746031746031744,0.031746031746031744,0.0,0.031746031746031744,False,2025-26,2025,0.031746031746031744,5,15423,3194.0,-359.0,0.021164021164021163,0.0,0.0,1024,38.0,53.6578947368421,12.710526315789474,4.473684210526316,12.894736842105264,56.0,49.0,0.4964028776978417,,,,False
Emmanuel Agbadou,Ivory Coast,DF,Wolves,27,1997,16,16,1410,15.7,1,0,1,1,0,0,3,0,0.06369426751592357,0.0,0.06369426751592357,0.06369426751592357,0.06369426751592357,False,2024-25,2024,0.06369426751592357,1,1410,,,0.06369426751592357,,,729,,,,,,,,,0.0,12.2,2025-26,True
Emmanuel Agbadou,Ivory Coast,DF,Wolves,28,1997,14,12,1101,12.2,0,0,0,0,0,0,1,1,0.0,0.0,0.0,0.0,0.0,False,2025-26,2025,0.0,2,2511,1410.0,-309.0,0.021231422505307858,0.06369426751592357,,784,,,,,,,,,,,,False
Emmanuel Dennis,Nigeria,"FW,MF",Watford,23,1997,33,30,2581,28.7,10,6,16,10,0,0,9,1,0.34843205574912894,0.20905923344947736,0.5574912891986062,0.34843205574912894,0.5574912891986062,False,2021-22,2021,0.5574912891986062,1,2581,,,0.5574912891986062,,,529,,,,,,,,,0.5,8.0,2022-23,True
Emmanuel Dennis,Nigeria,"MF,FW",Nottingham,24,1997,19,6,720,8.0,2,2,4,2,0,0,3,0,0.25,0.25,0.5,0.25,0.5,False,2022-23,2022,0.5,2,3301,2581.0,-1861.0,0.519163763066202,0.5574912891986062,,576,38.0,37.21052631578947,9.68421052631579,3.1052631578947367,14.657894736842104,38.0,68.0,0.3978378378378378,,,,False
Enes Ünal,Turkey,FW,Bournemouth,26,1997,16,2,328,3.6,2,2,4,2,0,0,1,0,0.5555555555555556,0.5555555555555556,1.1111111111111112,0.5555555555555556,1.1111111111111112,False,2023-24,2023,1.1111111111111112,1,328,,,1.1111111111111112,,,676,38.0,44.05263157894737,14.263157894736842,4.868421052631579,13.973684210526315,54.0,67.0,0.5051258154706431,0.7894736842105263,3.8,2024-25,True
Enes Ünal,Turkey,FW,Bournemouth,27,1997,17,2,345,3.8,2,1,3,2,0,0,2,0,0.5263157894736842,0.2631578947368421,0.7894736842105263,0.5263157894736842,0.7894736842105263,False,2024-25,2024,0.7894736842105263,2,673,328.0,17.0,0.8966861598440545,1.1111111111111112,,729,38.0,48.578947368421055,15.263157894736842,5.315789473684211,12.842105263157896,58.0,46.0,0.5430711610486891,0.3846153846153846,2.6,2025-26,False
Enes Ünal,Turkey,FW,Bournemouth,28,1997,23,0,232,2.6,1,0,1,1,0,0,1,0,0.3846153846153846,0.0,0.3846153846153846,0.3846153846153846,0.3846153846153846,False,2025-26,2025,0.3846153846153846,3,905,345.0,-113.0,0.5553056430249412,0.7894736842105263,1.1111111111111112,784,38.0,50.078947368421055,13.842105263157896,4.684210526315789,12.631578947368421,58.0,54.0,0.5228628230616302,,,,False
Enock Mwepu,Zambia,MF,Brighton,23,1998,18,12,996,11.1,2,4,6,2,0,0,2,0,0.1801801801801802,0.3603603603603604,0.5405405405405406,0.1801801801801802,0.5405405405405406,False,2021-22,2021,0.5405405405405406,1,996,,,0.5405405405405406,,,529,38.0,54.73684210526316,12.868421052631579,4.0,12.526315789473685,42.0,44.0,0.5067357512953368,0.4166666666666667,2.4,2022-23,False
Enock Mwepu,Zambia,"MF,FW",Brighton,24,1998,6,2,213,2.4,0,1,1,0,0,0,0,0,0.0,0.4166666666666667,0.4166666666666667,0.0,0.4166666666666667,False,2022-23,2022,0.4166666666666667,2,1209,996.0,-783.0,0.457957957957958,0.5405405405405406,,576,38.0,60.526315789473685,16.105263157894736,6.078947368421052,10.210526315789474,72.0,53.0,0.612,,,,False
Enso Gonzalez,Paraguay,FW,Wolves,18,2005,1,0,1,0.0,0,0,0,0,0,0,0,0,0.0,0.0,0.0,0.0,0.0,False,2023-24,2023,0.0,1,1,,,0.0,,,324,,,,,,,,,,,,False
Enzo Fernández,Argentina,MF,Chelsea,21,2001,18,18,1547,17.2,0,2,2,0,0,0,3,0,0.0,0.11627906976744186,0.11627906976744186,0.0,0.11627906976744186,False,2022-23,2022,0.11627906976744186,1,1547,,,0.11627906976744186,,,441,38.0,59.026315789473685,12.736842105263158,4.157894736842105,11.526315789473685,38.0,47.0,0.5249457700650759,0.20408163265306123,24.5,2023-24,True
Enzo Fernández,Argentina,MF,Chelsea,22,2001,28,26,2209,24.5,3,2,5,2,1,2,7,0,0.12244897959183673,0.08163265306122448,0.20408163265306123,0.08163265306122448,0.163265306122449,False,2023-24,2023,0.20408163265306123,2,3756,1547.0,662.0,0.1748141116911881,0.11627906976744186,,484,38.0,59.0,14.421052631578947,5.657894736842105,14.631578947368421,77.0,63.0,0.4963768115942029,0.39755351681957185,32.7,2024-25,True
Enzo Fernández,Argentina,MF,Chelsea,23,2001,36,32,2947,32.7,6,7,13,6,0,0,8,0,0.18348623853211007,0.21406727828746175,0.39755351681957185,0.18348623853211007,0.39755351681957185,False,2024-25,2024,0.39755351681957185,3,6703,2209.0,738.0,0.32330704844344393,0.20408163265306123,0.11627906976744186,529,38.0,57.3421052631579,15.657894736842104,5.7368421052631575,10.447368421052632,64.0,43.0,0.5997983870967741,0.40462427745664736,34.6,2025-26,True
Enzo Fernández,Argentina,MF,Chelsea,24,2001,36,35,3115,34.6,10,4,14,8,2,2,10,0,0.2890173410404624,0.11560693641618497,0.40462427745664736,0.23121387283236994,0.34682080924855485,False,2025-26,2025,0.40462427745664736,4,9818,2947.0,168.0,0.3775185344522462,0.39755351681957185,0.20408163265306123,576,38.0,57.73684210526316,13.394736842105264,4.368421052631579,10.947368421052632,58.0,52.0,0.5502702702702702,,,,False
Enzo Le Fée,France,"MF,FW",Sunderland,25,2000,36,33,2930,32.6,5,6,11,2,3,4,5,0,0.15337423312883436,0.18404907975460122,0.3374233128834356,0.06134969325153374,0.24539877300613497,False,2025-26,2025,0.3374233128834356,1,2930,,,0.3374233128834356,,,625,38.0,44.89473684210526,10.421052631578947,3.4210526315789473,14.210526315789474,42.0,48.0,0.4230769230769231,,,,False
Eric Bailly,Ivory Coast,DF,Manchester Utd,27,1994,4,3,217,2.4,0,0,0,0,0,0,1,0,0.0,0.0,0.0,0.0,0.0,False,2021-22,2021,0.0,1,217,,,0.0,,,729,38.0,52.921052631578945,13.368421052631579,4.921052631578948,13.447368421052632,57.0,57.0,0.4985279685966634,,,,False
Eric Dier,England,DF,Tottenham,27,1994,35,35,3071,34.1,0,0,0,0,0,0,1,0,0.0,0.0,0.0,0.0,0.0,False,2021-22,2021,0.0,1,3071,,,0.0,,,729,38.0,52.0,12.921052631578947,5.184210526315789,12.921052631578947,69.0,40.0,0.5,0.09584664536741214,31.3,2022-23,True
Eric Dier,England,DF,Tottenham,28,1994,33,31,2818,31.3,2,1,3,2,0,0,3,0,0.06389776357827476,0.03194888178913738,0.09584664536741214,0.06389776357827476,0.09584664536741214,False,2022-23,2022,0.09584664536741214,2,5889,3071.0,-253.0,0.06389776357827476,0.0,,784,38.0,49.94736842105263,13.68421052631579,5.2631578947368425,13.68421052631579,70.0,63.0,0.5,0.0,2.2,2023-24,False
Eric Dier,England,DF,Tottenham,29,1994,4,1,201,2.2,0,0,0,0,0,0,0,0,0.0,0.0,0.0,0.0,0.0,False,2023-24,2023,0.0,3,6090,2818.0,-2617.0,0.021299254526091587,0.09584664536741214,0.0,841,38.0,62.05263157894737,15.31578947368421,5.631578947368421,12.789473684210526,74.0,61.0,0.5449438202247191,,,,False
Eric da Silva Moreira,Germany,DF,Nottingham,18,2006,2,0,30,0.3,0,0,0,0,0,0,0,0,0.0,0.0,0.0,0.0,0.0,False,2024-25,2024,0.0,1,30,,,0.0,,,324,38.0,40.921052631578945,12.18421052631579,4.368421052631579,13.973684210526315,58.0,46.0,0.4657947686116701,,,,False
Erik Pieters,Netherlands,DF,Burnley,32,1988,12,8,730,8.1,0,1,1,0,0,0,1,0,0.0,0.1234567901234568,0.1234567901234568,0.0,0.1234567901234568,False,2021-22,2021,0.1234567901234568,1,730,,,0.1234567901234568,,,1024,,,,,,,,,,,,False
Erling Haaland,Norway,"FW,MF",Manchester City,22,2000,35,33,2769,30.8,36,8,44,29,7,7,5,0,1.1688311688311688,0.2597402597402597,1.4285714285714286,0.9415584415584415,1.2012987012987013,False,2022-23,2022,1.4285714285714286,1,2769,,,1.4285714285714286,,,484,38.0,65.34210526315789,15.789473684210526,5.7631578947368425,7.7105263157894735,94.0,33.0,0.6718924972004479,1.1267605633802817,28.4,2023-24,True
Erling Haaland,Norway,"FW,MF",Manchester City,23,2000,31,29,2552,28.4,27,5,32,20,7,8,1,0,0.9507042253521127,0.17605633802816903,1.1267605633802817,0.7042253521126761,0.8802816901408451,False,2023-24,2023,1.1267605633802817,2,5321,2769.0,-217.0,1.227364185110664,1.4285714285714286,,529,38.0,65.73684210526316,18.263157894736842,7.315789473684211,7.7368421052631575,96.0,34.0,0.7024291497975709,0.8223684210526316,30.4,2024-25,True
Erling Haaland,Norway,FW,Manchester City,24,2000,31,31,2736,30.4,22,3,25,19,3,4,2,0,0.7236842105263158,0.09868421052631579,0.8223684210526316,0.625,0.7236842105263158,False,2024-25,2024,0.8223684210526316,3,8057,2552.0,184.0,0.9573670090719758,1.1267605633802817,1.4285714285714286,576,38.0,61.73684210526316,16.0,5.7105263157894735,9.31578947368421,72.0,44.0,0.6320166320166319,1.0670731707317074,32.8,2025-26,True
Erling Haaland,Norway,FW,Manchester City,25,2000,35,34,2953,32.8,27,8,35,24,3,4,2,0,0.8231707317073171,0.24390243902439027,1.0670731707317074,0.7317073170731708,0.9756097560975611,False,2025-26,2025,1.0670731707317074,4,11010,2736.0,217.0,1.0305044501784635,0.8223684210526316,1.1267605633802817,625,38.0,60.6578947368421,15.657894736842104,5.394736842105263,9.710526315789474,77.0,35.0,0.617219917012448,,,,False
Estêvão Willian,Brazil,MF,Chelsea,18,2007,22,12,848,9.4,2,2,4,2,0,0,4,0,0.2127659574468085,0.2127659574468085,0.425531914893617,0.2127659574468085,0.425531914893617,False,2025-26,2025,0.425531914893617,1,848,,,0.425531914893617,,,324,38.0,57.73684210526316,13.394736842105264,4.368421052631579,10.947368421052632,58.0,52.0,0.5502702702702702,,,,False
Ethan Ampadu,Wales,MF,Leeds United,24,2000,35,35,3119,34.7,1,1,2,1,0,0,10,0,0.02881844380403458,0.02881844380403458,0.05763688760806916,0.02881844380403458,0.05763688760806916,False,2025-26,2025,0.05763688760806916,1,3119,,,0.05763688760806916,,,576,38.0,45.73684210526316,12.552631578947368,3.973684210526316,12.526315789473685,49.0,56.0,0.5005246589716683,,,,False
Ethan Nwaneri,England,MF,Arsenal,15,2007,1,0,1,0.0,0,0,0,0,0,0,0,0,0.0,0.0,0.0,0.0,0.0,False,2022-23,2022,0.0,1,1,,,0.0,,,225,38.0,59.94736842105263,15.605263157894736,5.368421052631579,8.973684210526315,88.0,43.0,0.6349036402569593,0.0,0.2,2023-24,False
Ethan Nwaneri,England,MF,Arsenal,16,2007,1,0,14,0.2,0,0,0,0,0,0,0,0,0.0,0.0,0.0,0.0,0.0,False,2023-24,2023,0.0,2,15,1.0,13.0,0.0,0.0,,256,38.0,58.63157894736842,17.263157894736842,5.973684210526316,8.473684210526315,91.0,29.0,0.6707566462167689,0.6060606060606061,9.9,2024-25,True
Ethan Nwaneri,England,"FW,MF",Arsenal,17,2007,26,11,895,9.9,4,2,6,4,0,0,1,0,0.40404040404040403,0.20202020202020202,0.6060606060606061,0.40404040404040403,0.6060606060606061,False,2024-25,2024,0.6060606060606061,3,910,14.0,881.0,0.40404040404040403,0.0,0.0,289,38.0,57.18421052631579,14.394736842105264,4.947368421052632,9.526315789473685,69.0,34.0,0.6017601760176018,0.0,1.9,2025-26,False
Ethan Nwaneri,England,MF,Arsenal,18,2007,6,0,171,1.9,0,0,0,0,0,0,0,0,0.0,0.0,0.0,0.0,0.0,False,2025-26,2025,0.0,4,1081,895.0,-724.0,0.1346801346801347,0.6060606060606061,0.0,324,38.0,56.44736842105263,14.526315789473685,4.894736842105263,8.157894736842104,71.0,27.0,0.640371229698376,,,,False
Ethan Pinnock,Jamaica,DF,Brentford,28,1993,32,32,2694,29.9,1,1,2,1,0,0,1,0,0.033444816053511704,0.033444816053511704,0.06688963210702341,0.033444816053511704,0.06688963210702341,False,2021-22,2021,0.06688963210702341,1,2694,,,0.06688963210702341,,,784,38.0,44.5,11.631578947368421,4.052631578947368,13.210526315789474,48.0,56.0,0.4682203389830508,0.1,30.0,2022-23,True
Ethan Pinnock,Jamaica,DF,Brentford,29,1993,30,30,2700,30.0,3,0,3,3,0,0,0,0,0.1,0.0,0.1,0.1,0.1,False,2022-23,2022,0.1,2,5394,2694.0,6.0,0.08896321070234114,0.06688963210702341,,841,38.0,43.39473684210526,10.710526315789474,4.2631578947368425,14.763157894736842,58.0,46.0,0.42045454545454547,0.07142857142857142,28.0,2023-24,True
Ethan Pinnock,Jamaica,DF,Brentford,30,1993,29,28,2521,28.0,2,0,2,2,0,0,1,0,0.07142857142857142,0.0,0.07142857142857142,0.07142857142857142,0.07142857142857142,False,2023-24,2023,0.07142857142857142,3,7915,2700.0,-179.0,0.07727345118649467,0.1,0.06688963210702341,900,38.0,44.973684210526315,12.447368421052632,4.526315789473684,14.421052631578947,56.0,65.0,0.4632713026444662,0.09389671361502347,21.3,2024-25,True
Ethan Pinnock,Jamaica,DF,Brentford,31,1993,22,21,1913,21.3,2,0,2,2,0,0,2,0,0.09389671361502347,0.0,0.09389671361502347,0.09389671361502347,0.09389671361502347,False,2024-25,2024,0.09389671361502347,4,9828,2521.0,-608.0,0.0883556261388472,0.07142857142857142,0.1,961,38.0,47.81578947368421,11.578947368421053,4.842105263157895,17.026315789473685,66.0,57.0,0.40478380864765406,0.0,3.5,2025-26,True
Ethan Pinnock,Jamaica,DF,Brentford,32,1993,4,4,318,3.5,0,0,0,0,0,0,1,0,0.0,0.0,0.0,0.0,0.0,False,2025-26,2025,0.0,5,10146,1913.0,-1595.0,0.029451875379615737,0.09389671361502347,0.07142857142857142,1024,38.0,47.5,10.657894736842104,3.8684210526315788,13.263157894736842,55.0,52.0,0.44554455445544555,,,,False
Ethan Wheatley,England,FW,Manchester Utd,17,2006,3,0,16,0.2,0,0,0,0,0,0,0,0,0.0,0.0,0.0,0.0,0.0,False,2023-24,2023,0.0,1,16,,,0.0,,,289,38.0,50.526315789473685,14.473684210526315,5.078947368421052,17.55263157894737,57.0,58.0,0.4519309778142974,,,,False
Evan Ferguson,Ireland,FW,Brighton,16,2004,1,0,23,0.3,0,0,0,0,0,0,0,0,0.0,0.0,0.0,0.0,0.0,False,2021-22,2021,0.0,1,23,,,0.0,,,256,38.0,54.73684210526316,12.868421052631579,4.0,12.526315789473685,42.0,44.0,0.5067357512953368,0.7547169811320755,10.6,2022-23,True
Evan Ferguson,Ireland,FW,Brighton,17,2004,19,10,950,10.6,6,2,8,6,0,0,1,0,0.5660377358490566,0.18867924528301888,0.7547169811320755,0.5660377358490566,0.7547169811320755,False,2022-23,2022,0.7547169811320755,2,973,23.0,927.0,0.5031446540880503,0.0,,289,38.0,60.526315789473685,16.105263157894736,6.078947368421052,10.210526315789474,72.0,53.0,0.612,0.39473684210526316,15.2,2023-24,True
Evan Ferguson,Ireland,FW,Brighton,18,2004,27,15,1367,15.2,6,0,6,6,0,0,1,0,0.39473684210526316,0.0,0.39473684210526316,0.39473684210526316,0.39473684210526316,False,2023-24,2023,0.39473684210526316,3,2340,950.0,417.0,0.43087277943285884,0.7547169811320755,0.0,324,38.0,60.3421052631579,14.789473684210526,5.473684210526316,12.289473684210526,55.0,62.0,0.5461613216715258,,,,False
Evan FergusonEvan Ferguson,Ireland,FW,West Ham,19,2004,21,3,402,4.4,1,0,1,1,0,0,0,0,0.22727272727272727,0.0,0.22727272727272727,0.22727272727272727,0.22727272727272727,False,2024-25,2024,0.22727272727272727,1,402,,,0.22727272727272727,,,361,,,,,,,,,,,,False
Evanilson,Brazil,FW,Bournemouth,24,1999,31,28,2319,25.8,10,1,11,10,0,1,1,1,0.38759689922480617,0.03875968992248062,0.4263565891472868,0.38759689922480617,0.4263565891472868,False,2024-25,2024,0.4263565891472868,1,2319,,,0.4263565891472868,,,576,38.0,48.578947368421055,15.263157894736842,5.315789473684211,12.842105263157896,58.0,46.0,0.5430711610486891,0.22950819672131148,30.5,2025-26,True
Evanilson,Brazil,FW,Bournemouth,25,1999,36,32,2742,30.5,6,1,7,6,0,0,2,0,0.19672131147540983,0.03278688524590164,0.22950819672131148,0.19672131147540983,0.22950819672131148,False,2025-26,2025,0.22950819672131148,2,5061,2319.0,423.0,0.29512432752997,0.4263565891472868,,625,38.0,50.078947368421055,13.842105263157896,4.684210526315789,12.631578947368421,58.0,54.0,0.5228628230616302,,,,False
Evann GuessandEvann Guessand,Ivory Coast,MF,Crystal Palace,24,2001,21,9,918,10.2,1,2,3,1,0,0,0,0,0.09803921568627452,0.19607843137254904,0.29411764705882354,0.09803921568627452,0.29411764705882354,False,2025-26,2025,0.29411764705882354,1,918,,,0.29411764705882354,,,576,38.0,45.89473684210526,11.631578947368421,3.710526315789474,11.710526315789474,41.0,51.0,0.49830890642615555,,,,False
Ezra Mayers,Barbados,DF,West Ham,18,2007,6,0,117,1.3,0,0,0,0,0,0,0,0,0.0,0.0,0.0,0.0,0.0,False,2025-26,2025,0.0,1,117,,,0.0,,,324,,,,,,,,,,,,False
Ezri Konsa,England,DF,Aston Villa,23,1997,29,29,2477,27.5,2,0,2,2,0,0,6,2,0.07272727272727272,0.0,0.07272727272727272,0.07272727272727272,0.07272727272727272,False,2021-22,2021,0.07272727272727272,1,2477,,,0.07272727272727272,,,529,38.0,46.473684210526315,12.210526315789474,4.2631578947368425,12.552631578947368,52.0,54.0,0.49309245483528164,0.0,36.9,2022-23,True
Ezri Konsa,England,DF,Aston Villa,24,1997,38,37,3322,36.9,0,0,0,0,0,0,6,0,0.0,0.0,0.0,0.0,0.0,False,2022-23,2022,0.0,2,5799,2477.0,845.0,0.024242424242424242,0.07272727272727272,,576,38.0,49.44736842105263,11.31578947368421,3.973684210526316,11.289473684210526,51.0,46.0,0.5005820721769499,0.029325513196480937,34.1,2023-24,True
Ezri Konsa,England,DF,Aston Villa,25,1997,35,35,3069,34.1,1,0,1,1,0,0,5,0,0.029325513196480937,0.0,0.029325513196480937,0.029325513196480937,0.029325513196480937,False,2023-24,2023,0.029325513196480937,3,8868,3322.0,-253.0,0.027631150211795373,0.0,0.07272727272727272,625,38.0,53.421052631578945,13.5,5.0,11.947368421052632,76.0,61.0,0.5305067218200621,0.06134969325153374,32.6,2024-25,True
Ezri Konsa,England,DF,Aston Villa,26,1997,34,33,2936,32.6,2,0,2,2,0,0,1,0,0.06134969325153374,0.0,0.06134969325153374,0.06134969325153374,0.06134969325153374,False,2024-25,2024,0.06134969325153374,4,11804,3069.0,-133.0,0.05011017890495428,0.029325513196480937,0.0,676,38.0,50.71052631578947,12.736842105263158,4.473684210526316,12.18421052631579,58.0,51.0,0.5110876451953538,0.0,33.7,2025-26,True
Ezri Konsa,England,DF,Aston Villa,27,1997,34,34,3035,33.7,0,0,0,0,0,0,0,1,0.0,0.0,0.0,0.0,0.0,False,2025-26,2025,0.0,5,14839,2936.0,99.0,0.016703392968318097,0.06134969325153374,0.029325513196480937,729,38.0,53.6578947368421,12.710526315789474,4.473684210526316,12.894736842105264,56.0,49.0,0.4964028776978417,,,,False
Fabian Delph,England,MF,Everton,31,1989,11,8,662,7.4,0,0,0,0,0,0,2,0,0.0,0.0,0.0,0.0,0.0,False,2021-22,2021,0.0,1,662,,,0.0,,,961,38.0,39.68421052631579,11.526315789473685,3.6315789473684212,13.710526315789474,43.0,66.0,0.45672575599582904,,,,False
Fabian Schär,Switzerland,DF,Newcastle,29,1991,25,25,2158,24.0,2,2,4,2,0,0,4,0,0.08333333333333333,0.08333333333333333,0.16666666666666666,0.08333333333333333,0.16666666666666666,False,2021-22,2021,0.16666666666666666,1,2158,,,0.16666666666666666,,,841,38.0,39.94736842105263,11.789473684210526,3.8947368421052633,13.894736842105264,44.0,62.0,0.45901639344262296,0.11235955056179775,35.6,2022-23,True
Fabian Schär,Switzerland,DF,Newcastle,30,1991,36,36,3206,35.6,1,3,4,1,0,0,7,0,0.028089887640449437,0.08426966292134831,0.11235955056179775,0.028089887640449437,0.11235955056179775,False,2022-23,2022,0.11235955056179775,2,5364,2158.0,1048.0,0.13046192259675404,0.16666666666666666,,900,38.0,52.44736842105263,15.026315789473685,5.184210526315789,10.18421052631579,68.0,33.0,0.5960334029227558,0.14749262536873156,33.9,2023-24,True
Fabian Schär,Switzerland,DF,Newcastle,31,1991,36,35,3054,33.9,4,1,5,4,0,0,5,0,0.11799410029498525,0.029498525073746312,0.14749262536873156,0.11799410029498525,0.14749262536873156,False,2023-24,2023,0.14749262536873156,3,8418,3206.0,-152.0,0.14181572444473906,0.11235955056179775,0.16666666666666666,961,38.0,52.21052631578947,14.5,5.605263157894737,14.052631578947368,85.0,62.0,0.5078341013824884,0.12269938650306748,32.6,2024-25,True
Fabian Schär,Switzerland,DF,Newcastle,32,1991,34,33,2934,32.6,4,0,4,4,0,0,9,1,0.12269938650306748,0.0,0.12269938650306748,0.12269938650306748,0.12269938650306748,False,2024-25,2024,0.12269938650306748,4,11352,3054.0,-120.0,0.12907149915029134,0.14749262536873156,0.11235955056179775,1024,38.0,51.05263157894737,13.789473684210526,4.578947368421052,12.447368421052632,68.0,47.0,0.5255767301905717,0.0,12.1,2025-26,True
Fabian Schär,Switzerland,DF,Newcastle,33,1991,16,11,1091,12.1,0,0,0,0,0,0,1,0,0.0,0.0,0.0,0.0,0.0,False,2025-26,2025,0.0,5,12443,2934.0,-1843.0,0.04302383305009712,0.12269938650306748,0.14749262536873156,1089,38.0,52.473684210526315,12.947368421052632,4.631578947368421,12.342105263157896,53.0,55.0,0.5119667013527576,,,,False
Fabinho,Brazil,MF,Liverpool,27,1993,29,26,2314,25.7,5,1,6,3,2,2,7,0,0.19455252918287938,0.038910505836575876,0.23346303501945526,0.11673151750972763,0.1556420233463035,False,2021-22,2021,0.23346303501945526,1,2314,,,0.23346303501945526,,,729,38.0,63.3421052631579,19.18421052631579,6.7631578947368425,7.7894736842105265,94.0,26.0,0.7112195121951219,0.06734006734006734,29.7,2022-23,True
Fabinho,Brazil,MF,Liverpool,28,1993,36,31,2671,29.7,0,2,2,0,0,0,11,0,0.0,0.06734006734006734,0.06734006734006734,0.0,0.06734006734006734,False,2022-23,2022,0.06734006734006734,2,4985,2314.0,357.0,0.12271438989986333,0.23346303501945526,,784,38.0,61.10526315789474,15.921052631578947,5.578947368421052,9.710526315789474,75.0,47.0,0.6211498973305954,,,,False
Fabio Carvalho,Portugal,"MF,FW",Liverpool,19,2002,13,4,347,3.9,2,0,2,2,0,0,0,0,0.5128205128205129,0.0,0.5128205128205129,0.5128205128205129,0.5128205128205129,False,2022-23,2022,0.5128205128205129,1,347,,,0.5128205128205129,,,361,38.0,61.10526315789474,15.921052631578947,5.578947368421052,9.710526315789474,75.0,47.0,0.6211498973305954,0.5882352941176471,5.1,2024-25,True
Fabio Carvalho,Portugal,"FW,MF",Brentford,21,2002,19,3,455,5.1,2,1,3,2,0,0,1,0,0.3921568627450981,0.19607843137254904,0.5882352941176471,0.3921568627450981,0.5882352941176471,False,2024-25,2024,0.5882352941176471,2,802,347.0,108.0,0.563097033685269,0.5128205128205129,,441,38.0,47.81578947368421,11.578947368421053,4.842105263157895,17.026315789473685,66.0,57.0,0.40478380864765406,0.9090909090909091,1.1,2025-26,False
Fabio Carvalho,Portugal,MF,Brentford,22,2002,6,1,102,1.1,1,0,1,1,0,0,0,0,0.9090909090909091,0.0,0.9090909090909091,0.9090909090909091,0.9090909090909091,False,2025-26,2025,0.9090909090909091,3,904,455.0,-353.0,0.793759617289029,0.5882352941176471,0.5128205128205129,484,38.0,47.5,10.657894736842104,3.8684210526315788,13.263157894736842,55.0,52.0,0.44554455445544555,,,,False
Fabio Vieira,Portugal,MF,Arsenal,22,2000,22,3,514,5.7,1,2,3,1,0,0,0,0,0.17543859649122806,0.3508771929824561,0.5263157894736842,0.17543859649122806,0.5263157894736842,False,2022-23,2022,0.5263157894736842,1,514,,,0.5263157894736842,,,484,38.0,59.94736842105263,15.605263157894736,5.368421052631579,8.973684210526315,88.0,43.0,0.6349036402569593,0.9090909090909092,3.3,2023-24,True
Fabio Vieira,Portugal,MF,Arsenal,23,2000,11,2,297,3.3,1,2,3,0,1,1,0,1,0.30303030303030304,0.6060606060606061,0.9090909090909092,0.0,0.6060606060606062,False,2023-24,2023,0.9090909090909092,2,811,514.0,-217.0,0.7814992025518341,0.5263157894736842,,529,38.0,58.63157894736842,17.263157894736842,5.973684210526316,8.473684210526315,91.0,29.0,0.6707566462167689,,,,False
Facundo Buonanotte,Argentina,MF,Brighton,17,2004,13,6,565,6.3,1,1,2,1,0,0,2,0,0.15873015873015872,0.15873015873015872,0.31746031746031744,0.15873015873015872,0.31746031746031744,False,2022-23,2022,0.31746031746031744,1,565,,,0.31746031746031744,,,289,38.0,60.526315789473685,16.105263157894736,6.078947368421052,10.210526315789474,72.0,53.0,0.612,0.2631578947368421,15.2,2023-24,True
Facundo Buonanotte,Argentina,"MF,FW",Brighton,18,2004,27,17,1364,15.2,3,1,4,3,0,0,7,0,0.19736842105263158,0.06578947368421052,0.2631578947368421,0.19736842105263158,0.2631578947368421,False,2023-24,2023,0.2631578947368421,2,1929,565.0,799.0,0.2812587023113339,0.31746031746031744,,324,38.0,60.3421052631579,14.789473684210526,5.473684210526316,12.289473684210526,55.0,62.0,0.5461613216715258,0.4142011834319527,16.9,2024-25,True
Facundo Buonanotte,Argentina,"MF,FW",Leicester City,19,2004,31,14,1523,16.9,5,2,7,5,0,0,8,0,0.2958579881656805,0.1183431952662722,0.4142011834319527,0.2958579881656805,0.4142011834319527,False,2024-25,2024,0.4142011834319527,3,3452,1364.0,159.0,0.3698870230584131,0.2631578947368421,0.31746031746031744,361,,,,,,,,,,,,False
Facundo BuonanotteFacundo Buonanotte,Argentina,MF,Leeds United,20,2004,4,1,84,0.9,0,0,0,0,0,0,1,0,0.0,0.0,0.0,0.0,0.0,False,2025-26,2025,0.0,1,84,,,0.0,,,400,38.0,45.73684210526316,12.552631578947368,3.973684210526316,12.526315789473685,49.0,56.0,0.5005246589716683,,,,False
Facundo Pellistri,Uruguay,"FW,MF",Manchester Utd,20,2001,4,0,64,0.7,0,0,0,0,0,0,0,0,0.0,0.0,0.0,0.0,0.0,False,2022-23,2022,0.0,1,64,,,0.0,,,400,38.0,53.973684210526315,15.578947368421053,5.631578947368421,12.657894736842104,58.0,43.0,0.5517241379310345,0.5263157894736842,1.9,2023-24,False
Facundo Pellistri,Uruguay,MF,Manchester Utd,21,2001,9,1,172,1.9,0,1,1,0,0,0,0,0,0.0,0.5263157894736842,0.5263157894736842,0.0,0.5263157894736842,False,2023-24,2023,0.5263157894736842,2,236,64.0,108.0,0.3508771929824561,0.0,,441,38.0,50.526315789473685,14.473684210526315,5.078947368421052,17.55263157894737,57.0,58.0,0.4519309778142974,,,,False
Federico Chiesa,Italy,FW,Liverpool,26,1997,6,1,108,1.2,0,0,0,0,0,0,0,0,0.0,0.0,0.0,0.0,0.0,False,2024-25,2024,0.0,1,108,,,0.0,,,676,38.0,58.078947368421055,17.026315789473685,6.078947368421052,10.18421052631579,86.0,41.0,0.625725338491296,0.7894736842105263,3.8,2025-26,True
Federico Chiesa,Italy,MF,Liverpool,27,1997,26,1,339,3.8,2,1,3,2,0,0,3,0,0.5263157894736842,0.2631578947368421,0.7894736842105263,0.5263157894736842,0.7894736842105263,False,2025-26,2025,0.7894736842105263,2,447,108.0,231.0,0.5263157894736842,0.0,,729,38.0,59.31578947368421,15.473684210526315,4.605263157894737,11.447368421052632,63.0,53.0,0.5747800586510264,,,,False
Federico Fernández,Argentina,DF,Newcastle,32,1989,7,5,523,5.8,0,0,0,0,0,0,0,0,0.0,0.0,0.0,0.0,0.0,False,2021-22,2021,0.0,1,523,,,0.0,,,1024,38.0,39.94736842105263,11.789473684210526,3.8947368421052633,13.894736842105264,44.0,62.0,0.45901639344262296,,,,False
Felipe,Brazil,DF,Nottingham,33,1989,16,15,1418,15.8,0,1,1,0,0,0,4,0,0.0,0.06329113924050632,0.06329113924050632,0.0,0.06329113924050632,False,2022-23,2022,0.06329113924050632,1,1418,,,0.06329113924050632,,,1089,38.0,37.21052631578947,9.68421052631579,3.1052631578947367,14.657894736842104,38.0,68.0,0.3978378378378378,0.0,4.2,2023-24,True
Felipe,Brazil,DF,Nottingham,34,1989,7,4,375,4.2,0,0,0,0,0,0,4,0,0.0,0.0,0.0,0.0,0.0,False,2023-24,2023,0.0,2,1793,1418.0,-1043.0,0.02109704641350211,0.06329113924050632,,1156,38.0,40.21052631578947,11.868421052631579,3.8947368421052633,13.421052631578947,49.0,67.0,0.46930280957336107,,,,False
Fer López,Spain,MF,Wolves,21,2004,9,2,235,2.6,0,1,1,0,0,0,1,0,0.0,0.3846153846153846,0.3846153846153846,0.0,0.3846153846153846,False,2025-26,2025,0.3846153846153846,1,235,,,0.3846153846153846,,,441,,,,,,,,,,,,False
Ferdi Kadioglu,Turkey,"DF,MF",Brighton,24,1999,6,5,385,4.3,1,0,1,1,0,0,1,0,0.23255813953488372,0.0,0.23255813953488372,0.23255813953488372,0.23255813953488372,False,2024-25,2024,0.23255813953488372,1,385,,,0.23255813953488372,,,576,38.0,52.63157894736842,14.026315789473685,5.026315789473684,11.236842105263158,66.0,59.0,0.5552083333333333,0.02873563218390805,34.8,2025-26,True
Ferdi Kadioglu,Turkey,"DF,MF",Brighton,25,1999,37,34,3133,34.8,1,0,1,1,0,0,6,0,0.02873563218390805,0.0,0.02873563218390805,0.02873563218390805,0.02873563218390805,False,2025-26,2025,0.02873563218390805,2,3518,385.0,2748.0,0.09667646796756663,0.23255813953488372,,625,38.0,53.94736842105263,13.0,4.631578947368421,11.68421052631579,52.0,46.0,0.5266524520255864,,,,False
Fernandinho,Brazil,"MF,DF",Manchester City,36,1985,19,10,964,10.7,2,1,3,2,0,0,1,0,0.1869158878504673,0.09345794392523366,0.28037383177570097,0.1869158878504673,0.28037383177570097,False,2021-22,2021,0.28037383177570097,1,964,,,0.28037383177570097,,,1296,38.0,68.5,18.763157894736842,6.657894736842105,6.2368421052631575,99.0,26.0,0.7505263157894737,,,,False
Fernando Marçal,Brazil,MF,Wolves,32,1989,18,17,1449,16.1,0,0,0,0,0,0,3,0,0.0,0.0,0.0,0.0,0.0,False,2021-22,2021,0.0,1,1449,,,0.0,,,1024,,,,,,,,,,,,False
Ferrán Torres,Spain,FW,Manchester City,21,2000,4,4,303,3.4,2,1,3,2,0,0,0,0,0.5882352941176471,0.29411764705882354,0.8823529411764706,0.5882352941176471,0.8823529411764706,False,2021-22,2021,0.8823529411764706,1,303,,,0.8823529411764706,,,441,38.0,68.5,18.763157894736842,6.657894736842105,6.2368421052631575,99.0,26.0,0.7505263157894737,,,,False
Filip Jørgensen,Denmark,GK,Chelsea,22,2002,6,6,540,6.0,0,0,0,0,0,0,0,0,0.0,0.0,0.0,0.0,0.0,False,2024-25,2024,0.0,1,540,,,0.0,,,484,38.0,57.3421052631579,15.657894736842104,5.7368421052631575,10.447368421052632,64.0,43.0,0.5997983870967741,0.0,4.2,2025-26,True
Filip Jørgensen,Denmark,GK,Chelsea,23,2002,5,3,379,4.2,0,0,0,0,0,0,0,0,0.0,0.0,0.0,0.0,0.0,False,2025-26,2025,0.0,2,919,540.0,-161.0,0.0,0.0,,529,38.0,57.73684210526316,13.394736842105264,4.368421052631579,10.947368421052632,58.0,52.0,0.5502702702702702,,,,False
Finley Munroe,England,DF,Aston Villa,18,2005,1,0,4,0.0,0,0,0,0,0,0,0,0,0.0,0.0,0.0,0.0,0.0,False,2023-24,2023,0.0,1,4,,,0.0,,,324,38.0,53.421052631578945,13.5,5.0,11.947368421052632,76.0,61.0,0.5305067218200621,,,,False
Finley Stevens,Wales,DF,Brentford,18,2003,1,0,15,0.2,0,0,0,0,0,0,0,0,0.0,0.0,0.0,0.0,0.0,False,2021-22,2021,0.0,1,15,,,0.0,,,324,38.0,44.5,11.631578947368421,4.052631578947368,13.210526315789474,48.0,56.0,0.4682203389830508,,,,False
Florentino Luís,Portugal,MF,Burnley,25,1999,31,25,2105,23.4,0,2,2,0,0,0,6,0,0.0,0.08547008547008547,0.08547008547008547,0.0,0.08547008547008547,False,2025-26,2025,0.08547008547008547,1,2105,,,0.08547008547008547,,,625,,,,,,,,,,,,False
Florian Wirtz,Germany,MF,Liverpool,22,2003,33,27,2378,26.4,5,3,8,5,0,0,1,0,0.1893939393939394,0.11363636363636365,0.30303030303030304,0.1893939393939394,0.30303030303030304,False,2025-26,2025,0.30303030303030304,1,2378,,,0.30303030303030304,,,484,38.0,59.31578947368421,15.473684210526315,4.605263157894737,11.447368421052632,63.0,53.0,0.5747800586510264,,,,False
Flynn Downes,England,MF,West Ham,23,1999,21,7,762,8.5,0,0,0,0,0,0,2,0,0.0,0.0,0.0,0.0,0.0,False,2022-23,2022,0.0,1,762,,,0.0,,,529,,,,,,,,,0.041841004184100423,23.9,2024-25,True
Flynn Downes,England,MF,Southampton,25,1999,27,25,2151,23.9,1,0,1,1,0,0,12,0,0.041841004184100423,0.0,0.041841004184100423,0.041841004184100423,0.041841004184100423,False,2024-25,2024,0.041841004184100423,2,2913,762.0,1389.0,0.027894002789400282,0.0,,625,,,,,,,,,,,,False
Fodé Ballo-Touré,Senegal,"DF,MF",Fulham,26,1997,6,0,71,0.8,0,0,0,0,0,0,1,0,0.0,0.0,0.0,0.0,0.0,False,2023-24,2023,0.0,1,71,,,0.0,,,676,38.0,50.73684210526316,13.157894736842104,4.7105263157894735,13.763157894736842,55.0,61.0,0.4887585532746823,,,,False
Folarin Balogun,USA,FW,Arsenal,20,2001,2,1,70,0.8,0,0,0,0,0,0,0,0,0.0,0.0,0.0,0.0,0.0,False,2021-22,2021,0.0,1,70,,,0.0,,,400,38.0,53.18421052631579,15.473684210526315,5.157894736842105,11.18421052631579,61.0,48.0,0.5804540967423495,,,,False
Francisco Sierralta,Chile,DF,Watford,24,1997,5,5,427,4.7,0,0,0,0,0,0,0,0,0.0,0.0,0.0,0.0,0.0,False,2021-22,2021,0.0,1,427,,,0.0,,,576,,,,,,,,,,,,False
Francisco Trincão,Portugal,"FW,MF",Wolves,21,1999,28,16,1336,14.8,2,1,3,2,0,0,0,0,0.13513513513513511,0.06756756756756756,0.2027027027027027,0.13513513513513511,0.2027027027027027,False,2021-22,2021,0.2027027027027027,1,1336,,,0.2027027027027027,,,441,,,,,,,,,,,,False
Frank Onyeka,Nigeria,MF,Brentford,23,1998,20,12,1045,11.6,0,0,0,0,0,0,4,0,0.0,0.0,0.0,0.0,0.0,False,2021-22,2021,0.0,1,1045,,,0.0,,,529,38.0,44.5,11.631578947368421,4.052631578947368,13.210526315789474,48.0,56.0,0.4682203389830508,0.2127659574468085,9.4,2022-23,True
Frank Onyeka,Nigeria,MF,Brentford,24,1998,21,8,848,9.4,0,2,2,0,0,0,0,0,0.0,0.2127659574468085,0.2127659574468085,0.0,0.2127659574468085,False,2022-23,2022,0.2127659574468085,2,1893,1045.0,-197.0,0.14184397163120566,0.0,,576,38.0,43.39473684210526,10.710526315789474,4.2631578947368425,14.763157894736842,58.0,46.0,0.42045454545454547,0.23255813953488372,12.9,2023-24,True
Frank Onyeka,Nigeria,MF,Brentford,25,1998,26,11,1161,12.9,1,2,3,1,0,0,8,0,0.07751937984496124,0.15503875968992248,0.23255813953488372,0.07751937984496124,0.23255813953488372,False,2023-24,2023,0.23255813953488372,3,3054,848.0,313.0,0.20232008356699105,0.2127659574468085,0.0,625,38.0,44.973684210526315,12.447368421052632,4.526315789473684,14.421052631578947,56.0,65.0,0.4632713026444662,0.0,0.3,2024-25,False
Frank Onyeka,Nigeria,MF,Brentford,26,1998,2,0,25,0.3,0,0,0,0,0,0,0,0,0.0,0.0,0.0,0.0,0.0,False,2024-25,2024,0.0,4,3079,1161.0,-1136.0,0.06744002785566369,0.23255813953488372,0.2127659574468085,676,38.0,47.81578947368421,11.578947368421053,4.842105263157895,17.026315789473685,66.0,57.0,0.40478380864765406,1.0,1.0,2025-26,False
Frank Onyeka,Nigeria,MF,Brentford,27,1998,6,0,92,1.0,0,1,1,0,0,0,0,0,0.0,1.0,1.0,0.0,1.0,False,2025-26,2025,1.0,5,3171,25.0,67.0,0.6891466759518878,0.0,0.23255813953488372,729,38.0,47.5,10.657894736842104,3.8684210526315788,13.263157894736842,55.0,52.0,0.44554455445544555,,,,False
Fraser Forster,England,GK,Southampton,33,1988,19,19,1710,19.0,0,0,0,0,0,0,1,0,0.0,0.0,0.0,0.0,0.0,False,2021-22,2021,0.0,1,1710,,,0.0,,,1089,,,,,,,,,0.0,13.5,2022-23,True
Fraser Forster,England,GK,Tottenham,34,1988,14,13,1215,13.5,0,0,0,0,0,0,1,0,0.0,0.0,0.0,0.0,0.0,False,2022-23,2022,0.0,2,2925,1710.0,-495.0,0.0,0.0,,1156,38.0,49.94736842105263,13.68421052631579,5.2631578947368425,13.68421052631579,70.0,63.0,0.5,0.0,7.0,2024-25,True
Fraser Forster,England,GK,Tottenham,36,1988,7,7,630,7.0,0,0,0,0,0,0,0,0,0.0,0.0,0.0,0.0,0.0,False,2024-25,2024,0.0,3,3555,1215.0,-585.0,0.0,0.0,0.0,1296,38.0,54.76315789473684,13.078947368421053,4.868421052631579,13.736842105263158,64.0,65.0,0.4877330716388616,,,,False
Fred,Brazil,MF,Manchester Utd,28,1993,28,24,2028,22.5,4,4,8,4,0,0,5,0,0.17777777777777778,0.17777777777777778,0.35555555555555557,0.17777777777777778,0.35555555555555557,False,2021-22,2021,0.35555555555555557,1,2028,,,0.35555555555555557,,,784,38.0,52.921052631578945,13.368421052631579,4.921052631578948,13.447368421052632,57.0,57.0,0.4985279685966634,0.28776978417266186,13.9,2022-23,True
Fred,Brazil,MF,Manchester Utd,29,1993,35,12,1249,13.9,2,2,4,2,0,0,6,0,0.14388489208633093,0.14388489208633093,0.28776978417266186,0.14388489208633093,0.28776978417266186,False,2022-23,2022,0.28776978417266186,2,3277,2028.0,-779.0,0.3103650413002931,0.35555555555555557,,841,38.0,53.973684210526315,15.578947368421053,5.631578947368421,12.657894736842104,58.0,43.0,0.5517241379310345,,,,False
Fred Onyedinma,England,MF,Luton Town,26,1996,8,4,407,4.5,0,0,0,0,0,0,1,0,0.0,0.0,0.0,0.0,0.0,False,2023-24,2023,0.0,1,407,,,0.0,,,676,,,,,,,,,,,,False
Freddie Potts,England,MF,West Ham,21,2003,22,12,1171,13.0,0,1,1,0,0,0,1,0,0.0,0.07692307692307693,0.07692307692307693,0.0,0.07692307692307693,False,2025-26,2025,0.07692307692307693,1,1171,,,0.07692307692307693,,,441,,,,,,,,,,,,False
Freddie Woodman,England,GK,Newcastle,24,1997,4,4,360,4.0,0,0,0,0,0,0,0,0,0.0,0.0,0.0,0.0,0.0,False,2021-22,2021,0.0,1,360,,,0.0,,,576,38.0,39.94736842105263,11.789473684210526,3.8947368421052633,13.894736842105264,44.0,62.0,0.45901639344262296,0.0,2.4,2025-26,False
Freddie Woodman,England,GK,Liverpool,28,1997,3,2,213,2.4,0,0,0,0,0,0,0,0,0.0,0.0,0.0,0.0,0.0,False,2025-26,2025,0.0,2,573,360.0,-147.0,0.0,0.0,,784,38.0,59.31578947368421,15.473684210526315,4.605263157894737,11.447368421052632,63.0,53.0,0.5747800586510264,,,,False
Fábio Silva,Portugal,FW,Wolves,19,2002,22,6,572,6.4,0,0,0,0,0,0,0,0,0.0,0.0,0.0,0.0,0.0,False,2021-22,2021,0.0,1,572,,,0.0,,,361,,,,,,,,,0.0,2.9,2023-24,False
Fábio Silva,Portugal,FW,Wolves,21,2002,8,3,264,2.9,0,0,0,0,0,0,2,0,0.0,0.0,0.0,0.0,0.0,False,2023-24,2023,0.0,2,836,572.0,-308.0,0.0,0.0,,441,,,,,,,,,,,,False
Gabriel Gudmundsson,Sweden,"DF,MF",Leeds United,26,1999,32,31,2631,29.2,0,0,0,0,0,0,6,1,0.0,0.0,0.0,0.0,0.0,False,2025-26,2025,0.0,1,2631,,,0.0,,,676,38.0,45.73684210526316,12.552631578947368,3.973684210526316,12.526315789473685,49.0,56.0,0.5005246589716683,,,,False
Gabriel Jesus,Brazil,FW,Manchester City,24,1997,28,21,1877,20.9,8,8,16,7,1,1,1,0,0.3827751196172249,0.3827751196172249,0.7655502392344498,0.3349282296650718,0.7177033492822966,False,2021-22,2021,0.7655502392344498,1,1877,,,0.7655502392344498,,,576,38.0,68.5,18.763157894736842,6.657894736842105,6.2368421052631575,99.0,26.0,0.7505263157894737,0.7423580786026202,22.9,2022-23,True
Gabriel Jesus,Brazil,FW,Arsenal,25,1997,26,24,2064,22.9,11,6,17,10,1,1,6,0,0.48034934497816595,0.26200873362445415,0.7423580786026202,0.4366812227074236,0.6986899563318778,False,2022-23,2022,0.7423580786026202,2,3941,1877.0,187.0,0.7500887988132301,0.7655502392344498,,625,38.0,59.94736842105263,15.605263157894736,5.368421052631579,8.973684210526315,88.0,43.0,0.6349036402569593,0.5487804878048781,16.4,2023-24,True
Gabriel Jesus,Brazil,FW,Arsenal,26,1997,27,17,1478,16.4,4,5,9,4,0,0,6,0,0.24390243902439027,0.30487804878048785,0.5487804878048781,0.24390243902439027,0.5487804878048781,False,2023-24,2023,0.5487804878048781,3,5419,2064.0,-586.0,0.6158832581409954,0.7423580786026202,0.7655502392344498,676,38.0,58.63157894736842,17.263157894736842,5.973684210526316,8.473684210526315,91.0,29.0,0.6707566462167689,0.4411764705882353,6.8,2024-25,True
Gabriel Jesus,Brazil,FW,Arsenal,27,1997,17,6,608,6.8,3,0,3,3,0,0,4,0,0.4411764705882353,0.0,0.4411764705882353,0.4411764705882353,0.4411764705882353,False,2024-25,2024,0.4411764705882353,4,6027,1478.0,-870.0,0.4994120664391553,0.5487804878048781,0.7423580786026202,729,38.0,57.18421052631579,14.394736842105264,4.947368421052632,9.526315789473685,69.0,34.0,0.6017601760176018,0.625,4.8,2025-26,True
Gabriel Jesus,Brazil,FW,Arsenal,28,1997,14,3,429,4.8,3,0,3,3,0,0,3,0,0.625,0.0,0.625,0.625,0.625,False,2025-26,2025,0.625,5,6456,608.0,-179.0,0.5831373554797185,0.4411764705882353,0.5487804878048781,784,38.0,56.44736842105263,14.526315789473685,4.894736842105263,8.157894736842104,71.0,27.0,0.640371229698376,,,,False
Gabriel Magalhães,Brazil,DF,Arsenal,23,1997,35,35,3063,34.0,5,0,5,5,0,0,8,1,0.14705882352941177,0.0,0.14705882352941177,0.14705882352941177,0.14705882352941177,False,2021-22,2021,0.14705882352941177,1,3063,,,0.14705882352941177,,,529,38.0,53.18421052631579,15.473684210526315,5.157894736842105,11.18421052631579,61.0,48.0,0.5804540967423495,0.079155672823219,37.9,2022-23,True
Gabriel Magalhães,Brazil,DF,Arsenal,24,1997,38,38,3409,37.9,3,0,3,3,0,0,5,0,0.079155672823219,0.0,0.079155672823219,0.079155672823219,0.079155672823219,False,2022-23,2022,0.079155672823219,2,6472,3063.0,346.0,0.10179005639194993,0.14705882352941177,,576,38.0,59.94736842105263,15.605263157894736,5.368421052631579,8.973684210526315,88.0,43.0,0.6349036402569593,0.1183431952662722,33.8,2023-24,True
Gabriel Magalhães,Brazil,DF,Arsenal,25,1997,36,34,3044,33.8,4,0,4,4,0,0,4,0,0.1183431952662722,0.0,0.1183431952662722,0.1183431952662722,0.1183431952662722,False,2023-24,2023,0.1183431952662722,3,9516,3409.0,-365.0,0.11282548230816478,0.079155672823219,0.14705882352941177,625,38.0,58.63157894736842,17.263157894736842,5.973684210526316,8.473684210526315,91.0,29.0,0.6707566462167689,0.1520912547528517,26.3,2024-25,True
Gabriel Magalhães,Brazil,DF,Arsenal,26,1997,28,28,2363,26.3,3,1,4,3,0,0,4,0,0.11406844106463879,0.03802281368821293,0.1520912547528517,0.11406844106463879,0.1520912547528517,False,2024-25,2024,0.1520912547528517,4,11879,3044.0,-681.0,0.13900266393795607,0.1183431952662722,0.079155672823219,676,38.0,57.18421052631579,14.394736842105264,4.947368421052632,9.526315789473685,69.0,34.0,0.6017601760176018,0.22875816993464052,30.6,2025-26,True
Gabriel Magalhães,Brazil,DF,Arsenal,27,1997,32,30,2751,30.6,3,4,7,3,0,0,4,0,0.09803921568627451,0.13071895424836602,0.22875816993464052,0.09803921568627451,0.22875816993464052,False,2025-26,2025,0.22875816993464052,5,14630,2363.0,388.0,0.1988396679357457,0.1520912547528517,0.1183431952662722,729,38.0,56.44736842105263,14.526315789473685,4.894736842105263,8.157894736842104,71.0,27.0,0.640371229698376,,,,False
Gabriel Martinelli,Brazil,"MF,FW",Arsenal,20,2001,29,21,1860,20.7,6,6,12,5,1,1,3,1,0.2898550724637681,0.2898550724637681,0.5797101449275363,0.24154589371980678,0.5314009661835749,False,2021-22,2021,0.5797101449275363,1,1860,,,0.5797101449275363,,,400,38.0,53.18421052631579,15.473684210526315,5.157894736842105,11.18421052631579,61.0,48.0,0.5804540967423495,0.6451612903225806,31.0,2022-23,True
Gabriel Martinelli,Brazil,"FW,MF",Arsenal,21,2001,36,34,2789,31.0,15,5,20,15,0,0,3,0,0.4838709677419355,0.16129032258064516,0.6451612903225806,0.4838709677419355,0.6451612903225806,False,2022-23,2022,0.6451612903225806,2,4649,1860.0,929.0,0.6233442418575659,0.5797101449275363,,441,38.0,59.94736842105263,15.605263157894736,5.368421052631579,8.973684210526315,88.0,43.0,0.6349036402569593,0.44642857142857145,22.4,2023-24,True
Gabriel Martinelli,Brazil,FW,Arsenal,22,2001,35,24,2019,22.4,6,4,10,6,0,0,1,0,0.26785714285714285,0.17857142857142858,0.44642857142857145,0.26785714285714285,0.44642857142857145,False,2023-24,2023,0.44642857142857145,3,6668,2789.0,-770.0,0.5054004615715696,0.6451612903225806,0.5797101449275363,484,38.0,58.63157894736842,17.263157894736842,5.973684210526316,8.473684210526315,91.0,29.0,0.6707566462167689,0.4724409448818898,25.4,2024-25,True
Gabriel Martinelli,Brazil,"FW,MF",Arsenal,23,2001,33,25,2290,25.4,8,4,12,8,0,0,1,0,0.31496062992125984,0.15748031496062992,0.4724409448818898,0.31496062992125984,0.4724409448818898,False,2024-25,2024,0.4724409448818898,4,8958,2019.0,271.0,0.48342745044511637,0.44642857142857145,0.6451612903225806,529,38.0,57.18421052631579,14.394736842105264,4.947368421052632,9.526315789473685,69.0,34.0,0.6017601760176018,0.4166666666666667,12.0,2025-26,True
Gabriel Martinelli,Brazil,"FW,MF",Arsenal,24,2001,30,11,1081,12.0,1,4,5,1,0,0,3,0,0.08333333333333333,0.3333333333333333,0.4166666666666667,0.08333333333333333,0.4166666666666667,False,2025-26,2025,0.4166666666666667,5,10039,2290.0,-1209.0,0.43892026125948325,0.4724409448818898,0.44642857142857145,576,38.0,56.44736842105263,14.526315789473685,4.894736842105263,8.157894736842104,71.0,27.0,0.640371229698376,,,,False
Gabriel Osho,Nigeria,DF,Luton Town,24,1998,21,21,1846,20.5,2,0,2,2,0,0,3,0,0.0975609756097561,0.0,0.0975609756097561,0.0975609756097561,0.0975609756097561,False,2023-24,2023,0.0975609756097561,1,1846,,,0.0975609756097561,,,576,,,,,,,,,,,,False
Gavin Bazunu,Ireland,GK,Southampton,20,2002,32,32,2880,32.0,0,0,0,0,0,0,0,0,0.0,0.0,0.0,0.0,0.0,False,2022-23,2022,0.0,1,2880,,,0.0,,,400,,,,,,,,,,,,False
George Abbott,England,MF,Tottenham,16,2005,1,0,1,0.0,0,0,0,0,0,0,0,0,0.0,0.0,0.0,0.0,0.0,False,2022-23,2022,0.0,1,1,,,0.0,,,256,38.0,49.94736842105263,13.68421052631579,5.2631578947368425,13.68421052631579,70.0,63.0,0.5,,,,False
George Baldock,Greece,"DF,MF",Sheffield United,30,1993,13,11,969,10.8,0,1,1,0,0,0,4,0,0.0,0.09259259259259259,0.09259259259259259,0.0,0.09259259259259259,False,2023-24,2023,0.09259259259259259,1,969,,,0.09259259259259259,,,900,,,,,,,,,,,,False
George Earthy,England,MF,West Ham,18,2004,3,0,34,0.4,1,0,1,1,0,0,0,0,2.5,0.0,2.5,2.5,2.5,False,2023-24,2023,2.5,1,34,,,2.5,,,324,,,,,,,,,0.0,0.1,2025-26,False
George Earthy,England,MF,West Ham,20,2004,1,0,9,0.1,0,0,0,0,0,0,0,0,0.0,0.0,0.0,0.0,0.0,False,2025-26,2025,0.0,2,43,34.0,-25.0,0.8333333333333335,2.5,,400,,,,,,,,,,,,False
George Edmundson,England,DF,Ipswich Town,26,1997,1,0,2,0.0,0,0,0,0,0,0,0,0,0.0,0.0,0.0,0.0,0.0,False,2024-25,2024,0.0,1,2,,,0.0,,,676,38.0,40.39473684210526,9.894736842105264,3.3421052631578947,15.973684210526315,36.0,82.0,0.38250254323499494,,,,False
George Hemmings,England,MF,Aston Villa,18,2007,2,0,27,0.3,0,0,0,0,0,0,0,0,0.0,0.0,0.0,0.0,0.0,False,2025-26,2025,0.0,1,27,,,0.0,,,324,38.0,53.6578947368421,12.710526315789474,4.473684210526316,12.894736842105264,56.0,49.0,0.4964028776978417,,,,False
George Hirst,Scotland,FW,Ipswich Town,25,1999,26,5,661,7.3,3,1,4,3,0,0,3,0,0.4109589041095891,0.136986301369863,0.547945205479452,0.4109589041095891,0.547945205479452,False,2024-25,2024,0.547945205479452,1,661,,,0.547945205479452,,,625,38.0,40.39473684210526,9.894736842105264,3.3421052631578947,15.973684210526315,36.0,82.0,0.38250254323499494,,,,False
Georginio Rutter,France,FW,Leeds United,20,2002,11,1,273,3.0,0,1,1,0,0,0,0,0,0.0,0.3333333333333333,0.3333333333333333,0.0,0.3333333333333333,False,2022-23,2022,0.3333333333333333,1,273,,,0.3333333333333333,,,400,38.0,46.94736842105263,12.157894736842104,3.8157894736842106,13.868421052631579,48.0,78.0,0.4671385237613751,0.4347826086956522,18.4,2024-25,True
Georginio Rutter,France,"MF,FW",Brighton,22,2002,28,19,1656,18.4,5,3,8,5,0,0,2,0,0.27173913043478265,0.16304347826086957,0.4347826086956522,0.27173913043478265,0.4347826086956522,False,2024-25,2024,0.4347826086956522,2,1929,273.0,1383.0,0.40096618357487923,0.3333333333333333,,484,38.0,52.63157894736842,14.026315789473685,5.026315789473684,11.236842105263158,66.0,59.0,0.5552083333333333,0.30303030303030304,19.8,2025-26,True
Georginio Rutter,France,"MF,FW",Brighton,23,2002,32,20,1786,19.8,3,3,6,3,0,0,2,0,0.15151515151515152,0.15151515151515152,0.30303030303030304,0.15151515151515152,0.30303030303030304,False,2025-26,2025,0.30303030303030304,3,3715,1656.0,130.0,0.33567559654516177,0.4347826086956522,0.3333333333333333,529,38.0,53.94736842105263,13.0,4.631578947368421,11.68421052631579,52.0,46.0,0.5266524520255864,,,,False
Gianluca Scamacca,Italy,FW,West Ham,23,1999,16,11,926,10.3,3,0,3,3,0,0,3,0,0.2912621359223301,0.0,0.2912621359223301,0.2912621359223301,0.2912621359223301,False,2022-23,2022,0.2912621359223301,1,926,,,0.2912621359223301,,,529,,,,,,,,,,,,False
Gianluigi Donnarumma,Italy,GK,Manchester City,26,1999,34,34,3060,34.0,0,0,0,0,0,0,8,0,0.0,0.0,0.0,0.0,0.0,False,2025-26,2025,0.0,1,3060,,,0.0,,,676,38.0,60.6578947368421,15.657894736842104,5.394736842105263,9.710526315789474,77.0,35.0,0.617219917012448,,,,False
Gio Reyna,USA,MF,Nottingham,20,2002,9,2,235,2.6,0,1,1,0,0,0,0,0,0.0,0.3846153846153846,0.3846153846153846,0.0,0.3846153846153846,False,2023-24,2023,0.3846153846153846,1,235,,,0.3846153846153846,,,400,38.0,40.21052631578947,11.868421052631579,3.8947368421052633,13.421052631578947,49.0,67.0,0.46930280957336107,,,,False
Giorgi Mamardashvili,Georgia,GK,Liverpool,24,2000,10,10,867,9.6,0,0,0,0,0,0,0,0,0.0,0.0,0.0,0.0,0.0,False,2025-26,2025,0.0,1,867,,,0.0,,,576,38.0,59.31578947368421,15.473684210526315,4.605263157894737,11.447368421052632,63.0,53.0,0.5747800586510264,,,,False
Giovani Lo Celso,Argentina,MF,Tottenham,25,1996,9,2,238,2.6,0,0,0,0,0,0,0,0,0.0,0.0,0.0,0.0,0.0,False,2021-22,2021,0.0,1,238,,,0.0,,,625,38.0,52.0,12.921052631578947,5.184210526315789,12.921052631578947,69.0,40.0,0.5,0.7142857142857143,5.6,2023-24,True
Giovani Lo Celso,Argentina,MF,Tottenham,27,1996,22,4,506,5.6,2,2,4,2,0,0,2,0,0.35714285714285715,0.35714285714285715,0.7142857142857143,0.35714285714285715,0.7142857142857143,False,2023-24,2023,0.7142857142857143,2,744,238.0,268.0,0.47619047619047616,0.0,,729,38.0,62.05263157894737,15.31578947368421,5.631578947368421,12.789473684210526,74.0,61.0,0.5449438202247191,,,,False
Giulian Biancone,France,"DF,MF",Nottingham,22,2000,2,0,17,0.2,0,0,0,0,0,0,0,0,0.0,0.0,0.0,0.0,0.0,False,2022-23,2022,0.0,1,17,,,0.0,,,484,38.0,37.21052631578947,9.68421052631579,3.1052631578947367,14.657894736842104,38.0,68.0,0.3978378378378378,,,,False
Gonzalo Montiel,Argentina,DF,Nottingham,26,1997,14,8,801,8.9,0,2,2,0,0,0,5,0,0.0,0.2247191011235955,0.2247191011235955,0.0,0.2247191011235955,False,2023-24,2023,0.2247191011235955,1,801,,,0.2247191011235955,,,676,38.0,40.21052631578947,11.868421052631579,3.8947368421052633,13.421052631578947,49.0,67.0,0.46930280957336107,,,,False
Gonçalo Guedes,Portugal,"FW,MF",Wolves,25,1996,13,8,707,7.9,1,1,2,1,0,0,1,0,0.12658227848101264,0.12658227848101264,0.2531645569620253,0.12658227848101264,0.2531645569620253,False,2022-23,2022,0.2531645569620253,1,707,,,0.2531645569620253,,,625,,,,,,,,,0.5405405405405406,11.1,2024-25,True
Gonçalo Guedes,Portugal,"MF,FW",Wolves,27,1996,29,10,995,11.1,2,4,6,2,0,0,1,0,0.1801801801801802,0.3603603603603604,0.5405405405405406,0.1801801801801802,0.5405405405405406,False,2024-25,2024,0.5405405405405406,2,1702,707.0,288.0,0.44474854601436875,0.2531645569620253,,729,,,,,,,,,,,,False
Granit Xhaka,Switzerland,MF,Arsenal,28,1992,27,27,2327,25.9,1,2,3,1,0,0,10,1,0.03861003861003861,0.07722007722007722,0.11583011583011583,0.03861003861003861,0.11583011583011583,False,2021-22,2021,0.11583011583011583,1,2327,,,0.11583011583011583,,,784,38.0,53.18421052631579,15.473684210526315,5.157894736842105,11.18421052631579,61.0,48.0,0.5804540967423495,0.42042042042042044,33.3,2022-23,True
Granit Xhaka,Switzerland,MF,Arsenal,29,1992,37,36,2993,33.3,7,7,14,7,0,0,4,0,0.21021021021021022,0.21021021021021022,0.42042042042042044,0.21021021021021022,0.42042042042042044,False,2022-23,2022,0.42042042042042044,2,5320,2327.0,666.0,0.31889031889031894,0.11583011583011583,,841,38.0,59.94736842105263,15.605263157894736,5.368421052631579,8.973684210526315,88.0,43.0,0.6349036402569593,0.21671826625387,32.3,2025-26,True
Granit Xhaka,Switzerland,MF,Sunderland,32,1992,34,32,2904,32.3,1,6,7,1,0,0,8,0,0.030959752321981428,0.18575851393188855,0.21671826625387,0.030959752321981428,0.21671826625387,False,2025-26,2025,0.21671826625387,3,8224,2993.0,-89.0,0.2507756171326863,0.42042042042042044,0.11583011583011583,1024,38.0,44.89473684210526,10.421052631578947,3.4210526315789473,14.210526315789474,42.0,48.0,0.4230769230769231,,,,False
Grant Hanley,Scotland,DF,Norwich City,29,1991,33,33,2897,32.2,1,0,1,1,0,0,2,0,0.03105590062111801,0.0,0.03105590062111801,0.03105590062111801,0.03105590062111801,False,2021-22,2021,0.03105590062111801,1,2897,,,0.03105590062111801,,,841,,,,,,,,,,,,False
Guglielmo Vicario,Italy,GK,Tottenham,26,1996,38,38,3420,38.0,0,0,0,0,0,0,2,0,0.0,0.0,0.0,0.0,0.0,False,2023-24,2023,0.0,1,3420,,,0.0,,,676,38.0,62.05263157894737,15.31578947368421,5.631578947368421,12.789473684210526,74.0,61.0,0.5449438202247191,0.0,24.0,2024-25,True
Guglielmo Vicario,Italy,GK,Tottenham,27,1996,24,24,2160,24.0,0,0,0,0,0,0,1,0,0.0,0.0,0.0,0.0,0.0,False,2024-25,2024,0.0,2,5580,3420.0,-1260.0,0.0,0.0,,729,38.0,54.76315789473684,13.078947368421053,4.868421052631579,13.736842105263158,64.0,65.0,0.4877330716388616,0.0,31.0,2025-26,True
Guglielmo Vicario,Italy,GK,Tottenham,28,1996,31,31,2790,31.0,0,0,0,0,0,0,1,0,0.0,0.0,0.0,0.0,0.0,False,2025-26,2025,0.0,3,8370,2160.0,630.0,0.0,0.0,0.0,784,38.0,50.421052631578945,11.447368421052632,3.8421052631578947,12.289473684210526,48.0,57.0,0.4822616407982262,,,,False
Guido Rodríguez,Argentina,MF,West Ham,30,1994,23,16,1149,12.8,0,1,1,0,0,0,6,0,0.0,0.078125,0.078125,0.0,0.078125,False,2024-25,2024,0.078125,1,1149,,,0.078125,,,900,,,,,,,,,0.0,2.0,2025-26,False
Guido Rodríguez,Argentina,MF,West Ham,31,1994,6,2,180,2.0,0,0,0,0,0,0,1,0,0.0,0.0,0.0,0.0,0.0,False,2025-26,2025,0.0,2,1329,1149.0,-969.0,0.02604166666666667,0.078125,,961,,,,,,,,,,,,False
Gustavo Hamer,Netherlands,MF,Sheffield United,26,1997,36,34,2910,32.3,4,6,10,4,0,0,9,0,0.12383900928792571,0.18575851393188855,0.30959752321981426,0.12383900928792571,0.30959752321981426,False,2023-24,2023,0.30959752321981426,1,2910,,,0.30959752321981426,,,676,,,,,,,,,,,,False
Gustavo Nunes,Brazil,MF,Brentford,18,2005,3,0,12,0.1,0,0,0,0,0,0,0,0,0.0,0.0,0.0,0.0,0.0,False,2024-25,2024,0.0,1,12,,,0.0,,,324,38.0,47.81578947368421,11.578947368421053,4.842105263157895,17.026315789473685,66.0,57.0,0.40478380864765406,,,,False
Gustavo Scarpa,Brazil,MF,Nottingham,28,1994,6,2,181,2.0,0,0,0,0,0,0,1,0,0.0,0.0,0.0,0.0,0.0,False,2022-23,2022,0.0,1,181,,,0.0,,,784,38.0,37.21052631578947,9.68421052631579,3.1052631578947367,14.657894736842104,38.0,68.0,0.3978378378378378,,,,False
Habib Diarra,Senegal,MF,Sunderland,21,2004,20,15,1405,15.6,2,2,4,1,1,1,6,0,0.12820512820512822,0.12820512820512822,0.25641025641025644,0.06410256410256411,0.19230769230769235,False,2025-26,2025,0.25641025641025644,1,1405,,,0.25641025641025644,,,441,38.0,44.89473684210526,10.421052631578947,3.4210526315789473,14.210526315789474,42.0,48.0,0.4230769230769231,,,,False
Hakim Ziyech,Morocco,"MF,FW",Chelsea,28,1993,23,14,1319,14.7,4,3,7,4,0,0,3,0,0.272108843537415,0.20408163265306123,0.4761904761904762,0.272108843537415,0.4761904761904762,False,2021-22,2021,0.4761904761904762,1,1319,,,0.4761904761904762,,,784,38.0,62.3421052631579,15.578947368421053,5.552631578947368,8.921052631578947,76.0,33.0,0.635875402792696,0.4109589041095891,7.3,2022-23,True
Hakim Ziyech,Morocco,"MF,FW",Chelsea,29,1993,18,6,661,7.3,0,3,3,0,0,0,1,0,0.0,0.4109589041095891,0.4109589041095891,0.0,0.4109589041095891,False,2022-23,2022,0.4109589041095891,2,1980,1319.0,-658.0,0.43270276146988473,0.4761904761904762,,841,38.0,59.026315789473685,12.736842105263158,4.157894736842105,11.526315789473685,38.0,47.0,0.5249457700650759,,,,False
Halil Dervişoğlu,Turkey,FW,Brentford,22,1999,1,0,8,0.1,0,0,0,0,0,0,0,0,0.0,0.0,0.0,0.0,0.0,False,2022-23,2022,0.0,1,8,,,0.0,,,484,38.0,43.39473684210526,10.710526315789474,4.2631578947368425,14.763157894736842,58.0,46.0,0.42045454545454547,,,,False
Hamed Junior Traorè,Ivory Coast,MF,Bournemouth,22,2000,7,5,427,4.7,0,0,0,0,0,0,0,0,0.0,0.0,0.0,0.0,0.0,False,2022-23,2022,0.0,1,427,,,0.0,,,484,38.0,40.078947368421055,9.394736842105264,3.5,16.473684210526315,37.0,71.0,0.3631739572736521,0.0,0.5,2023-24,False
Hamed Junior Traorè,Ivory Coast,MF,Bournemouth,23,2000,3,0,47,0.5,0,0,0,0,0,0,0,0,0.0,0.0,0.0,0.0,0.0,False,2023-24,2023,0.0,2,474,427.0,-380.0,0.0,0.0,,529,38.0,44.05263157894737,14.263157894736842,4.868421052631579,13.973684210526315,54.0,67.0,0.5051258154706431,5.0,0.2,2025-26,False
Hamed Junior Traorè,Ivory Coast,MF,Bournemouth,25,2000,1,0,17,0.2,0,1,1,0,0,0,0,0,0.0,5.0,5.0,0.0,5.0,False,2025-26,2025,5.0,3,491,47.0,-30.0,3.333333333333333,0.0,0.0,625,38.0,50.078947368421055,13.842105263157896,4.684210526315789,12.631578947368421,58.0,54.0,0.5228628230616302,,,,False
Hamza Choudhury,Bangladesh,"MF,DF",Leicester City,23,1997,6,4,285,3.2,0,0,0,0,0,0,1,0,0.0,0.0,0.0,0.0,0.0,False,2021-22,2021,0.0,1,285,,,0.0,,,529,,,,,,,,,0.0,1.5,2024-25,False
Hamza Choudhury,Bangladesh,MF,Leicester City,26,1997,4,1,131,1.5,0,0,0,0,0,0,0,0,0.0,0.0,0.0,0.0,0.0,False,2024-25,2024,0.0,2,416,285.0,-154.0,0.0,0.0,,676,,,,,,,,,,,,False
Han-Noah Massengo,France,MF,Burnley,22,2001,3,0,16,0.2,0,0,0,0,0,0,0,0,0.0,0.0,0.0,0.0,0.0,False,2023-24,2023,0.0,1,16,,,0.0,,,484,,,,,,,,,,,,False
Hannes Delcroix,Haiti,DF,Burnley,24,1999,12,5,589,6.5,0,0,0,0,0,0,2,0,0.0,0.0,0.0,0.0,0.0,False,2023-24,2023,0.0,1,589,,,0.0,,,576,,,,,,,,,,,,False
Hannibal Mejbri,Tunisia,MF,Manchester Utd,18,2003,2,1,68,0.8,0,0,0,0,0,0,2,0,0.0,0.0,0.0,0.0,0.0,False,2021-22,2021,0.0,1,68,,,0.0,,,324,38.0,52.921052631578945,13.368421052631579,4.921052631578948,13.447368421052632,57.0,57.0,0.4985279685966634,0.6666666666666666,1.5,2023-24,False
Hannibal Mejbri,Tunisia,MF,Manchester Utd,20,2003,5,1,133,1.5,1,0,1,1,0,0,1,0,0.6666666666666666,0.0,0.6666666666666666,0.6666666666666666,0.6666666666666666,False,2023-24,2023,0.6666666666666666,2,201,68.0,65.0,0.4444444444444444,0.0,,400,38.0,50.526315789473685,14.473684210526315,5.078947368421052,17.55263157894737,57.0,58.0,0.4519309778142974,0.36496350364963503,13.7,2025-26,True
Hannibal Mejbri,Tunisia,MF,Burnley,22,2003,27,15,1229,13.7,1,4,5,1,0,0,10,0,0.07299270072992702,0.29197080291970806,0.36496350364963503,0.07299270072992702,0.36496350364963503,False,2025-26,2025,0.36496350364963503,3,1430,133.0,1096.0,0.3914571505812382,0.6666666666666666,0.0,484,,,,,,,,,,,,False
Harrison Armstrong,England,MF,Everton,17,2007,3,0,48,0.5,0,0,0,0,0,0,1,0,0.0,0.0,0.0,0.0,0.0,False,2024-25,2024,0.0,1,48,,,0.0,,,289,38.0,40.63157894736842,10.657894736842104,3.763157894736842,12.605263157894736,42.0,44.0,0.4581447963800905,0.0,5.9,2025-26,True
Harrison Armstrong,England,MF,Everton,18,2007,13,6,529,5.9,0,0,0,0,0,0,0,0,0.0,0.0,0.0,0.0,0.0,False,2025-26,2025,0.0,2,577,48.0,481.0,0.0,0.0,,324,38.0,43.76315789473684,11.105263157894736,3.736842105263158,13.973684210526315,47.0,50.0,0.4428121720881427,,,,False
Harrison Ashby,Scotland,"DF,MF",West Ham,19,2001,1,0,7,0.1,0,0,0,0,0,0,0,0,0.0,0.0,0.0,0.0,0.0,False,2021-22,2021,0.0,1,7,,,0.0,,,361,,,,,,,,,,,,False
Harrison Reed,England,MF,Fulham,27,1995,37,35,2866,31.8,3,4,7,3,0,0,5,0,0.09433962264150943,0.12578616352201258,0.22012578616352202,0.09433962264150943,0.22012578616352202,False,2022-23,2022,0.22012578616352202,1,2866,,,0.22012578616352202,,,729,38.0,48.68421052631579,11.289473684210526,3.8947368421052633,13.289473684210526,55.0,53.0,0.45931477516059954,0.1360544217687075,14.7,2023-24,True
Harrison Reed,England,MF,Fulham,28,1995,27,15,1325,14.7,0,2,2,0,0,0,6,0,0.0,0.1360544217687075,0.1360544217687075,0.0,0.1360544217687075,False,2023-24,2023,0.1360544217687075,2,4191,2866.0,-1541.0,0.16407820990031236,0.22012578616352202,,784,38.0,50.73684210526316,13.157894736842104,4.7105263157894735,13.763157894736842,55.0,61.0,0.4887585532746823,0.0,1.2,2024-25,False
Harrison Reed,England,MF,Fulham,29,1995,12,0,108,1.2,0,0,0,0,0,0,2,0,0.0,0.0,0.0,0.0,0.0,False,2024-25,2024,0.0,3,4299,1325.0,-1217.0,0.05469273663343746,0.1360544217687075,0.22012578616352202,841,38.0,52.473684210526315,13.710526315789474,4.552631578947368,11.368421052631579,54.0,54.0,0.5466946484784889,1.0,1.0,2025-26,False
Harrison Reed,England,MF,Fulham,30,1995,7,1,94,1.0,1,0,1,1,0,0,0,0,1.0,0.0,1.0,1.0,1.0,False,2025-26,2025,1.0,4,4393,108.0,-14.0,0.6848975788778124,0.0,0.1360544217687075,900,38.0,51.73684210526316,12.657894736842104,3.6315789473684212,11.789473684210526,47.0,51.0,0.5177610333692142,,,,False
Harry Amass,England,MF,Manchester Utd,17,2007,5,4,346,3.8,0,0,0,0,0,0,0,0,0.0,0.0,0.0,0.0,0.0,False,2024-25,2024,0.0,1,346,,,0.0,,,289,38.0,53.55263157894737,13.868421052631579,4.605263157894737,10.921052631578947,44.0,54.0,0.559447983014862,,,,False
Harry Clarke,England,DF,Ipswich Town,23,2001,7,4,379,4.2,0,0,0,0,0,0,3,1,0.0,0.0,0.0,0.0,0.0,False,2024-25,2024,0.0,1,379,,,0.0,,,529,38.0,40.39473684210526,9.894736842105264,3.3421052631578947,15.973684210526315,36.0,82.0,0.38250254323499494,,,,False
Harry Howell,England,MF,Brighton,16,2008,1,0,7,0.1,0,0,0,0,0,0,0,0,0.0,0.0,0.0,0.0,0.0,False,2024-25,2024,0.0,1,7,,,0.0,,,256,38.0,52.63157894736842,14.026315789473685,5.026315789473684,11.236842105263158,66.0,59.0,0.5552083333333333,0.0,1.0,2025-26,False
Harry Howell,England,MF,Brighton,17,2008,3,1,94,1.0,0,0,0,0,0,0,0,0,0.0,0.0,0.0,0.0,0.0,False,2025-26,2025,0.0,2,101,7.0,87.0,0.0,0.0,,289,38.0,53.94736842105263,13.0,4.631578947368421,11.68421052631579,52.0,46.0,0.5266524520255864,,,,False
Harry Kane,England,FW,Tottenham,28,1993,37,36,3232,35.9,17,9,26,13,4,4,5,0,0.4735376044568245,0.25069637883008355,0.7242339832869081,0.36211699164345407,0.6128133704735377,False,2021-22,2021,0.7242339832869081,1,3232,,,0.7242339832869081,,,784,38.0,52.0,12.921052631578947,5.184210526315789,12.921052631578947,69.0,40.0,0.5,0.8730158730158731,37.8,2022-23,True
Harry Kane,England,FW,Tottenham,29,1993,38,38,3405,37.8,30,3,33,25,5,6,6,0,0.7936507936507937,0.07936507936507937,0.8730158730158731,0.6613756613756614,0.7407407407407408,False,2022-23,2022,0.8730158730158731,2,6637,3232.0,173.0,0.8234219097728848,0.7242339832869081,,841,38.0,49.94736842105263,13.68421052631579,5.2631578947368425,13.68421052631579,70.0,63.0,0.5,,,,False
Harry Maguire,England,DF,Manchester Utd,28,1993,30,28,2515,27.9,1,0,1,1,0,0,9,1,0.03584229390681004,0.0,0.03584229390681004,0.03584229390681004,0.03584229390681004,False,2021-22,2021,0.03584229390681004,1,2515,,,0.03584229390681004,,,784,38.0,52.921052631578945,13.368421052631579,4.921052631578948,13.447368421052632,57.0,57.0,0.4985279685966634,0.0,8.5,2022-23,True
Harry Maguire,England,DF,Manchester Utd,29,1993,16,8,767,8.5,0,0,0,0,0,0,4,0,0.0,0.0,0.0,0.0,0.0,False,2022-23,2022,0.0,2,3282,2515.0,-1748.0,0.011947431302270014,0.03584229390681004,,841,38.0,53.973684210526315,15.578947368421053,5.631578947368421,12.657894736842104,58.0,43.0,0.5517241379310345,0.2173913043478261,18.4,2023-24,True
Harry Maguire,England,DF,Manchester Utd,30,1993,22,18,1653,18.4,2,2,4,2,0,0,4,0,0.10869565217391305,0.10869565217391305,0.2173913043478261,0.10869565217391305,0.2173913043478261,False,2023-24,2023,0.2173913043478261,3,4935,767.0,886.0,0.14891001333264073,0.0,0.03584229390681004,900,38.0,50.526315789473685,14.473684210526315,5.078947368421052,17.55263157894737,57.0,58.0,0.4519309778142974,0.05128205128205128,19.5,2024-25,True
Harry Maguire,England,DF,Manchester Utd,31,1993,27,19,1758,19.5,1,0,1,1,0,0,7,0,0.05128205128205128,0.0,0.05128205128205128,0.05128205128205128,0.05128205128205128,False,2024-25,2024,0.05128205128205128,4,6693,1653.0,105.0,0.08382470529891443,0.2173913043478261,0.0,961,38.0,53.55263157894737,13.868421052631579,4.605263157894737,10.921052631578947,44.0,54.0,0.559447983014862,0.16304347826086957,18.4,2025-26,True
Harry Maguire,England,DF,Manchester Utd,32,1993,23,19,1653,18.4,1,2,3,1,0,0,3,1,0.05434782608695653,0.10869565217391305,0.16304347826086957,0.05434782608695653,0.16304347826086957,False,2025-26,2025,0.16304347826086957,5,8346,1758.0,-105.0,0.13663722060688452,0.05128205128205128,0.2173913043478261,1024,38.0,51.921052631578945,15.657894736842104,5.657894736842105,11.578947368421053,69.0,50.0,0.5748792270531401,,,,False
Harry Souttar,Australia,DF,Leicester City,23,1998,12,11,992,11.0,0,1,1,0,0,0,2,0,0.0,0.09090909090909091,0.09090909090909091,0.0,0.09090909090909091,False,2022-23,2022,0.09090909090909091,1,992,,,0.09090909090909091,,,529,,,,,,,,,,,,False
Harry Toffolo,England,"DF,MF",Nottingham,26,1995,19,9,940,10.4,0,0,0,0,0,0,2,0,0.0,0.0,0.0,0.0,0.0,False,2022-23,2022,0.0,1,940,,,0.0,,,676,38.0,37.21052631578947,9.68421052631579,3.1052631578947367,14.657894736842104,38.0,68.0,0.3978378378378378,0.2469135802469136,16.2,2023-24,True
Harry Toffolo,England,"DF,MF",Nottingham,27,1995,23,15,1459,16.2,1,3,4,1,0,0,3,0,0.0617283950617284,0.1851851851851852,0.2469135802469136,0.0617283950617284,0.2469135802469136,False,2023-24,2023,0.2469135802469136,2,2399,940.0,519.0,0.1646090534979424,0.0,,729,38.0,40.21052631578947,11.868421052631579,3.8947368421052633,13.421052631578947,49.0,67.0,0.46930280957336107,0.0,1.5,2024-25,False
Harry Toffolo,England,DF,Nottingham,28,1995,4,1,137,1.5,0,0,0,0,0,0,1,0,0.0,0.0,0.0,0.0,0.0,False,2024-25,2024,0.0,3,2536,1459.0,-1322.0,0.054869684499314134,0.2469135802469136,0.0,784,38.0,40.921052631578945,12.18421052631579,4.368421052631579,13.973684210526315,58.0,46.0,0.4657947686116701,,,,False
Harry Wilson,Wales,MF,Fulham,25,1997,29,13,1100,12.2,2,3,5,2,0,0,1,0,0.1639344262295082,0.24590163934426232,0.4098360655737705,0.1639344262295082,0.4098360655737705,False,2022-23,2022,0.4098360655737705,1,1100,,,0.4098360655737705,,,625,38.0,48.68421052631579,11.289473684210526,3.8947368421052633,13.289473684210526,55.0,53.0,0.45931477516059954,0.5555555555555556,18.0,2023-24,True
Harry Wilson,Wales,"MF,FW",Fulham,26,1997,35,16,1620,18.0,4,6,10,4,0,0,6,0,0.2222222222222222,0.3333333333333333,0.5555555555555556,0.2222222222222222,0.5555555555555556,False,2023-24,2023,0.5555555555555556,2,2720,1100.0,520.0,0.5069823922282939,0.4098360655737705,,676,38.0,50.73684210526316,13.157894736842104,4.7105263157894735,13.763157894736842,55.0,61.0,0.4887585532746823,0.5426356589147286,12.9,2024-25,True
Harry Wilson,Wales,"MF,FW",Fulham,27,1997,25,12,1162,12.9,6,1,7,6,0,0,2,0,0.46511627906976744,0.07751937984496124,0.5426356589147286,0.46511627906976744,0.5426356589147286,False,2024-25,2024,0.5426356589147286,3,3882,1620.0,-458.0,0.5307512366859171,0.5555555555555556,0.4098360655737705,729,38.0,52.473684210526315,13.710526315789474,4.552631578947368,11.368421052631579,54.0,54.0,0.5466946484784889,0.5723905723905724,29.7,2025-26,True
Harry Wilson,Wales,MF,Fulham,28,1997,36,32,2673,29.7,10,7,17,10,0,0,7,0,0.3367003367003367,0.2356902356902357,0.5723905723905724,0.3367003367003367,0.5723905723905724,False,2025-26,2025,0.5723905723905724,4,6555,1162.0,1511.0,0.558510793822354,0.5426356589147286,0.5555555555555556,784,38.0,51.73684210526316,12.657894736842104,3.6315789473684212,11.789473684210526,47.0,51.0,0.5177610333692142,,,,False
Harry Winks,England,MF,Tottenham,25,1996,19,9,912,10.1,0,1,1,0,0,0,2,0,0.0,0.09900990099009901,0.09900990099009901,0.0,0.09900990099009901,False,2021-22,2021,0.09900990099009901,1,912,,,0.09900990099009901,,,625,38.0,52.0,12.921052631578947,5.184210526315789,12.921052631578947,69.0,40.0,0.5,0.11695906432748537,17.1,2024-25,True
Harry Winks,England,MF,Leicester City,28,1996,22,17,1538,17.1,0,2,2,0,0,0,4,0,0.0,0.11695906432748537,0.11695906432748537,0.0,0.11695906432748537,False,2024-25,2024,0.11695906432748537,2,2450,912.0,626.0,0.11097600988168993,0.09900990099009901,,784,,,,,,,,,,,,False
Harvey Barnes,England,"MF,FW",Leicester City,23,1997,32,24,2101,23.3,6,10,16,6,0,0,2,0,0.2575107296137339,0.4291845493562232,0.6866952789699571,0.2575107296137339,0.6866952789699571,False,2021-22,2021,0.6866952789699571,1,2101,,,0.6866952789699571,,,529,,,,,,,,,0.46511627906976744,30.1,2022-23,True
Harvey Barnes,England,"MF,FW",Leicester City,24,1997,34,32,2711,30.1,13,1,14,13,0,0,3,0,0.4318936877076412,0.03322259136212624,0.46511627906976744,0.4318936877076412,0.46511627906976744,False,2022-23,2022,0.46511627906976744,2,4812,2101.0,610.0,0.538975945703164,0.6866952789699571,,576,,,,,,,,,0.898876404494382,8.9,2023-24,True
Harvey Barnes,England,"FW,MF",Newcastle,25,1997,21,7,802,8.9,5,3,8,5,0,0,2,0,0.5617977528089887,0.33707865168539325,0.898876404494382,0.5617977528089887,0.898876404494382,False,2023-24,2023,0.898876404494382,3,5614,2711.0,-1909.0,0.7789095848973093,0.46511627906976744,0.6866952789699571,625,38.0,52.21052631578947,14.5,5.605263157894737,14.052631578947368,85.0,62.0,0.5078341013824884,0.6666666666666666,19.5,2024-25,True
Harvey Barnes,England,"FW,MF",Newcastle,26,1997,33,17,1755,19.5,9,4,13,9,0,0,0,0,0.46153846153846156,0.20512820512820512,0.6666666666666666,0.46153846153846156,0.6666666666666666,False,2024-25,2024,0.6666666666666666,4,7369,802.0,953.0,0.7040809727435475,0.898876404494382,0.46511627906976744,676,38.0,51.05263157894737,13.789473684210526,4.578947368421052,12.447368421052632,68.0,47.0,0.5255767301905717,0.36697247706422015,21.8,2025-26,True
Harvey Barnes,England,"FW,MF",Newcastle,27,1997,37,19,1966,21.8,7,1,8,7,0,0,1,0,0.3211009174311926,0.04587155963302752,0.36697247706422015,0.3211009174311926,0.36697247706422015,False,2025-26,2025,0.36697247706422015,5,9335,1755.0,211.0,0.47934197562399594,0.6666666666666666,0.898876404494382,729,38.0,52.473684210526315,12.947368421052632,4.631578947368421,12.342105263157896,53.0,55.0,0.5119667013527576,,,,False
Harvey Elliott,England,MF,Liverpool,18,2003,6,4,346,3.8,0,0,0,0,0,0,0,0,0.0,0.0,0.0,0.0,0.0,False,2021-22,2021,0.0,1,346,,,0.0,,,324,38.0,63.3421052631579,19.18421052631579,6.7631578947368425,7.7894736842105265,94.0,26.0,0.7112195121951219,0.1675977653631285,17.9,2022-23,True
Harvey Elliott,England,MF,Liverpool,19,2003,32,18,1613,17.9,1,2,3,1,0,0,2,0,0.0558659217877095,0.111731843575419,0.1675977653631285,0.0558659217877095,0.1675977653631285,False,2022-23,2022,0.1675977653631285,2,1959,346.0,1267.0,0.111731843575419,0.0,,361,38.0,61.10526315789474,15.921052631578947,5.578947368421052,9.710526315789474,75.0,47.0,0.6211498973305954,0.6,15.0,2023-24,True
Harvey Elliott,England,"MF,FW",Liverpool,20,2003,34,11,1352,15.0,3,6,9,3,0,0,2,0,0.2,0.4,0.6,0.2,0.6,False,2023-24,2023,0.6,3,3311,1613.0,-261.0,0.437243947858473,0.1675977653631285,0.0,400,38.0,61.78947368421053,20.789473684210527,7.2894736842105265,10.894736842105264,86.0,41.0,0.6561461794019934,0.7317073170731708,4.1,2024-25,True
Harvey Elliott,England,MF,Liverpool,21,2003,18,2,371,4.1,1,2,3,1,0,0,1,0,0.24390243902439027,0.48780487804878053,0.7317073170731708,0.24390243902439027,0.7317073170731708,False,2024-25,2024,0.7317073170731708,4,3682,1352.0,-981.0,0.6335528606682715,0.6,0.1675977653631285,441,38.0,58.078947368421055,17.026315789473685,6.078947368421052,10.18421052631579,86.0,41.0,0.625725338491296,,,,False
Harvey ElliottHarvey Elliott,England,MF,Liverpool,22,2003,5,1,113,1.2,0,0,0,0,0,0,0,0,0.0,0.0,0.0,0.0,0.0,False,2025-26,2025,0.0,1,113,,,0.0,,,484,38.0,59.31578947368421,15.473684210526315,4.605263157894737,11.447368421052632,63.0,53.0,0.5747800586510264,,,,False
Harvey White,England,MF,Tottenham,20,2001,1,0,5,0.1,0,0,0,0,0,0,0,0,0.0,0.0,0.0,0.0,0.0,False,2022-23,2022,0.0,1,5,,,0.0,,,400,38.0,49.94736842105263,13.68421052631579,5.2631578947368425,13.68421052631579,70.0,63.0,0.5,,,,False
Hassane Kamara,Ivory Coast,DF,Watford,27,1994,19,18,1623,18.0,1,0,1,1,0,0,5,1,0.05555555555555555,0.0,0.05555555555555555,0.05555555555555555,0.05555555555555555,False,2021-22,2021,0.05555555555555555,1,1623,,,0.05555555555555555,,,729,,,,,,,,,,,,False
Hjalmar Ekdal,Sweden,DF,Burnley,24,1998,8,5,437,4.9,0,0,0,0,0,0,2,0,0.0,0.0,0.0,0.0,0.0,False,2023-24,2023,0.0,1,437,,,0.0,,,576,,,,,,,,,0.0,17.1,2025-26,True
Hjalmar Ekdal,Sweden,DF,Burnley,26,1998,19,17,1539,17.1,0,0,0,0,0,0,0,0,0.0,0.0,0.0,0.0,0.0,False,2025-26,2025,0.0,2,1976,437.0,1102.0,0.0,0.0,,676,,,,,,,,,,,,False
Hugo Bueno,Spain,DF,Wolves,19,2002,21,16,1310,14.6,0,1,1,0,0,0,1,0,0.0,0.0684931506849315,0.0684931506849315,0.0,0.0684931506849315,False,2022-23,2022,0.0684931506849315,1,1310,,,0.0684931506849315,,,361,,,,,,,,,0.0,8.2,2023-24,True
Hugo Bueno,Spain,"MF,DF",Wolves,20,2002,22,7,741,8.2,0,0,0,0,0,0,1,0,0.0,0.0,0.0,0.0,0.0,False,2023-24,2023,0.0,2,2051,1310.0,-569.0,0.022831050228310504,0.0684931506849315,,400,,,,,,,,,0.11406844106463879,26.3,2025-26,True
Hugo Bueno,Spain,"MF,DF",Wolves,22,2002,35,26,2366,26.3,1,2,3,1,0,0,3,0,0.03802281368821293,0.07604562737642585,0.11406844106463879,0.03802281368821293,0.11406844106463879,False,2025-26,2025,0.11406844106463879,3,4417,741.0,1625.0,0.08365597745252935,0.0,0.0684931506849315,484,,,,,,,,,,,,False
Hugo Ekitike,France,FW,Liverpool,23,2002,28,21,1803,20.0,11,4,15,11,0,0,0,0,0.55,0.2,0.75,0.55,0.75,False,2025-26,2025,0.75,1,1803,,,0.75,,,529,38.0,59.31578947368421,15.473684210526315,4.605263157894737,11.447368421052632,63.0,53.0,0.5747800586510264,,,,False
Hugo Lloris,France,GK,Tottenham,34,1986,38,38,3420,38.0,0,0,0,0,0,0,2,0,0.0,0.0,0.0,0.0,0.0,False,2021-22,2021,0.0,1,3420,,,0.0,,,1156,38.0,52.0,12.921052631578947,5.184210526315789,12.921052631578947,69.0,40.0,0.5,0.0,24.5,2022-23,True
Hugo Lloris,France,GK,Tottenham,35,1986,25,25,2205,24.5,0,0,0,0,0,0,0,0,0.0,0.0,0.0,0.0,0.0,False,2022-23,2022,0.0,2,5625,3420.0,-1215.0,0.0,0.0,,1225,38.0,49.94736842105263,13.68421052631579,5.2631578947368425,13.68421052631579,70.0,63.0,0.5,,,,False
Hwang Hee-chan,South Korea,"FW,MF",Wolves,25,1996,30,20,1816,20.2,5,1,6,5,0,0,2,0,0.24752475247524752,0.04950495049504951,0.297029702970297,0.24752475247524752,0.297029702970297,False,2021-22,2021,0.297029702970297,1,1816,,,0.297029702970297,,,625,,,,,,,,,0.31746031746031744,12.6,2022-23,True
Hwang Hee-chan,South Korea,"FW,MF",Wolves,26,1996,27,12,1130,12.6,3,1,4,3,0,0,1,0,0.2380952380952381,0.07936507936507936,0.31746031746031744,0.2380952380952381,0.31746031746031744,False,2022-23,2022,0.31746031746031744,2,2946,1816.0,-686.0,0.3106501126303106,0.297029702970297,,676,,,,,,,,,0.6382978723404256,23.5,2023-24,True
Hwang Hee-chan,South Korea,"FW,MF",Wolves,27,1996,29,25,2119,23.5,12,3,15,11,1,1,6,0,0.5106382978723404,0.1276595744680851,0.6382978723404256,0.46808510638297873,0.5957446808510639,False,2023-24,2023,0.6382978723404256,3,5065,1130.0,989.0,0.5290819524370539,0.31746031746031744,0.297029702970297,729,,,,,,,,,0.273972602739726,7.3,2024-25,True
Hwang Hee-chan,South Korea,"MF,FW",Wolves,28,1996,21,5,661,7.3,2,0,2,2,0,0,0,0,0.273972602739726,0.0,0.273972602739726,0.273972602739726,0.273972602739726,False,2024-25,2024,0.273972602739726,4,5726,2119.0,-1458.0,0.3590090526388353,0.6382978723404256,0.31746031746031744,784,,,,,,,,,0.24844720496894407,16.1,2025-26,True
Hwang Hee-chan,South Korea,"FW,MF",Wolves,29,1996,26,18,1446,16.1,2,2,4,1,1,1,5,0,0.12422360248447203,0.12422360248447203,0.24844720496894407,0.06211180124223602,0.18633540372670804,False,2025-26,2025,0.24844720496894407,5,7172,661.0,785.0,0.28530115419224117,0.273972602739726,0.6382978723404256,841,,,,,,,,,,,,False
Hákon Valdimarsson,Iceland,GK,Brentford,22,2001,2,1,145,1.6,0,0,0,0,0,0,0,0,0.0,0.0,0.0,0.0,0.0,False,2024-25,2024,0.0,1,145,,,0.0,,,484,38.0,47.81578947368421,11.578947368421053,4.842105263157895,17.026315789473685,66.0,57.0,0.40478380864765406,0.0,1.0,2025-26,False
Hákon Valdimarsson,Iceland,GK,Brentford,23,2001,1,1,90,1.0,0,0,0,0,0,0,0,0,0.0,0.0,0.0,0.0,0.0,False,2025-26,2025,0.0,2,235,145.0,-55.0,0.0,0.0,,529,38.0,47.5,10.657894736842104,3.8684210526315788,13.263157894736842,55.0,52.0,0.44554455445544555,,,,False
Hélder Costa,Angola,"FW,MF",Leeds United,27,1994,1,0,22,0.2,0,0,0,0,0,0,0,0,0.0,0.0,0.0,0.0,0.0,False,2021-22,2021,0.0,1,22,,,0.0,,,729,38.0,52.473684210526315,12.736842105263158,4.052631578947368,15.289473684210526,42.0,79.0,0.4544600938967136,,,,False
Ian Maatsen,Netherlands,MF,Chelsea,21,2002,12,1,209,2.3,0,0,0,0,0,0,1,0,0.0,0.0,0.0,0.0,0.0,False,2023-24,2023,0.0,1,209,,,0.0,,,441,38.0,59.0,14.421052631578947,5.657894736842105,14.631578947368421,77.0,63.0,0.4963768115942029,0.2362204724409449,12.7,2024-25,True
Ian Maatsen,Netherlands,DF,Aston Villa,22,2002,29,10,1139,12.7,1,2,3,1,0,0,2,0,0.07874015748031496,0.15748031496062992,0.2362204724409449,0.07874015748031496,0.2362204724409449,False,2024-25,2024,0.2362204724409449,2,1348,209.0,930.0,0.15748031496062992,0.0,,484,38.0,50.71052631578947,12.736842105263158,4.473684210526316,12.18421052631579,58.0,51.0,0.5110876451953538,0.056179775280898875,17.8,2025-26,True
Ian Maatsen,Netherlands,DF,Aston Villa,23,2002,30,17,1605,17.8,0,1,1,0,0,0,2,0,0.0,0.056179775280898875,0.056179775280898875,0.0,0.056179775280898875,False,2025-26,2025,0.056179775280898875,3,2953,1139.0,466.0,0.08994662184080923,0.2362204724409449,0.0,529,38.0,53.6578947368421,12.710526315789474,4.473684210526316,12.894736842105264,56.0,49.0,0.4964028776978417,,,,False
Ibrahim Sangaré,Ivory Coast,MF,Nottingham,25,1997,17,13,1035,11.5,0,0,0,0,0,0,6,0,0.0,0.0,0.0,0.0,0.0,False,2023-24,2023,0.0,1,1035,,,0.0,,,625,38.0,40.21052631578947,11.868421052631579,3.8947368421052633,13.421052631578947,49.0,67.0,0.46930280957336107,0.15151515151515152,6.6,2024-25,True
Ibrahim Sangaré,Ivory Coast,MF,Nottingham,26,1997,13,7,590,6.6,0,1,1,0,0,0,3,0,0.0,0.15151515151515152,0.15151515151515152,0.0,0.15151515151515152,False,2024-25,2024,0.15151515151515152,2,1625,1035.0,-445.0,0.10101010101010101,0.0,,676,38.0,40.921052631578945,12.18421052631579,4.368421052631579,13.973684210526315,58.0,46.0,0.4657947686116701,0.17316017316017315,23.1,2025-26,True
Ibrahim Sangaré,Ivory Coast,MF,Nottingham,27,1997,28,25,2075,23.1,2,2,4,2,0,0,5,0,0.08658008658008658,0.08658008658008658,0.17316017316017315,0.08658008658008658,0.17316017316017315,False,2025-26,2025,0.17316017316017315,3,3700,590.0,1485.0,0.1491101491101491,0.15151515151515152,0.0,729,38.0,46.8421052631579,12.526315789473685,4.105263157894737,13.289473684210526,48.0,51.0,0.48521916411824667,,,,False
Ibrahima Diallo,France,MF,Southampton,22,1999,23,10,1023,11.4,0,2,2,0,0,0,1,0,0.0,0.17543859649122806,0.17543859649122806,0.0,0.17543859649122806,False,2021-22,2021,0.17543859649122806,1,1023,,,0.17543859649122806,,,484,,,,,,,,,0.0,9.1,2022-23,True
Ibrahima Diallo,France,MF,Southampton,23,1999,18,11,819,9.1,0,0,0,0,0,0,4,0,0.0,0.0,0.0,0.0,0.0,False,2022-23,2022,0.0,2,1842,1023.0,-204.0,0.058479532163742694,0.17543859649122806,,529,,,,,,,,,,,,False
Ibrahima Konaté,France,DF,Liverpool,22,1999,11,11,990,11.0,0,0,0,0,0,0,2,0,0.0,0.0,0.0,0.0,0.0,False,2021-22,2021,0.0,1,990,,,0.0,,,484,38.0,63.3421052631579,19.18421052631579,6.7631578947368425,7.7894736842105265,94.0,26.0,0.7112195121951219,0.0,17.2,2022-23,True
Ibrahima Konaté,France,DF,Liverpool,23,1999,18,17,1552,17.2,0,0,0,0,0,0,5,0,0.0,0.0,0.0,0.0,0.0,False,2022-23,2022,0.0,2,2542,990.0,562.0,0.0,0.0,,529,38.0,61.10526315789474,15.921052631578947,5.578947368421052,9.710526315789474,75.0,47.0,0.6211498973305954,0.0,17.5,2023-24,True
Ibrahima Konaté,France,DF,Liverpool,24,1999,22,17,1574,17.5,0,0,0,0,0,0,5,1,0.0,0.0,0.0,0.0,0.0,False,2023-24,2023,0.0,3,4116,1552.0,22.0,0.0,0.0,0.0,576,38.0,61.78947368421053,20.789473684210527,7.2894736842105265,10.894736842105264,86.0,41.0,0.6561461794019934,0.10563380281690142,28.4,2024-25,True
Ibrahima Konaté,France,DF,Liverpool,25,1999,31,30,2560,28.4,1,2,3,1,0,0,5,0,0.035211267605633804,0.07042253521126761,0.10563380281690142,0.035211267605633804,0.10563380281690142,False,2024-25,2024,0.10563380281690142,4,6676,1574.0,986.0,0.07042253521126761,0.0,0.0,625,38.0,58.078947368421055,17.026315789473685,6.078947368421052,10.18421052631579,86.0,41.0,0.625725338491296,0.02915451895043732,34.3,2025-26,True
Ibrahima Konaté,France,DF,Liverpool,26,1999,36,36,3090,34.3,1,0,1,1,0,0,7,0,0.02915451895043732,0.0,0.02915451895043732,0.02915451895043732,0.02915451895043732,False,2025-26,2025,0.02915451895043732,5,9766,2560.0,530.0,0.04291052437071408,0.10563380281690142,0.0,676,38.0,59.31578947368421,15.473684210526315,4.605263157894737,11.447368421052632,63.0,53.0,0.5747800586510264,,,,False
Idrissa Gueye,Senegal,MF,Everton,32,1989,33,32,2577,28.6,0,1,1,0,0,0,7,0,0.0,0.03496503496503496,0.03496503496503496,0.0,0.03496503496503496,False,2022-23,2022,0.03496503496503496,1,2577,,,0.03496503496503496,,,1024,38.0,42.578947368421055,11.289473684210526,4.0,15.105263157894736,34.0,57.0,0.42771684945164506,0.19138755980861244,20.9,2023-24,True
Idrissa Gueye,Senegal,MF,Everton,33,1989,25,24,1884,20.9,4,0,4,4,0,0,8,0,0.19138755980861244,0.0,0.19138755980861244,0.19138755980861244,0.19138755980861244,False,2023-24,2023,0.19138755980861244,2,4461,2577.0,-693.0,0.1392467181940866,0.03496503496503496,,1089,38.0,40.73684210526316,13.342105263157896,4.2631578947368425,14.157894736842104,40.0,51.0,0.4851674641148326,0.08823529411764706,34.0,2024-25,True
Idrissa Gueye,Senegal,MF,Everton,34,1989,37,35,3063,34.0,0,3,3,0,0,0,9,0,0.0,0.08823529411764706,0.08823529411764706,0.0,0.08823529411764706,False,2024-25,2024,0.08823529411764706,3,7524,1884.0,1179.0,0.1052391021431269,0.19138755980861244,0.03496503496503496,1156,38.0,40.63157894736842,10.657894736842104,3.763157894736842,12.605263157894736,42.0,44.0,0.4581447963800905,0.2145922746781116,23.3,2025-26,True
Idrissa Gueye,Senegal,MF,Everton,35,1989,25,25,2093,23.3,2,3,5,2,0,0,1,1,0.08583690987124463,0.12875536480686695,0.2145922746781116,0.08583690987124463,0.2145922746781116,False,2025-26,2025,0.2145922746781116,4,9617,3063.0,-970.0,0.17814121716645,0.08823529411764706,0.19138755980861244,1225,38.0,43.76315789473684,11.105263157894736,3.736842105263158,13.973684210526315,47.0,50.0,0.4428121720881427,,,,False
Igor,Brazil,DF,Brighton,25,1998,24,17,1637,18.2,0,0,0,0,0,0,4,0,0.0,0.0,0.0,0.0,0.0,False,2023-24,2023,0.0,1,1637,,,0.0,,,625,38.0,60.3421052631579,14.789473684210526,5.473684210526316,12.289473684210526,55.0,62.0,0.5461613216715258,0.0,10.7,2024-25,True
Igor,Brazil,DF,Brighton,26,1998,13,10,961,10.7,0,0,0,0,0,0,4,0,0.0,0.0,0.0,0.0,0.0,False,2024-25,2024,0.0,2,2598,1637.0,-676.0,0.0,0.0,,676,38.0,52.63157894736842,14.026315789473685,5.026315789473684,11.236842105263158,66.0,59.0,0.5552083333333333,0.0,1.2,2025-26,False
Igor,Brazil,DF,West Ham,27,1998,4,1,105,1.2,0,0,0,0,0,0,0,0,0.0,0.0,0.0,0.0,0.0,False,2025-26,2025,0.0,3,2703,961.0,-856.0,0.0,0.0,0.0,729,,,,,,,,,,,,False
Igor Jesus,Brazil,FW,Nottingham,24,2001,37,28,2298,25.5,6,4,10,5,1,1,2,0,0.23529411764705882,0.1568627450980392,0.39215686274509803,0.19607843137254902,0.3529411764705882,False,2025-26,2025,0.39215686274509803,1,2298,,,0.39215686274509803,,,576,38.0,46.8421052631579,12.526315789473685,4.105263157894737,13.289473684210526,48.0,51.0,0.48521916411824667,,,,False
Igor Thiago,Brazil,FW,Brentford,23,2001,8,1,175,1.9,0,0,0,0,0,0,0,0,0.0,0.0,0.0,0.0,0.0,False,2024-25,2024,0.0,1,175,,,0.0,,,529,38.0,47.81578947368421,11.578947368421053,4.842105263157895,17.026315789473685,66.0,57.0,0.40478380864765406,0.6301369863013698,36.5,2025-26,True
Igor Thiago,Brazil,FW,Brentford,24,2001,38,37,3282,36.5,22,1,23,14,8,9,7,0,0.6027397260273972,0.0273972602739726,0.6301369863013698,0.3835616438356164,0.410958904109589,False,2025-26,2025,0.6301369863013698,2,3457,175.0,3107.0,0.4200913242009132,0.0,,576,38.0,47.5,10.657894736842104,3.8684210526315788,13.263157894736842,55.0,52.0,0.44554455445544555,,,,False
Ilia Gruev,Bulgaria,MF,Leeds United,25,2000,23,15,1323,14.7,0,3,3,0,0,0,3,0,0.0,0.20408163265306123,0.20408163265306123,0.0,0.20408163265306123,False,2025-26,2025,0.20408163265306123,1,1323,,,0.20408163265306123,,,625,38.0,45.73684210526316,12.552631578947368,3.973684210526316,12.526315789473685,49.0,56.0,0.5005246589716683,,,,False
Iliman Ndiaye,Senegal,"MF,FW",Everton,24,2000,33,29,2430,27.0,9,0,9,7,2,2,3,0,0.3333333333333333,0.0,0.3333333333333333,0.25925925925925924,0.25925925925925924,False,2024-25,2024,0.3333333333333333,1,2430,,,0.3333333333333333,,,576,38.0,40.63157894736842,10.657894736842104,3.763157894736842,12.605263157894736,42.0,44.0,0.4581447963800905,0.29126213592233013,30.9,2025-26,True
Iliman Ndiaye,Senegal,MF,Everton,25,2000,32,32,2778,30.9,6,3,9,4,2,2,2,0,0.1941747572815534,0.0970873786407767,0.29126213592233013,0.12944983818770228,0.226537216828479,False,2025-26,2025,0.29126213592233013,2,5208,2430.0,348.0,0.30528586839266453,0.3333333333333333,,625,38.0,43.76315789473684,11.105263157894736,3.736842105263158,13.973684210526315,47.0,50.0,0.4428121720881427,,,,False
Illan Meslier,France,GK,Leeds United,21,2000,38,38,3384,37.6,0,0,0,0,0,0,2,0,0.0,0.0,0.0,0.0,0.0,False,2021-22,2021,0.0,1,3384,,,0.0,,,441,38.0,52.473684210526315,12.736842105263158,4.052631578947368,15.289473684210526,42.0,79.0,0.4544600938967136,0.0,34.0,2022-23,True
Illan Meslier,France,GK,Leeds United,22,2000,34,34,3060,34.0,0,0,0,0,0,0,3,0,0.0,0.0,0.0,0.0,0.0,False,2022-23,2022,0.0,2,6444,3384.0,-324.0,0.0,0.0,,484,38.0,46.94736842105263,12.157894736842104,3.8157894736842106,13.868421052631579,48.0,78.0,0.4671385237613751,,,,False
Illia Zabarnyi,Ukraine,DF,Bournemouth,19,2002,5,3,299,3.3,0,0,0,0,0,0,0,0,0.0,0.0,0.0,0.0,0.0,False,2022-23,2022,0.0,1,299,,,0.0,,,361,38.0,40.078947368421055,9.394736842105264,3.5,16.473684210526315,37.0,71.0,0.3631739572736521,0.02702702702702703,37.0,2023-24,True
Illia Zabarnyi,Ukraine,DF,Bournemouth,20,2002,37,37,3330,37.0,1,0,1,1,0,0,5,0,0.02702702702702703,0.0,0.02702702702702703,0.02702702702702703,0.02702702702702703,False,2023-24,2023,0.02702702702702703,2,3629,299.0,3031.0,0.018018018018018018,0.0,,400,38.0,44.05263157894737,14.263157894736842,4.868421052631579,13.973684210526315,54.0,67.0,0.5051258154706431,0.028985507246376812,34.5,2024-25,True
Illia Zabarnyi,Ukraine,DF,Bournemouth,21,2002,36,35,3109,34.5,0,1,1,0,0,0,4,1,0.0,0.028985507246376812,0.028985507246376812,0.0,0.028985507246376812,False,2024-25,2024,0.028985507246376812,3,6738,3330.0,-221.0,0.025329677503590546,0.02702702702702703,0.0,441,38.0,48.578947368421055,15.263157894736842,5.315789473684211,12.842105263157896,58.0,46.0,0.5430711610486891,,,,False
Imran Louza,Morocco,MF,Watford,22,1999,20,17,1416,15.7,0,0,0,0,0,0,6,0,0.0,0.0,0.0,0.0,0.0,False,2021-22,2021,0.0,1,1416,,,0.0,,,484,,,,,,,,,,,,False
Ionuț Radu,Romania,GK,Bournemouth,26,1997,2,2,180,2.0,0,0,0,0,0,0,0,0,0.0,0.0,0.0,0.0,0.0,False,2023-24,2023,0.0,1,180,,,0.0,,,676,38.0,44.05263157894737,14.263157894736842,4.868421052631579,13.973684210526315,54.0,67.0,0.5051258154706431,,,,False
Isaac Hayden,Jamaica,"MF,DF",Newcastle,26,1995,14,12,1002,11.1,1,0,1,1,0,0,5,0,0.0900900900900901,0.0,0.0900900900900901,0.0900900900900901,0.0900900900900901,False,2021-22,2021,0.0900900900900901,1,1002,,,0.0900900900900901,,,676,38.0,39.94736842105263,11.789473684210526,3.8947368421052633,13.894736842105264,44.0,62.0,0.45901639344262296,,,,False
Isaac Price,Northern Ireland,MF,Everton,17,2003,1,0,14,0.2,0,0,0,0,0,0,0,0,0.0,0.0,0.0,0.0,0.0,False,2021-22,2021,0.0,1,14,,,0.0,,,289,38.0,39.68421052631579,11.526315789473685,3.6315789473684212,13.710526315789474,43.0,66.0,0.45672575599582904,0.0,0.4,2022-23,False
Isaac Price,Northern Ireland,MF,Everton,18,2003,1,0,33,0.4,0,0,0,0,0,0,1,0,0.0,0.0,0.0,0.0,0.0,False,2022-23,2022,0.0,2,47,14.0,19.0,0.0,0.0,,324,38.0,42.578947368421055,11.289473684210526,4.0,15.105263157894736,34.0,57.0,0.42771684945164506,,,,False
Ismaila Sarr,Senegal,"MF,FW",Watford,23,1998,22,21,1861,20.7,5,2,7,5,0,1,2,0,0.24154589371980678,0.0966183574879227,0.33816425120772947,0.24154589371980678,0.33816425120772947,False,2021-22,2021,0.33816425120772947,1,1861,,,0.33816425120772947,,,529,,,,,,,,,0.46511627906976744,30.1,2024-25,True
Ismaila Sarr,Senegal,MF,Crystal Palace,26,1998,38,30,2711,30.1,8,6,14,8,0,0,4,0,0.26578073089700993,0.19933554817275748,0.46511627906976744,0.26578073089700993,0.46511627906976744,False,2024-25,2024,0.46511627906976744,2,4572,1861.0,850.0,0.4227989364490881,0.33816425120772947,,676,38.0,42.5,13.552631578947368,4.894736842105263,12.710526315789474,51.0,51.0,0.5160320641282565,0.4132231404958678,24.2,2025-26,True
Ismaila Sarr,Senegal,MF,Crystal Palace,27,1998,28,24,2174,24.2,9,1,10,6,3,3,2,0,0.37190082644628103,0.04132231404958678,0.4132231404958678,0.24793388429752067,0.2892561983471075,False,2025-26,2025,0.4132231404958678,3,6746,2711.0,-537.0,0.41641507248027454,0.46511627906976744,0.33816425120772947,729,38.0,45.89473684210526,11.631578947368421,3.710526315789474,11.710526315789474,41.0,51.0,0.49830890642615555,,,,False
Issa Diop,Morocco,DF,West Ham,24,1997,13,10,963,10.7,0,1,1,0,0,0,0,0,0.0,0.09345794392523366,0.09345794392523366,0.0,0.09345794392523366,False,2021-22,2021,0.09345794392523366,1,963,,,0.09345794392523366,,,576,,,,,,,,,0.044642857142857144,22.4,2022-23,True
Issa Diop,Morocco,DF,Fulham,25,1997,25,21,2012,22.4,1,0,1,1,0,0,2,0,0.044642857142857144,0.0,0.044642857142857144,0.044642857142857144,0.044642857142857144,False,2022-23,2022,0.044642857142857144,2,2975,963.0,1049.0,0.06091455273698265,0.09345794392523366,,625,38.0,48.68421052631579,11.289473684210526,3.8947368421052633,13.289473684210526,55.0,53.0,0.45931477516059954,0.0,15.8,2023-24,True
Issa Diop,Morocco,DF,Fulham,26,1997,18,16,1424,15.8,0,0,0,0,0,0,4,1,0.0,0.0,0.0,0.0,0.0,False,2023-24,2023,0.0,3,4399,2012.0,-588.0,0.020304850912327553,0.044642857142857144,0.09345794392523366,676,38.0,50.73684210526316,13.157894736842104,4.7105263157894735,13.763157894736842,55.0,61.0,0.4887585532746823,0.0,14.9,2024-25,True
Issa Diop,Morocco,DF,Fulham,27,1997,21,15,1339,14.9,0,0,0,0,0,0,2,0,0.0,0.0,0.0,0.0,0.0,False,2024-25,2024,0.0,4,5738,1424.0,-85.0,0.006768283637442519,0.0,0.044642857142857144,729,38.0,52.473684210526315,13.710526315789474,4.552631578947368,11.368421052631579,54.0,54.0,0.5466946484784889,0.10989010989010989,9.1,2025-26,True
Issa Diop,Morocco,DF,Fulham,28,1997,13,8,816,9.1,1,0,1,1,0,0,2,0,0.10989010989010989,0.0,0.10989010989010989,0.10989010989010989,0.10989010989010989,False,2025-26,2025,0.10989010989010989,5,6554,1339.0,-523.0,0.07551616780588742,0.0,0.0,784,38.0,51.73684210526316,12.657894736842104,3.6315789473684212,11.789473684210526,47.0,51.0,0.5177610333692142,,,,False
Issa Kaboré,Burkina Faso,"MF,DF",Luton Town,22,2001,24,21,1729,19.2,0,2,2,0,0,0,7,0,0.0,0.10416666666666667,0.10416666666666667,0.0,0.10416666666666667,False,2023-24,2023,0.10416666666666667,1,1729,,,0.10416666666666667,,,484,,,,,,,,,,,,False
Ivan Perišić,Croatia,MF,Tottenham,33,1989,34,23,2108,23.4,1,8,9,1,0,0,6,0,0.042735042735042736,0.3418803418803419,0.38461538461538464,0.042735042735042736,0.38461538461538464,False,2022-23,2022,0.38461538461538464,1,2108,,,0.38461538461538464,,,1089,38.0,49.94736842105263,13.68421052631579,5.2631578947368425,13.68421052631579,70.0,63.0,0.5,0.9090909090909091,1.1,2023-24,False
Ivan Perišić,Croatia,"FW,MF",Tottenham,34,1989,5,0,103,1.1,0,1,1,0,0,0,2,0,0.0,0.9090909090909091,0.9090909090909091,0.0,0.9090909090909091,False,2023-24,2023,0.9090909090909091,2,2211,2108.0,-2005.0,0.7342657342657342,0.38461538461538464,,1156,38.0,62.05263157894737,15.31578947368421,5.631578947368421,12.789473684210526,74.0,61.0,0.5449438202247191,,,,False
Ivan Toney,England,FW,Brentford,25,1996,33,32,2909,32.3,12,5,17,7,5,5,8,0,0.3715170278637771,0.15479876160990713,0.5263157894736843,0.21671826625387,0.37151702786377716,False,2021-22,2021,0.5263157894736843,1,2909,,,0.5263157894736843,,,625,38.0,44.5,11.631578947368421,4.052631578947368,13.210526315789474,48.0,56.0,0.4682203389830508,0.7317073170731708,32.8,2022-23,True
Ivan Toney,England,FW,Brentford,26,1996,33,33,2951,32.8,20,4,24,14,6,7,9,0,0.6097560975609757,0.12195121951219513,0.7317073170731708,0.426829268292683,0.5487804878048781,False,2022-23,2022,0.7317073170731708,2,5860,2909.0,42.0,0.6632434745400086,0.5263157894736843,,676,38.0,43.39473684210526,10.710526315789474,4.2631578947368425,14.763157894736842,58.0,46.0,0.42045454545454547,0.37267080745341613,16.1,2023-24,True
Ivan Toney,England,FW,Brentford,27,1996,17,16,1450,16.1,4,2,6,4,0,0,5,0,0.24844720496894407,0.12422360248447203,0.37267080745341613,0.24844720496894407,0.37267080745341613,False,2023-24,2023,0.37267080745341613,3,7310,2951.0,-1501.0,0.46952836314894697,0.7317073170731708,0.5263157894736843,729,38.0,44.973684210526315,12.447368421052632,4.526315789473684,14.421052631578947,56.0,65.0,0.4632713026444662,,,,False
Ivo Grbić,Croatia,GK,Sheffield United,27,1996,9,9,771,8.6,0,0,0,0,0,0,1,0,0.0,0.0,0.0,0.0,0.0,False,2023-24,2023,0.0,1,771,,,0.0,,,729,,,,,,,,,,,,False
Jack Butland,England,GK,Crystal Palace,28,1993,9,8,765,8.5,0,0,0,0,0,0,0,0,0.0,0.0,0.0,0.0,0.0,False,2021-22,2021,0.0,1,765,,,0.0,,,784,38.0,50.94736842105263,10.81578947368421,3.8684210526315788,11.657894736842104,50.0,46.0,0.48126463700234196,,,,False
Jack Clarke,England,MF,Ipswich Town,23,2000,32,12,1181,13.1,0,4,4,0,0,0,2,0,0.0,0.3053435114503817,0.3053435114503817,0.0,0.3053435114503817,False,2024-25,2024,0.3053435114503817,1,1181,,,0.3053435114503817,,,529,38.0,40.39473684210526,9.894736842105264,3.3421052631578947,15.973684210526315,36.0,82.0,0.38250254323499494,,,,False
Jack Colback,England,MF,Nottingham,32,1989,11,4,497,5.5,0,0,0,0,0,0,0,0,0.0,0.0,0.0,0.0,0.0,False,2022-23,2022,0.0,1,497,,,0.0,,,1024,38.0,37.21052631578947,9.68421052631579,3.1052631578947367,14.657894736842104,38.0,68.0,0.3978378378378378,,,,False
Jack Cork,England,MF,Burnley,32,1989,20,20,1670,18.6,1,0,1,1,0,0,4,0,0.05376344086021505,0.0,0.05376344086021505,0.05376344086021505,0.05376344086021505,False,2021-22,2021,0.05376344086021505,1,1670,,,0.05376344086021505,,,1024,,,,,,,,,0.0,0.3,2023-24,False
Jack Cork,England,"DF,MF",Burnley,34,1989,4,0,27,0.3,0,0,0,0,0,0,0,0,0.0,0.0,0.0,0.0,0.0,False,2023-24,2023,0.0,2,1697,1670.0,-1643.0,0.017921146953405017,0.05376344086021505,,1156,,,,,,,,,,,,False
Jack Fletcher,England,MF,Manchester Utd,18,2007,3,0,108,1.2,0,0,0,0,0,0,0,0,0.0,0.0,0.0,0.0,0.0,False,2025-26,2025,0.0,1,108,,,0.0,,,324,38.0,51.921052631578945,15.657894736842104,5.657894736842105,11.578947368421053,69.0,50.0,0.5748792270531401,,,,False
Jack Grealish,England,"FW,MF",Manchester City,25,1995,26,22,1914,21.3,3,3,6,3,0,0,3,0,0.14084507042253522,0.14084507042253522,0.28169014084507044,0.14084507042253522,0.28169014084507044,False,2021-22,2021,0.28169014084507044,1,1914,,,0.28169014084507044,,,625,38.0,68.5,18.763157894736842,6.657894736842105,6.2368421052631575,99.0,26.0,0.7505263157894737,0.5263157894736842,22.8,2022-23,True
Jack Grealish,England,"FW,MF",Manchester City,26,1995,28,23,2055,22.8,5,7,12,5,0,0,4,0,0.21929824561403508,0.30701754385964913,0.5263157894736842,0.21929824561403508,0.5263157894736842,False,2022-23,2022,0.5263157894736842,2,3969,1914.0,141.0,0.4447739065974796,0.28169014084507044,,676,38.0,65.34210526315789,15.789473684210526,5.7631578947368425,7.7105263157894735,94.0,33.0,0.6718924972004479,0.35714285714285715,11.2,2023-24,True
Jack Grealish,England,"MF,FW",Manchester City,27,1995,20,10,1009,11.2,3,1,4,3,0,0,6,0,0.26785714285714285,0.08928571428571429,0.35714285714285715,0.26785714285714285,0.35714285714285715,False,2023-24,2023,0.35714285714285715,3,4978,2055.0,-1046.0,0.3863532069610647,0.5263157894736842,0.28169014084507044,729,38.0,65.73684210526316,18.263157894736842,7.315789473684211,7.7368421052631575,96.0,34.0,0.7024291497975709,0.25,8.0,2024-25,True
Jack Grealish,England,"MF,FW",Manchester City,28,1995,20,7,721,8.0,1,1,2,1,0,0,3,0,0.125,0.125,0.25,0.125,0.25,False,2024-25,2024,0.25,4,5699,1009.0,-288.0,0.29545106898702156,0.35714285714285715,0.5263157894736842,784,38.0,61.73684210526316,16.0,5.7105263157894735,9.31578947368421,72.0,44.0,0.6320166320166319,0.4419889502762431,18.1,2025-26,True
Jack Grealish,England,MF,Everton,29,1995,20,18,1627,18.1,2,6,8,2,0,0,5,1,0.11049723756906077,0.3314917127071823,0.4419889502762431,0.11049723756906077,0.4419889502762431,False,2025-26,2025,0.4419889502762431,5,7326,721.0,906.0,0.39314298984650253,0.25,0.35714285714285715,841,38.0,43.76315789473684,11.105263157894736,3.736842105263158,13.973684210526315,47.0,50.0,0.4428121720881427,,,,False
Jack Harrison,England,MF,Leeds United,24,1996,35,32,2639,29.3,8,1,9,8,0,0,3,0,0.27303754266211605,0.034129692832764506,0.30716723549488056,0.27303754266211605,0.30716723549488056,False,2021-22,2021,0.30716723549488056,1,2639,,,0.30716723549488056,,,576,38.0,52.473684210526315,12.736842105263158,4.052631578947368,15.289473684210526,42.0,79.0,0.4544600938967136,0.39867109634551495,30.1,2022-23,True
Jack Harrison,England,MF,Leeds United,25,1996,36,34,2708,30.1,5,7,12,5,0,0,2,0,0.16611295681063123,0.23255813953488372,0.39867109634551495,0.16611295681063123,0.39867109634551495,False,2022-23,2022,0.39867109634551495,2,5347,2639.0,69.0,0.36816980939530347,0.30716723549488056,,625,38.0,46.94736842105263,12.157894736842104,3.8157894736842106,13.868421052631579,48.0,78.0,0.4671385237613751,0.24390243902439024,24.6,2023-24,True
Jack Harrison,England,MF,Everton,26,1996,29,25,2214,24.6,3,3,6,3,0,0,1,0,0.12195121951219512,0.12195121951219512,0.24390243902439024,0.12195121951219512,0.24390243902439024,False,2023-24,2023,0.24390243902439024,3,7561,2708.0,-494.0,0.28532489581469467,0.39867109634551495,0.30716723549488056,676,38.0,40.73684210526316,13.342105263157896,4.2631578947368425,14.157894736842104,40.0,51.0,0.4851674641148326,0.04329004329004329,23.1,2024-25,True
Jack Harrison,England,"MF,FW",Everton,27,1996,34,24,2076,23.1,1,0,1,1,0,0,0,0,0.04329004329004329,0.0,0.04329004329004329,0.04329004329004329,0.04329004329004329,False,2024-25,2024,0.04329004329004329,4,9637,2214.0,-138.0,0.12396832746492709,0.24390243902439024,0.39867109634551495,729,38.0,40.63157894736842,10.657894736842104,3.763157894736842,12.605263157894736,42.0,44.0,0.4581447963800905,0.0,3.0,2025-26,True
Jack Harrison,England,FW,Leeds United,28,1996,11,1,269,3.0,0,0,0,0,0,0,0,0,0.0,0.0,0.0,0.0,0.0,False,2025-26,2025,0.0,5,9906,2076.0,-1807.0,0.041322775821642364,0.04329004329004329,0.24390243902439024,784,38.0,45.73684210526316,12.552631578947368,3.973684210526316,12.526315789473685,49.0,56.0,0.5005246589716683,,,,False
Jack Hinshelwood,England,"DF,MF",Brighton,17,2005,1,0,2,0.0,0,0,0,0,0,0,0,0,0.0,0.0,0.0,0.0,0.0,False,2022-23,2022,0.0,1,2,,,0.0,,,289,38.0,60.526315789473685,16.105263157894736,6.078947368421052,10.210526315789474,72.0,53.0,0.612,0.30927835051546393,9.7,2023-24,True
Jack Hinshelwood,England,"DF,MF",Brighton,18,2005,12,8,869,9.7,3,0,3,3,0,0,1,0,0.30927835051546393,0.0,0.30927835051546393,0.30927835051546393,0.30927835051546393,False,2023-24,2023,0.30927835051546393,2,871,2.0,867.0,0.20618556701030927,0.0,,324,38.0,60.3421052631579,14.789473684210526,5.473684210526316,12.289473684210526,55.0,62.0,0.5461613216715258,0.34146341463414637,20.5,2024-25,True
Jack Hinshelwood,England,"MF,DF",Brighton,19,2005,26,22,1842,20.5,5,2,7,5,0,0,5,0,0.24390243902439024,0.0975609756097561,0.34146341463414637,0.24390243902439024,0.34146341463414637,False,2024-25,2024,0.34146341463414637,3,2713,869.0,973.0,0.296370798759534,0.30927835051546393,0.0,361,38.0,52.63157894736842,14.026315789473685,5.026315789473684,11.236842105263158,66.0,59.0,0.5552083333333333,0.3626943005181347,19.3,2025-26,True
Jack Hinshelwood,England,MF,Brighton,20,2005,27,20,1741,19.3,4,3,7,4,0,0,0,0,0.20725388601036268,0.15544041450777202,0.3626943005181347,0.20725388601036268,0.3626943005181347,False,2025-26,2025,0.3626943005181347,4,4454,1842.0,-101.0,0.34058646659860115,0.34146341463414637,0.30927835051546393,400,38.0,53.94736842105263,13.0,4.631578947368421,11.68421052631579,52.0,46.0,0.5266524520255864,,,,False
Jack Robinson,England,DF,Sheffield United,29,1993,34,31,2885,32.1,1,1,2,1,0,0,10,0,0.03115264797507788,0.03115264797507788,0.06230529595015576,0.03115264797507788,0.06230529595015576,False,2023-24,2023,0.06230529595015576,1,2885,,,0.06230529595015576,,,841,,,,,,,,,,,,False
Jack Stacey,England,"DF,MF",Bournemouth,26,1996,10,3,299,3.3,0,0,0,0,0,0,2,0,0.0,0.0,0.0,0.0,0.0,False,2022-23,2022,0.0,1,299,,,0.0,,,676,38.0,40.078947368421055,9.394736842105264,3.5,16.473684210526315,37.0,71.0,0.3631739572736521,,,,False
Jack Stephens,England,DF,Southampton,27,1994,11,9,811,9.0,0,0,0,0,0,0,3,0,0.0,0.0,0.0,0.0,0.0,False,2021-22,2021,0.0,1,811,,,0.0,,,729,,,,,,,,,0.06493506493506493,15.4,2024-25,True
Jack Stephens,England,DF,Southampton,30,1994,19,17,1389,15.4,1,0,1,1,0,0,2,2,0.06493506493506493,0.0,0.06493506493506493,0.06493506493506493,0.06493506493506493,False,2024-25,2024,0.06493506493506493,2,2200,811.0,578.0,0.04329004329004328,0.0,,900,,,,,,,,,,,,False
Jack StephensJack Stephens,England,DF,Southampton,28,1994,17,13,1219,13.5,0,0,0,0,0,0,3,0,0.0,0.0,0.0,0.0,0.0,False,2022-23,2022,0.0,1,1219,,,0.0,,,784,,,,,,,,,,,,False
Jack Taylor,Ireland,MF,Ipswich Town,26,1998,32,4,860,9.6,1,0,1,1,0,0,4,0,0.10416666666666667,0.0,0.10416666666666667,0.10416666666666667,0.10416666666666667,False,2024-25,2024,0.10416666666666667,1,860,,,0.10416666666666667,,,676,38.0,40.39473684210526,9.894736842105264,3.3421052631578947,15.973684210526315,36.0,82.0,0.38250254323499494,,,,False
Jackson Tchatchoua,Cameroon,"MF,DF",Wolves,23,2001,31,19,1845,20.5,0,1,1,0,0,0,3,0,0.0,0.04878048780487805,0.04878048780487805,0.0,0.04878048780487805,False,2025-26,2025,0.04878048780487805,1,1845,,,0.04878048780487805,,,529,,,,,,,,,,,,False
Jacob Brown,Scotland,"MF,FW",Luton Town,25,1998,19,12,1019,11.3,2,0,2,2,0,0,4,0,0.17699115044247787,0.0,0.17699115044247787,0.17699115044247787,0.17699115044247787,False,2023-24,2023,0.17699115044247787,1,1019,,,0.17699115044247787,,,625,,,,,,,,,,,,False
Jacob Bruun Larsen,Denmark,MF,Burnley,24,1998,32,16,1249,13.9,6,0,6,5,1,1,1,0,0.4316546762589928,0.0,0.4316546762589928,0.3597122302158273,0.3597122302158273,False,2023-24,2023,0.4316546762589928,1,1249,,,0.4316546762589928,,,576,,,,,,,,,0.08771929824561403,11.4,2025-26,True
Jacob Bruun Larsen,Denmark,"MF,FW",Burnley,26,1998,28,10,1030,11.4,0,1,1,0,0,0,0,0,0.0,0.08771929824561403,0.08771929824561403,0.0,0.08771929824561403,False,2025-26,2025,0.08771929824561403,2,2279,1249.0,-219.0,0.20236442425007364,0.4316546762589928,,676,,,,,,,,,,,,False
Jacob Greaves,England,DF,Ipswich Town,23,2000,25,25,2205,24.5,1,0,1,1,0,0,5,0,0.04081632653061224,0.0,0.04081632653061224,0.04081632653061224,0.04081632653061224,False,2024-25,2024,0.04081632653061224,1,2205,,,0.04081632653061224,,,529,38.0,40.39473684210526,9.894736842105264,3.3421052631578947,15.973684210526315,36.0,82.0,0.38250254323499494,,,,False
Jacob Murphy,England,"FW,MF",Newcastle,26,1995,33,13,1473,16.4,1,2,3,1,0,0,4,0,0.06097560975609757,0.12195121951219513,0.1829268292682927,0.06097560975609757,0.1829268292682927,False,2021-22,2021,0.1829268292682927,1,1473,,,0.1829268292682927,,,676,38.0,39.94736842105263,11.789473684210526,3.8947368421052633,13.894736842105264,44.0,62.0,0.45901639344262296,0.4316546762589928,13.9,2022-23,True
Jacob Murphy,England,FW,Newcastle,27,1995,36,14,1251,13.9,4,2,6,4,0,0,0,0,0.28776978417266186,0.14388489208633093,0.4316546762589928,0.28776978417266186,0.4316546762589928,False,2022-23,2022,0.4316546762589928,2,2724,1473.0,-222.0,0.3487453939287594,0.1829268292682927,,729,38.0,52.44736842105263,15.026315789473685,5.184210526315789,10.18421052631579,68.0,33.0,0.5960334029227558,0.7575757575757576,13.2,2023-24,True
Jacob Murphy,England,"FW,MF",Newcastle,28,1995,21,14,1189,13.2,3,7,10,3,0,0,1,0,0.2272727272727273,0.5303030303030303,0.7575757575757576,0.2272727272727273,0.7575757575757576,False,2023-24,2023,0.7575757575757576,3,3913,1251.0,-62.0,0.6212989696934248,0.4316546762589928,0.1829268292682927,784,38.0,52.21052631578947,14.5,5.605263157894737,14.052631578947368,85.0,62.0,0.5078341013824884,0.7633587786259542,26.2,2024-25,True
Jacob Murphy,England,"FW,MF",Newcastle,29,1995,35,31,2360,26.2,8,12,20,8,0,0,4,0,0.3053435114503817,0.4580152671755725,0.7633587786259542,0.3053435114503817,0.7633587786259542,False,2024-25,2024,0.7633587786259542,4,6273,1189.0,1171.0,0.7160055089817777,0.7575757575757576,0.4316546762589928,841,38.0,51.05263157894737,13.789473684210526,4.578947368421052,12.447368421052632,68.0,47.0,0.5255767301905717,0.2777777777777778,18.0,2025-26,True
Jacob Murphy,England,"FW,MF",Newcastle,30,1995,33,19,1617,18.0,3,2,5,3,0,0,2,0,0.16666666666666666,0.1111111111111111,0.2777777777777778,0.16666666666666666,0.2777777777777778,False,2025-26,2025,0.2777777777777778,5,7890,2360.0,-743.0,0.4238536881791111,0.7633587786259542,0.7575757575757576,900,38.0,52.473684210526315,12.947368421052632,4.631578947368421,12.342105263157896,53.0,55.0,0.5119667013527576,,,,False
Jacob Ramsey,England,MF,Aston Villa,20,2001,34,29,2467,27.4,6,1,7,6,0,0,6,0,0.21897810218978103,0.03649635036496351,0.25547445255474455,0.21897810218978103,0.25547445255474455,False,2021-22,2021,0.25547445255474455,1,2467,,,0.25547445255474455,,,400,38.0,46.473684210526315,12.210526315789474,4.2631578947368425,12.552631578947368,52.0,54.0,0.49309245483528164,0.44368600682593856,29.3,2022-23,True
Jacob Ramsey,England,MF,Aston Villa,21,2001,35,31,2636,29.3,6,7,13,6,0,0,5,0,0.20477815699658702,0.23890784982935154,0.44368600682593856,0.20477815699658702,0.44368600682593856,False,2022-23,2022,0.44368600682593856,2,5103,2467.0,169.0,0.38094882206887387,0.25547445255474455,,441,38.0,49.44736842105263,11.31578947368421,3.973684210526316,11.289473684210526,51.0,46.0,0.5005820721769499,0.21052631578947367,9.5,2023-24,True
Jacob Ramsey,England,MF,Aston Villa,22,2001,16,8,853,9.5,1,1,2,1,0,0,2,0,0.10526315789473684,0.10526315789473684,0.21052631578947367,0.10526315789473684,0.21052631578947367,False,2023-24,2023,0.21052631578947367,3,5956,2636.0,-1783.0,0.2673338178826071,0.44368600682593856,0.25547445255474455,484,38.0,53.421052631578945,13.5,5.0,11.947368421052632,76.0,61.0,0.5305067218200621,0.2222222222222222,18.0,2024-25,True
Jacob Ramsey,England,MF,Aston Villa,23,2001,29,19,1623,18.0,1,3,4,1,0,0,4,1,0.05555555555555555,0.16666666666666666,0.2222222222222222,0.05555555555555555,0.2222222222222222,False,2024-25,2024,0.2222222222222222,4,7579,853.0,770.0,0.23725942077568385,0.21052631578947367,0.44368600682593856,529,38.0,50.71052631578947,12.736842105263158,4.473684210526316,12.18421052631579,58.0,51.0,0.5110876451953538,0.3105590062111801,16.1,2025-26,True
Jacob Ramsey,England,MF,Newcastle,24,2001,28,15,1450,16.1,2,3,5,2,0,0,5,1,0.12422360248447203,0.18633540372670807,0.3105590062111801,0.12422360248447203,0.3105590062111801,False,2025-26,2025,0.3105590062111801,5,9029,1623.0,-173.0,0.2861258110660147,0.2222222222222222,0.21052631578947367,576,38.0,52.473684210526315,12.947368421052632,4.631578947368421,12.342105263157896,53.0,55.0,0.5119667013527576,,,,False
Jaden Philogene Bidace,England,"FW,MF",Aston Villa,19,2002,1,0,5,0.1,0,0,0,0,0,0,0,0,0.0,0.0,0.0,0.0,0.0,False,2021-22,2021,0.0,1,5,,,0.0,,,361,38.0,46.473684210526315,12.210526315789474,4.2631578947368425,12.552631578947368,52.0,54.0,0.49309245483528164,0.0,0.0,2023-24,False
Jaden Philogene Bidace,England,"FW,MF",Aston Villa,21,2002,1,0,4,0.0,0,0,0,0,0,0,0,0,0.0,0.0,0.0,0.0,0.0,False,2023-24,2023,0.0,2,9,5.0,-1.0,0.0,0.0,,441,38.0,53.421052631578945,13.5,5.0,11.947368421052632,76.0,61.0,0.5305067218200621,,,,False
Jaden Philogene BidaceJaden Philogene Bidace,England,MF,Ipswich Town,22,2002,21,7,806,9.0,2,0,2,2,0,0,5,1,0.2222222222222222,0.0,0.2222222222222222,0.2222222222222222,0.2222222222222222,False,2024-25,2024,0.2222222222222222,1,806,,,0.2222222222222222,,,484,38.0,40.39473684210526,9.894736842105264,3.3421052631578947,15.973684210526315,36.0,82.0,0.38250254323499494,,,,False
Jadon Sancho,England,"MF,FW",Manchester Utd,21,2000,29,20,1900,21.1,3,3,6,3,0,0,0,0,0.14218009478672985,0.14218009478672985,0.2843601895734597,0.14218009478672985,0.2843601895734597,False,2021-22,2021,0.2843601895734597,1,1900,,,0.2843601895734597,,,441,38.0,52.921052631578945,13.368421052631579,4.921052631578948,13.447368421052632,57.0,57.0,0.4985279685966634,0.4812834224598931,18.7,2022-23,True
Jadon Sancho,England,MF,Manchester Utd,22,2000,26,21,1686,18.7,6,3,9,6,0,0,0,0,0.32085561497326204,0.16042780748663102,0.4812834224598931,0.32085561497326204,0.4812834224598931,False,2022-23,2022,0.4812834224598931,2,3586,1900.0,-214.0,0.415642344831082,0.2843601895734597,,484,38.0,53.973684210526315,15.578947368421053,5.631578947368421,12.657894736842104,58.0,43.0,0.5517241379310345,0.0,0.9,2023-24,False
Jadon Sancho,England,"FW,MF",Manchester Utd,23,2000,3,0,79,0.9,0,0,0,0,0,0,0,0,0.0,0.0,0.0,0.0,0.0,False,2023-24,2023,0.0,3,3665,1686.0,-1607.0,0.13854744827702734,0.4812834224598931,0.2843601895734597,529,38.0,50.526315789473685,14.473684210526315,5.078947368421052,17.55263157894737,57.0,58.0,0.4519309778142974,0.3571428571428571,19.6,2024-25,True
Jadon Sancho,England,MF,Chelsea,24,2000,31,19,1764,19.6,3,4,7,3,0,0,2,0,0.1530612244897959,0.2040816326530612,0.3571428571428571,0.1530612244897959,0.3571428571428571,False,2024-25,2024,0.3571428571428571,4,5429,79.0,1685.0,0.2842777208542472,0.0,0.4812834224598931,576,38.0,57.3421052631579,15.657894736842104,5.7368421052631575,10.447368421052632,64.0,43.0,0.5997983870967741,0.2061855670103093,9.7,2025-26,True
Jadon Sancho,England,MF,Aston Villa,25,2000,23,9,876,9.7,0,2,2,0,0,0,0,0,0.0,0.2061855670103093,0.2061855670103093,0.0,0.2061855670103093,False,2025-26,2025,0.2061855670103093,5,6305,1764.0,-888.0,0.2322162849582886,0.3571428571428571,0.0,625,38.0,53.6578947368421,12.710526315789474,4.473684210526316,12.894736842105264,56.0,49.0,0.4964028776978417,,,,False
Jahmai Simpson-Pusey,England,DF,Manchester City,18,2005,2,1,96,1.1,0,0,0,0,0,0,1,0,0.0,0.0,0.0,0.0,0.0,False,2024-25,2024,0.0,1,96,,,0.0,,,324,38.0,61.73684210526316,16.0,5.7105263157894735,9.31578947368421,72.0,44.0,0.6320166320166319,,,,False
Jaidon Anthony,England,MF,Bournemouth,22,1999,30,11,1257,14.0,3,1,4,3,0,0,2,0,0.21428571428571427,0.07142857142857142,0.2857142857142857,0.21428571428571427,0.2857142857142857,False,2022-23,2022,0.2857142857142857,1,1257,,,0.2857142857142857,,,484,38.0,40.078947368421055,9.394736842105264,3.5,16.473684210526315,37.0,71.0,0.3631739572736521,0.0,1.7,2023-24,False
Jaidon Anthony,England,MF,Bournemouth,23,1999,3,2,152,1.7,0,0,0,0,0,0,1,0,0.0,0.0,0.0,0.0,0.0,False,2023-24,2023,0.0,2,1409,1257.0,-1105.0,0.09523809523809525,0.2857142857142857,,529,38.0,44.05263157894737,14.263157894736842,4.868421052631579,13.973684210526315,54.0,67.0,0.5051258154706431,0.33112582781456956,30.2,2025-26,True
Jaidon Anthony,England,MF,Burnley,25,1999,37,32,2722,30.2,8,2,10,8,0,0,4,0,0.26490066225165565,0.06622516556291391,0.33112582781456956,0.26490066225165565,0.33112582781456956,False,2025-26,2025,0.33112582781456956,3,4131,152.0,2570.0,0.25249658362241145,0.0,0.2857142857142857,625,,,,,,,,,,,,False
Jair Cunha,Brazil,DF,Nottingham,20,2005,9,6,517,5.7,0,0,0,0,0,0,0,0,0.0,0.0,0.0,0.0,0.0,False,2025-26,2025,0.0,1,517,,,0.0,,,400,38.0,46.8421052631579,12.526315789473685,4.105263157894737,13.289473684210526,48.0,51.0,0.48521916411824667,,,,False
Jaka Bijol,Slovenia,DF,Leeds United,26,1999,25,21,1890,21.0,1,2,3,1,0,0,4,0,0.047619047619047616,0.09523809523809523,0.14285714285714285,0.047619047619047616,0.14285714285714285,False,2025-26,2025,0.14285714285714285,1,1890,,,0.14285714285714285,,,676,38.0,45.73684210526316,12.552631578947368,3.973684210526316,12.526315789473685,49.0,56.0,0.5005246589716683,,,,False
Jake Evans,England,MF,Leicester City,15,2008,4,0,24,0.3,0,0,0,0,0,0,0,0,0.0,0.0,0.0,0.0,0.0,False,2024-25,2024,0.0,1,24,,,0.0,,,225,,,,,,,,,,,,False
Jake O'Brien,Ireland,DF,Everton,23,2001,20,17,1571,17.5,2,0,2,2,0,0,5,0,0.11428571428571428,0.0,0.11428571428571428,0.11428571428571428,0.11428571428571428,False,2024-25,2024,0.11428571428571428,1,1571,,,0.11428571428571428,,,529,38.0,40.63157894736842,10.657894736842104,3.763157894736842,12.605263157894736,42.0,44.0,0.4581447963800905,0.05763688760806916,34.7,2025-26,True
Jake O'Brien,Ireland,DF,Everton,24,2001,37,35,3120,34.7,1,1,2,1,0,0,6,1,0.02881844380403458,0.02881844380403458,0.05763688760806916,0.02881844380403458,0.05763688760806916,False,2025-26,2025,0.05763688760806916,2,4691,1571.0,1549.0,0.07651982983395086,0.11428571428571428,,576,38.0,43.76315789473684,11.105263157894736,3.736842105263158,13.973684210526315,47.0,50.0,0.4428121720881427,,,,False
Jakob Sørensen,Denmark,"MF,DF",Norwich City,23,1998,10,6,604,6.7,0,0,0,0,0,0,0,0,0.0,0.0,0.0,0.0,0.0,False,2021-22,2021,0.0,1,604,,,0.0,,,529,,,,,,,,,,,,False
Jakub Kiwior,Poland,DF,Arsenal,22,2000,7,5,427,4.7,1,0,1,1,0,0,0,0,0.2127659574468085,0.0,0.2127659574468085,0.2127659574468085,0.2127659574468085,False,2022-23,2022,0.2127659574468085,1,427,,,0.2127659574468085,,,484,38.0,59.94736842105263,15.605263157894736,5.368421052631579,8.973684210526315,88.0,43.0,0.6349036402569593,0.38095238095238093,10.5,2023-24,True
Jakub Kiwior,Poland,DF,Arsenal,23,2000,20,11,946,10.5,1,3,4,1,0,0,1,0,0.09523809523809523,0.2857142857142857,0.38095238095238093,0.09523809523809523,0.38095238095238093,False,2023-24,2023,0.38095238095238093,2,1373,427.0,519.0,0.3248902397838568,0.2127659574468085,,529,38.0,58.63157894736842,17.263157894736842,5.973684210526316,8.473684210526315,91.0,29.0,0.6707566462167689,0.08,12.5,2024-25,True
Jakub Kiwior,Poland,DF,Arsenal,24,2000,17,10,1122,12.5,1,0,1,1,0,0,1,0,0.08,0.0,0.08,0.08,0.08,False,2024-25,2024,0.08,3,2495,946.0,176.0,0.16163007992795225,0.38095238095238093,0.2127659574468085,576,38.0,57.18421052631579,14.394736842105264,4.947368421052632,9.526315789473685,69.0,34.0,0.6017601760176018,,,,False
Jakub Moder,Poland,"MF,FW",Brighton,22,1999,28,19,1701,18.9,0,3,3,0,0,0,1,0,0.0,0.15873015873015875,0.15873015873015875,0.0,0.15873015873015875,False,2021-22,2021,0.15873015873015875,1,1701,,,0.15873015873015875,,,484,38.0,54.73684210526316,12.868421052631579,4.0,12.526315789473685,42.0,44.0,0.5067357512953368,0.0,6.9,2023-24,True
Jakub Moder,Poland,"MF,DF",Brighton,24,1999,17,6,618,6.9,0,0,0,0,0,0,2,0,0.0,0.0,0.0,0.0,0.0,False,2023-24,2023,0.0,2,2319,1701.0,-1083.0,0.05291005291005292,0.15873015873015875,,576,38.0,60.3421052631579,14.789473684210526,5.473684210526316,12.289473684210526,55.0,62.0,0.5461613216715258,0.0,0.1,2024-25,False
Jakub Moder,Poland,MF,Brighton,25,1999,4,0,11,0.1,0,0,0,0,0,0,0,0,0.0,0.0,0.0,0.0,0.0,False,2024-25,2024,0.0,3,2330,618.0,-607.0,0.017636684303350976,0.0,0.15873015873015875,625,38.0,52.63157894736842,14.026315789473685,5.026315789473684,11.236842105263158,66.0,59.0,0.5552083333333333,,,,False
Jakub Stolarczyk,Poland,GK,Leicester City,23,2000,10,10,900,10.0,0,0,0,0,0,0,1,0,0.0,0.0,0.0,0.0,0.0,False,2024-25,2024,0.0,1,900,,,0.0,,,529,,,,,,,,,,,,False
Jamaal Lascelles,England,DF,Newcastle,27,1993,26,22,2058,22.9,1,0,1,1,0,0,5,0,0.04366812227074236,0.0,0.04366812227074236,0.04366812227074236,0.04366812227074236,False,2021-22,2021,0.04366812227074236,1,2058,,,0.04366812227074236,,,729,38.0,39.94736842105263,11.789473684210526,3.8947368421052633,13.894736842105264,44.0,62.0,0.45901639344262296,0.0,2.4,2022-23,False
Jamaal Lascelles,England,DF,Newcastle,28,1993,7,2,218,2.4,0,0,0,0,0,0,4,0,0.0,0.0,0.0,0.0,0.0,False,2022-23,2022,0.0,2,2276,2058.0,-1840.0,0.014556040756914123,0.04366812227074236,,784,38.0,52.44736842105263,15.026315789473685,5.184210526315789,10.18421052631579,68.0,33.0,0.5960334029227558,0.08333333333333333,12.0,2023-24,True
Jamaal Lascelles,England,DF,Newcastle,29,1993,16,13,1080,12.0,1,0,1,1,0,0,4,0,0.08333333333333333,0.0,0.08333333333333333,0.08333333333333333,0.08333333333333333,False,2023-24,2023,0.08333333333333333,3,3356,218.0,862.0,0.06040756914119359,0.0,0.04366812227074236,841,38.0,52.21052631578947,14.5,5.605263157894737,14.052631578947368,85.0,62.0,0.5078341013824884,0.0,0.2,2025-26,False
Jamaal Lascelles,England,DF,Newcastle,31,1993,2,0,21,0.2,0,0,0,0,0,0,0,0,0.0,0.0,0.0,0.0,0.0,False,2025-26,2025,0.0,4,3377,1080.0,-1059.0,0.020135856380397867,0.08333333333333333,0.0,961,38.0,52.473684210526315,12.947368421052632,4.631578947368421,12.342105263157896,53.0,55.0,0.5119667013527576,,,,False
Jamal Lewis,Northern Ireland,DF,Newcastle,23,1998,5,4,262,2.9,0,0,0,0,0,0,1,0,0.0,0.0,0.0,0.0,0.0,False,2021-22,2021,0.0,1,262,,,0.0,,,529,38.0,39.94736842105263,11.789473684210526,3.8947368421052633,13.894736842105264,44.0,62.0,0.45901639344262296,0.0,0.1,2022-23,False
Jamal Lewis,Northern Ireland,"DF,MF",Newcastle,24,1998,2,0,11,0.1,0,0,0,0,0,0,0,0,0.0,0.0,0.0,0.0,0.0,False,2022-23,2022,0.0,2,273,262.0,-251.0,0.0,0.0,,576,38.0,52.44736842105263,15.026315789473685,5.184210526315789,10.18421052631579,68.0,33.0,0.5960334029227558,,,,False
Jamal Lowe,Jamaica,"FW,MF",Bournemouth,28,1994,2,0,12,0.1,0,0,0,0,0,0,0,0,0.0,0.0,0.0,0.0,0.0,False,2022-23,2022,0.0,1,12,,,0.0,,,784,38.0,40.078947368421055,9.394736842105264,3.5,16.473684210526315,37.0,71.0,0.3631739572736521,,,,False
Jamaldeen Jimoh,England,MF,Aston Villa,18,2006,1,0,9,0.1,0,0,0,0,0,0,0,0,0.0,0.0,0.0,0.0,0.0,False,2025-26,2025,0.0,1,9,,,0.0,,,324,38.0,53.6578947368421,12.710526315789474,4.473684210526316,12.894736842105264,56.0,49.0,0.4964028776978417,,,,False
James Bree,England,DF,Southampton,24,1997,5,4,367,4.1,0,0,0,0,0,0,1,0,0.0,0.0,0.0,0.0,0.0,False,2022-23,2022,0.0,1,367,,,0.0,,,576,,,,,,,,,0.08403361344537814,11.9,2024-25,True
James Bree,England,"DF,MF",Southampton,26,1997,17,13,1075,11.9,0,1,1,0,0,0,0,0,0.0,0.08403361344537814,0.08403361344537814,0.0,0.08403361344537814,False,2024-25,2024,0.08403361344537814,2,1442,367.0,708.0,0.05602240896358543,0.0,,676,,,,,,,,,,,,False
James Garner,England,MF,Everton,21,2001,16,7,804,8.9,0,1,1,0,0,0,3,0,0.0,0.11235955056179775,0.11235955056179775,0.0,0.11235955056179775,False,2022-23,2022,0.11235955056179775,1,804,,,0.11235955056179775,,,441,38.0,42.578947368421055,11.289473684210526,4.0,15.105263157894736,34.0,57.0,0.42771684945164506,0.08982035928143713,33.4,2023-24,True
James Garner,England,MF,Everton,22,2001,37,34,3004,33.4,1,2,3,1,0,0,7,0,0.029940119760479042,0.059880239520958084,0.08982035928143713,0.029940119760479042,0.08982035928143713,False,2023-24,2023,0.08982035928143713,2,3808,804.0,2200.0,0.09733342304155734,0.11235955056179775,,484,38.0,40.73684210526316,13.342105263157896,4.2631578947368425,14.157894736842104,40.0,51.0,0.4851674641148326,0.05649717514124294,17.7,2024-25,True
James Garner,England,"MF,DF",Everton,23,2001,21,17,1594,17.7,0,1,1,0,0,0,5,0,0.0,0.05649717514124294,0.05649717514124294,0.0,0.05649717514124294,False,2024-25,2024,0.05649717514124294,3,5402,3004.0,-1410.0,0.07010925777468108,0.08982035928143713,0.11235955056179775,529,38.0,40.63157894736842,10.657894736842104,3.763157894736842,12.605263157894736,42.0,44.0,0.4581447963800905,0.237467018469657,37.9,2025-26,True
James Garner,England,"MF,DF",Everton,24,2001,38,38,3413,37.9,2,7,9,2,0,0,12,0,0.052770448548812667,0.18469656992084432,0.237467018469657,0.052770448548812667,0.237467018469657,False,2025-26,2025,0.237467018469657,4,8815,1594.0,1819.0,0.18168109823799836,0.05649717514124294,0.08982035928143713,576,38.0,43.76315789473684,11.105263157894736,3.736842105263158,13.973684210526315,47.0,50.0,0.4428121720881427,,,,False
James Hill,England,DF,Bournemouth,21,2002,5,1,76,0.8,0,0,0,0,0,0,0,0,0.0,0.0,0.0,0.0,0.0,False,2023-24,2023,0.0,1,76,,,0.0,,,441,38.0,44.05263157894737,14.263157894736842,4.868421052631579,13.973684210526315,54.0,67.0,0.5051258154706431,0.2,5.0,2024-25,True
James Hill,England,DF,Bournemouth,22,2002,10,6,448,5.0,0,1,1,0,0,0,1,0,0.0,0.2,0.2,0.0,0.2,False,2024-25,2024,0.2,2,524,76.0,372.0,0.13333333333333333,0.0,,484,38.0,48.578947368421055,15.263157894736842,5.315789473684211,12.842105263157896,58.0,46.0,0.5430711610486891,0.12820512820512822,23.4,2025-26,True
James Hill,England,DF,Bournemouth,23,2002,29,22,2106,23.4,0,3,3,0,0,0,5,0,0.0,0.12820512820512822,0.12820512820512822,0.0,0.12820512820512822,False,2025-26,2025,0.12820512820512822,3,2630,448.0,1658.0,0.12991452991452992,0.2,0.0,529,38.0,50.078947368421055,13.842105263157896,4.684210526315789,12.631578947368421,58.0,54.0,0.5228628230616302,,,,False
James Justin,England,DF,Leicester City,23,1998,13,11,998,11.1,0,0,0,0,0,0,0,0,0.0,0.0,0.0,0.0,0.0,False,2021-22,2021,0.0,1,998,,,0.0,,,529,,,,,,,,,0.0,13.9,2022-23,True
James Justin,England,"DF,MF",Leicester City,24,1998,14,14,1252,13.9,0,0,0,0,0,0,0,0,0.0,0.0,0.0,0.0,0.0,False,2022-23,2022,0.0,2,2250,998.0,254.0,0.0,0.0,,576,,,,,,,,,0.1234567901234568,32.4,2024-25,True
James Justin,England,"DF,MF",Leicester City,26,1998,36,34,2912,32.4,2,2,4,2,0,0,6,0,0.0617283950617284,0.0617283950617284,0.1234567901234568,0.0617283950617284,0.1234567901234568,False,2024-25,2024,0.1234567901234568,3,5162,1252.0,1660.0,0.0823045267489712,0.0,0.0,676,,,,,,,,,0.14218009478672985,21.1,2025-26,True
James Justin,England,"DF,MF",Leeds United,27,1998,29,21,1901,21.1,2,1,3,2,0,0,4,0,0.0947867298578199,0.04739336492890995,0.14218009478672985,0.0947867298578199,0.14218009478672985,False,2025-26,2025,0.14218009478672985,4,7063,2912.0,-1011.0,0.12222157210747697,0.1234567901234568,0.0,729,38.0,45.73684210526316,12.552631578947368,3.973684210526316,12.526315789473685,49.0,56.0,0.5005246589716683,,,,False
James Maddison,England,"MF,FW",Leicester City,24,1996,35,28,2459,27.3,12,8,20,12,0,0,3,0,0.43956043956043955,0.29304029304029305,0.7326007326007326,0.43956043956043955,0.7326007326007326,False,2021-22,2021,0.7326007326007326,1,2459,,,0.7326007326007326,,,576,,,,,,,,,0.6884057971014492,27.6,2022-23,True
James Maddison,England,"MF,FW",Leicester City,25,1996,30,28,2480,27.6,10,9,19,9,1,2,10,0,0.36231884057971014,0.32608695652173914,0.6884057971014492,0.32608695652173914,0.6521739130434782,False,2022-23,2022,0.6884057971014492,2,4939,2459.0,21.0,0.703137442267877,0.7326007326007326,,625,,,,,,,,,0.5485232067510548,23.7,2023-24,True
James Maddison,England,MF,Tottenham,26,1996,28,26,2135,23.7,4,9,13,4,0,0,5,0,0.16877637130801687,0.379746835443038,0.5485232067510548,0.16877637130801687,0.5485232067510548,False,2023-24,2023,0.5485232067510548,3,7074,2480.0,-345.0,0.6000612852566622,0.6884057971014492,0.7326007326007326,676,38.0,62.05263157894737,15.31578947368421,5.631578947368421,12.789473684210526,74.0,61.0,0.5449438202247191,0.7960199004975124,20.1,2024-25,True
James Maddison,England,MF,Tottenham,27,1996,31,21,1809,20.1,9,7,16,9,0,0,6,0,0.4477611940298507,0.34825870646766166,0.7960199004975124,0.4477611940298507,0.7960199004975124,False,2024-25,2024,0.7960199004975124,4,8883,2135.0,-326.0,0.7307003620838957,0.5485232067510548,0.6884057971014492,729,38.0,54.76315789473684,13.078947368421053,4.868421052631579,13.736842105263158,64.0,65.0,0.4877330716388616,0.0,0.4,2025-26,False
James Maddison,England,"FW,MF",Tottenham,28,1996,3,0,37,0.4,0,0,0,0,0,0,0,0,0.0,0.0,0.0,0.0,0.0,False,2025-26,2025,0.0,5,8920,1809.0,-1772.0,0.24356678736129858,0.7960199004975124,0.5485232067510548,784,38.0,50.421052631578945,11.447368421052632,3.8421052631578947,12.289473684210526,48.0,57.0,0.4822616407982262,,,,False
James McArthur,Scotland,MF,Crystal Palace,33,1987,21,15,1439,16.0,0,3,3,0,0,0,4,0,0.0,0.1875,0.1875,0.0,0.1875,False,2021-22,2021,0.1875,1,1439,,,0.1875,,,1089,38.0,50.94736842105263,10.81578947368421,3.8684210526315788,11.657894736842104,50.0,46.0,0.48126463700234196,0.0,0.6,2022-23,False
James McArthur,Scotland,MF,Crystal Palace,34,1987,4,0,54,0.6,0,0,0,0,0,0,0,0,0.0,0.0,0.0,0.0,0.0,False,2022-23,2022,0.0,2,1493,1439.0,-1385.0,0.0625,0.1875,,1156,38.0,46.13157894736842,11.18421052631579,3.5789473684210527,12.0,40.0,49.0,0.48240635641316687,,,,False
James McConnell,England,MF,Liverpool,18,2004,3,0,4,0.0,0,0,0,0,0,0,0,0,0.0,0.0,0.0,0.0,0.0,False,2023-24,2023,0.0,1,4,,,0.0,,,324,38.0,61.78947368421053,20.789473684210527,7.2894736842105265,10.894736842105264,86.0,41.0,0.6561461794019934,,,,False
James Mcatee,England,MF,Manchester City,18,2002,2,0,20,0.2,0,0,0,0,0,0,0,0,0.0,0.0,0.0,0.0,0.0,False,2021-22,2021,0.0,1,20,,,0.0,,,324,38.0,68.5,18.763157894736842,6.657894736842105,6.2368421052631575,99.0,26.0,0.7505263157894737,0.7692307692307693,3.9,2024-25,True
James Mcatee,England,MF,Manchester City,21,2002,15,3,349,3.9,3,0,3,3,0,0,1,0,0.7692307692307693,0.0,0.7692307692307693,0.7692307692307693,0.7692307692307693,False,2024-25,2024,0.7692307692307693,2,369,20.0,329.0,0.5128205128205128,0.0,,441,38.0,61.73684210526316,16.0,5.7105263157894735,9.31578947368421,72.0,44.0,0.6320166320166319,0.30303030303030304,3.3,2025-26,True
James Mcatee,England,MF,Nottingham,22,2002,14,2,298,3.3,0,1,1,0,0,0,1,0,0.0,0.30303030303030304,0.30303030303030304,0.0,0.30303030303030304,False,2025-26,2025,0.30303030303030304,3,667,349.0,-51.0,0.372960372960373,0.7692307692307693,0.0,484,38.0,46.8421052631579,12.526315789473685,4.105263157894737,13.289473684210526,48.0,51.0,0.48521916411824667,,,,False
James McateeJames Mcatee,England,MF,Sheffield United,20,2002,31,20,1823,20.2,3,3,6,2,1,1,2,0,0.1485148514851485,0.1485148514851485,0.297029702970297,0.09900990099009901,0.24752475247524752,False,2023-24,2023,0.297029702970297,1,1823,,,0.297029702970297,,,400,,,,,,,,,,,,False
James Milner,England,"MF,DF",Liverpool,35,1986,24,9,853,9.5,0,1,1,0,0,0,2,0,0.0,0.10526315789473684,0.10526315789473684,0.0,0.10526315789473684,False,2021-22,2021,0.10526315789473684,1,853,,,0.10526315789473684,,,1225,38.0,63.3421052631579,19.18421052631579,6.7631578947368425,7.7894736842105265,94.0,26.0,0.7112195121951219,0.09900990099009901,10.1,2022-23,True
James Milner,England,"MF,DF",Liverpool,36,1986,31,7,913,10.1,0,1,1,0,0,0,2,0,0.0,0.09900990099009901,0.09900990099009901,0.0,0.09900990099009901,False,2022-23,2022,0.09900990099009901,2,1766,853.0,60.0,0.10109431995831161,0.10526315789473684,,1296,38.0,61.10526315789474,15.921052631578947,5.578947368421052,9.710526315789474,75.0,47.0,0.6211498973305954,0.23255813953488372,8.6,2023-24,True
James Milner,England,"DF,MF",Brighton,37,1986,15,11,773,8.6,0,2,2,0,0,0,3,0,0.0,0.23255813953488372,0.23255813953488372,0.0,0.23255813953488372,False,2023-24,2023,0.23255813953488372,3,2539,913.0,-140.0,0.18873686634269302,0.09900990099009901,0.10526315789473684,1369,38.0,60.3421052631579,14.789473684210526,5.473684210526316,12.289473684210526,55.0,62.0,0.5461613216715258,0.0,1.9,2024-25,False
James Milner,England,MF,Brighton,38,1986,4,3,170,1.9,0,0,0,0,0,0,1,0,0.0,0.0,0.0,0.0,0.0,False,2024-25,2024,0.0,4,2709,773.0,-603.0,0.06291228878089768,0.23255813953488372,0.09900990099009901,1444,38.0,52.63157894736842,14.026315789473685,5.026315789473684,11.236842105263158,66.0,59.0,0.5552083333333333,0.2298850574712644,8.7,2025-26,True
James Milner,England,MF,Brighton,39,1986,20,7,784,8.7,1,1,2,0,1,1,2,0,0.1149425287356322,0.1149425287356322,0.2298850574712644,0.0,0.1149425287356322,False,2025-26,2025,0.2298850574712644,5,3493,170.0,614.0,0.17422746790780883,0.0,0.23255813953488372,1521,38.0,53.94736842105263,13.0,4.631578947368421,11.68421052631579,52.0,46.0,0.5266524520255864,,,,False
James Rowswell,England,DF,Tottenham,19,2006,1,0,1,0.0,0,0,0,0,0,0,0,0,0.0,0.0,0.0,0.0,0.0,False,2025-26,2025,0.0,1,1,,,0.0,,,361,38.0,50.421052631578945,11.447368421052632,3.8421052631578947,12.289473684210526,48.0,57.0,0.4822616407982262,,,,False
James Shea,England,GK,Luton Town,32,1991,1,0,15,0.2,0,0,0,0,0,0,0,0,0.0,0.0,0.0,0.0,0.0,False,2023-24,2023,0.0,1,15,,,0.0,,,1024,,,,,,,,,,,,False
James Tarkowski,England,DF,Burnley,28,1992,35,35,3106,34.5,1,2,3,1,0,0,11,0,0.028985507246376812,0.057971014492753624,0.08695652173913043,0.028985507246376812,0.08695652173913043,False,2021-22,2021,0.08695652173913043,1,3106,,,0.08695652173913043,,,784,,,,,,,,,0.05263157894736842,38.0,2022-23,True
James Tarkowski,England,DF,Everton,29,1992,38,38,3420,38.0,1,1,2,1,0,0,6,0,0.02631578947368421,0.02631578947368421,0.05263157894736842,0.02631578947368421,0.05263157894736842,False,2022-23,2022,0.05263157894736842,2,6526,3106.0,314.0,0.06407322654462243,0.08695652173913043,,841,38.0,42.578947368421055,11.289473684210526,4.0,15.105263157894736,34.0,57.0,0.42771684945164506,0.05263157894736842,38.0,2023-24,True
James Tarkowski,England,DF,Everton,30,1992,38,38,3419,38.0,1,1,2,1,0,0,11,0,0.02631578947368421,0.02631578947368421,0.05263157894736842,0.02631578947368421,0.05263157894736842,False,2023-24,2023,0.05263157894736842,3,9945,3420.0,-1.0,0.05644546147978642,0.05263157894736842,0.08695652173913043,900,38.0,40.73684210526316,13.342105263157896,4.2631578947368425,14.157894736842104,40.0,51.0,0.4851674641148326,0.06153846153846154,32.5,2024-25,True
James Tarkowski,England,DF,Everton,31,1992,33,33,2922,32.5,1,1,2,1,0,0,6,0,0.03076923076923077,0.03076923076923077,0.06153846153846154,0.03076923076923077,0.06153846153846154,False,2024-25,2024,0.06153846153846154,4,12867,3419.0,-497.0,0.059840794852236506,0.05263157894736842,0.05263157894736842,961,38.0,40.63157894736842,10.657894736842104,3.763157894736842,12.605263157894736,42.0,44.0,0.4581447963800905,0.13513513513513514,37.0,2025-26,True
James Tarkowski,England,DF,Everton,32,1992,37,37,3330,37.0,2,3,5,2,0,0,8,0,0.05405405405405406,0.08108108108108109,0.13513513513513514,0.05405405405405406,0.13513513513513514,False,2025-26,2025,0.13513513513513514,5,16197,2922.0,408.0,0.11003702170750226,0.06153846153846154,0.05263157894736842,1024,38.0,43.76315789473684,11.105263157894736,3.736842105263158,13.973684210526315,47.0,50.0,0.4428121720881427,,,,False
James Tomkins,England,DF,Crystal Palace,32,1989,8,6,547,6.1,1,0,1,1,0,0,2,0,0.1639344262295082,0.0,0.1639344262295082,0.1639344262295082,0.1639344262295082,False,2021-22,2021,0.1639344262295082,1,547,,,0.1639344262295082,,,1024,38.0,50.94736842105263,10.81578947368421,3.8684210526315788,11.657894736842104,50.0,46.0,0.48126463700234196,0.2631578947368421,3.8,2022-23,True
James Tomkins,England,DF,Crystal Palace,33,1989,6,3,338,3.8,1,0,1,1,0,0,3,1,0.2631578947368421,0.0,0.2631578947368421,0.2631578947368421,0.2631578947368421,False,2022-23,2022,0.2631578947368421,2,885,547.0,-209.0,0.23008340523439746,0.1639344262295082,,1089,38.0,46.13157894736842,11.18421052631579,3.5789473684210527,12.0,40.0,49.0,0.48240635641316687,0.0,0.1,2023-24,False
James Tomkins,England,"DF,MF",Crystal Palace,34,1989,4,0,10,0.1,0,0,0,0,0,0,0,0,0.0,0.0,0.0,0.0,0.0,False,2023-24,2023,0.0,3,895,338.0,-328.0,0.07669446841146584,0.2631578947368421,0.1639344262295082,1156,38.0,42.1578947368421,12.0,4.447368421052632,12.078947368421053,57.0,58.0,0.4983606557377049,,,,False
James Trafford,England,GK,Burnley,20,2002,28,28,2520,28.0,0,0,0,0,0,0,2,0,0.0,0.0,0.0,0.0,0.0,False,2023-24,2023,0.0,1,2520,,,0.0,,,400,,,,,,,,,0.0,4.0,2025-26,True
James Trafford,England,GK,Manchester City,22,2002,4,4,360,4.0,0,0,0,0,0,0,0,0,0.0,0.0,0.0,0.0,0.0,False,2025-26,2025,0.0,2,2880,2520.0,-2160.0,0.0,0.0,,484,38.0,60.6578947368421,15.657894736842104,5.394736842105263,9.710526315789474,77.0,35.0,0.617219917012448,,,,False
James Ward-Prowse,England,MF,Southampton,26,1994,36,36,3215,35.7,10,5,15,6,4,4,3,1,0.2801120448179272,0.1400560224089636,0.4201680672268907,0.1680672268907563,0.30812324929971985,False,2021-22,2021,0.4201680672268907,1,3215,,,0.4201680672268907,,,676,,,,,,,,,0.3466666666666667,37.5,2022-23,True
James Ward-Prowse,England,MF,Southampton,27,1994,38,38,3371,37.5,9,4,13,7,2,4,6,0,0.24,0.10666666666666667,0.3466666666666667,0.18666666666666668,0.29333333333333333,False,2022-23,2022,0.3466666666666667,2,6586,3215.0,156.0,0.3711671335200747,0.4201680672268907,,729,,,,,,,,,0.42042042042042044,33.3,2023-24,True
James Ward-Prowse,England,MF,West Ham,28,1994,37,34,3001,33.3,7,7,14,5,2,2,4,0,0.21021021021021022,0.21021021021021022,0.42042042042042044,0.15015015015015015,0.36036036036036034,False,2023-24,2023,0.42042042042042044,3,9587,3371.0,-370.0,0.4040026581203052,0.3466666666666667,0.4201680672268907,784,,,,,,,,,,,,False
James Ward-ProwseJames Ward-Prowse,England,MF,West Ham,29,1994,24,17,1439,15.9,1,2,3,1,0,0,4,1,0.06289308176100629,0.12578616352201258,0.18867924528301885,0.06289308176100629,0.18867924528301885,False,2024-25,2024,0.18867924528301885,1,1439,,,0.18867924528301885,,,841,,,,,,,,,0.0819672131147541,12.2,2025-26,True
James Ward-ProwseJames Ward-Prowse,England,MF,West Ham,30,1994,18,12,1097,12.2,0,1,1,0,0,0,1,0,0.0,0.0819672131147541,0.0819672131147541,0.0,0.0819672131147541,False,2025-26,2025,0.0819672131147541,2,2536,1439.0,-342.0,0.1175378905041757,0.18867924528301885,,900,,,,,,,,,,,,False
Jamie Donley,Northern Ireland,MF,Tottenham,18,2005,3,0,3,0.0,0,0,0,0,0,0,1,0,0.0,0.0,0.0,0.0,0.0,False,2023-24,2023,0.0,1,3,,,0.0,,,324,38.0,62.05263157894737,15.31578947368421,5.631578947368421,12.789473684210526,74.0,61.0,0.5449438202247191,,,,False
Jamie Gittens,England,MF,Chelsea,20,2004,16,5,495,5.5,0,2,2,0,0,0,0,0,0.0,0.36363636363636365,0.36363636363636365,0.0,0.36363636363636365,False,2025-26,2025,0.36363636363636365,1,495,,,0.36363636363636365,,,400,38.0,57.73684210526316,13.394736842105264,4.368421052631579,10.947368421052632,58.0,52.0,0.5502702702702702,,,,False
Jamie Shackleton,England,"DF,MF",Leeds United,21,1999,14,7,709,7.9,0,0,0,0,0,0,4,0,0.0,0.0,0.0,0.0,0.0,False,2021-22,2021,0.0,1,709,,,0.0,,,441,38.0,52.473684210526315,12.736842105263158,4.052631578947368,15.289473684210526,42.0,79.0,0.4544600938967136,,,,False
Jamie Vardy,England,FW,Leicester City,34,1987,25,20,1806,20.1,15,2,17,15,0,0,2,0,0.7462686567164178,0.09950248756218905,0.8457711442786069,0.7462686567164178,0.8457711442786069,False,2021-22,2021,0.8457711442786069,1,1806,,,0.8457711442786069,,,1156,,,,,,,,,0.3398058252427184,20.6,2022-23,True
Jamie Vardy,England,FW,Leicester City,35,1987,37,19,1857,20.6,3,4,7,3,0,1,1,0,0.14563106796116504,0.1941747572815534,0.3398058252427184,0.14563106796116504,0.3398058252427184,False,2022-23,2022,0.3398058252427184,2,3663,1806.0,51.0,0.5084609315880146,0.8457711442786069,,1225,,,,,,,,,0.4140127388535032,31.4,2024-25,True
Jamie Vardy,England,FW,Leicester City,37,1987,35,35,2823,31.4,9,4,13,8,1,2,5,0,0.28662420382165604,0.12738853503184713,0.4140127388535032,0.25477707006369427,0.3821656050955414,False,2024-25,2024,0.4140127388535032,3,6486,1857.0,966.0,0.445495469765007,0.3398058252427184,0.8457711442786069,1369,,,,,,,,,,,,False
Jan Bednarek,Poland,DF,Southampton,25,1996,31,30,2629,29.2,4,0,4,4,0,0,10,0,0.136986301369863,0.0,0.136986301369863,0.136986301369863,0.136986301369863,False,2021-22,2021,0.136986301369863,1,2629,,,0.136986301369863,,,625,,,,,,,,,0.07117437722419928,28.1,2024-25,True
Jan Bednarek,Poland,DF,Southampton,28,1996,30,30,2531,28.1,2,0,2,2,0,0,7,0,0.07117437722419928,0.0,0.07117437722419928,0.07117437722419928,0.07117437722419928,False,2024-25,2024,0.07117437722419928,2,5160,2629.0,-98.0,0.09311168527275386,0.136986301369863,,784,,,,,,,,,,,,False
Jan BednarekJan Bednarek,Poland,DF,Southampton,26,1996,23,21,1772,19.700000000000003,0,0,0,0,0,0,5,0,0.0,0.0,0.0,0.0,0.0,False,2022-23,2022,0.0,1,1772,,,0.0,,,676,,,,,,,,,,,,False
Jan Paul van Hecke,Netherlands,DF,Brighton,22,2000,8,3,295,3.3,0,0,0,0,0,0,2,0,0.0,0.0,0.0,0.0,0.0,False,2022-23,2022,0.0,1,295,,,0.0,,,484,38.0,60.526315789473685,16.105263157894736,6.078947368421052,10.210526315789474,72.0,53.0,0.612,0.0,26.3,2023-24,True
Jan Paul van Hecke,Netherlands,DF,Brighton,23,2000,28,26,2369,26.3,0,0,0,0,0,0,4,0,0.0,0.0,0.0,0.0,0.0,False,2023-24,2023,0.0,2,2664,295.0,2074.0,0.0,0.0,,529,38.0,60.3421052631579,14.789473684210526,5.473684210526316,12.289473684210526,55.0,62.0,0.5461613216715258,0.060790273556231005,32.9,2024-25,True
Jan Paul van Hecke,Netherlands,DF,Brighton,24,2000,34,33,2958,32.9,1,1,2,1,0,0,8,1,0.030395136778115502,0.030395136778115502,0.060790273556231005,0.030395136778115502,0.060790273556231005,False,2024-25,2024,0.060790273556231005,3,5622,2369.0,589.0,0.040526849037487336,0.0,0.0,576,38.0,52.63157894736842,14.026315789473685,5.026315789473684,11.236842105263158,66.0,59.0,0.5552083333333333,0.1680672268907563,35.7,2025-26,True
Jan Paul van Hecke,Netherlands,DF,Brighton,25,2000,36,36,3210,35.7,3,3,6,3,0,0,9,0,0.08403361344537814,0.08403361344537814,0.1680672268907563,0.08403361344537814,0.1680672268907563,False,2025-26,2025,0.1680672268907563,4,8832,2958.0,252.0,0.1255537676063333,0.060790273556231005,0.0,625,38.0,53.94736842105263,13.0,4.631578947368421,11.68421052631579,52.0,46.0,0.5266524520255864,,,,False
Jannik Vestergaard,Denmark,DF,Leicester City,28,1992,10,6,567,6.3,0,0,0,0,0,0,2,0,0.0,0.0,0.0,0.0,0.0,False,2021-22,2021,0.0,1,567,,,0.0,,,784,,,,,,,,,0.0,15.5,2024-25,True
Jannik Vestergaard,Denmark,DF,Leicester City,31,1992,18,16,1391,15.5,0,0,0,0,0,0,5,0,0.0,0.0,0.0,0.0,0.0,False,2024-25,2024,0.0,2,1958,567.0,824.0,0.0,0.0,,961,,,,,,,,,,,,False
Japhet Tanganga,England,"DF,MF",Tottenham,22,1999,11,10,735,8.2,0,0,0,0,0,0,4,1,0.0,0.0,0.0,0.0,0.0,False,2021-22,2021,0.0,1,735,,,0.0,,,484,38.0,52.0,12.921052631578947,5.184210526315789,12.921052631578947,69.0,40.0,0.5,0.0,1.6,2022-23,False
Japhet Tanganga,England,DF,Tottenham,23,1999,4,2,146,1.6,0,0,0,0,0,0,0,0,0.0,0.0,0.0,0.0,0.0,False,2022-23,2022,0.0,2,881,735.0,-589.0,0.0,0.0,,529,38.0,49.94736842105263,13.68421052631579,5.2631578947368425,13.68421052631579,70.0,63.0,0.5,,,,False
Jarell Quansah,England,DF,Liverpool,20,2003,17,13,1190,13.2,2,0,2,2,0,0,1,0,0.15151515151515152,0.0,0.15151515151515152,0.15151515151515152,0.15151515151515152,False,2023-24,2023,0.15151515151515152,1,1190,,,0.15151515151515152,,,400,38.0,61.78947368421053,20.789473684210527,7.2894736842105265,10.894736842105264,86.0,41.0,0.6561461794019934,0.0,5.5,2024-25,True
Jarell Quansah,England,DF,Liverpool,21,2003,13,4,495,5.5,0,0,0,0,0,0,2,0,0.0,0.0,0.0,0.0,0.0,False,2024-25,2024,0.0,2,1685,1190.0,-695.0,0.05050505050505051,0.15151515151515152,,441,38.0,58.078947368421055,17.026315789473685,6.078947368421052,10.18421052631579,86.0,41.0,0.625725338491296,,,,False
Jarrad Branthwaite,England,DF,Everton,19,2002,6,4,388,4.3,1,0,1,1,0,0,0,1,0.23255813953488372,0.0,0.23255813953488372,0.23255813953488372,0.23255813953488372,False,2021-22,2021,0.23255813953488372,1,388,,,0.23255813953488372,,,361,38.0,39.68421052631579,11.526315789473685,3.6315789473684212,13.710526315789474,43.0,66.0,0.45672575599582904,0.08670520231213873,34.6,2023-24,True
Jarrad Branthwaite,England,DF,Everton,21,2002,35,35,3116,34.6,3,0,3,3,0,0,8,0,0.08670520231213873,0.0,0.08670520231213873,0.08670520231213873,0.08670520231213873,False,2023-24,2023,0.08670520231213873,2,3504,388.0,2728.0,0.13532284805305372,0.23255813953488372,,441,38.0,40.73684210526316,13.342105263157896,4.2631578947368425,14.157894736842104,40.0,51.0,0.4851674641148326,0.03584229390681004,27.9,2024-25,True
Jarrad Branthwaite,England,DF,Everton,22,2002,30,28,2511,27.9,0,1,1,0,0,0,4,0,0.0,0.03584229390681004,0.03584229390681004,0.0,0.03584229390681004,False,2024-25,2024,0.03584229390681004,3,6015,3116.0,-605.0,0.06900247862222461,0.08670520231213873,0.23255813953488372,484,38.0,40.63157894736842,10.657894736842104,3.763157894736842,12.605263157894736,42.0,44.0,0.4581447963800905,0.13157894736842105,7.6,2025-26,True
Jarrad Branthwaite,England,DF,Everton,23,2002,10,7,680,7.6,1,0,1,1,0,0,1,0,0.13157894736842105,0.0,0.13157894736842105,0.13157894736842105,0.13157894736842105,False,2025-26,2025,0.13157894736842105,4,6695,2511.0,-1831.0,0.11072012445302223,0.03584229390681004,0.08670520231213873,529,38.0,43.76315789473684,11.105263157894736,3.736842105263158,13.973684210526315,47.0,50.0,0.4428121720881427,,,,False
Jarrod Bowen,England,MF,West Ham,24,1996,36,34,2983,33.1,12,10,22,12,0,0,6,0,0.36253776435045315,0.3021148036253776,0.6646525679758308,0.36253776435045315,0.6646525679758308,False,2021-22,2021,0.6646525679758308,1,2983,,,0.6646525679758308,,,576,,,,,,,,,0.30640668523676884,35.9,2022-23,True
Jarrod Bowen,England,"MF,FW",West Ham,25,1996,38,36,3233,35.9,6,5,11,5,1,2,2,0,0.1671309192200557,0.1392757660167131,0.30640668523676884,0.1392757660167131,0.2785515320334262,False,2022-23,2022,0.30640668523676884,2,6216,2983.0,250.0,0.42582197948312284,0.6646525679758308,,625,,,,,,,,,0.6567164179104478,33.5,2023-24,True
Jarrod Bowen,England,"MF,FW",West Ham,26,1996,34,34,3019,33.5,16,6,22,16,0,0,2,0,0.47761194029850745,0.1791044776119403,0.6567164179104478,0.47761194029850745,0.6567164179104478,False,2023-24,2023,0.6567164179104478,3,9235,3233.0,-214.0,0.5797516051013395,0.30640668523676884,0.6646525679758308,676,,,,,,,,,0.6363636363636364,33.0,2024-25,True
Jarrod Bowen,England,"MF,FW",West Ham,27,1996,34,34,2973,33.0,13,8,21,12,1,1,1,0,0.3939393939393939,0.24242424242424243,0.6363636363636364,0.36363636363636365,0.6060606060606061,False,2024-25,2024,0.6363636363636364,4,12208,3019.0,-46.0,0.6174929592762041,0.6567164179104478,0.30640668523676884,729,,,,,,,,,0.5291005291005292,37.8,2025-26,True
Jarrod Bowen,England,"MF,FW",West Ham,28,1996,38,38,3403,37.8,9,11,20,8,1,1,4,0,0.2380952380952381,0.29100529100529104,0.5291005291005292,0.21164021164021166,0.5026455026455027,False,2025-26,2025,0.5291005291005292,5,15611,2973.0,430.0,0.5585646724924208,0.6363636363636364,0.6567164179104478,784,,,,,,,,,,,,False
Jason Steele,England,GK,Brighton,30,1990,1,1,90,1.0,0,0,0,0,0,0,0,0,0.0,0.0,0.0,0.0,0.0,False,2021-22,2021,0.0,1,90,,,0.0,,,900,38.0,54.73684210526316,12.868421052631579,4.0,12.526315789473685,42.0,44.0,0.5067357512953368,0.06666666666666667,15.0,2022-23,True
Jason Steele,England,GK,Brighton,31,1990,15,15,1350,15.0,0,1,1,0,0,0,1,0,0.0,0.06666666666666667,0.06666666666666667,0.0,0.06666666666666667,False,2022-23,2022,0.06666666666666667,2,1440,90.0,1260.0,0.04444444444444444,0.0,,961,38.0,60.526315789473685,16.105263157894736,6.078947368421052,10.210526315789474,72.0,53.0,0.612,0.0,17.0,2023-24,True
Jason Steele,England,GK,Brighton,32,1990,17,17,1530,17.0,0,0,0,0,0,0,0,0,0.0,0.0,0.0,0.0,0.0,False,2023-24,2023,0.0,3,2970,1350.0,180.0,0.014814814814814815,0.06666666666666667,0.0,1024,38.0,60.3421052631579,14.789473684210526,5.473684210526316,12.289473684210526,55.0,62.0,0.5461613216715258,0.0,2.0,2024-25,False
Jason Steele,England,GK,Brighton,33,1990,2,2,180,2.0,0,0,0,0,0,0,0,0,0.0,0.0,0.0,0.0,0.0,False,2024-25,2024,0.0,4,3150,1530.0,-1350.0,0.004938271604938272,0.0,0.06666666666666667,1089,38.0,52.63157894736842,14.026315789473685,5.026315789473684,11.236842105263158,66.0,59.0,0.5552083333333333,,,,False
Javier Manquillo,Spain,DF,Newcastle,27,1994,19,15,1257,14.0,1,2,3,1,0,0,5,0,0.07142857142857142,0.14285714285714285,0.21428571428571427,0.07142857142857142,0.21428571428571427,False,2021-22,2021,0.21428571428571427,1,1257,,,0.21428571428571427,,,729,38.0,39.94736842105263,11.789473684210526,3.8947368421052633,13.894736842105264,44.0,62.0,0.45901639344262296,0.0,0.4,2022-23,False
Javier Manquillo,Spain,DF,Newcastle,28,1994,4,0,37,0.4,0,0,0,0,0,0,0,0,0.0,0.0,0.0,0.0,0.0,False,2022-23,2022,0.0,2,1294,1257.0,-1220.0,0.07142857142857144,0.21428571428571427,,784,38.0,52.44736842105263,15.026315789473685,5.184210526315789,10.18421052631579,68.0,33.0,0.5960334029227558,,,,False
Jay Robinson,England,MF,Southampton,17,2007,4,1,137,1.5,0,0,0,0,0,0,0,0,0.0,0.0,0.0,0.0,0.0,False,2024-25,2024,0.0,1,137,,,0.0,,,289,,,,,,,,,,,,False
Jay Rodriguez,England,FW,Burnley,32,1989,29,13,1382,15.4,2,2,4,2,0,0,3,0,0.12987012987012986,0.12987012987012986,0.2597402597402597,0.12987012987012986,0.2597402597402597,False,2021-22,2021,0.2597402597402597,1,1382,,,0.2597402597402597,,,1024,,,,,,,,,0.32967032967032966,9.1,2023-24,True
Jay Rodriguez,England,FW,Burnley,34,1989,21,7,822,9.1,2,1,3,1,1,1,0,0,0.21978021978021978,0.10989010989010989,0.32967032967032966,0.10989010989010989,0.21978021978021978,False,2023-24,2023,0.32967032967032966,2,2204,1382.0,-560.0,0.30636030636030637,0.2597402597402597,,1156,,,,,,,,,,,,False
Jay Stansfield,England,MF,Fulham,19,2002,3,1,87,1.0,0,0,0,0,0,0,0,0,0.0,0.0,0.0,0.0,0.0,False,2022-23,2022,0.0,1,87,,,0.0,,,361,38.0,48.68421052631579,11.289473684210526,3.8947368421052633,13.289473684210526,55.0,53.0,0.45931477516059954,0.0,0.0,2024-25,False
Jay Stansfield,England,"FW,MF",Fulham,21,2002,1,0,1,0.0,0,0,0,0,0,0,0,0,0.0,0.0,0.0,0.0,0.0,False,2024-25,2024,0.0,2,88,87.0,-86.0,0.0,0.0,,441,38.0,52.473684210526315,13.710526315789474,4.552631578947368,11.368421052631579,54.0,54.0,0.5466946484784889,,,,False
Jaydee Canvot,France,DF,Crystal Palace,19,2006,20,14,1336,14.8,0,0,0,0,0,0,3,0,0.0,0.0,0.0,0.0,0.0,False,2025-26,2025,0.0,1,1336,,,0.0,,,361,38.0,45.89473684210526,11.631578947368421,3.710526315789474,11.710526315789474,41.0,51.0,0.49830890642615555,,,,False
Jayden Bogle,England,"MF,DF",Sheffield United,23,2000,34,32,2788,31.0,3,0,3,3,0,0,9,0,0.0967741935483871,0.0,0.0967741935483871,0.0967741935483871,0.0967741935483871,False,2023-24,2023,0.0967741935483871,1,2788,,,0.0967741935483871,,,529,,,,,,,,,0.0967741935483871,31.0,2025-26,True
Jayden Bogle,England,"MF,DF",Leeds United,25,2000,34,32,2793,31.0,1,2,3,1,0,0,6,0,0.03225806451612903,0.06451612903225806,0.0967741935483871,0.03225806451612903,0.0967741935483871,False,2025-26,2025,0.0967741935483871,2,5581,2788.0,5.0,0.0967741935483871,0.0967741935483871,,625,38.0,45.73684210526316,12.552631578947368,3.973684210526316,12.526315789473685,49.0,56.0,0.5005246589716683,,,,False
Jayden Danns,England,FW,Liverpool,17,2006,2,0,9,0.1,0,0,0,0,0,0,1,0,0.0,0.0,0.0,0.0,0.0,False,2023-24,2023,0.0,1,9,,,0.0,,,289,38.0,61.78947368421053,20.789473684210527,7.2894736842105265,10.894736842105264,86.0,41.0,0.6561461794019934,0.0,0.1,2024-25,False
Jayden Danns,England,FW,Liverpool,18,2006,1,0,11,0.1,0,0,0,0,0,0,0,0,0.0,0.0,0.0,0.0,0.0,False,2024-25,2024,0.0,2,20,9.0,2.0,0.0,0.0,,324,38.0,58.078947368421055,17.026315789473685,6.078947368421052,10.18421052631579,86.0,41.0,0.625725338491296,,,,False
Jayden Meghoma,England,DF,Brentford,18,2006,1,0,5,0.1,0,0,0,0,0,0,0,0,0.0,0.0,0.0,0.0,0.0,False,2024-25,2024,0.0,1,5,,,0.0,,,324,38.0,47.81578947368421,11.578947368421053,4.842105263157895,17.026315789473685,66.0,57.0,0.40478380864765406,,,,False
Jaydon Amauri Banel,Netherlands,"FW,MF",Burnley,20,2004,1,0,10,0.1,0,0,0,0,0,0,0,0,0.0,0.0,0.0,0.0,0.0,False,2025-26,2025,0.0,1,10,,,0.0,,,400,,,,,,,,,,,,False
Jaïro Riedewald,Netherlands,MF,Crystal Palace,24,1996,3,1,118,1.3,0,0,0,0,0,0,0,0,0.0,0.0,0.0,0.0,0.0,False,2021-22,2021,0.0,1,118,,,0.0,,,576,38.0,50.94736842105263,10.81578947368421,3.8684210526315788,11.657894736842104,50.0,46.0,0.48126463700234196,0.0,0.7,2022-23,False
Jaïro Riedewald,Netherlands,"DF,MF",Crystal Palace,25,1996,6,0,64,0.7,0,0,0,0,0,0,0,0,0.0,0.0,0.0,0.0,0.0,False,2022-23,2022,0.0,2,182,118.0,-54.0,0.0,0.0,,625,38.0,46.13157894736842,11.18421052631579,3.5789473684210527,12.0,40.0,49.0,0.48240635641316687,0.0,2.6,2023-24,False
Jaïro Riedewald,Netherlands,MF,Crystal Palace,26,1996,9,2,235,2.6,0,0,0,0,0,0,0,0,0.0,0.0,0.0,0.0,0.0,False,2023-24,2023,0.0,3,417,64.0,171.0,0.0,0.0,0.0,676,38.0,42.1578947368421,12.0,4.447368421052632,12.078947368421053,57.0,58.0,0.4983606557377049,,,,False
Jean-Clair Todibo,France,DF,West Ham,24,1999,27,20,1825,20.3,0,0,0,0,0,0,3,0,0.0,0.0,0.0,0.0,0.0,False,2024-25,2024,0.0,1,1825,,,0.0,,,576,,,,,,,,,0.04950495049504951,20.2,2025-26,True
Jean-Clair Todibo,France,DF,West Ham,25,1999,23,22,1814,20.2,0,1,1,0,0,0,5,1,0.0,0.04950495049504951,0.04950495049504951,0.0,0.04950495049504951,False,2025-26,2025,0.04950495049504951,2,3639,1825.0,-11.0,0.033003300330033,0.0,,625,,,,,,,,,,,,False
Jean-Philippe Gbamin,Ivory Coast,MF,Everton,25,1995,3,1,67,0.7,0,0,0,0,0,0,0,0,0.0,0.0,0.0,0.0,0.0,False,2021-22,2021,0.0,1,67,,,0.0,,,625,38.0,39.68421052631579,11.526315789473685,3.6315789473684212,13.710526315789474,43.0,66.0,0.45672575599582904,,,,False
Jean-Philippe Mateta,France,FW,Crystal Palace,24,1997,22,13,1145,12.7,5,1,6,5,0,0,2,0,0.3937007874015748,0.07874015748031496,0.4724409448818898,0.3937007874015748,0.4724409448818898,False,2021-22,2021,0.4724409448818898,1,1145,,,0.4724409448818898,,,576,38.0,50.94736842105263,10.81578947368421,3.8684210526315788,11.657894736842104,50.0,46.0,0.48126463700234196,0.23255813953488372,8.6,2022-23,True
Jean-Philippe Mateta,France,FW,Crystal Palace,25,1997,29,6,770,8.6,2,0,2,2,0,0,3,0,0.23255813953488372,0.0,0.23255813953488372,0.23255813953488372,0.23255813953488372,False,2022-23,2022,0.23255813953488372,2,1915,1145.0,-375.0,0.3125190746505524,0.4724409448818898,,625,38.0,46.13157894736842,11.18421052631579,3.5789473684210527,12.0,40.0,49.0,0.48240635641316687,0.8267716535433072,25.4,2023-24,True
Jean-Philippe Mateta,France,FW,Crystal Palace,26,1997,35,25,2282,25.4,16,5,21,14,2,2,3,0,0.6299212598425197,0.1968503937007874,0.8267716535433072,0.5511811023622047,0.7480314960629922,False,2023-24,2023,0.8267716535433072,3,4197,770.0,1512.0,0.6553541272457222,0.23255813953488372,0.4724409448818898,676,38.0,42.1578947368421,12.0,4.447368421052632,12.078947368421053,57.0,58.0,0.4983606557377049,0.54421768707483,29.4,2024-25,True
Jean-Philippe Mateta,France,FW,Crystal Palace,27,1997,37,33,2648,29.4,14,2,16,12,2,2,2,0,0.4761904761904762,0.06802721088435375,0.54421768707483,0.40816326530612246,0.4761904761904762,False,2024-25,2024,0.54421768707483,4,6845,2282.0,366.0,0.581263167131794,0.8267716535433072,0.23255813953488372,729,38.0,42.5,13.552631578947368,4.894736842105263,12.710526315789474,51.0,51.0,0.5160320641282565,0.4878048780487805,24.6,2025-26,True
Jean-Philippe Mateta,France,FW,Crystal Palace,28,1997,32,25,2218,24.6,12,0,12,8,4,4,2,0,0.4878048780487805,0.0,0.4878048780487805,0.3252032520325203,0.3252032520325203,False,2025-26,2025,0.4878048780487805,5,9063,2648.0,-430.0,0.5189576410764517,0.54421768707483,0.8267716535433072,784,38.0,45.89473684210526,11.631578947368421,3.710526315789474,11.710526315789474,41.0,51.0,0.49830890642615555,,,,False
Jean-Ricner Bellegarde,Haiti,"MF,FW",Wolves,25,1998,22,10,958,10.6,2,1,3,2,0,0,0,1,0.18867924528301888,0.09433962264150944,0.2830188679245283,0.18867924528301888,0.2830188679245283,False,2023-24,2023,0.2830188679245283,1,958,,,0.2830188679245283,,,625,,,,,,,,,0.48387096774193544,18.6,2024-25,True
Jean-Ricner Bellegarde,Haiti,MF,Wolves,26,1998,35,20,1677,18.6,2,7,9,2,0,0,3,0,0.1075268817204301,0.3763440860215054,0.48387096774193544,0.1075268817204301,0.48387096774193544,False,2024-25,2024,0.48387096774193544,2,2635,958.0,719.0,0.41692026780279967,0.2830188679245283,,676,,,,,,,,,0.14388489208633093,13.9,2025-26,True
Jean-Ricner Bellegarde,Haiti,"MF,FW",Wolves,27,1998,26,15,1248,13.9,1,1,2,1,0,0,5,0,0.07194244604316546,0.07194244604316546,0.14388489208633093,0.07194244604316546,0.14388489208633093,False,2025-26,2025,0.14388489208633093,3,3883,1677.0,-429.0,0.2348966839918205,0.48387096774193544,0.2830188679245283,729,,,,,,,,,,,,False
Jed Steer,England,GK,Aston Villa,28,1992,1,1,90,1.0,0,0,0,0,0,0,0,0,0.0,0.0,0.0,0.0,0.0,False,2021-22,2021,0.0,1,90,,,0.0,,,784,38.0,46.473684210526315,12.210526315789474,4.2631578947368425,12.552631578947368,52.0,54.0,0.49309245483528164,,,,False
Jeff Hendrick,Ireland,MF,Newcastle,29,1992,3,0,72,0.8,1,0,1,1,0,0,0,0,1.25,0.0,1.25,1.25,1.25,False,2021-22,2021,1.25,1,72,,,1.25,,,841,38.0,39.94736842105263,11.789473684210526,3.8947368421052633,13.894736842105264,44.0,62.0,0.45901639344262296,,,,False
Jefferson Lerma,Colombia,MF,Bournemouth,27,1994,37,37,3252,36.1,5,0,5,5,0,0,7,0,0.13850415512465372,0.0,0.13850415512465372,0.13850415512465372,0.13850415512465372,False,2022-23,2022,0.13850415512465372,1,3252,,,0.13850415512465372,,,729,38.0,40.078947368421055,9.394736842105264,3.5,16.473684210526315,37.0,71.0,0.3631739572736521,0.0749063670411985,26.7,2023-24,True
Jefferson Lerma,Colombia,"MF,DF",Crystal Palace,28,1994,28,27,2400,26.7,1,1,2,1,0,0,8,0,0.03745318352059925,0.03745318352059925,0.0749063670411985,0.03745318352059925,0.0749063670411985,False,2023-24,2023,0.0749063670411985,2,5652,3252.0,-852.0,0.09610562973568357,0.13850415512465372,,784,38.0,42.1578947368421,12.0,4.447368421052632,12.078947368421053,57.0,58.0,0.4983606557377049,0.039525691699604744,25.3,2024-25,True
Jefferson Lerma,Colombia,"MF,DF",Crystal Palace,29,1994,33,26,2274,25.3,0,1,1,0,0,0,9,0,0.0,0.039525691699604744,0.039525691699604744,0.0,0.039525691699604744,False,2024-25,2024,0.039525691699604744,3,7926,2400.0,-126.0,0.05838567104496435,0.0749063670411985,0.13850415512465372,841,38.0,42.5,13.552631578947368,4.894736842105263,12.710526315789474,51.0,51.0,0.5160320641282565,0.10362694300518134,19.3,2025-26,True
Jefferson Lerma,Colombia,"MF,DF",Crystal Palace,30,1994,31,18,1733,19.3,0,2,2,0,0,0,7,0,0.0,0.10362694300518134,0.10362694300518134,0.0,0.10362694300518134,False,2025-26,2025,0.10362694300518134,4,9659,2274.0,-541.0,0.08854651901844234,0.039525691699604744,0.0749063670411985,900,38.0,45.89473684210526,11.631578947368421,3.710526315789474,11.710526315789474,41.0,51.0,0.49830890642615555,,,,False
Jeffrey Schlupp,Ghana,"MF,FW",Crystal Palace,28,1992,32,20,1851,20.6,4,1,5,4,0,0,1,0,0.1941747572815534,0.04854368932038835,0.24271844660194172,0.1941747572815534,0.24271844660194172,False,2021-22,2021,0.24271844660194172,1,1851,,,0.24271844660194172,,,784,38.0,50.94736842105263,10.81578947368421,3.8684210526315788,11.657894736842104,50.0,46.0,0.48126463700234196,0.14234875444839856,28.1,2022-23,True
Jeffrey Schlupp,Ghana,MF,Crystal Palace,29,1992,34,30,2531,28.1,3,1,4,3,0,0,7,0,0.10676156583629892,0.03558718861209964,0.14234875444839856,0.10676156583629892,0.14234875444839856,False,2022-23,2022,0.14234875444839856,2,4382,1851.0,680.0,0.17580531849957962,0.24271844660194172,,841,38.0,46.13157894736842,11.18421052631579,3.5789473684210527,12.0,40.0,49.0,0.48240635641316687,0.26666666666666666,15.0,2023-24,True
Jeffrey Schlupp,Ghana,"MF,FW",Crystal Palace,30,1992,29,17,1352,15.0,2,2,4,2,0,0,1,0,0.13333333333333333,0.13333333333333333,0.26666666666666666,0.13333333333333333,0.26666666666666666,False,2023-24,2023,0.26666666666666666,3,5734,2531.0,-1179.0,0.23637955061097096,0.14234875444839856,0.24271844660194172,900,38.0,42.1578947368421,12.0,4.447368421052632,12.078947368421053,57.0,58.0,0.4983606557377049,0.0,1.1,2024-25,False
Jeffrey Schlupp,Ghana,"DF,FW",Crystal Palace,31,1992,12,0,103,1.1,0,0,0,0,0,0,0,0,0.0,0.0,0.0,0.0,0.0,False,2024-25,2024,0.0,4,5837,1352.0,-1249.0,0.07879318353699033,0.26666666666666666,0.14234875444839856,961,38.0,42.5,13.552631578947368,4.894736842105263,12.710526315789474,51.0,51.0,0.5160320641282565,,,,False
Jens Cajuste,Sweden,MF,Ipswich Town,24,1999,30,25,1959,21.8,1,1,2,1,0,0,2,0,0.04587155963302752,0.04587155963302752,0.09174311926605504,0.04587155963302752,0.09174311926605504,False,2024-25,2024,0.09174311926605504,1,1959,,,0.09174311926605504,,,576,38.0,40.39473684210526,9.894736842105264,3.3421052631578947,15.973684210526315,36.0,82.0,0.38250254323499494,,,,False
Jenson Seelt,Netherlands,DF,Sunderland,22,2003,2,1,134,1.5,0,0,0,0,0,0,0,0,0.0,0.0,0.0,0.0,0.0,False,2025-26,2025,0.0,1,134,,,0.0,,,484,38.0,44.89473684210526,10.421052631578947,3.4210526315789473,14.210526315789474,42.0,48.0,0.4230769230769231,,,,False
Jeremie Frimpong,Netherlands,"DF,MF",Liverpool,24,2000,21,12,1040,11.6,0,1,1,0,0,0,1,0,0.0,0.08620689655172414,0.08620689655172414,0.0,0.08620689655172414,False,2025-26,2025,0.08620689655172414,1,1040,,,0.08620689655172414,,,576,38.0,59.31578947368421,15.473684210526315,4.605263157894737,11.447368421052632,63.0,53.0,0.5747800586510264,,,,False
Jeremy Doku,Belgium,"MF,FW",Manchester City,21,2002,29,18,1595,17.7,3,8,11,3,0,0,3,0,0.16949152542372883,0.4519774011299435,0.6214689265536724,0.16949152542372883,0.6214689265536724,False,2023-24,2023,0.6214689265536724,1,1595,,,0.6214689265536724,,,441,38.0,65.73684210526316,18.263157894736842,7.315789473684211,7.7368421052631575,96.0,34.0,0.7024291497975709,0.5357142857142857,16.8,2024-25,True
Jeremy Doku,Belgium,"MF,FW",Manchester City,22,2002,29,16,1516,16.8,3,6,9,3,0,0,1,0,0.17857142857142858,0.35714285714285715,0.5357142857142857,0.17857142857142858,0.5357142857142857,False,2024-25,2024,0.5357142857142857,2,3111,1595.0,-79.0,0.5642991659940813,0.6214689265536724,,484,38.0,61.73684210526316,16.0,5.7105263157894735,9.31578947368421,72.0,44.0,0.6320166320166319,0.5050505050505051,19.8,2025-26,True
Jeremy Doku,Belgium,"MF,FW",Manchester City,23,2002,30,19,1784,19.8,5,5,10,5,0,0,0,0,0.25252525252525254,0.25252525252525254,0.5050505050505051,0.25252525252525254,0.5050505050505051,False,2025-26,2025,0.5050505050505051,3,4895,1516.0,268.0,0.5248000586983639,0.5357142857142857,0.6214689265536724,529,38.0,60.6578947368421,15.657894736842104,5.394736842105263,9.710526315789474,77.0,35.0,0.617219917012448,,,,False
Jeremy Monga,England,FW,Leicester City,15,2009,7,0,112,1.2,0,0,0,0,0,0,0,0,0.0,0.0,0.0,0.0,0.0,False,2024-25,2024,0.0,1,112,,,0.0,,,225,,,,,,,,,,,,False
Jeremy Ngakia,,DF,Watford,20,2000,16,9,903,10.0,0,0,0,0,0,0,0,0,0.0,0.0,0.0,0.0,0.0,False,2021-22,2021,0.0,1,903,,,0.0,,,400,,,,,,,,,,,,False
Jeremy Sarmiento,Ecuador,MF,Brighton,19,2002,5,1,48,0.5,0,0,0,0,0,0,0,0,0.0,0.0,0.0,0.0,0.0,False,2021-22,2021,0.0,1,48,,,0.0,,,361,38.0,54.73684210526316,12.868421052631579,4.0,12.526315789473685,42.0,44.0,0.5067357512953368,0.5,2.0,2022-23,False
Jeremy Sarmiento,Ecuador,MF,Brighton,20,2002,9,1,176,2.0,0,1,1,0,0,0,1,0,0.0,0.5,0.5,0.0,0.5,False,2022-23,2022,0.5,2,224,48.0,128.0,0.3333333333333333,0.0,,400,38.0,60.526315789473685,16.105263157894736,6.078947368421052,10.210526315789474,72.0,53.0,0.612,0.0,0.1,2024-25,False
Jeremy Sarmiento,Ecuador,MF,Brighton,22,2002,1,0,9,0.1,0,0,0,0,0,0,0,0,0.0,0.0,0.0,0.0,0.0,False,2024-25,2024,0.0,3,233,176.0,-167.0,0.11111111111111112,0.5,0.0,484,38.0,52.63157894736842,14.026315789473685,5.026315789473684,11.236842105263158,66.0,59.0,0.5552083333333333,,,,False
Jerome Abbey,England,MF,Wolves,15,2009,1,0,17,0.2,0,0,0,0,0,0,0,0,0.0,0.0,0.0,0.0,0.0,False,2025-26,2025,0.0,1,17,,,0.0,,,225,,,,,,,,,,,,False
Jesper Lindstrøm,Denmark,MF,Everton,24,2000,25,15,1239,13.8,0,1,1,0,0,0,2,0,0.0,0.07246376811594203,0.07246376811594203,0.0,0.07246376811594203,False,2024-25,2024,0.07246376811594203,1,1239,,,0.07246376811594203,,,576,38.0,40.63157894736842,10.657894736842104,3.763157894736842,12.605263157894736,42.0,44.0,0.4581447963800905,,,,False
Jesse Derry,England,MF,Chelsea,18,2007,1,1,44,0.5,0,0,0,0,0,0,0,0,0.0,0.0,0.0,0.0,0.0,False,2025-26,2025,0.0,1,44,,,0.0,,,324,38.0,57.73684210526316,13.394736842105264,4.368421052631579,10.947368421052632,58.0,52.0,0.5502702702702702,,,,False
Jesse Lingard,England,MF,Manchester Utd,28,1992,16,2,367,4.1,2,0,2,2,0,0,1,0,0.48780487804878053,0.0,0.48780487804878053,0.48780487804878053,0.48780487804878053,False,2021-22,2021,0.48780487804878053,1,367,,,0.48780487804878053,,,784,38.0,52.921052631578945,13.368421052631579,4.921052631578948,13.447368421052632,57.0,57.0,0.4985279685966634,0.0,10.3,2022-23,True
Jesse Lingard,England,"MF,FW",Nottingham,29,1992,17,12,923,10.3,0,0,0,0,0,0,1,0,0.0,0.0,0.0,0.0,0.0,False,2022-23,2022,0.0,2,1290,367.0,556.0,0.1626016260162602,0.48780487804878053,,841,38.0,37.21052631578947,9.68421052631579,3.1052631578947367,14.657894736842104,38.0,68.0,0.3978378378378378,,,,False
Jesurun Rak Sakyi,Ghana,MF,Crystal Palace,18,2002,2,1,80,0.9,0,0,0,0,0,0,0,0,0.0,0.0,0.0,0.0,0.0,False,2021-22,2021,0.0,1,80,,,0.0,,,324,38.0,50.94736842105263,10.81578947368421,3.8684210526315788,11.657894736842104,50.0,46.0,0.48126463700234196,0.0,1.5,2023-24,False
Jesurun Rak Sakyi,Ghana,"FW,MF",Crystal Palace,20,2002,6,0,136,1.5,0,0,0,0,0,0,0,0,0.0,0.0,0.0,0.0,0.0,False,2023-24,2023,0.0,2,216,80.0,56.0,0.0,0.0,,400,38.0,42.1578947368421,12.0,4.447368421052632,12.078947368421053,57.0,58.0,0.4983606557377049,,,,False
Jhon Arias,Colombia,"FW,MF",Wolves,27,1997,23,14,1124,12.5,1,0,1,1,0,0,1,0,0.08,0.0,0.08,0.08,0.08,False,2025-26,2025,0.08,1,1124,,,0.08,,,729,,,,,,,,,,,,False
Jimi Tauriainen,England,FW,Chelsea,19,2004,1,0,1,0.0,0,0,0,0,0,0,0,0,0.0,0.0,0.0,0.0,0.0,False,2023-24,2023,0.0,1,1,,,0.0,,,361,38.0,59.0,14.421052631578947,5.657894736842105,14.631578947368421,77.0,63.0,0.4963768115942029,,,,False
Joachim Andersen,Denmark,DF,Crystal Palace,25,1996,34,32,2916,32.4,0,3,3,0,0,0,4,0,0.0,0.0925925925925926,0.0925925925925926,0.0,0.0925925925925926,False,2021-22,2021,0.0925925925925926,1,2916,,,0.0925925925925926,,,625,38.0,50.94736842105263,10.81578947368421,3.8684210526315788,11.657894736842104,50.0,46.0,0.48126463700234196,0.03236245954692557,30.9,2022-23,True
Joachim Andersen,Denmark,DF,Crystal Palace,26,1996,32,32,2782,30.9,1,0,1,1,0,0,8,0,0.03236245954692557,0.0,0.03236245954692557,0.03236245954692557,0.03236245954692557,False,2022-23,2022,0.03236245954692557,2,5698,2916.0,-134.0,0.05243917056214792,0.0925925925925926,,676,38.0,46.13157894736842,11.18421052631579,3.5789473684210527,12.0,40.0,49.0,0.48240635641316687,0.13192612137203166,37.9,2023-24,True
Joachim Andersen,Denmark,DF,Crystal Palace,27,1996,38,38,3415,37.9,2,3,5,2,0,0,7,0,0.052770448548812667,0.079155672823219,0.13192612137203166,0.052770448548812667,0.13192612137203166,False,2023-24,2023,0.13192612137203166,3,9113,2782.0,633.0,0.1054304711020704,0.03236245954692557,0.0925925925925926,729,38.0,42.1578947368421,12.0,4.447368421052632,12.078947368421053,57.0,58.0,0.4983606557377049,0.031347962382445145,31.9,2025-26,True
Joachim Andersen,Denmark,DF,Fulham,29,1996,33,33,2875,31.9,0,1,1,0,0,0,7,1,0.0,0.031347962382445145,0.031347962382445145,0.0,0.031347962382445145,False,2025-26,2025,0.031347962382445145,4,11988,3415.0,-540.0,0.056042131955653565,0.13192612137203166,0.03236245954692557,841,38.0,51.73684210526316,12.657894736842104,3.6315789473684212,11.789473684210526,47.0,51.0,0.5177610333692142,,,,False
Joachim AndersenJoachim Andersen,Denmark,DF,Fulham,28,1996,30,30,2673,29.7,0,0,0,0,0,0,7,1,0.0,0.0,0.0,0.0,0.0,False,2024-25,2024,0.0,1,2673,,,0.0,,,784,38.0,52.473684210526315,13.710526315789474,4.552631578947368,11.368421052631579,54.0,54.0,0.5466946484784889,,,,False
Joachim Kayi Sanda,France,DF,Southampton,17,2006,2,0,14,0.2,0,0,0,0,0,0,0,0,0.0,0.0,0.0,0.0,0.0,False,2024-25,2024,0.0,1,14,,,0.0,,,289,,,,,,,,,,,,False
Jocelin Ta Bi,Ivory Coast,MF,Sunderland,20,2005,1,1,38,0.4,0,0,0,0,0,0,0,0,0.0,0.0,0.0,0.0,0.0,False,2025-26,2025,0.0,1,38,,,0.0,,,400,38.0,44.89473684210526,10.421052631578947,3.4210526315789473,14.210526315789474,42.0,48.0,0.4230769230769231,,,,False
Joe Aribo,Nigeria,"MF,FW",Southampton,26,1996,21,13,1224,13.6,2,0,2,2,0,0,2,0,0.14705882352941177,0.0,0.14705882352941177,0.14705882352941177,0.14705882352941177,False,2022-23,2022,0.14705882352941177,1,1224,,,0.14705882352941177,,,676,,,,,,,,,0.13392857142857142,22.4,2024-25,True
Joe Aribo,Nigeria,MF,Southampton,28,1996,32,21,2013,22.4,3,0,3,3,0,0,1,0,0.13392857142857142,0.0,0.13392857142857142,0.13392857142857142,0.13392857142857142,False,2024-25,2024,0.13392857142857142,2,3237,1224.0,789.0,0.13830532212885155,0.14705882352941177,,784,,,,,,,,,,,,False
Joe Gelhardt,England,FW,Leeds United,19,2002,20,5,746,8.3,2,2,4,2,0,0,4,0,0.24096385542168672,0.24096385542168672,0.48192771084337344,0.24096385542168672,0.48192771084337344,False,2021-22,2021,0.48192771084337344,1,746,,,0.48192771084337344,,,361,38.0,52.473684210526315,12.736842105263158,4.052631578947368,15.289473684210526,42.0,79.0,0.4544600938967136,0.8333333333333334,2.4,2022-23,False
Joe Gelhardt,England,FW,Leeds United,20,2002,15,1,212,2.4,0,2,2,0,0,0,1,0,0.0,0.8333333333333334,0.8333333333333334,0.0,0.8333333333333334,False,2022-23,2022,0.8333333333333334,2,958,746.0,-534.0,0.7161981258366801,0.48192771084337344,,400,38.0,46.94736842105263,12.157894736842104,3.8157894736842106,13.868421052631579,48.0,78.0,0.4671385237613751,,,,False
Joe Gomez,England,DF,Liverpool,24,1997,8,4,331,3.7,0,1,1,0,0,0,2,0,0.0,0.27027027027027023,0.27027027027027023,0.0,0.27027027027027023,False,2021-22,2021,0.27027027027027023,1,331,,,0.27027027027027023,,,576,38.0,63.3421052631579,19.18421052631579,6.7631578947368425,7.7894736842105265,94.0,26.0,0.7112195121951219,0.0,16.3,2022-23,True
Joe Gomez,England,DF,Liverpool,25,1997,21,15,1466,16.3,0,0,0,0,0,0,3,0,0.0,0.0,0.0,0.0,0.0,False,2022-23,2022,0.0,2,1797,331.0,1135.0,0.09009009009009009,0.27027027027027023,,625,38.0,61.10526315789474,15.921052631578947,5.578947368421052,9.710526315789474,75.0,47.0,0.6211498973305954,0.050505050505050504,19.8,2023-24,True
Joe Gomez,England,DF,Liverpool,26,1997,32,17,1786,19.8,0,1,1,0,0,0,5,0,0.0,0.050505050505050504,0.050505050505050504,0.0,0.050505050505050504,False,2023-24,2023,0.050505050505050504,3,3583,1466.0,320.0,0.0637000637000637,0.0,0.27027027027027023,676,38.0,61.78947368421053,20.789473684210527,7.2894736842105265,10.894736842105264,86.0,41.0,0.6561461794019934,0.0,5.8,2024-25,True
Joe Gomez,England,DF,Liverpool,27,1997,9,6,519,5.8,0,0,0,0,0,0,1,0,0.0,0.0,0.0,0.0,0.0,False,2024-25,2024,0.0,4,4102,1786.0,-1267.0,0.021233354566687904,0.050505050505050504,0.0,729,38.0,58.078947368421055,17.026315789473685,6.078947368421052,10.18421052631579,86.0,41.0,0.625725338491296,0.29850746268656714,6.7,2025-26,True
Joe Gomez,England,DF,Liverpool,28,1997,21,7,607,6.7,0,2,2,0,0,0,4,0,0.0,0.29850746268656714,0.29850746268656714,0.0,0.29850746268656714,False,2025-26,2025,0.29850746268656714,5,4709,519.0,88.0,0.20608275997994072,0.0,0.050505050505050504,784,38.0,59.31578947368421,15.473684210526315,4.605263157894737,11.447368421052632,63.0,53.0,0.5747800586510264,,,,False
Joe Hodge,Ireland,MF,Wolves,19,2002,6,1,175,1.9,0,0,0,0,0,0,1,0,0.0,0.0,0.0,0.0,0.0,False,2022-23,2022,0.0,1,175,,,0.0,,,361,,,,,,,,,,,,False
Joe Knight,England,MF,Brighton,19,2005,1,0,1,0.0,0,0,0,0,0,0,0,0,0.0,0.0,0.0,0.0,0.0,False,2025-26,2025,0.0,1,1,,,0.0,,,361,38.0,53.94736842105263,13.0,4.631578947368421,11.68421052631579,52.0,46.0,0.5266524520255864,,,,False
Joe Lumley,England,GK,Southampton,29,1995,3,3,270,3.0,0,0,0,0,0,0,0,0,0.0,0.0,0.0,0.0,0.0,False,2024-25,2024,0.0,1,270,,,0.0,,,841,,,,,,,,,,,,False
Joe Rodon,Wales,DF,Tottenham,23,1997,3,0,89,1.0,0,0,0,0,0,0,0,0,0.0,0.0,0.0,0.0,0.0,False,2021-22,2021,0.0,1,89,,,0.0,,,529,38.0,52.0,12.921052631578947,5.184210526315789,12.921052631578947,69.0,40.0,0.5,0.06097560975609757,32.8,2025-26,True
Joe Rodon,Wales,DF,Leeds United,27,1997,35,33,2951,32.8,2,0,2,2,0,0,3,0,0.06097560975609757,0.0,0.06097560975609757,0.06097560975609757,0.06097560975609757,False,2025-26,2025,0.06097560975609757,2,3040,89.0,2862.0,0.04065040650406504,0.0,,729,38.0,45.73684210526316,12.552631578947368,3.973684210526316,12.526315789473685,49.0,56.0,0.5005246589716683,,,,False
Joe Rothwell,England,MF,Bournemouth,27,1995,20,12,1016,11.3,0,1,1,0,0,0,1,0,0.0,0.08849557522123894,0.08849557522123894,0.0,0.08849557522123894,False,2022-23,2022,0.08849557522123894,1,1016,,,0.08849557522123894,,,729,38.0,40.078947368421055,9.394736842105264,3.5,16.473684210526315,37.0,71.0,0.3631739572736521,0.0,4.3,2023-24,True
Joe Rothwell,England,MF,Bournemouth,28,1995,11,3,386,4.3,0,0,0,0,0,0,0,0,0.0,0.0,0.0,0.0,0.0,False,2023-24,2023,0.0,2,1402,1016.0,-630.0,0.029498525073746316,0.08849557522123894,,784,38.0,44.05263157894737,14.263157894736842,4.868421052631579,13.973684210526315,54.0,67.0,0.5051258154706431,,,,False
Joe White,England,MF,Newcastle,20,2002,4,0,13,0.1,0,0,0,0,0,0,1,0,0.0,0.0,0.0,0.0,0.0,False,2023-24,2023,0.0,1,13,,,0.0,,,400,38.0,52.21052631578947,14.5,5.605263157894737,14.052631578947368,85.0,62.0,0.5078341013824884,,,,False
Joe Willock,England,MF,Newcastle,21,1999,29,24,2038,22.6,2,0,2,2,0,0,0,0,0.08849557522123894,0.0,0.08849557522123894,0.08849557522123894,0.08849557522123894,False,2021-22,2021,0.08849557522123894,1,2038,,,0.08849557522123894,,,441,38.0,39.94736842105263,11.789473684210526,3.8947368421052633,13.894736842105264,44.0,62.0,0.45901639344262296,0.31690140845070425,28.4,2022-23,True
Joe Willock,England,MF,Newcastle,22,1999,35,31,2558,28.4,3,6,9,3,0,0,1,0,0.10563380281690142,0.21126760563380284,0.31690140845070425,0.10563380281690142,0.31690140845070425,False,2022-23,2022,0.31690140845070425,2,4596,2038.0,520.0,0.24076613070754913,0.08849557522123894,,484,38.0,52.44736842105263,15.026315789473685,5.184210526315789,10.18421052631579,68.0,33.0,0.5960334029227558,0.2127659574468085,4.7,2023-24,True
Joe Willock,England,MF,Newcastle,23,1999,9,5,419,4.7,1,0,1,1,0,0,0,0,0.2127659574468085,0.0,0.2127659574468085,0.2127659574468085,0.2127659574468085,False,2023-24,2023,0.2127659574468085,3,5015,2558.0,-2139.0,0.22209934853372204,0.31690140845070425,0.08849557522123894,529,38.0,52.21052631578947,14.5,5.605263157894737,14.052631578947368,85.0,62.0,0.5078341013824884,0.1652892561983471,12.1,2024-25,True
Joe Willock,England,MF,Newcastle,24,1999,32,11,1086,12.1,0,2,2,0,0,0,4,0,0.0,0.1652892561983471,0.1652892561983471,0.0,0.1652892561983471,False,2024-25,2024,0.1652892561983471,4,6101,419.0,667.0,0.1842259536434721,0.2127659574468085,0.31690140845070425,576,38.0,51.05263157894737,13.789473684210526,4.578947368421052,12.447368421052632,68.0,47.0,0.5255767301905717,0.18348623853211007,10.9,2025-26,True
Joe Willock,England,MF,Newcastle,25,1999,24,10,983,10.9,0,2,2,0,0,0,3,0,0.0,0.18348623853211007,0.18348623853211007,0.0,0.18348623853211007,False,2025-26,2025,0.18348623853211007,5,7084,1086.0,-103.0,0.18373281023589744,0.1652892561983471,0.2127659574468085,625,38.0,52.473684210526315,12.947368421052632,4.631578947368421,12.342105263157896,53.0,55.0,0.5119667013527576,,,,False
Joe Worrall,England,DF,Nottingham,25,1997,30,21,2224,24.7,1,0,1,1,0,0,6,0,0.04048582995951417,0.0,0.04048582995951417,0.04048582995951417,0.04048582995951417,False,2022-23,2022,0.04048582995951417,1,2224,,,0.04048582995951417,,,625,38.0,37.21052631578947,9.68421052631579,3.1052631578947367,14.657894736842104,38.0,68.0,0.3978378378378378,0.0,4.9,2023-24,True
Joe Worrall,England,DF,Nottingham,26,1997,7,5,439,4.9,0,0,0,0,0,0,0,1,0.0,0.0,0.0,0.0,0.0,False,2023-24,2023,0.0,2,2663,2224.0,-1785.0,0.013495276653171392,0.04048582995951417,,676,38.0,40.21052631578947,11.868421052631579,3.8947368421052633,13.421052631578947,49.0,67.0,0.46930280957336107,0.0,5.6,2025-26,True
Joe Worrall,England,DF,Burnley,28,1997,11,5,500,5.6,0,0,0,0,0,0,0,0,0.0,0.0,0.0,0.0,0.0,False,2025-26,2025,0.0,3,3163,439.0,61.0,0.004498425551057132,0.0,0.04048582995951417,784,,,,,,,,,,,,False
Joel Robles,Spain,GK,Leeds United,32,1990,4,4,360,4.0,0,0,0,0,0,0,1,0,0.0,0.0,0.0,0.0,0.0,False,2022-23,2022,0.0,1,360,,,0.0,,,1024,38.0,46.94736842105263,12.157894736842104,3.8157894736842106,13.868421052631579,48.0,78.0,0.4671385237613751,,,,False
Joel Ward,England,DF,Crystal Palace,31,1989,28,27,2487,27.6,0,0,0,0,0,0,8,0,0.0,0.0,0.0,0.0,0.0,False,2021-22,2021,0.0,1,2487,,,0.0,,,961,38.0,50.94736842105263,10.81578947368421,3.8684210526315788,11.657894736842104,50.0,46.0,0.48126463700234196,0.0398406374501992,25.1,2022-23,True
Joel Ward,England,DF,Crystal Palace,32,1989,28,24,2256,25.1,1,0,1,1,0,0,6,0,0.0398406374501992,0.0,0.0398406374501992,0.0398406374501992,0.0398406374501992,False,2022-23,2022,0.0398406374501992,2,4743,2487.0,-231.0,0.026560424966799466,0.0,,1024,38.0,46.13157894736842,11.18421052631579,3.5789473684210527,12.0,40.0,49.0,0.48240635641316687,0.045454545454545456,22.0,2023-24,True
Joel Ward,England,DF,Crystal Palace,33,1989,26,23,1980,22.0,0,1,1,0,0,0,4,0,0.0,0.045454545454545456,0.045454545454545456,0.0,0.045454545454545456,False,2023-24,2023,0.045454545454545456,3,6723,2256.0,-276.0,0.03915650529196346,0.0398406374501992,0.0,1089,38.0,42.1578947368421,12.0,4.447368421052632,12.078947368421053,57.0,58.0,0.4983606557377049,0.0,0.8,2024-25,False
Joel Ward,England,DF,Crystal Palace,34,1989,2,1,71,0.8,0,0,0,0,0,0,1,0,0.0,0.0,0.0,0.0,0.0,False,2024-25,2024,0.0,4,6794,1980.0,-1909.0,0.013052168430654489,0.045454545454545456,0.0398406374501992,1156,38.0,42.5,13.552631578947368,4.894736842105263,12.710526315789474,51.0,51.0,0.5160320641282565,,,,False
Joelinton,Brazil,"MF,FW",Newcastle,24,1996,35,30,2558,28.4,4,1,5,4,0,0,8,0,0.14084507042253522,0.035211267605633804,0.17605633802816903,0.14084507042253522,0.17605633802816903,False,2021-22,2021,0.17605633802816903,1,2558,,,0.17605633802816903,,,576,38.0,39.94736842105263,11.789473684210526,3.8947368421052633,13.894736842105264,44.0,62.0,0.45901639344262296,0.23648648648648649,29.6,2022-23,True
Joelinton,Brazil,"MF,FW",Newcastle,25,1996,32,30,2661,29.6,6,1,7,6,0,0,12,0,0.2027027027027027,0.03378378378378378,0.23648648648648649,0.2027027027027027,0.23648648648648649,False,2022-23,2022,0.23648648648648649,2,5219,2558.0,103.0,0.21634310366704734,0.17605633802816903,,625,38.0,52.44736842105263,15.026315789473685,5.184210526315789,10.18421052631579,68.0,33.0,0.5960334029227558,0.21126760563380284,14.2,2023-24,True
Joelinton,Brazil,"MF,FW",Newcastle,26,1996,20,15,1279,14.2,2,1,3,2,0,0,6,0,0.14084507042253522,0.07042253521126761,0.21126760563380284,0.14084507042253522,0.21126760563380284,False,2023-24,2023,0.21126760563380284,3,6498,2661.0,-1382.0,0.212959438311551,0.23648648648648649,0.17605633802816903,676,38.0,52.21052631578947,14.5,5.605263157894737,14.052631578947368,85.0,62.0,0.5078341013824884,0.2631578947368421,26.6,2024-25,True
Joelinton,Brazil,"MF,FW",Newcastle,27,1996,29,29,2393,26.6,4,3,7,4,0,0,10,0,0.15037593984962405,0.11278195488721804,0.2631578947368421,0.15037593984962405,0.2631578947368421,False,2024-25,2024,0.2631578947368421,4,8891,1279.0,1114.0,0.24642507592841173,0.21126760563380284,0.23648648648648649,729,38.0,51.05263157894737,13.789473684210526,4.578947368421052,12.447368421052632,68.0,47.0,0.5255767301905717,0.1382488479262673,21.7,2025-26,True
Joelinton,Brazil,MF,Newcastle,28,1996,27,23,1951,21.7,2,1,3,2,0,0,10,0,0.09216589861751152,0.04608294930875576,0.1382488479262673,0.09216589861751152,0.1382488479262673,False,2025-26,2025,0.1382488479262673,5,10842,2393.0,-442.0,0.17430759059364878,0.2631578947368421,0.21126760563380284,784,38.0,52.473684210526315,12.947368421052632,4.631578947368421,12.342105263157896,53.0,55.0,0.5119667013527576,,,,False
John,Brazil,GK,Nottingham,29,1996,5,5,437,4.9,0,0,0,0,0,0,1,0,0.0,0.0,0.0,0.0,0.0,False,2025-26,2025,0.0,1,437,,,0.0,,,841,38.0,46.8421052631579,12.526315789473685,4.105263157894737,13.289473684210526,48.0,51.0,0.48521916411824667,,,,False
John Egan,Ireland,DF,Sheffield United,30,1992,6,6,482,5.4,0,0,0,0,0,0,2,0,0.0,0.0,0.0,0.0,0.0,False,2023-24,2023,0.0,1,482,,,0.0,,,900,,,,,,,,,,,,False
John Fleck,Scotland,MF,Sheffield United,31,1991,4,1,92,1.0,0,0,0,0,0,0,1,0,0.0,0.0,0.0,0.0,0.0,False,2023-24,2023,0.0,1,92,,,0.0,,,961,,,,,,,,,,,,False
John McGinn,Scotland,MF,Aston Villa,26,1994,35,35,3090,34.3,3,4,7,3,0,0,8,0,0.08746355685131196,0.11661807580174928,0.20408163265306123,0.08746355685131196,0.20408163265306123,False,2021-22,2021,0.20408163265306123,1,3090,,,0.20408163265306123,,,676,38.0,46.473684210526315,12.210526315789474,4.2631578947368425,12.552631578947368,52.0,54.0,0.49309245483528164,0.13377926421404682,29.9,2022-23,True
John McGinn,Scotland,MF,Aston Villa,27,1994,34,30,2693,29.9,1,3,4,1,0,0,7,0,0.033444816053511704,0.10033444816053512,0.13377926421404682,0.033444816053511704,0.13377926421404682,False,2022-23,2022,0.13377926421404682,2,5783,3090.0,-397.0,0.15721338702705162,0.20408163265306123,,729,38.0,49.44736842105263,11.31578947368421,3.973684210526316,11.289473684210526,51.0,46.0,0.5005820721769499,0.3003003003003003,33.3,2023-24,True
John McGinn,Scotland,MF,Aston Villa,28,1994,35,35,2999,33.3,6,4,10,6,0,0,9,1,0.1801801801801802,0.12012012012012013,0.3003003003003003,0.1801801801801802,0.3003003003003003,False,2023-24,2023,0.3003003003003003,3,8782,2693.0,306.0,0.25260466254255076,0.13377926421404682,0.20408163265306123,784,38.0,53.421052631578945,13.5,5.0,11.947368421052632,76.0,61.0,0.5305067218200621,0.20242914979757085,24.7,2024-25,True
John McGinn,Scotland,MF,Aston Villa,29,1994,34,27,2223,24.7,1,4,5,1,0,0,7,0,0.04048582995951417,0.16194331983805668,0.20242914979757085,0.04048582995951417,0.20242914979757085,False,2024-25,2024,0.20242914979757085,4,11005,2999.0,-776.0,0.21915432071256416,0.3003003003003003,0.13377926421404682,841,38.0,50.71052631578947,12.736842105263158,4.473684210526316,12.18421052631579,58.0,51.0,0.5110876451953538,0.379746835443038,23.7,2025-26,True
John McGinn,Scotland,MF,Aston Villa,30,1994,30,28,2137,23.7,5,4,9,5,0,0,5,0,0.2109704641350211,0.16877637130801687,0.379746835443038,0.2109704641350211,0.379746835443038,False,2025-26,2025,0.379746835443038,5,13142,2223.0,-86.0,0.32621599719954675,0.20242914979757085,0.3003003003003003,900,38.0,53.6578947368421,12.710526315789474,4.473684210526316,12.894736842105264,56.0,49.0,0.4964028776978417,,,,False
John Ruddy,England,GK,Wolves,34,1986,2,1,135,1.5,0,0,0,0,0,0,0,0,0.0,0.0,0.0,0.0,0.0,False,2021-22,2021,0.0,1,135,,,0.0,,,1156,,,,,,,,,,,,False
John Stones,England,DF,Manchester City,27,1994,14,12,1119,12.4,1,0,1,1,0,0,0,0,0.08064516129032258,0.0,0.08064516129032258,0.08064516129032258,0.08064516129032258,False,2021-22,2021,0.08064516129032258,1,1119,,,0.08064516129032258,,,729,38.0,68.5,18.763157894736842,6.657894736842105,6.2368421052631575,99.0,26.0,0.7505263157894737,0.1951219512195122,20.5,2022-23,True
John Stones,England,"DF,MF",Manchester City,28,1994,23,21,1846,20.5,2,2,4,2,0,0,2,0,0.0975609756097561,0.0975609756097561,0.1951219512195122,0.0975609756097561,0.1951219512195122,False,2022-23,2022,0.1951219512195122,2,2965,1119.0,727.0,0.15696302124311565,0.08064516129032258,,784,38.0,65.34210526315789,15.789473684210526,5.7631578947368425,7.7105263157894735,94.0,33.0,0.6718924972004479,0.0847457627118644,11.8,2023-24,True
John Stones,England,DF,Manchester City,29,1994,16,12,1064,11.8,1,0,1,1,0,0,2,0,0.0847457627118644,0.0,0.0847457627118644,0.0847457627118644,0.0847457627118644,False,2023-24,2023,0.0847457627118644,3,4029,1846.0,-782.0,0.10881818222228148,0.1951219512195122,0.08064516129032258,841,38.0,65.73684210526316,18.263157894736842,7.315789473684211,7.7368421052631575,96.0,34.0,0.7024291497975709,0.3278688524590164,6.1,2024-25,True
John Stones,England,DF,Manchester City,30,1994,11,6,548,6.1,2,0,2,2,0,0,1,0,0.3278688524590164,0.0,0.3278688524590164,0.3278688524590164,0.3278688524590164,False,2024-25,2024,0.3278688524590164,4,4577,1064.0,-516.0,0.25485196238010477,0.0847457627118644,0.1951219512195122,900,38.0,61.73684210526316,16.0,5.7105263157894735,9.31578947368421,72.0,44.0,0.6320166320166319,0.0,4.9,2025-26,True
John Stones,England,DF,Manchester City,31,1994,9,5,439,4.9,0,0,0,0,0,0,0,0,0.0,0.0,0.0,0.0,0.0,False,2025-26,2025,0.0,5,5016,548.0,-109.0,0.0849506541267016,0.3278688524590164,0.0847457627118644,961,38.0,60.6578947368421,15.657894736842104,5.394736842105263,9.710526315789474,77.0,35.0,0.617219917012448,,,,False
Jonah Kusi-Asare,Sweden,FW,Fulham,18,2007,7,0,55,0.6,0,0,0,0,0,0,1,0,0.0,0.0,0.0,0.0,0.0,False,2025-26,2025,0.0,1,55,,,0.0,,,324,38.0,51.73684210526316,12.657894736842104,3.6315789473684212,11.789473684210526,47.0,51.0,0.5177610333692142,,,,False
Jonas Lössl,Denmark,GK,Brentford,32,1989,2,2,180,2.0,0,0,0,0,0,0,0,0,0.0,0.0,0.0,0.0,0.0,False,2021-22,2021,0.0,1,180,,,0.0,,,1024,38.0,44.5,11.631578947368421,4.052631578947368,13.210526315789474,48.0,56.0,0.4682203389830508,,,,False
Jonathan Rowe,England,"FW,MF",Norwich City,18,2003,13,0,223,2.5,0,1,1,0,0,0,0,0,0.0,0.4,0.4,0.0,0.4,False,2021-22,2021,0.4,1,223,,,0.4,,,324,,,,,,,,,,,,False
Jonjo Shelvey,England,MF,Newcastle,29,1992,24,22,1983,22.0,2,1,3,2,0,0,7,1,0.09090909090909091,0.045454545454545456,0.13636363636363635,0.09090909090909091,0.13636363636363635,False,2021-22,2021,0.13636363636363635,1,1983,,,0.13636363636363635,,,841,38.0,39.94736842105263,11.789473684210526,3.8947368421052633,13.894736842105264,44.0,62.0,0.45901639344262296,,,,False
Jonjo ShelveyJonjo Shelvey,England,MF,Nottingham,30,1992,11,6,577,6.4,0,0,0,0,0,0,2,0,0.0,0.0,0.0,0.0,0.0,False,2022-23,2022,0.0,1,577,,,0.0,,,900,38.0,37.21052631578947,9.68421052631579,3.1052631578947367,14.657894736842104,38.0,68.0,0.3978378378378378,,,,False
Jonjoe Kenny,England,DF,Everton,24,1997,15,11,1018,11.3,0,1,1,0,0,0,3,1,0.0,0.08849557522123894,0.08849557522123894,0.0,0.08849557522123894,False,2021-22,2021,0.08849557522123894,1,1018,,,0.08849557522123894,,,576,38.0,39.68421052631579,11.526315789473685,3.6315789473684212,13.710526315789474,43.0,66.0,0.45672575599582904,,,,False
Jonny Castro,Spain,"MF,DF",Wolves,27,1994,13,10,1024,11.4,2,0,2,2,0,0,1,0,0.17543859649122806,0.0,0.17543859649122806,0.17543859649122806,0.17543859649122806,False,2021-22,2021,0.17543859649122806,1,1024,,,0.17543859649122806,,,729,,,,,,,,,0.07142857142857142,14.0,2022-23,True
Jonny Castro,Spain,DF,Wolves,28,1994,18,14,1261,14.0,1,0,1,1,0,0,3,1,0.07142857142857142,0.0,0.07142857142857142,0.07142857142857142,0.07142857142857142,False,2022-23,2022,0.07142857142857142,2,2285,1024.0,237.0,0.1060985797827903,0.17543859649122806,,784,,,,,,,,,0.0,0.1,2023-24,False
Jonny Castro,Spain,"DF,MF",Wolves,29,1994,1,0,5,0.1,0,0,0,0,0,0,0,0,0.0,0.0,0.0,0.0,0.0,False,2023-24,2023,0.0,3,2290,1261.0,-1256.0,0.03536619326093011,0.07142857142857142,0.17543859649122806,841,,,,,,,,,,,,False
Jonny Evans,Northern Ireland,DF,Leicester City,33,1988,18,16,1348,15.0,1,1,2,1,0,0,3,0,0.06666666666666667,0.06666666666666667,0.13333333333333333,0.06666666666666667,0.13333333333333333,False,2021-22,2021,0.13333333333333333,1,1348,,,0.13333333333333333,,,1089,,,,,,,,,0.0,11.7,2022-23,True
Jonny Evans,Northern Ireland,DF,Leicester City,34,1988,13,12,1051,11.7,0,0,0,0,0,0,1,0,0.0,0.0,0.0,0.0,0.0,False,2022-23,2022,0.0,2,2399,1348.0,-297.0,0.044444444444444446,0.13333333333333333,,1156,,,,,,,,,0.06451612903225806,15.5,2023-24,True
Jonny Evans,Northern Ireland,DF,Manchester Utd,35,1988,23,15,1392,15.5,0,1,1,0,0,0,2,0,0.0,0.06451612903225806,0.06451612903225806,0.0,0.06451612903225806,False,2023-24,2023,0.06451612903225806,3,3791,1051.0,341.0,0.057825567502986855,0.0,0.13333333333333333,1225,38.0,50.526315789473685,14.473684210526315,5.078947368421052,17.55263157894737,57.0,58.0,0.4519309778142974,0.0,3.5,2024-25,True
Jonny Evans,Northern Ireland,DF,Manchester Utd,36,1988,7,3,315,3.5,0,0,0,0,0,0,1,0,0.0,0.0,0.0,0.0,0.0,False,2024-25,2024,0.0,4,4106,1392.0,-1077.0,0.01927518916766229,0.06451612903225806,0.0,1296,38.0,53.55263157894737,13.868421052631579,4.605263157894737,10.921052631578947,44.0,54.0,0.559447983014862,,,,False
Jordan Ayew,Ghana,"FW,MF",Crystal Palace,29,1991,31,23,2019,22.4,3,3,6,3,0,0,2,0,0.13392857142857142,0.13392857142857142,0.26785714285714285,0.13392857142857142,0.26785714285714285,False,2021-22,2021,0.26785714285714285,1,2019,,,0.26785714285714285,,,841,38.0,50.94736842105263,10.81578947368421,3.8684210526315788,11.657894736842104,50.0,46.0,0.48126463700234196,0.2317880794701987,30.2,2022-23,True
Jordan Ayew,Ghana,"FW,MF",Crystal Palace,30,1991,38,31,2714,30.2,4,3,7,4,0,0,5,0,0.13245033112582782,0.09933774834437087,0.2317880794701987,0.13245033112582782,0.2317880794701987,False,2022-23,2022,0.2317880794701987,2,4733,2019.0,695.0,0.2438111005991801,0.26785714285714285,,900,38.0,46.13157894736842,11.18421052631579,3.5789473684210527,12.0,40.0,49.0,0.48240635641316687,0.38869257950530034,28.3,2023-24,True
Jordan Ayew,Ghana,"MF,FW",Crystal Palace,31,1991,35,30,2543,28.3,4,7,11,4,0,0,9,1,0.1413427561837456,0.24734982332155475,0.38869257950530034,0.1413427561837456,0.38869257950530034,False,2023-24,2023,0.38869257950530034,3,7276,2714.0,-171.0,0.34039875320326024,0.2317880794701987,0.26785714285714285,961,38.0,42.1578947368421,12.0,4.447368421052632,12.078947368421053,57.0,58.0,0.4983606557377049,,,,False
Jordan AyewJordan Ayew,Ghana,"FW,MF",Leicester City,32,1991,31,19,1659,18.4,5,0,5,4,1,1,6,0,0.27173913043478265,0.0,0.27173913043478265,0.2173913043478261,0.2173913043478261,False,2024-25,2024,0.27173913043478265,1,1659,,,0.27173913043478265,,,1024,,,,,,,,,,,,False
Jordan Beyer,Germany,DF,Burnley,23,2000,15,15,1234,13.7,0,1,1,0,0,0,6,0,0.0,0.07299270072992702,0.07299270072992702,0.0,0.07299270072992702,False,2023-24,2023,0.07299270072992702,1,1234,,,0.07299270072992702,,,529,,,,,,,,,,,,False
Jordan Clark,England,MF,Luton Town,29,1993,23,14,1304,14.5,1,1,2,1,0,0,4,0,0.06896551724137931,0.06896551724137931,0.13793103448275862,0.06896551724137931,0.13793103448275862,False,2023-24,2023,0.13793103448275862,1,1304,,,0.13793103448275862,,,841,,,,,,,,,,,,False
Jordan Henderson,England,MF,Liverpool,31,1990,35,29,2597,28.9,2,5,7,2,0,0,3,0,0.06920415224913495,0.17301038062283738,0.24221453287197234,0.06920415224913495,0.24221453287197234,False,2021-22,2021,0.24221453287197234,1,2597,,,0.24221453287197234,,,961,38.0,63.3421052631579,19.18421052631579,6.7631578947368425,7.7894736842105265,94.0,26.0,0.7112195121951219,0.08695652173913043,23.0,2022-23,True
Jordan Henderson,England,MF,Liverpool,32,1990,35,23,2074,23.0,0,2,2,0,0,0,2,0,0.0,0.08695652173913043,0.08695652173913043,0.0,0.08695652173913043,False,2022-23,2022,0.08695652173913043,2,4671,2597.0,-523.0,0.1387091921167444,0.24221453287197234,,1024,38.0,61.10526315789474,15.921052631578947,5.578947368421052,9.710526315789474,75.0,47.0,0.6211498973305954,0.18779342723004694,21.3,2025-26,True
Jordan Henderson,England,MF,Brentford,35,1990,32,22,1919,21.3,1,3,4,1,0,0,6,0,0.046948356807511735,0.14084507042253522,0.18779342723004694,0.046948356807511735,0.18779342723004694,False,2025-26,2025,0.18779342723004694,3,6590,2074.0,-155.0,0.17143201552561274,0.08695652173913043,0.24221453287197234,1225,38.0,47.5,10.657894736842104,3.8684210526315788,13.263157894736842,55.0,52.0,0.44554455445544555,,,,False
Jordan Pickford,England,GK,Everton,27,1994,35,35,3150,35.0,0,0,0,0,0,0,2,0,0.0,0.0,0.0,0.0,0.0,False,2021-22,2021,0.0,1,3150,,,0.0,,,729,38.0,39.68421052631579,11.526315789473685,3.6315789473684212,13.710526315789474,43.0,66.0,0.45672575599582904,0.02702702702702703,37.0,2022-23,True
Jordan Pickford,England,GK,Everton,28,1994,37,37,3330,37.0,0,1,1,0,0,0,6,0,0.0,0.02702702702702703,0.02702702702702703,0.0,0.02702702702702703,False,2022-23,2022,0.02702702702702703,2,6480,3150.0,180.0,0.018018018018018018,0.0,,784,38.0,42.578947368421055,11.289473684210526,4.0,15.105263157894736,34.0,57.0,0.42771684945164506,0.0,38.0,2023-24,True
Jordan Pickford,England,GK,Everton,29,1994,38,38,3420,38.0,0,0,0,0,0,0,5,0,0.0,0.0,0.0,0.0,0.0,False,2023-24,2023,0.0,3,9900,3330.0,90.0,0.006006006006006007,0.02702702702702703,0.0,841,38.0,40.73684210526316,13.342105263157896,4.2631578947368425,14.157894736842104,40.0,51.0,0.4851674641148326,0.02631578947368421,38.0,2024-25,True
Jordan Pickford,England,GK,Everton,30,1994,38,38,3420,38.0,0,1,1,0,0,0,7,0,0.0,0.02631578947368421,0.02631578947368421,0.0,0.02631578947368421,False,2024-25,2024,0.02631578947368421,4,13320,3420.0,0.0,0.019545861651124808,0.0,0.02702702702702703,900,38.0,40.63157894736842,10.657894736842104,3.763157894736842,12.605263157894736,42.0,44.0,0.4581447963800905,0.0,38.0,2025-26,True
Jordan Pickford,England,GK,Everton,31,1994,38,38,3420,38.0,0,0,0,0,0,0,4,0,0.0,0.0,0.0,0.0,0.0,False,2025-26,2025,0.0,5,16740,3420.0,0.0,0.006515287217041603,0.02631578947368421,0.0,961,38.0,43.76315789473684,11.105263157894736,3.736842105263158,13.973684210526315,47.0,50.0,0.4428121720881427,,,,False
Jordan Zemura,Zimbabwe,"DF,MF",Bournemouth,22,1999,19,17,1454,16.2,0,1,1,0,0,0,1,0,0.0,0.0617283950617284,0.0617283950617284,0.0,0.0617283950617284,False,2022-23,2022,0.0617283950617284,1,1454,,,0.0617283950617284,,,484,38.0,40.078947368421055,9.394736842105264,3.5,16.473684210526315,37.0,71.0,0.3631739572736521,,,,False
Jorge Cuenca,Spain,DF,Fulham,24,1999,8,4,351,3.9,0,0,0,0,0,0,0,0,0.0,0.0,0.0,0.0,0.0,False,2024-25,2024,0.0,1,351,,,0.0,,,576,38.0,52.473684210526315,13.710526315789474,4.552631578947368,11.368421052631579,54.0,54.0,0.5466946484784889,0.0,10.4,2025-26,True
Jorge Cuenca,Spain,DF,Fulham,25,1999,15,11,938,10.4,0,0,0,0,0,0,6,0,0.0,0.0,0.0,0.0,0.0,False,2025-26,2025,0.0,2,1289,351.0,587.0,0.0,0.0,,625,38.0,51.73684210526316,12.657894736842104,3.6315789473684212,11.789473684210526,47.0,51.0,0.5177610333692142,,,,False
Jorginho,Italy,MF,Chelsea,29,1991,29,26,2273,25.3,6,2,8,0,6,7,5,0,0.23715415019762845,0.07905138339920949,0.31620553359683795,0.0,0.0790513833992095,False,2021-22,2021,0.31620553359683795,1,2273,,,0.31620553359683795,,,841,38.0,62.3421052631579,15.578947368421053,5.552631578947368,8.921052631578947,76.0,33.0,0.635875402792696,0.19607843137254904,10.2,2023-24,True
Jorginho,Italy,MF,Arsenal,31,1991,24,10,921,10.2,0,2,2,0,0,0,1,0,0.0,0.19607843137254904,0.19607843137254904,0.0,0.19607843137254904,False,2023-24,2023,0.19607843137254904,2,3194,2273.0,-1352.0,0.23612079878064535,0.31620553359683795,,961,38.0,58.63157894736842,17.263157894736842,5.973684210526316,8.473684210526315,91.0,29.0,0.6707566462167689,0.0,7.8,2024-25,True
Jorginho,Italy,MF,Arsenal,32,1991,15,9,704,7.8,0,0,0,0,0,0,5,0,0.0,0.0,0.0,0.0,0.0,False,2024-25,2024,0.0,3,3898,921.0,-217.0,0.07870693292688179,0.19607843137254904,0.31620553359683795,1024,38.0,57.18421052631579,14.394736842105264,4.947368421052632,9.526315789473685,69.0,34.0,0.6017601760176018,,,,False
JorginhoJorginho,Italy,MF,Chelsea,30,1991,32,24,2134,23.7,2,1,3,0,2,2,4,0,0.08438818565400844,0.04219409282700422,0.12658227848101267,0.0,0.04219409282700423,False,2022-23,2022,0.12658227848101267,1,2134,,,0.12658227848101267,,,900,38.0,59.026315789473685,12.736842105263158,4.157894736842105,11.526315789473685,38.0,47.0,0.5249457700650759,,,,False
Jorrel Hato,Netherlands,DF,Chelsea,19,2006,22,12,1148,12.8,0,0,0,0,0,0,7,0,0.0,0.0,0.0,0.0,0.0,False,2025-26,2025,0.0,1,1148,,,0.0,,,361,38.0,57.73684210526316,13.394736842105264,4.368421052631579,10.947368421052632,58.0,52.0,0.5502702702702702,,,,False
Joseph Johnson,England,DF,Luton Town,17,2006,2,0,77,0.9,0,0,0,0,0,0,1,0,0.0,0.0,0.0,0.0,0.0,False,2023-24,2023,0.0,1,77,,,0.0,,,289,,,,,,,,,,,,False
Joseph Whitworth,England,GK,Crystal Palace,18,2004,2,2,180,2.0,0,0,0,0,0,0,0,0,0.0,0.0,0.0,0.0,0.0,False,2022-23,2022,0.0,1,180,,,0.0,,,324,38.0,46.13157894736842,11.18421052631579,3.5789473684210527,12.0,40.0,49.0,0.48240635641316687,,,,False
Josh Brownhill,England,MF,Burnley,25,1995,35,32,2955,32.8,2,3,5,2,0,0,10,0,0.06097560975609757,0.09146341463414635,0.15243902439024393,0.06097560975609757,0.15243902439024393,False,2021-22,2021,0.15243902439024393,1,2955,,,0.15243902439024393,,,625,,,,,,,,,0.24,25.0,2023-24,True
Josh Brownhill,England,MF,Burnley,27,1995,33,23,2252,25.0,4,2,6,4,0,0,4,1,0.16,0.08,0.24,0.16,0.24,False,2023-24,2023,0.24,2,5207,2955.0,-703.0,0.2108130081300813,0.15243902439024393,,729,,,,,,,,,,,,False
Josh Cullen,Ireland,MF,Burnley,27,1996,25,23,2057,22.9,2,3,5,2,0,0,9,0,0.08733624454148473,0.13100436681222707,0.2183406113537118,0.08733624454148473,0.2183406113537118,False,2023-24,2023,0.2183406113537118,1,2057,,,0.2183406113537118,,,729,,,,,,,,,0.23809523809523808,16.8,2025-26,True
Josh Cullen,Ireland,MF,Burnley,29,1996,18,18,1514,16.8,2,2,4,2,0,0,2,0,0.11904761904761904,0.11904761904761904,0.23809523809523808,0.11904761904761904,0.23809523809523808,False,2025-26,2025,0.23809523809523808,2,3571,2057.0,-543.0,0.23151036251472934,0.2183406113537118,,841,,,,,,,,,,,,False
Josh Dasilva,England,"MF,FW",Brentford,22,1998,9,2,257,2.9,0,0,0,0,0,0,0,1,0.0,0.0,0.0,0.0,0.0,False,2021-22,2021,0.0,1,257,,,0.0,,,484,38.0,44.5,11.631578947368421,4.052631578947368,13.210526315789474,48.0,56.0,0.4682203389830508,0.38961038961038963,15.4,2022-23,True
Josh Dasilva,England,MF,Brentford,23,1998,36,14,1389,15.4,4,2,6,4,0,0,1,0,0.2597402597402597,0.12987012987012986,0.38961038961038963,0.2597402597402597,0.38961038961038963,False,2022-23,2022,0.38961038961038963,2,1646,257.0,1132.0,0.2597402597402597,0.0,,529,38.0,43.39473684210526,10.710526315789474,4.2631578947368425,14.763157894736842,58.0,46.0,0.42045454545454547,0.0,0.3,2023-24,False
Josh Dasilva,England,MF,Brentford,24,1998,3,0,24,0.3,0,0,0,0,0,0,0,0,0.0,0.0,0.0,0.0,0.0,False,2023-24,2023,0.0,3,1670,1389.0,-1365.0,0.08658008658008658,0.38961038961038963,0.0,576,38.0,44.973684210526315,12.447368421052632,4.526315789473684,14.421052631578947,56.0,65.0,0.4632713026444662,0.0,0.0,2025-26,False
Josh Dasilva,England,MF,Brentford,26,1998,2,0,3,0.0,0,0,0,0,0,0,0,0,0.0,0.0,0.0,0.0,0.0,False,2025-26,2025,0.0,4,1673,24.0,-21.0,0.028860028860028863,0.0,0.38961038961038963,676,38.0,47.5,10.657894736842104,3.8684210526315788,13.263157894736842,55.0,52.0,0.44554455445544555,,,,False
Josh Laurent,England,"DF,MF",Burnley,30,1995,33,18,1764,19.6,1,0,1,1,0,0,7,1,0.0510204081632653,0.0,0.0510204081632653,0.0510204081632653,0.0510204081632653,False,2025-26,2025,0.0510204081632653,1,1764,,,0.0510204081632653,,,900,,,,,,,,,,,,False
Josh Onomah,England,"FW,MF",Fulham,25,1997,2,0,15,0.2,0,0,0,0,0,0,0,0,0.0,0.0,0.0,0.0,0.0,False,2022-23,2022,0.0,1,15,,,0.0,,,625,38.0,48.68421052631579,11.289473684210526,3.8947368421052633,13.289473684210526,55.0,53.0,0.45931477516059954,,,,False
Josh Sargent,USA,"FW,MF",Norwich City,21,2000,26,18,1572,17.5,2,1,3,2,0,0,1,0,0.11428571428571428,0.05714285714285714,0.17142857142857143,0.11428571428571428,0.17142857142857143,False,2021-22,2021,0.17142857142857143,1,1572,,,0.17142857142857143,,,441,,,,,,,,,,,,False
Joshua Acheampong,England,DF,Chelsea,17,2006,1,0,6,0.1,0,0,0,0,0,0,0,0,0.0,0.0,0.0,0.0,0.0,False,2023-24,2023,0.0,1,6,,,0.0,,,289,38.0,59.0,14.421052631578947,5.657894736842105,14.631578947368421,77.0,63.0,0.4963768115942029,0.0,1.9,2024-25,False
Joshua Acheampong,England,DF,Chelsea,18,2006,4,2,170,1.9,0,0,0,0,0,0,1,0,0.0,0.0,0.0,0.0,0.0,False,2024-25,2024,0.0,2,176,6.0,164.0,0.0,0.0,,324,38.0,57.3421052631579,15.657894736842104,5.7368421052631575,10.447368421052632,64.0,43.0,0.5997983870967741,0.13513513513513511,7.4,2025-26,True
Joshua Acheampong,England,DF,Chelsea,19,2006,17,8,666,7.4,1,0,1,1,0,0,1,0,0.13513513513513511,0.0,0.13513513513513511,0.13513513513513511,0.13513513513513511,False,2025-26,2025,0.13513513513513511,3,842,170.0,496.0,0.09009009009009007,0.0,0.0,361,38.0,57.73684210526316,13.394736842105264,4.368421052631579,10.947368421052632,58.0,52.0,0.5502702702702702,,,,False
Joshua King,Norway,"FW,MF",Watford,29,1992,32,27,2248,25.0,5,3,8,4,1,1,5,0,0.2,0.12,0.32,0.16,0.28,False,2021-22,2021,0.32,1,2248,,,0.32,,,841,,,,,,,,,0.0,1.4,2024-25,False
Joshua King,England,MF,Fulham,17,2007,8,1,130,1.4,0,0,0,0,0,0,0,0,0.0,0.0,0.0,0.0,0.0,False,2024-25,2024,0.0,2,2378,2248.0,-2118.0,0.10666666666666669,0.32,,289,38.0,52.473684210526315,13.710526315789474,4.552631578947368,11.368421052631579,54.0,54.0,0.5466946484784889,0.20689655172413793,14.5,2025-26,True
Joshua King,England,MF,Fulham,18,2007,32,15,1308,14.5,1,2,3,1,0,0,4,0,0.06896551724137931,0.13793103448275862,0.20689655172413793,0.06896551724137931,0.20689655172413793,False,2025-26,2025,0.20689655172413793,3,3686,130.0,1178.0,0.17348659003831418,0.0,0.32,324,38.0,51.73684210526316,12.657894736842104,3.6315789473684212,11.789473684210526,47.0,51.0,0.5177610333692142,,,,False
Joshua Zirkzee,Netherlands,"FW,MF",Manchester Utd,23,2001,32,14,1402,15.6,3,1,4,3,0,0,2,0,0.19230769230769232,0.06410256410256411,0.25641025641025644,0.19230769230769232,0.25641025641025644,False,2024-25,2024,0.25641025641025644,1,1402,,,0.25641025641025644,,,529,38.0,53.55263157894737,13.868421052631579,4.605263157894737,10.921052631578947,44.0,54.0,0.559447983014862,0.42857142857142855,7.0,2025-26,True
Joshua Zirkzee,Netherlands,"FW,MF",Manchester Utd,24,2001,24,5,626,7.0,2,1,3,2,0,0,3,0,0.2857142857142857,0.14285714285714285,0.42857142857142855,0.2857142857142857,0.42857142857142855,False,2025-26,2025,0.42857142857142855,2,2028,1402.0,-776.0,0.3711843711843712,0.25641025641025644,,576,38.0,51.921052631578945,15.657894736842104,5.657894736842105,11.578947368421053,69.0,50.0,0.5748792270531401,,,,False
José Sá,Portugal,GK,Wolves,28,1993,37,37,3285,36.5,0,1,1,0,0,0,3,0,0.0,0.0273972602739726,0.0273972602739726,0.0,0.0273972602739726,False,2021-22,2021,0.0273972602739726,1,3285,,,0.0273972602739726,,,784,,,,,,,,,0.0,36.0,2022-23,True
José Sá,Portugal,GK,Wolves,29,1993,36,36,3240,36.0,0,0,0,0,0,0,2,0,0.0,0.0,0.0,0.0,0.0,False,2022-23,2022,0.0,2,6525,3285.0,-45.0,0.009132420091324202,0.0273972602739726,,841,,,,,,,,,0.029673590504451036,33.7,2023-24,True
José Sá,Portugal,GK,Wolves,30,1993,35,35,3037,33.7,0,1,1,0,0,0,1,0,0.0,0.029673590504451036,0.029673590504451036,0.0,0.029673590504451036,False,2023-24,2023,0.029673590504451036,3,9562,3240.0,-203.0,0.022826533700075424,0.0,0.0273972602739726,900,,,,,,,,,0.0,29.0,2024-25,True
José Sá,Portugal,GK,Wolves,31,1993,29,29,2609,29.0,0,0,0,0,0,0,2,0,0.0,0.0,0.0,0.0,0.0,False,2024-25,2024,0.0,4,12171,3037.0,-428.0,0.007608844566691809,0.029673590504451036,0.0,961,,,,,,,,,0.0,23.0,2025-26,True
José Sá,Portugal,GK,Wolves,32,1993,23,23,2070,23.0,0,0,0,0,0,0,2,0,0.0,0.0,0.0,0.0,0.0,False,2025-26,2025,0.0,5,14241,2609.0,-539.0,0.0025362815222306034,0.0,0.029673590504451036,1024,,,,,,,,,,,,False
Jota Silva,Portugal,MF,Nottingham,24,1999,31,5,854,9.5,3,1,4,3,0,0,5,0,0.3157894736842105,0.10526315789473684,0.42105263157894735,0.3157894736842105,0.42105263157894735,False,2024-25,2024,0.42105263157894735,1,854,,,0.42105263157894735,,,576,38.0,40.921052631578945,12.18421052631579,4.368421052631579,13.973684210526315,58.0,46.0,0.4657947686116701,0.0,0.1,2025-26,False
Jota Silva,Portugal,FW,Nottingham,25,1999,1,0,12,0.1,0,0,0,0,0,0,0,0,0.0,0.0,0.0,0.0,0.0,False,2025-26,2025,0.0,2,866,854.0,-842.0,0.14035087719298248,0.42105263157894735,,625,38.0,46.8421052631579,12.526315789473685,4.105263157894737,13.289473684210526,48.0,51.0,0.48521916411824667,,,,False
João Cancelo,Portugal,DF,Manchester City,27,1994,36,36,3227,35.9,1,7,8,1,0,0,7,0,0.02785515320334262,0.19498607242339833,0.22284122562674097,0.02785515320334262,0.22284122562674097,False,2021-22,2021,0.22284122562674097,1,3227,,,0.22284122562674097,,,729,38.0,68.5,18.763157894736842,6.657894736842105,6.2368421052631575,99.0,26.0,0.7505263157894737,0.21126760563380284,14.2,2022-23,True
João Cancelo,Portugal,DF,Manchester City,28,1994,17,16,1274,14.2,2,1,3,2,0,0,3,1,0.14084507042253522,0.07042253521126761,0.21126760563380284,0.14084507042253522,0.21126760563380284,False,2022-23,2022,0.21126760563380284,2,4501,3227.0,-1953.0,0.21512547896478224,0.22284122562674097,,784,38.0,65.34210526315789,15.789473684210526,5.7631578947368425,7.7105263157894735,94.0,33.0,0.6718924972004479,,,,False
João Félix,Portugal,"FW,MF",Chelsea,22,1999,16,11,941,10.5,4,0,4,4,0,0,1,1,0.38095238095238093,0.0,0.38095238095238093,0.38095238095238093,0.38095238095238093,False,2022-23,2022,0.38095238095238093,1,941,,,0.38095238095238093,,,484,38.0,59.026315789473685,12.736842105263158,4.157894736842105,11.526315789473685,38.0,47.0,0.5249457700650759,0.48780487804878053,4.1,2024-25,True
João Félix,Portugal,MF,Chelsea,24,1999,12,3,369,4.1,1,1,2,1,0,0,2,0,0.24390243902439027,0.24390243902439027,0.48780487804878053,0.24390243902439027,0.48780487804878053,False,2024-25,2024,0.48780487804878053,2,1310,941.0,-572.0,0.4521873790166473,0.38095238095238093,,576,38.0,57.3421052631579,15.657894736842104,5.7368421052631575,10.447368421052632,64.0,43.0,0.5997983870967741,,,,False
João Gomes,Brazil,MF,Wolves,21,2001,11,7,653,7.3,1,0,1,1,0,0,5,0,0.136986301369863,0.0,0.136986301369863,0.136986301369863,0.136986301369863,False,2022-23,2022,0.136986301369863,1,653,,,0.136986301369863,,,441,,,,,,,,,0.10204081632653061,29.4,2023-24,True
João Gomes,Brazil,MF,Wolves,22,2001,34,32,2649,29.4,2,1,3,2,0,0,11,0,0.06802721088435375,0.034013605442176874,0.10204081632653061,0.06802721088435375,0.10204081632653061,False,2023-24,2023,0.10204081632653061,2,3302,653.0,1996.0,0.11368931134097474,0.136986301369863,,484,,,,,,,,,0.12121212121212122,33.0,2024-25,True
João Gomes,Brazil,MF,Wolves,23,2001,36,35,2974,33.0,3,1,4,3,0,0,11,1,0.09090909090909091,0.030303030303030304,0.12121212121212122,0.09090909090909091,0.12121212121212122,False,2024-25,2024,0.12121212121212122,3,6276,2649.0,325.0,0.11870451792173906,0.10204081632653061,0.136986301369863,529,,,,,,,,,0.06369426751592357,31.4,2025-26,True
João Gomes,Brazil,MF,Wolves,24,2001,35,32,2829,31.4,1,1,2,1,0,0,10,0,0.03184713375796178,0.03184713375796178,0.06369426751592357,0.03184713375796178,0.06369426751592357,False,2025-26,2025,0.06369426751592357,4,9105,2974.0,-145.0,0.0820310176511954,0.12121212121212122,0.10204081632653061,576,,,,,,,,,,,,False
João Moutinho,Portugal,MF,Wolves,34,1986,35,34,2970,33.0,2,1,3,2,0,0,4,0,0.06060606060606061,0.030303030303030304,0.09090909090909091,0.06060606060606061,0.09090909090909091,False,2021-22,2021,0.09090909090909091,1,2970,,,0.09090909090909091,,,1156,,,,,,,,,0.10101010101010101,19.8,2022-23,True
João Moutinho,Portugal,MF,Wolves,35,1986,31,20,1780,19.8,0,2,2,0,0,0,3,0,0.0,0.10101010101010101,0.10101010101010101,0.0,0.10101010101010101,False,2022-23,2022,0.10101010101010101,2,4750,2970.0,-1190.0,0.09764309764309764,0.09090909090909091,,1225,,,,,,,,,,,,False
João Palhinha,Portugal,MF,Fulham,27,1995,35,35,3108,34.5,3,0,3,3,0,0,14,0,0.08695652173913043,0.0,0.08695652173913043,0.08695652173913043,0.08695652173913043,False,2022-23,2022,0.08695652173913043,1,3108,,,0.08695652173913043,,,729,38.0,48.68421052631579,11.289473684210526,3.8947368421052633,13.289473684210526,55.0,53.0,0.45931477516059954,0.16666666666666666,30.0,2023-24,True
João Palhinha,Portugal,MF,Fulham,28,1995,33,31,2699,30.0,4,1,5,4,0,0,13,0,0.13333333333333333,0.03333333333333333,0.16666666666666666,0.13333333333333333,0.16666666666666666,False,2023-24,2023,0.16666666666666666,2,5807,3108.0,-409.0,0.14009661835748793,0.08695652173913043,,784,38.0,50.73684210526316,13.157894736842104,4.7105263157894735,13.763157894736842,55.0,61.0,0.4887585532746823,0.2868852459016394,24.4,2025-26,True
João Palhinha,Portugal,MF,Tottenham,30,1995,33,23,2198,24.4,5,2,7,5,0,0,8,0,0.20491803278688525,0.0819672131147541,0.2868852459016394,0.20491803278688525,0.2868852459016394,False,2025-26,2025,0.2868852459016394,3,8005,2699.0,-501.0,0.23795570338692223,0.16666666666666666,0.08695652173913043,900,38.0,50.421052631578945,11.447368421052632,3.8421052631578947,12.289473684210526,48.0,57.0,0.4822616407982262,,,,False
João Pedro,Brazil,"FW,MF",Watford,19,2001,28,15,1644,18.3,3,1,4,3,0,0,1,0,0.16393442622950818,0.0546448087431694,0.2185792349726776,0.16393442622950818,0.2185792349726776,False,2021-22,2021,0.2185792349726776,1,1644,,,0.2185792349726776,,,361,,,,,,,,,0.5286343612334802,22.7,2023-24,True
João Pedro,Brazil,"MF,FW",Brighton,21,2001,31,19,2045,22.7,9,3,12,5,4,5,2,0,0.39647577092511016,0.13215859030837004,0.5286343612334802,0.22026431718061676,0.35242290748898675,False,2023-24,2023,0.5286343612334802,2,3689,1644.0,401.0,0.4252826524798793,0.2185792349726776,,441,38.0,60.3421052631579,14.789473684210526,5.473684210526316,12.289473684210526,55.0,62.0,0.5461613216715258,0.7407407407407407,21.6,2024-25,True
João Pedro,Brazil,"FW,MF",Brighton,22,2001,27,23,1948,21.6,10,6,16,5,5,5,4,1,0.4629629629629629,0.27777777777777773,0.7407407407407407,0.23148148148148145,0.5092592592592593,False,2024-25,2024,0.7407407407407407,3,5637,2045.0,-97.0,0.6355880446537869,0.5286343612334802,0.2185792349726776,484,38.0,52.63157894736842,14.026315789473685,5.026315789473684,11.236842105263158,66.0,59.0,0.5552083333333333,0.6756756756756757,29.6,2025-26,True
João Pedro,Brazil,"FW,MF",Chelsea,23,2001,35,31,2661,29.6,15,5,20,15,0,0,5,0,0.5067567567567567,0.16891891891891891,0.6756756756756757,0.5067567567567567,0.6756756756756757,False,2025-26,2025,0.6756756756756757,4,8298,1948.0,713.0,0.6623131320017127,0.7407407407407407,0.5286343612334802,529,38.0,57.73684210526316,13.394736842105264,4.368421052631579,10.947368421052632,58.0,52.0,0.5502702702702702,,,,False
Joél Drakes-Thomas,England,MF,Crystal Palace,16,2009,2,0,9,0.1,0,0,0,0,0,0,0,0,0.0,0.0,0.0,0.0,0.0,False,2025-26,2025,0.0,1,9,,,0.0,,,256,38.0,45.89473684210526,11.631578947368421,3.710526315789474,11.710526315789474,41.0,51.0,0.49830890642615555,,,,False
Joël Matip,Cameroon,DF,Liverpool,29,1991,31,31,2790,31.0,3,3,6,3,0,0,2,0,0.0967741935483871,0.0967741935483871,0.1935483870967742,0.0967741935483871,0.1935483870967742,False,2021-22,2021,0.1935483870967742,1,2790,,,0.1935483870967742,,,841,38.0,63.3421052631579,19.18421052631579,6.7631578947368425,7.7894736842105265,94.0,26.0,0.7112195121951219,0.08264462809917356,12.1,2022-23,True
Joël Matip,Cameroon,DF,Liverpool,30,1991,14,12,1092,12.1,1,0,1,1,0,0,3,0,0.08264462809917356,0.0,0.08264462809917356,0.08264462809917356,0.08264462809917356,False,2022-23,2022,0.08264462809917356,2,3882,2790.0,-1698.0,0.11961254776504045,0.1935483870967742,,900,38.0,61.10526315789474,15.921052631578947,5.578947368421052,9.710526315789474,75.0,47.0,0.6211498973305954,0.0,8.7,2023-24,True
Joël Matip,Cameroon,DF,Liverpool,31,1991,10,9,781,8.7,0,0,0,0,0,0,2,0,0.0,0.0,0.0,0.0,0.0,False,2023-24,2023,0.0,3,4663,1092.0,-311.0,0.03987084925501349,0.08264462809917356,0.1935483870967742,961,38.0,61.78947368421053,20.789473684210527,7.2894736842105265,10.894736842105264,86.0,41.0,0.6561461794019934,,,,False
Joël Piroe,Suriname,FW,Leeds United,25,1999,16,2,258,2.9,0,0,0,0,0,0,0,0,0.0,0.0,0.0,0.0,0.0,False,2025-26,2025,0.0,1,258,,,0.0,,,625,38.0,45.73684210526316,12.552631578947368,3.973684210526316,12.526315789473685,49.0,56.0,0.5005246589716683,,,,False
Joël Veltman,Netherlands,"DF,MF",Brighton,29,1992,34,33,2874,31.9,1,1,2,1,0,0,6,0,0.031347962382445145,0.031347962382445145,0.06269592476489029,0.031347962382445145,0.06269592476489029,False,2021-22,2021,0.06269592476489029,1,2874,,,0.06269592476489029,,,841,38.0,54.73684210526316,12.868421052631579,4.0,12.526315789473685,42.0,44.0,0.5067357512953368,0.0823045267489712,24.3,2022-23,True
Joël Veltman,Netherlands,DF,Brighton,30,1992,31,25,2188,24.3,1,1,2,1,0,0,6,0,0.0411522633744856,0.0411522633744856,0.0823045267489712,0.0411522633744856,0.0823045267489712,False,2022-23,2022,0.0823045267489712,2,5062,2874.0,-686.0,0.07576832608761089,0.06269592476489029,,900,38.0,60.526315789473685,16.105263157894736,6.078947368421052,10.210526315789474,72.0,53.0,0.612,0.11363636363636363,17.6,2023-24,True
Joël Veltman,Netherlands,DF,Brighton,31,1992,27,17,1588,17.6,1,1,2,1,0,0,4,0,0.056818181818181816,0.056818181818181816,0.11363636363636363,0.056818181818181816,0.11363636363636363,False,2023-24,2023,0.11363636363636363,3,6650,2188.0,-600.0,0.10101368445344605,0.0823045267489712,0.06269592476489029,961,38.0,60.3421052631579,14.789473684210526,5.473684210526316,12.289473684210526,55.0,62.0,0.5461613216715258,0.0,18.9,2024-25,True
Joël Veltman,Netherlands,DF,Brighton,32,1992,21,19,1697,18.9,0,0,0,0,0,0,5,0,0.0,0.0,0.0,0.0,0.0,False,2024-25,2024,0.0,4,8347,1588.0,109.0,0.03367122815114869,0.11363636363636363,0.0823045267489712,1024,38.0,52.63157894736842,14.026315789473685,5.026315789473684,11.236842105263158,66.0,59.0,0.5552083333333333,0.0847457627118644,11.8,2025-26,True
Joël Veltman,Netherlands,DF,Brighton,33,1992,24,9,1058,11.8,1,0,1,1,0,0,5,0,0.0847457627118644,0.0,0.0847457627118644,0.0847457627118644,0.0847457627118644,False,2025-26,2025,0.0847457627118644,5,9405,1697.0,-639.0,0.0677209178582925,0.0,0.11363636363636363,1089,38.0,53.94736842105263,13.0,4.631578947368421,11.68421052631579,52.0,46.0,0.5266524520255864,,,,False
Joško Gvardiol,Croatia,DF,Manchester City,21,2002,28,26,2328,25.9,4,1,5,4,0,0,3,0,0.15444015444015444,0.03861003861003861,0.19305019305019305,0.15444015444015444,0.19305019305019305,False,2023-24,2023,0.19305019305019305,1,2328,,,0.19305019305019305,,,441,38.0,65.73684210526316,18.263157894736842,7.315789473684211,7.7368421052631575,96.0,34.0,0.7024291497975709,0.13736263736263737,36.4,2024-25,True
Joško Gvardiol,Croatia,DF,Manchester City,22,2002,37,36,3277,36.4,5,0,5,5,0,0,2,0,0.13736263736263737,0.0,0.13736263736263737,0.13736263736263737,0.13736263736263737,False,2024-25,2024,0.13736263736263737,2,5605,2328.0,949.0,0.15592515592515593,0.19305019305019305,,484,38.0,61.73684210526316,16.0,5.7105263157894735,9.31578947368421,72.0,44.0,0.6320166320166319,0.2631578947368421,15.2,2025-26,True
Joško Gvardiol,Croatia,DF,Manchester City,23,2002,18,16,1372,15.2,2,2,4,2,0,0,2,0,0.13157894736842105,0.13157894736842105,0.2631578947368421,0.13157894736842105,0.2631578947368421,False,2025-26,2025,0.2631578947368421,3,6977,3277.0,-1905.0,0.22741364846628004,0.13736263736263737,0.19305019305019305,529,38.0,60.6578947368421,15.657894736842104,5.394736842105263,9.710526315789474,77.0,35.0,0.617219917012448,,,,False
Juan Larios,Spain,DF,Southampton,18,2004,5,2,152,1.7,0,0,0,0,0,0,0,0,0.0,0.0,0.0,0.0,0.0,False,2022-23,2022,0.0,1,152,,,0.0,,,324,,,,,,,,,,,,False
Juan Mata,Spain,MF,Manchester Utd,33,1988,7,2,235,2.6,0,0,0,0,0,0,0,0,0.0,0.0,0.0,0.0,0.0,False,2021-22,2021,0.0,1,235,,,0.0,,,1089,38.0,52.921052631578945,13.368421052631579,4.921052631578948,13.447368421052632,57.0,57.0,0.4985279685966634,,,,False
Julian Araujo,Mexico,DF,Bournemouth,22,2001,12,7,497,5.5,0,0,0,0,0,0,2,0,0.0,0.0,0.0,0.0,0.0,False,2024-25,2024,0.0,1,497,,,0.0,,,484,38.0,48.578947368421055,15.263157894736842,5.315789473684211,12.842105263157896,58.0,46.0,0.5430711610486891,,,,False
Julio Enciso,Paraguay,"MF,FW",Brighton,18,2004,20,7,806,9.0,4,2,6,4,0,0,1,0,0.4444444444444444,0.2222222222222222,0.6666666666666666,0.4444444444444444,0.6666666666666666,False,2022-23,2022,0.6666666666666666,1,806,,,0.6666666666666666,,,324,38.0,60.526315789473685,16.105263157894736,6.078947368421052,10.210526315789474,72.0,53.0,0.612,0.37735849056603776,5.3,2023-24,True
Julio Enciso,Paraguay,MF,Brighton,19,2004,12,5,475,5.3,0,2,2,0,0,0,2,0,0.0,0.37735849056603776,0.37735849056603776,0.0,0.37735849056603776,False,2023-24,2023,0.37735849056603776,2,1281,806.0,-331.0,0.4737945492662474,0.6666666666666666,,361,38.0,60.3421052631579,14.789473684210526,5.473684210526316,12.289473684210526,55.0,62.0,0.5461613216715258,,,,False
Julio EncisoJulio Enciso,Paraguay,MF,Ipswich Town,20,2004,25,14,1163,13.0,2,3,5,2,0,0,3,0,0.15384615384615385,0.23076923076923078,0.38461538461538464,0.15384615384615385,0.38461538461538464,False,2024-25,2024,0.38461538461538464,1,1163,,,0.38461538461538464,,,400,38.0,40.39473684210526,9.894736842105264,3.3421052631578947,15.973684210526315,36.0,82.0,0.38250254323499494,,,,False
Julio Soler,Argentina,DF,Bournemouth,19,2005,3,0,11,0.1,0,0,0,0,0,0,0,0,0.0,0.0,0.0,0.0,0.0,False,2024-25,2024,0.0,1,11,,,0.0,,,361,38.0,48.578947368421055,15.263157894736842,5.315789473684211,12.842105263157896,58.0,46.0,0.5430711610486891,0.0,0.4,2025-26,False
Julio Soler,Argentina,DF,Bournemouth,20,2005,3,0,35,0.4,0,0,0,0,0,0,0,0,0.0,0.0,0.0,0.0,0.0,False,2025-26,2025,0.0,2,46,11.0,24.0,0.0,0.0,,400,38.0,50.078947368421055,13.842105263157896,4.684210526315789,12.631578947368421,58.0,54.0,0.5228628230616302,,,,False
Julián Álvarez,Argentina,"MF,FW",Manchester City,22,2000,31,13,1465,16.3,9,0,9,8,1,1,0,0,0.5521472392638036,0.0,0.5521472392638036,0.49079754601226994,0.4907975460122699,False,2022-23,2022,0.5521472392638036,1,1465,,,0.5521472392638036,,,484,38.0,65.34210526315789,15.789473684210526,5.7631578947368425,7.7105263157894735,94.0,33.0,0.6718924972004479,0.6462585034013606,29.4,2023-24,True
Julián Álvarez,Argentina,"MF,FW",Manchester City,23,2000,36,31,2647,29.4,11,8,19,9,2,2,2,0,0.3741496598639456,0.272108843537415,0.6462585034013606,0.30612244897959184,0.5782312925170069,False,2023-24,2023,0.6462585034013606,2,4112,1465.0,1182.0,0.6148880820221749,0.5521472392638036,,529,38.0,65.73684210526316,18.263157894736842,7.315789473684211,7.7368421052631575,96.0,34.0,0.7024291497975709,,,,False
Jun'ai Byfield,England,DF,Tottenham,16,2008,1,0,1,0.0,0,0,0,0,0,0,0,0,0.0,0.0,0.0,0.0,0.0,False,2025-26,2025,0.0,1,1,,,0.0,,,256,38.0,50.421052631578945,11.447368421052632,3.8421052631578947,12.289473684210526,48.0,57.0,0.4822616407982262,,,,False
Junior Firpo,do DOM,"DF,MF",Leeds United,24,1996,24,19,1711,19.0,0,2,2,0,0,0,11,0,0.0,0.10526315789473684,0.10526315789473684,0.0,0.10526315789473684,False,2021-22,2021,0.10526315789473684,1,1711,,,0.10526315789473684,,,576,38.0,52.473684210526315,12.736842105263158,4.052631578947368,15.289473684210526,42.0,79.0,0.4544600938967136,0.13157894736842105,15.2,2022-23,True
Junior Firpo,do DOM,DF,Leeds United,25,1996,19,14,1368,15.2,1,1,2,1,0,0,6,1,0.06578947368421052,0.06578947368421052,0.13157894736842105,0.06578947368421052,0.13157894736842105,False,2022-23,2022,0.13157894736842105,2,3079,1711.0,-343.0,0.12280701754385964,0.10526315789473684,,625,38.0,46.94736842105263,12.157894736842104,3.8157894736842106,13.868421052631579,48.0,78.0,0.4671385237613751,,,,False
Junior Stanislas,England,MF,Bournemouth,32,1989,4,0,61,0.7,0,0,0,0,0,0,0,0,0.0,0.0,0.0,0.0,0.0,False,2022-23,2022,0.0,1,61,,,0.0,,,1024,38.0,40.078947368421055,9.394736842105264,3.5,16.473684210526315,37.0,71.0,0.3631739572736521,,,,False
Juraj Kucka,Slovakia,MF,Watford,34,1987,26,22,1920,21.3,1,1,2,1,0,0,5,1,0.046948356807511735,0.046948356807511735,0.09389671361502347,0.046948356807511735,0.09389671361502347,False,2021-22,2021,0.09389671361502347,1,1920,,,0.09389671361502347,,,1156,,,,,,,,,,,,False
Jurriën Timber,Netherlands,DF,Arsenal,22,2001,2,1,71,0.8,0,0,0,0,0,0,2,0,0.0,0.0,0.0,0.0,0.0,False,2023-24,2023,0.0,1,71,,,0.0,,,484,38.0,58.63157894736842,17.263157894736842,5.973684210526316,8.473684210526315,91.0,29.0,0.6707566462167689,0.14869888475836432,26.9,2024-25,True
Jurriën Timber,Netherlands,DF,Arsenal,23,2001,30,27,2417,26.9,1,3,4,1,0,0,7,0,0.03717472118959108,0.11152416356877325,0.14869888475836432,0.03717472118959108,0.14869888475836432,False,2024-25,2024,0.14869888475836432,2,2488,71.0,2346.0,0.09913258983890955,0.0,,529,38.0,57.18421052631579,14.394736842105264,4.947368421052632,9.526315789473685,69.0,34.0,0.6017601760176018,0.29304029304029305,27.3,2025-26,True
Jurriën Timber,Netherlands,DF,Arsenal,24,2001,30,28,2454,27.3,3,5,8,3,0,0,5,0,0.10989010989010989,0.18315018315018314,0.29304029304029305,0.10989010989010989,0.29304029304029305,False,2025-26,2025,0.29304029304029305,3,4942,2417.0,37.0,0.2284043919731652,0.14869888475836432,0.0,576,38.0,56.44736842105263,14.526315789473685,4.894736842105263,8.157894736842104,71.0,27.0,0.640371229698376,,,,False
Justin Devenny,Northern Ireland,MF,Crystal Palace,20,2003,23,4,507,5.6,1,1,2,1,0,0,1,0,0.17857142857142858,0.17857142857142858,0.35714285714285715,0.17857142857142858,0.35714285714285715,False,2024-25,2024,0.35714285714285715,1,507,,,0.35714285714285715,,,400,38.0,42.5,13.552631578947368,4.894736842105263,12.710526315789474,51.0,51.0,0.5160320641282565,0.11363636363636363,8.8,2025-26,True
Justin Devenny,Northern Ireland,"MF,FW",Crystal Palace,21,2003,21,7,796,8.8,1,0,1,0,1,1,0,0,0.11363636363636363,0.0,0.11363636363636363,0.0,0.0,False,2025-26,2025,0.11363636363636363,2,1303,507.0,289.0,0.19480519480519481,0.35714285714285715,,441,38.0,45.89473684210526,11.631578947368421,3.710526315789474,11.710526315789474,41.0,51.0,0.49830890642615555,,,,False
Justin Kluivert,Netherlands,MF,Bournemouth,24,1999,32,26,1916,21.3,7,1,8,7,0,0,5,0,0.32863849765258213,0.046948356807511735,0.3755868544600939,0.32863849765258213,0.3755868544600939,False,2023-24,2023,0.3755868544600939,1,1916,,,0.3755868544600939,,,576,38.0,44.05263157894737,14.263157894736842,4.868421052631579,13.973684210526315,54.0,67.0,0.5051258154706431,0.6923076923076923,26.0,2024-25,True
Justin Kluivert,Netherlands,MF,Bournemouth,25,1999,34,29,2340,26.0,12,6,18,6,6,6,8,0,0.46153846153846156,0.23076923076923078,0.6923076923076923,0.23076923076923078,0.4615384615384615,False,2024-25,2024,0.6923076923076923,2,4256,1916.0,424.0,0.5867340796918261,0.3755868544600939,,625,38.0,48.578947368421055,15.263157894736842,5.315789473684211,12.842105263157896,58.0,46.0,0.5430711610486891,0.18867924528301888,10.6,2025-26,True
Justin Kluivert,Netherlands,MF,Bournemouth,26,1999,20,10,952,10.6,2,0,2,2,0,0,5,0,0.18867924528301888,0.0,0.18867924528301888,0.18867924528301888,0.18867924528301888,False,2025-26,2025,0.18867924528301888,3,5208,2340.0,-1388.0,0.3213641900859546,0.6923076923076923,0.3755868544600939,676,38.0,50.078947368421055,13.842105263157896,4.684210526315789,12.631578947368421,58.0,54.0,0.5228628230616302,,,,False
Jáder Durán,Colombia,FW,Aston Villa,18,2003,12,0,136,1.5,0,0,0,0,0,0,1,0,0.0,0.0,0.0,0.0,0.0,False,2022-23,2022,0.0,1,136,,,0.0,,,324,38.0,49.44736842105263,11.31578947368421,3.973684210526316,11.289473684210526,51.0,46.0,0.5005820721769499,0.9433962264150944,5.3,2023-24,True
Jáder Durán,Colombia,FW,Aston Villa,19,2003,23,3,475,5.3,5,0,5,5,0,0,5,0,0.9433962264150944,0.0,0.9433962264150944,0.9433962264150944,0.9433962264150944,False,2023-24,2023,0.9433962264150944,2,611,136.0,339.0,0.6289308176100629,0.0,,361,38.0,53.421052631578945,13.5,5.0,11.947368421052632,76.0,61.0,0.5305067218200621,0.9859154929577465,7.1,2024-25,True
Jáder Durán,Colombia,FW,Aston Villa,20,2003,20,4,638,7.1,7,0,7,7,0,0,3,1,0.9859154929577465,0.0,0.9859154929577465,0.9859154929577465,0.9859154929577465,False,2024-25,2024,0.9859154929577465,3,1249,475.0,163.0,0.8669206011751852,0.9433962264150944,0.0,400,38.0,50.71052631578947,12.736842105263158,4.473684210526316,12.18421052631579,58.0,51.0,0.5110876451953538,,,,False
Jóhann Berg Guðmundsson,Iceland,MF,Burnley,30,1990,18,13,1102,12.2,0,1,1,0,0,0,2,0,0.0,0.0819672131147541,0.0819672131147541,0.0,0.0819672131147541,False,2021-22,2021,0.0819672131147541,1,1102,,,0.0819672131147541,,,900,,,,,,,,,0.30303030303030304,13.2,2023-24,True
Jóhann Berg Guðmundsson,Iceland,MF,Burnley,32,1990,26,12,1192,13.2,1,3,4,1,0,0,2,0,0.07575757575757576,0.2272727272727273,0.30303030303030304,0.07575757575757576,0.30303030303030304,False,2023-24,2023,0.30303030303030304,2,2294,1102.0,90.0,0.22934260639178672,0.0819672131147541,,1024,,,,,,,,,,,,False
Jørgen Strand Larsen,Norway,FW,Wolves,24,2000,35,30,2587,28.7,14,4,18,14,0,0,4,0,0.4878048780487805,0.13937282229965156,0.6271777003484321,0.4878048780487805,0.6271777003484321,False,2024-25,2024,0.6271777003484321,1,2587,,,0.6271777003484321,,,576,,,,,,,,,,,,False
Jørgen Strand LarsenJørgen Strand Larsen,Norway,FW,Wolves,25,2000,36,26,2307,25.6,4,1,5,3,1,2,4,0,0.15625,0.0390625,0.1953125,0.1171875,0.15625,False,2025-26,2025,0.1953125,1,2307,,,0.1953125,,,625,,,,,,,,,,,,False
Jürgen Locadia,Curacao,FW,Brighton,27,1993,1,0,23,0.3,0,0,0,0,0,0,0,0,0.0,0.0,0.0,0.0,0.0,False,2021-22,2021,0.0,1,23,,,0.0,,,729,38.0,54.73684210526316,12.868421052631579,4.0,12.526315789473685,42.0,44.0,0.5067357512953368,,,,False
Kaden Rodney,England,"DF,MF",Crystal Palace,20,2004,1,0,4,0.0,0,0,0,0,0,0,0,0,0.0,0.0,0.0,0.0,0.0,False,2025-26,2025,0.0,1,4,,,0.0,,,400,38.0,45.89473684210526,11.631578947368421,3.710526315789474,11.710526315789474,41.0,51.0,0.49830890642615555,,,,False
Kaelan Casey,England,DF,West Ham,18,2004,1,0,1,0.0,0,0,0,0,0,0,0,0,0.0,0.0,0.0,0.0,0.0,False,2023-24,2023,0.0,1,1,,,0.0,,,324,,,,,,,,,0.0,0.0,2024-25,False
Kaelan Casey,England,DF,West Ham,19,2004,1,0,1,0.0,0,0,0,0,0,0,0,0,0.0,0.0,0.0,0.0,0.0,False,2024-25,2024,0.0,2,2,1.0,0.0,0.0,0.0,,361,,,,,,,,,,,,False
Kai Havertz,Germany,"FW,MF",Chelsea,22,1999,29,22,1809,20.1,8,3,11,8,0,0,3,0,0.3980099502487562,0.14925373134328357,0.5472636815920398,0.3980099502487562,0.5472636815920398,False,2021-22,2021,0.5472636815920398,1,1809,,,0.5472636815920398,,,484,38.0,62.3421052631579,15.578947368421053,5.552631578947368,8.921052631578947,76.0,33.0,0.635875402792696,0.2807017543859649,28.5,2022-23,True
Kai Havertz,Germany,"FW,MF",Chelsea,23,1999,35,30,2569,28.5,7,1,8,6,1,1,5,0,0.24561403508771928,0.03508771929824561,0.2807017543859649,0.21052631578947367,0.24561403508771928,False,2022-23,2022,0.2807017543859649,2,4378,1809.0,760.0,0.3695557301213232,0.5472636815920398,,529,38.0,59.026315789473685,12.736842105263158,4.157894736842105,11.526315789473685,38.0,47.0,0.5249457700650759,0.68259385665529,29.3,2023-24,True
Kai Havertz,Germany,"MF,FW",Arsenal,24,1999,37,30,2634,29.3,13,7,20,12,1,1,11,0,0.44368600682593856,0.23890784982935154,0.68259385665529,0.40955631399317405,0.6484641638225256,False,2023-24,2023,0.68259385665529,3,7012,2569.0,65.0,0.5782478144773011,0.2807017543859649,0.5472636815920398,576,38.0,58.63157894736842,17.263157894736842,5.973684210526316,8.473684210526315,91.0,29.0,0.6707566462167689,0.5769230769230769,20.8,2024-25,True
Kai Havertz,Germany,FW,Arsenal,25,1999,23,21,1875,20.8,9,3,12,9,0,0,5,0,0.43269230769230765,0.14423076923076922,0.5769230769230769,0.43269230769230765,0.5769230769230769,False,2024-25,2024,0.5769230769230769,4,8887,2634.0,-759.0,0.5773646561078183,0.68259385665529,0.2807017543859649,625,38.0,57.18421052631579,14.394736842105264,4.947368421052632,9.526315789473685,69.0,34.0,0.6017601760176018,0.7692307692307693,6.5,2025-26,True
Kai Havertz,Germany,"FW,MF",Arsenal,26,1999,12,7,581,6.5,2,3,5,2,0,0,1,0,0.3076923076923077,0.46153846153846156,0.7692307692307693,0.3076923076923077,0.7692307692307693,False,2025-26,2025,0.7692307692307693,5,9468,1875.0,-1294.0,0.7052753981897856,0.5769230769230769,0.68259385665529,676,38.0,56.44736842105263,14.526315789473685,4.894736842105263,8.157894736842104,71.0,27.0,0.640371229698376,,,,False
Kaide Gordon,England,FW,Liverpool,16,2004,1,0,9,0.1,0,0,0,0,0,0,0,0,0.0,0.0,0.0,0.0,0.0,False,2021-22,2021,0.0,1,9,,,0.0,,,256,38.0,63.3421052631579,19.18421052631579,6.7631578947368425,7.7894736842105265,94.0,26.0,0.7112195121951219,0.0,0.0,2023-24,False
Kaide Gordon,England,FW,Liverpool,18,2004,1,0,1,0.0,0,0,0,0,0,0,0,0,0.0,0.0,0.0,0.0,0.0,False,2023-24,2023,0.0,2,10,9.0,-8.0,0.0,0.0,,324,38.0,61.78947368421053,20.789473684210527,7.2894736842105265,10.894736842105264,86.0,41.0,0.6561461794019934,,,,False
Kaine Kesler-Hayden,England,"DF,MF",Aston Villa,20,2002,3,0,6,0.1,0,0,0,0,0,0,0,0,0.0,0.0,0.0,0.0,0.0,False,2023-24,2023,0.0,1,6,,,0.0,,,400,38.0,53.421052631578945,13.5,5.0,11.947368421052632,76.0,61.0,0.5305067218200621,,,,False
Kalidou Koulibaly,Senegal,DF,Chelsea,31,1991,23,20,1800,20.0,2,1,3,2,0,0,7,1,0.1,0.05,0.15,0.1,0.15,False,2022-23,2022,0.15,1,1800,,,0.15,,,961,38.0,59.026315789473685,12.736842105263158,4.157894736842105,11.526315789473685,38.0,47.0,0.5249457700650759,,,,False
Kalvin Phillips,England,MF,Leeds United,25,1995,20,18,1596,17.7,0,1,1,0,0,0,4,0,0.0,0.05649717514124294,0.05649717514124294,0.0,0.05649717514124294,False,2021-22,2021,0.05649717514124294,1,1596,,,0.05649717514124294,,,625,38.0,52.473684210526315,12.736842105263158,4.052631578947368,15.289473684210526,42.0,79.0,0.4544600938967136,0.0,3.3,2022-23,True
Kalvin Phillips,England,"MF,DF",Manchester City,26,1995,12,2,300,3.3,0,0,0,0,0,0,1,0,0.0,0.0,0.0,0.0,0.0,False,2022-23,2022,0.0,2,1896,1596.0,-1296.0,0.018832391713747648,0.05649717514124294,,676,38.0,65.34210526315789,15.789473684210526,5.7631578947368425,7.7105263157894735,94.0,33.0,0.6718924972004479,0.0,13.7,2024-25,True
Kalvin Phillips,England,MF,Ipswich Town,28,1995,19,14,1237,13.7,0,0,0,0,0,0,6,1,0.0,0.0,0.0,0.0,0.0,False,2024-25,2024,0.0,3,3133,300.0,937.0,0.00627746390458255,0.0,0.05649717514124294,784,38.0,40.39473684210526,9.894736842105264,3.3421052631578947,15.973684210526315,36.0,82.0,0.38250254323499494,,,,False
Kalvin PhillipsKalvin Phillips,England,"DF,MF",West Ham,27,1995,12,3,402,4.4,0,0,0,0,0,0,3,1,0.0,0.0,0.0,0.0,0.0,False,2023-24,2023,0.0,1,402,,,0.0,,,729,,,,,,,,,,,,False
Kamaldeen Sulemana,Ghana,"FW,MF",Southampton,20,2002,18,10,966,10.7,2,1,3,2,0,0,1,0,0.1869158878504673,0.09345794392523366,0.28037383177570097,0.1869158878504673,0.28037383177570097,False,2022-23,2022,0.28037383177570097,1,966,,,0.28037383177570097,,,400,,,,,,,,,0.12820512820512822,15.6,2024-25,True
Kamaldeen Sulemana,Ghana,"FW,MF",Southampton,22,2002,26,17,1402,15.6,1,1,2,1,0,0,2,0,0.06410256410256411,0.06410256410256411,0.12820512820512822,0.06410256410256411,0.12820512820512822,False,2024-25,2024,0.12820512820512822,2,2368,966.0,436.0,0.17892802939531915,0.28037383177570097,,484,,,,,,,,,,,,False
Kami Doyle,England,MF,Southampton,16,2005,1,0,7,0.1,0,0,0,0,0,0,0,0,0.0,0.0,0.0,0.0,0.0,False,2022-23,2022,0.0,1,7,,,0.0,,,256,,,,,,,,,,,,False
Kaoru Mitoma,Japan,MF,Brighton,25,1997,33,24,2318,25.8,7,5,12,7,0,0,0,0,0.2713178294573643,0.19379844961240308,0.46511627906976744,0.2713178294573643,0.46511627906976744,False,2022-23,2022,0.46511627906976744,1,2318,,,0.46511627906976744,,,625,38.0,60.526315789473685,16.105263157894736,6.078947368421052,10.210526315789474,72.0,53.0,0.612,0.42424242424242425,16.5,2023-24,True
Kaoru Mitoma,Japan,"MF,FW",Brighton,26,1997,19,15,1486,16.5,3,4,7,3,0,0,4,0,0.18181818181818182,0.24242424242424243,0.42424242424242425,0.18181818181818182,0.42424242424242425,False,2023-24,2023,0.42424242424242425,2,3804,2318.0,-832.0,0.4378670425182053,0.46511627906976744,,676,38.0,60.3421052631579,14.789473684210526,5.473684210526316,12.289473684210526,55.0,62.0,0.5461613216715258,0.4844290657439447,28.9,2024-25,True
Kaoru Mitoma,Japan,MF,Brighton,27,1997,36,28,2603,28.9,10,4,14,10,0,0,1,0,0.34602076124567477,0.1384083044982699,0.4844290657439447,0.34602076124567477,0.4844290657439447,False,2024-25,2024,0.4844290657439447,3,6407,1486.0,1117.0,0.4689083913353649,0.42424242424242425,0.46511627906976744,729,38.0,52.63157894736842,14.026315789473685,5.026315789473684,11.236842105263158,66.0,59.0,0.5552083333333333,0.20942408376963348,19.1,2025-26,True
Kaoru Mitoma,Japan,"MF,FW",Brighton,28,1997,25,19,1721,19.1,3,1,4,3,0,0,5,0,0.15706806282722513,0.05235602094240837,0.20942408376963348,0.15706806282722513,0.20942408376963348,False,2025-26,2025,0.20942408376963348,4,8128,2603.0,-882.0,0.29591885295821063,0.4844290657439447,0.42424242424242425,784,38.0,53.94736842105263,13.0,4.631578947368421,11.68421052631579,52.0,46.0,0.5266524520255864,,,,False
Karl Darlow,Wales,GK,Newcastle,30,1990,8,8,720,8.0,0,0,0,0,0,0,1,0,0.0,0.0,0.0,0.0,0.0,False,2021-22,2021,0.0,1,720,,,0.0,,,900,38.0,39.94736842105263,11.789473684210526,3.8947368421052633,13.894736842105264,44.0,62.0,0.45901639344262296,0.0,22.0,2025-26,True
Karl Darlow,Wales,GK,Leeds United,34,1990,22,22,1980,22.0,0,0,0,0,0,0,1,0,0.0,0.0,0.0,0.0,0.0,False,2025-26,2025,0.0,2,2700,720.0,1260.0,0.0,0.0,,1156,38.0,45.73684210526316,12.552631578947368,3.973684210526316,12.526315789473685,49.0,56.0,0.5005246589716683,,,,False
Kasey McAteer,Ireland,MF,Leicester City,19,2001,1,0,3,0.0,0,0,0,0,0,0,0,0,0.0,0.0,0.0,0.0,0.0,False,2021-22,2021,0.0,1,3,,,0.0,,,361,,,,,,,,,0.21052631578947367,9.5,2024-25,True
Kasey McAteer,Ireland,MF,Leicester City,22,2001,18,9,852,9.5,1,1,2,1,0,0,3,0,0.10526315789473684,0.10526315789473684,0.21052631578947367,0.10526315789473684,0.21052631578947367,False,2024-25,2024,0.21052631578947367,2,855,3.0,849.0,0.14035087719298245,0.0,,484,,,,,,,,,,,,False
Kasper Schmeichel,Denmark,GK,Leicester City,34,1986,37,37,3330,37.0,0,0,0,0,0,0,2,0,0.0,0.0,0.0,0.0,0.0,False,2021-22,2021,0.0,1,3330,,,0.0,,,1156,,,,,,,,,,,,False
Kaye Furo,Belgium,FW,Brentford,18,2007,1,0,1,0.0,0,0,0,0,0,0,0,0,0.0,0.0,0.0,0.0,0.0,False,2025-26,2025,0.0,1,1,,,0.0,,,324,38.0,47.5,10.657894736842104,3.8684210526315788,13.263157894736842,55.0,52.0,0.44554455445544555,,,,False
Kayky Chagas,Brazil,MF,Manchester City,18,2003,1,0,7,0.1,0,0,0,0,0,0,0,0,0.0,0.0,0.0,0.0,0.0,False,2021-22,2021,0.0,1,7,,,0.0,,,324,38.0,68.5,18.763157894736842,6.657894736842105,6.2368421052631575,99.0,26.0,0.7505263157894737,,,,False
Keane Lewis-Potter,England,FW,Brentford,21,2001,10,3,321,3.6,0,1,1,0,0,0,0,0,0.0,0.2777777777777778,0.2777777777777778,0.0,0.2777777777777778,False,2022-23,2022,0.2777777777777778,1,321,,,0.2777777777777778,,,441,38.0,43.39473684210526,10.710526315789474,4.2631578947368425,14.763157894736842,58.0,46.0,0.42045454545454547,0.25,16.0,2023-24,True
Keane Lewis-Potter,England,"FW,MF",Brentford,22,2001,30,15,1441,16.0,3,1,4,3,0,0,0,0,0.1875,0.0625,0.25,0.1875,0.25,False,2023-24,2023,0.25,2,1762,321.0,1120.0,0.25925925925925924,0.2777777777777778,,484,38.0,44.973684210526315,12.447368421052632,4.526315789473684,14.421052631578947,56.0,65.0,0.4632713026444662,0.11627906976744186,34.4,2024-25,True
Keane Lewis-Potter,England,"DF,MF",Brentford,23,2001,38,36,3093,34.4,1,3,4,1,0,0,7,0,0.029069767441860465,0.0872093023255814,0.11627906976744186,0.029069767441860465,0.11627906976744186,False,2024-25,2024,0.11627906976744186,3,4855,1441.0,1652.0,0.16393913293138102,0.25,0.2777777777777778,529,38.0,47.81578947368421,11.578947368421053,4.842105263157895,17.026315789473685,66.0,57.0,0.40478380864765406,0.27397260273972607,21.9,2025-26,True
Keane Lewis-Potter,England,"DF,MF",Brentford,24,2001,36,22,1972,21.9,3,3,6,3,0,0,1,0,0.13698630136986303,0.13698630136986303,0.27397260273972607,0.13698630136986303,0.27397260273972607,False,2025-26,2025,0.27397260273972607,4,6827,3093.0,-1121.0,0.23729477947027772,0.11627906976744186,0.25,576,38.0,47.5,10.657894736842104,3.8684210526315788,13.263157894736842,55.0,52.0,0.44554455445544555,,,,False
Keinan Davis,England,FW,Aston Villa,23,1998,1,0,12,0.1,0,0,0,0,0,0,0,0,0.0,0.0,0.0,0.0,0.0,False,2021-22,2021,0.0,1,12,,,0.0,,,529,38.0,46.473684210526315,12.210526315789474,4.2631578947368425,12.552631578947368,52.0,54.0,0.49309245483528164,,,,False
Kelechi Iheanacho,Nigeria,FW,Leicester City,24,1996,26,13,1264,14.0,4,5,9,4,0,0,1,0,0.2857142857142857,0.35714285714285715,0.6428571428571429,0.2857142857142857,0.6428571428571429,False,2021-22,2021,0.6428571428571429,1,1264,,,0.6428571428571429,,,576,,,,,,,,,0.8,12.5,2022-23,True
Kelechi Iheanacho,Nigeria,FW,Leicester City,25,1996,28,11,1127,12.5,5,5,10,4,1,1,0,0,0.4,0.4,0.8,0.32,0.7200000000000001,False,2022-23,2022,0.8,2,2391,1264.0,-137.0,0.7476190476190476,0.6428571428571429,,625,,,,,,,,,,,,False
Ken Sema,Sweden,"MF,FW",Watford,27,1993,18,7,852,9.5,0,0,0,0,0,0,1,0,0.0,0.0,0.0,0.0,0.0,False,2021-22,2021,0.0,1,852,,,0.0,,,729,,,,,,,,,,,,False
Kenedy,Brazil,MF,Chelsea,25,1996,1,1,58,0.6,0,1,1,0,0,0,0,0,0.0,1.6666666666666667,1.6666666666666667,0.0,1.6666666666666667,False,2021-22,2021,1.6666666666666667,1,58,,,1.6666666666666667,,,625,38.0,62.3421052631579,15.578947368421053,5.552631578947368,8.921052631578947,76.0,33.0,0.635875402792696,,,,False
Kenny McLean,Scotland,MF,Norwich City,29,1992,31,29,2706,30.1,1,0,1,1,0,0,3,0,0.03322259136212624,0.0,0.03322259136212624,0.03322259136212624,0.03322259136212624,False,2021-22,2021,0.03322259136212624,1,2706,,,0.03322259136212624,,,841,,,,,,,,,,,,False
Kenny Tete,Netherlands,DF,Fulham,26,1995,31,29,2569,28.5,1,5,6,1,0,0,8,0,0.03508771929824561,0.17543859649122806,0.21052631578947367,0.03508771929824561,0.21052631578947367,False,2022-23,2022,0.21052631578947367,1,2569,,,0.21052631578947367,,,676,38.0,48.68421052631579,11.289473684210526,3.8947368421052633,13.289473684210526,55.0,53.0,0.45931477516059954,0.10416666666666667,9.6,2023-24,True
Kenny Tete,Netherlands,DF,Fulham,27,1995,14,10,867,9.6,1,0,1,1,0,0,2,0,0.10416666666666667,0.0,0.10416666666666667,0.10416666666666667,0.10416666666666667,False,2023-24,2023,0.10416666666666667,2,3436,2569.0,-1702.0,0.1396198830409357,0.21052631578947367,,729,38.0,50.73684210526316,13.157894736842104,4.7105263157894735,13.763157894736842,55.0,61.0,0.4887585532746823,0.10152284263959391,19.7,2024-25,True
Kenny Tete,Netherlands,DF,Fulham,28,1995,22,21,1774,19.7,0,2,2,0,0,0,5,0,0.0,0.10152284263959391,0.10152284263959391,0.0,0.10152284263959391,False,2024-25,2024,0.10152284263959391,3,5210,867.0,907.0,0.11422185610670785,0.10416666666666667,0.21052631578947367,784,38.0,52.473684210526315,13.710526315789474,4.552631578947368,11.368421052631579,54.0,54.0,0.5466946484784889,0.05025125628140704,19.9,2025-26,True
Kenny Tete,Netherlands,DF,Fulham,29,1995,22,21,1791,19.9,1,0,1,1,0,0,2,0,0.05025125628140704,0.0,0.05025125628140704,0.05025125628140704,0.05025125628140704,False,2025-26,2025,0.05025125628140704,4,7001,1774.0,17.0,0.07157478955650731,0.10152284263959391,0.10416666666666667,841,38.0,51.73684210526316,12.657894736842104,3.6315789473684212,11.789473684210526,47.0,51.0,0.5177610333692142,,,,False
Kepa Arrizabalaga,Spain,GK,Chelsea,26,1994,4,4,360,4.0,0,0,0,0,0,0,0,0,0.0,0.0,0.0,0.0,0.0,False,2021-22,2021,0.0,1,360,,,0.0,,,676,38.0,62.3421052631579,15.578947368421053,5.552631578947368,8.921052631578947,76.0,33.0,0.635875402792696,0.0,28.5,2022-23,True
Kepa Arrizabalaga,Spain,GK,Chelsea,27,1994,29,29,2565,28.5,0,0,0,0,0,0,1,0,0.0,0.0,0.0,0.0,0.0,False,2022-23,2022,0.0,2,2925,360.0,2205.0,0.0,0.0,,729,38.0,59.026315789473685,12.736842105263158,4.157894736842105,11.526315789473685,38.0,47.0,0.5249457700650759,0.0,31.0,2024-25,True
Kepa Arrizabalaga,Spain,GK,Bournemouth,29,1994,31,31,2790,31.0,0,0,0,0,0,0,3,0,0.0,0.0,0.0,0.0,0.0,False,2024-25,2024,0.0,3,5715,2565.0,225.0,0.0,0.0,0.0,841,38.0,48.578947368421055,15.263157894736842,5.315789473684211,12.842105263157896,58.0,46.0,0.5430711610486891,0.0,1.0,2025-26,False
Kepa Arrizabalaga,Spain,GK,Arsenal,30,1994,1,1,90,1.0,0,0,0,0,0,0,0,0,0.0,0.0,0.0,0.0,0.0,False,2025-26,2025,0.0,4,5805,2790.0,-2700.0,0.0,0.0,0.0,900,38.0,56.44736842105263,14.526315789473685,4.894736842105263,8.157894736842104,71.0,27.0,0.640371229698376,,,,False
Kevin,Brazil,MF,Fulham,22,2003,26,9,1041,11.6,1,1,2,1,0,0,1,0,0.08620689655172414,0.08620689655172414,0.1724137931034483,0.08620689655172414,0.1724137931034483,False,2025-26,2025,0.1724137931034483,1,1041,,,0.1724137931034483,,,484,38.0,51.73684210526316,12.657894736842104,3.6315789473684212,11.789473684210526,47.0,51.0,0.5177610333692142,,,,False
Kevin Danso,Austria,DF,Tottenham,25,1998,10,9,842,9.4,0,0,0,0,0,0,0,0,0.0,0.0,0.0,0.0,0.0,False,2024-25,2024,0.0,1,842,,,0.0,,,625,38.0,54.76315789473684,13.078947368421053,4.868421052631579,13.736842105263158,64.0,65.0,0.4877330716388616,0.0,16.6,2025-26,True
Kevin Danso,Austria,DF,Tottenham,26,1998,24,17,1494,16.6,0,0,0,0,0,0,8,0,0.0,0.0,0.0,0.0,0.0,False,2025-26,2025,0.0,2,2336,842.0,652.0,0.0,0.0,,676,38.0,50.421052631578945,11.447368421052632,3.8421052631578947,12.289473684210526,48.0,57.0,0.4822616407982262,,,,False
Kevin De Bruyne,Belgium,MF,Manchester City,30,1991,30,25,2201,24.5,15,8,23,15,0,0,2,0,0.6122448979591837,0.32653061224489793,0.9387755102040817,0.6122448979591837,0.9387755102040817,False,2021-22,2021,0.9387755102040817,1,2201,,,0.9387755102040817,,,900,38.0,68.5,18.763157894736842,6.657894736842105,6.2368421052631575,99.0,26.0,0.7505263157894737,0.8550185873605949,26.9,2022-23,True
Kevin De Bruyne,Belgium,MF,Manchester City,31,1991,32,28,2417,26.9,7,16,23,7,0,0,1,0,0.26022304832713755,0.5947955390334573,0.8550185873605949,0.26022304832713755,0.8550185873605949,False,2022-23,2022,0.8550185873605949,2,4618,2201.0,216.0,0.8829375616417572,0.9387755102040817,,961,38.0,65.34210526315789,15.789473684210526,5.7631578947368425,7.7105263157894735,94.0,33.0,0.6718924972004479,1.0294117647058825,13.6,2023-24,True
Kevin De Bruyne,Belgium,MF,Manchester City,32,1991,18,15,1221,13.6,4,10,14,4,0,0,2,0,0.29411764705882354,0.7352941176470589,1.0294117647058825,0.29411764705882354,1.0294117647058825,False,2023-24,2023,1.0294117647058825,3,5839,2417.0,-1196.0,0.980587030351174,0.8550185873605949,0.9387755102040817,1024,38.0,65.73684210526316,18.263157894736842,7.315789473684211,7.7368421052631575,96.0,34.0,0.7024291497975709,0.5820105820105821,18.9,2024-25,True
Kevin De Bruyne,Belgium,"MF,FW",Manchester City,33,1991,28,19,1702,18.9,4,7,11,4,0,0,2,0,0.21164021164021166,0.3703703703703704,0.5820105820105821,0.21164021164021166,0.5820105820105821,False,2024-25,2024,0.5820105820105821,4,7541,1221.0,481.0,0.7148693981241128,1.0294117647058825,0.8550185873605949,1089,38.0,61.73684210526316,16.0,5.7105263157894735,9.31578947368421,72.0,44.0,0.6320166320166319,,,,False
Kevin Long,Ireland,DF,Burnley,30,1990,6,4,410,4.6,0,0,0,0,0,0,1,0,0.0,0.0,0.0,0.0,0.0,False,2021-22,2021,0.0,1,410,,,0.0,,,900,,,,,,,,,,,,False
Kevin Mbabu,Switzerland,DF,Fulham,27,1995,6,1,144,1.6,0,1,1,0,0,0,1,0,0.0,0.625,0.625,0.0,0.625,False,2022-23,2022,0.625,1,144,,,0.625,,,729,38.0,48.68421052631579,11.289473684210526,3.8947368421052633,13.289473684210526,55.0,53.0,0.45931477516059954,,,,False
Kevin Schade,Germany,FW,Brentford,20,2001,18,7,732,8.1,0,1,1,0,0,0,2,0,0.0,0.1234567901234568,0.1234567901234568,0.0,0.1234567901234568,False,2022-23,2022,0.1234567901234568,1,732,,,0.1234567901234568,,,400,38.0,43.39473684210526,10.710526315789474,4.2631578947368425,14.763157894736842,58.0,46.0,0.42045454545454547,0.8108108108108107,3.7,2023-24,True
Kevin Schade,Germany,FW,Brentford,21,2001,11,3,333,3.7,2,1,3,2,0,0,0,0,0.5405405405405405,0.27027027027027023,0.8108108108108107,0.5405405405405405,0.8108108108108107,False,2023-24,2023,0.8108108108108107,2,1065,732.0,-399.0,0.5816928039150261,0.1234567901234568,,441,38.0,44.973684210526315,12.447368421052632,4.526315789473684,14.421052631578947,56.0,65.0,0.4632713026444662,0.5098039215686274,25.5,2024-25,True
Kevin Schade,Germany,"MF,FW",Brentford,22,2001,38,26,2293,25.5,11,2,13,11,0,0,3,0,0.43137254901960786,0.0784313725490196,0.5098039215686274,0.43137254901960786,0.5098039215686274,False,2024-25,2024,0.5098039215686274,3,3358,333.0,1960.0,0.5337668823507603,0.8108108108108107,0.1234567901234568,484,38.0,47.81578947368421,11.578947368421053,4.842105263157895,17.026315789473685,66.0,57.0,0.40478380864765406,0.36065573770491804,30.5,2025-26,True
Kevin Schade,Germany,"MF,FW",Brentford,23,2001,35,32,2745,30.5,8,3,11,8,0,1,6,1,0.26229508196721313,0.09836065573770492,0.36065573770491804,0.26229508196721313,0.36065573770491804,False,2025-26,2025,0.36065573770491804,4,6103,2293.0,452.0,0.41835945258686547,0.5098039215686274,0.8108108108108107,529,38.0,47.5,10.657894736842104,3.8684210526315788,13.263157894736842,55.0,52.0,0.44554455445544555,,,,False
Keylor Navas,Costa Rica,GK,Nottingham,35,1986,17,17,1529,17.0,0,0,0,0,0,0,2,0,0.0,0.0,0.0,0.0,0.0,False,2022-23,2022,0.0,1,1529,,,0.0,,,1225,38.0,37.21052631578947,9.68421052631579,3.1052631578947367,14.657894736842104,38.0,68.0,0.3978378378378378,,,,False
Ki-Jana Hoever,Netherlands,MF,Wolves,19,2002,8,4,308,3.4,0,0,0,0,0,0,1,0,0.0,0.0,0.0,0.0,0.0,False,2021-22,2021,0.0,1,308,,,0.0,,,361,,,,,,,,,0.0,4.7,2025-26,True
Ki-Jana Hoever,Netherlands,"MF,DF",Wolves,23,2002,8,6,425,4.7,0,0,0,0,0,0,0,0,0.0,0.0,0.0,0.0,0.0,False,2025-26,2025,0.0,2,733,308.0,117.0,0.0,0.0,,529,,,,,,,,,,,,False
Kieffer Moore,Wales,FW,Bournemouth,29,1992,27,12,1279,14.2,4,0,4,4,0,0,1,0,0.28169014084507044,0.0,0.28169014084507044,0.28169014084507044,0.28169014084507044,False,2022-23,2022,0.28169014084507044,1,1279,,,0.28169014084507044,,,841,38.0,40.078947368421055,9.394736842105264,3.5,16.473684210526315,37.0,71.0,0.3631739572736521,0.8333333333333334,1.2,2023-24,False
Kieffer Moore,Wales,"DF,FW",Bournemouth,30,1992,8,0,108,1.2,1,0,1,1,0,0,0,0,0.8333333333333334,0.0,0.8333333333333334,0.8333333333333334,0.8333333333333334,False,2023-24,2023,0.8333333333333334,2,1387,1279.0,-1171.0,0.6494522691705791,0.28169014084507044,,900,38.0,44.05263157894737,14.263157894736842,4.868421052631579,13.973684210526315,54.0,67.0,0.5051258154706431,,,,False
Kieran Dowell,England,MF,Norwich City,23,1997,19,11,912,10.1,1,1,2,1,0,0,0,0,0.09900990099009901,0.09900990099009901,0.19801980198019803,0.09900990099009901,0.19801980198019803,False,2021-22,2021,0.19801980198019803,1,912,,,0.19801980198019803,,,529,,,,,,,,,,,,False
Kieran Tierney,Scotland,DF,Arsenal,24,1997,22,22,1915,21.3,1,3,4,1,0,0,0,0,0.046948356807511735,0.14084507042253522,0.18779342723004694,0.046948356807511735,0.18779342723004694,False,2021-22,2021,0.18779342723004694,1,1915,,,0.18779342723004694,,,576,38.0,53.18421052631579,15.473684210526315,5.157894736842105,11.18421052631579,61.0,48.0,0.5804540967423495,0.11363636363636363,8.8,2022-23,True
Kieran Tierney,Scotland,DF,Arsenal,25,1997,27,6,795,8.8,0,1,1,0,0,0,0,0,0.0,0.11363636363636363,0.11363636363636363,0.0,0.11363636363636363,False,2022-23,2022,0.11363636363636363,2,2710,1915.0,-1120.0,0.13835538483425808,0.18779342723004694,,625,38.0,59.94736842105263,15.605263157894736,5.368421052631579,8.973684210526315,88.0,43.0,0.6349036402569593,0.3448275862068966,2.9,2024-25,False
Kieran Tierney,Scotland,DF,Arsenal,27,1997,13,2,259,2.9,1,0,1,1,0,0,0,0,0.3448275862068966,0.0,0.3448275862068966,0.3448275862068966,0.3448275862068966,False,2024-25,2024,0.3448275862068966,3,2969,795.0,-536.0,0.2760035190826837,0.11363636363636363,0.18779342723004694,729,38.0,57.18421052631579,14.394736842105264,4.947368421052632,9.526315789473685,69.0,34.0,0.6017601760176018,,,,False
Kieran Trippier,England,DF,Newcastle,30,1990,6,5,429,4.8,2,0,2,2,0,0,0,0,0.4166666666666667,0.0,0.4166666666666667,0.4166666666666667,0.4166666666666667,False,2021-22,2021,0.4166666666666667,1,429,,,0.4166666666666667,,,900,38.0,39.94736842105263,11.789473684210526,3.8947368421052633,13.894736842105264,44.0,62.0,0.45901639344262296,0.21563342318059298,37.1,2022-23,True
Kieran Trippier,England,DF,Newcastle,31,1990,38,38,3341,37.1,1,7,8,1,0,0,5,0,0.026954177897574122,0.18867924528301885,0.21563342318059298,0.026954177897574122,0.21563342318059298,False,2022-23,2022,0.21563342318059298,2,3770,429.0,2912.0,0.28264450434261756,0.4166666666666667,,961,38.0,52.44736842105263,15.026315789473685,5.184210526315789,10.18421052631579,68.0,33.0,0.5960334029227558,0.4435483870967742,24.8,2023-24,True
Kieran Trippier,England,DF,Newcastle,32,1990,28,26,2236,24.8,1,10,11,1,0,0,5,0,0.04032258064516129,0.4032258064516129,0.4435483870967742,0.04032258064516129,0.4435483870967742,False,2023-24,2023,0.4435483870967742,3,6006,3341.0,-1105.0,0.3899137595120553,0.21563342318059298,0.4166666666666667,1024,38.0,52.21052631578947,14.5,5.605263157894737,14.052631578947368,85.0,62.0,0.5078341013824884,0.20689655172413793,14.5,2024-25,True
Kieran Trippier,England,DF,Newcastle,33,1990,25,14,1309,14.5,0,3,3,0,0,0,1,0,0.0,0.20689655172413793,0.20689655172413793,0.0,0.20689655172413793,False,2024-25,2024,0.20689655172413793,4,7315,2236.0,-927.0,0.2679022876534437,0.4435483870967742,0.21563342318059298,1089,38.0,51.05263157894737,13.789473684210526,4.578947368421052,12.447368421052632,68.0,47.0,0.5255767301905717,0.056818181818181816,17.6,2025-26,True
Kieran Trippier,England,DF,Newcastle,34,1990,21,18,1586,17.6,0,1,1,0,0,0,3,0,0.0,0.056818181818181816,0.056818181818181816,0.0,0.056818181818181816,False,2025-26,2025,0.056818181818181816,5,8901,1309.0,277.0,0.12717955042993578,0.20689655172413793,0.4435483870967742,1156,38.0,52.473684210526315,12.947368421052632,4.631578947368421,12.342105263157896,53.0,55.0,0.5119667013527576,,,,False
Kiernan Dewsbury-Hall,England,MF,Leicester City,22,1998,28,23,2105,23.4,1,2,3,1,0,0,4,0,0.042735042735042736,0.08547008547008547,0.12820512820512822,0.042735042735042736,0.12820512820512822,False,2021-22,2021,0.12820512820512822,1,2105,,,0.12820512820512822,,,484,,,,,,,,,0.15625,25.6,2022-23,True
Kiernan Dewsbury-Hall,England,MF,Leicester City,23,1998,31,28,2306,25.6,2,2,4,2,0,0,5,1,0.078125,0.078125,0.15625,0.078125,0.15625,False,2022-23,2022,0.15625,2,4411,2105.0,201.0,0.1469017094017094,0.12820512820512822,,529,,,,,,,,,0.3448275862068966,2.9,2024-25,False
Kiernan Dewsbury-Hall,England,MF,Chelsea,25,1998,13,2,264,2.9,0,1,1,0,0,0,0,0,0.0,0.3448275862068966,0.3448275862068966,0.0,0.3448275862068966,False,2024-25,2024,0.3448275862068966,3,4675,2306.0,-2042.0,0.27885229393850086,0.15625,0.12820512820512822,625,38.0,57.3421052631579,15.657894736842104,5.7368421052631575,10.447368421052632,64.0,43.0,0.5997983870967741,0.4109589041095891,29.2,2025-26,True
Kiernan Dewsbury-Hall,England,MF,Everton,26,1998,31,30,2626,29.2,8,4,12,8,0,0,6,0,0.273972602739726,0.136986301369863,0.4109589041095891,0.273972602739726,0.4109589041095891,False,2025-26,2025,0.4109589041095891,4,7301,264.0,2362.0,0.366923367385893,0.3448275862068966,0.15625,676,38.0,43.76315789473684,11.105263157894736,3.736842105263158,13.973684210526315,47.0,50.0,0.4428121720881427,,,,False
Kiko Femenía,Spain,DF,Watford,30,1991,27,26,2142,23.8,0,5,5,0,0,0,2,0,0.0,0.21008403361344538,0.21008403361344538,0.0,0.21008403361344538,False,2021-22,2021,0.21008403361344538,1,2142,,,0.21008403361344538,,,900,,,,,,,,,,,,False
Kim Jisoo,South Korea,DF,Brentford,19,2004,3,0,30,0.3,0,0,0,0,0,0,0,0,0.0,0.0,0.0,0.0,0.0,False,2024-25,2024,0.0,1,30,,,0.0,,,361,38.0,47.81578947368421,11.578947368421053,4.842105263157895,17.026315789473685,66.0,57.0,0.40478380864765406,,,,False
Kobbie Mainoo,England,MF,Manchester Utd,17,2005,1,0,11,0.1,0,0,0,0,0,0,0,0,0.0,0.0,0.0,0.0,0.0,False,2022-23,2022,0.0,1,11,,,0.0,,,289,38.0,53.973684210526315,15.578947368421053,5.631578947368421,12.657894736842104,58.0,43.0,0.5517241379310345,0.1869158878504673,21.4,2023-24,True
Kobbie Mainoo,England,MF,Manchester Utd,18,2005,24,24,1924,21.4,3,1,4,3,0,0,3,0,0.14018691588785048,0.04672897196261683,0.1869158878504673,0.14018691588785048,0.1869158878504673,False,2023-24,2023,0.1869158878504673,2,1935,11.0,1913.0,0.12461059190031154,0.0,,324,38.0,50.526315789473685,14.473684210526315,5.078947368421052,17.55263157894737,57.0,58.0,0.4519309778142974,0.0,18.3,2024-25,True
Kobbie Mainoo,England,MF,Manchester Utd,19,2005,25,19,1651,18.3,0,0,0,0,0,0,5,0,0.0,0.0,0.0,0.0,0.0,False,2024-25,2024,0.0,3,3586,1924.0,-273.0,0.04153686396677052,0.1869158878504673,0.0,361,38.0,53.55263157894737,13.868421052631579,4.605263157894737,10.921052631578947,44.0,54.0,0.559447983014862,0.16216216216216217,18.5,2025-26,True
Kobbie Mainoo,England,MF,Manchester Utd,20,2005,28,16,1662,18.5,1,2,3,1,0,0,2,0,0.05405405405405406,0.10810810810810811,0.16216216216216217,0.05405405405405406,0.16216216216216217,False,2025-26,2025,0.16216216216216217,4,5248,1651.0,11.0,0.12195372943036495,0.0,0.1869158878504673,400,38.0,51.921052631578945,15.657894736842104,5.657894736842105,11.578947368421053,69.0,50.0,0.5748792270531401,,,,False
Konstantinos Mavropanos,Greece,DF,West Ham,25,1997,19,16,1500,16.7,1,0,1,1,0,0,2,0,0.059880239520958084,0.0,0.059880239520958084,0.059880239520958084,0.059880239520958084,False,2023-24,2023,0.059880239520958084,1,1500,,,0.059880239520958084,,,625,,,,,,,,,0.0,22.7,2024-25,True
Konstantinos Mavropanos,Greece,DF,West Ham,26,1997,33,21,2045,22.7,0,0,0,0,0,0,6,1,0.0,0.0,0.0,0.0,0.0,False,2024-25,2024,0.0,2,3545,1500.0,545.0,0.019960079840319365,0.059880239520958084,,676,,,,,,,,,0.10638297872340426,28.2,2025-26,True
Konstantinos Mavropanos,Greece,DF,West Ham,27,1997,31,27,2534,28.2,3,0,3,3,0,0,2,0,0.10638297872340426,0.0,0.10638297872340426,0.10638297872340426,0.10638297872340426,False,2025-26,2025,0.10638297872340426,3,6079,2045.0,489.0,0.07757534576237596,0.0,0.059880239520958084,729,,,,,,,,,,,,False
Kortney Hause,England,DF,Aston Villa,26,1995,7,4,397,4.4,1,0,1,1,0,0,0,0,0.22727272727272727,0.0,0.22727272727272727,0.22727272727272727,0.22727272727272727,False,2021-22,2021,0.22727272727272727,1,397,,,0.22727272727272727,,,676,38.0,46.473684210526315,12.210526315789474,4.2631578947368425,12.552631578947368,52.0,54.0,0.49309245483528164,,,,False
Kosta Nedeljković,Serbia,DF,Aston Villa,18,2005,5,0,126,1.4,0,0,0,0,0,0,0,0,0.0,0.0,0.0,0.0,0.0,False,2024-25,2024,0.0,1,126,,,0.0,,,324,38.0,50.71052631578947,12.736842105263158,4.473684210526316,12.18421052631579,58.0,51.0,0.5110876451953538,,,,False
Kostas Tsimikas,Greece,DF,Liverpool,25,1996,13,9,877,9.7,0,2,2,0,0,0,3,0,0.0,0.2061855670103093,0.2061855670103093,0.0,0.2061855670103093,False,2021-22,2021,0.2061855670103093,1,877,,,0.2061855670103093,,,625,38.0,63.3421052631579,19.18421052631579,6.7631578947368425,7.7894736842105265,94.0,26.0,0.7112195121951219,0.46511627906976744,8.6,2022-23,True
Kostas Tsimikas,Greece,DF,Liverpool,26,1996,20,9,771,8.6,0,4,4,0,0,0,3,0,0.0,0.46511627906976744,0.46511627906976744,0.0,0.46511627906976744,False,2022-23,2022,0.46511627906976744,2,1648,877.0,-106.0,0.37880604171661475,0.2061855670103093,,676,38.0,61.10526315789474,15.921052631578947,5.578947368421052,9.710526315789474,75.0,47.0,0.6211498973305954,0.4,7.5,2023-24,True
Kostas Tsimikas,Greece,DF,Liverpool,27,1996,13,8,679,7.5,0,3,3,0,0,0,0,0,0.0,0.4,0.4,0.0,0.4,False,2023-24,2023,0.4,3,2327,771.0,-92.0,0.3929353472388716,0.46511627906976744,0.2061855670103093,729,38.0,61.78947368421053,20.789473684210527,7.2894736842105265,10.894736842105264,86.0,41.0,0.6561461794019934,0.1075268817204301,9.3,2024-25,True
Kostas Tsimikas,Greece,DF,Liverpool,28,1996,18,9,837,9.3,0,1,1,0,0,0,2,0,0.0,0.1075268817204301,0.1075268817204301,0.0,0.1075268817204301,False,2024-25,2024,0.1075268817204301,4,3164,679.0,158.0,0.20266303689324394,0.4,0.46511627906976744,784,38.0,58.078947368421055,17.026315789473685,6.078947368421052,10.18421052631579,86.0,41.0,0.625725338491296,,,,False
Kristoffer Ajer,Norway,DF,Brentford,23,1998,24,23,1995,22.2,1,3,4,1,0,0,5,0,0.04504504504504505,0.13513513513513514,0.1801801801801802,0.04504504504504505,0.1801801801801802,False,2021-22,2021,0.1801801801801802,1,1995,,,0.1801801801801802,,,529,38.0,44.5,11.631578947368421,4.052631578947368,13.210526315789474,48.0,56.0,0.4682203389830508,0.0,8.5,2022-23,True
Kristoffer Ajer,Norway,DF,Brentford,24,1998,9,9,763,8.5,0,0,0,0,0,0,0,0,0.0,0.0,0.0,0.0,0.0,False,2022-23,2022,0.0,2,2758,1995.0,-1232.0,0.06006006006006007,0.1801801801801802,,576,38.0,43.39473684210526,10.710526315789474,4.2631578947368425,14.763157894736842,58.0,46.0,0.42045454545454547,0.14705882352941177,20.4,2023-24,True
Kristoffer Ajer,Norway,DF,Brentford,25,1998,28,21,1832,20.4,2,1,3,2,0,0,5,0,0.09803921568627452,0.04901960784313726,0.14705882352941177,0.09803921568627452,0.14705882352941177,False,2023-24,2023,0.14705882352941177,3,4590,763.0,1069.0,0.11805923570629454,0.0,0.1801801801801802,625,38.0,44.973684210526315,12.447368421052632,4.526315789473684,14.421052631578947,56.0,65.0,0.4632713026444662,0.0,16.0,2024-25,True
Kristoffer Ajer,Norway,DF,Brentford,26,1998,24,17,1438,16.0,0,0,0,0,0,0,5,0,0.0,0.0,0.0,0.0,0.0,False,2024-25,2024,0.0,4,6028,1832.0,-394.0,0.03935307856876485,0.14705882352941177,0.0,676,38.0,47.81578947368421,11.578947368421053,4.842105263157895,17.026315789473685,66.0,57.0,0.40478380864765406,0.04975124378109452,20.1,2025-26,True
Kristoffer Ajer,Norway,DF,Brentford,27,1998,27,20,1810,20.1,0,1,1,0,0,0,4,0,0.0,0.04975124378109452,0.04975124378109452,0.0,0.04975124378109452,False,2025-26,2025,0.04975124378109452,5,7838,1438.0,372.0,0.04628518871031796,0.0,0.14705882352941177,729,38.0,47.5,10.657894736842104,3.8684210526315788,13.263157894736842,55.0,52.0,0.44554455445544555,,,,False
Kristoffer Klaesson,Norway,GK,Leeds United,20,2000,1,0,36,0.4,0,0,0,0,0,0,0,0,0.0,0.0,0.0,0.0,0.0,False,2021-22,2021,0.0,1,36,,,0.0,,,400,38.0,52.473684210526315,12.736842105263158,4.052631578947368,15.289473684210526,42.0,79.0,0.4544600938967136,,,,False
Kurt Zouma,France,DF,West Ham,26,1994,24,24,2078,23.1,1,0,1,1,0,0,1,0,0.04329004329004329,0.0,0.04329004329004329,0.04329004329004329,0.04329004329004329,False,2021-22,2021,0.04329004329004329,1,2078,,,0.04329004329004329,,,676,,,,,,,,,0.09049773755656108,22.1,2022-23,True
Kurt Zouma,France,DF,West Ham,27,1994,25,24,1989,22.1,2,0,2,2,0,0,0,0,0.09049773755656108,0.0,0.09049773755656108,0.09049773755656108,0.09049773755656108,False,2022-23,2022,0.09049773755656108,2,4067,2078.0,-89.0,0.07476183946772182,0.04329004329004329,,729,,,,,,,,,0.09523809523809523,31.5,2023-24,True
Kurt Zouma,France,DF,West Ham,28,1994,33,32,2838,31.5,3,0,3,3,0,0,3,0,0.09523809523809523,0.0,0.09523809523809523,0.09523809523809523,0.09523809523809523,False,2023-24,2023,0.09523809523809523,3,6905,1989.0,849.0,0.08841267664797076,0.09049773755656108,0.04329004329004329,784,,,,,,,,,,,,False
Kyle Walker,England,DF,Manchester City,31,1990,20,20,1755,19.5,0,2,2,0,0,0,1,0,0.0,0.10256410256410256,0.10256410256410256,0.0,0.10256410256410256,False,2021-22,2021,0.10256410256410256,1,1755,,,0.10256410256410256,,,961,38.0,68.5,18.763157894736842,6.657894736842105,6.2368421052631575,99.0,26.0,0.7505263157894737,0.0,21.8,2022-23,True
Kyle Walker,England,"DF,MF",Manchester City,32,1990,27,22,1958,21.8,0,0,0,0,0,0,3,0,0.0,0.0,0.0,0.0,0.0,False,2022-23,2022,0.0,2,3713,1755.0,203.0,0.03418803418803419,0.10256410256410256,,1024,38.0,65.34210526315789,15.789473684210526,5.7631578947368425,7.7105263157894735,94.0,33.0,0.6718924972004479,0.13029315960912052,30.7,2023-24,True
Kyle Walker,England,"DF,MF",Manchester City,33,1990,32,30,2767,30.7,0,4,4,0,0,0,2,0,0.0,0.13029315960912052,0.13029315960912052,0.0,0.13029315960912052,False,2023-24,2023,0.13029315960912052,3,6480,1958.0,809.0,0.09825811780209175,0.0,0.10256410256410256,1089,38.0,65.73684210526316,18.263157894736842,7.315789473684211,7.7368421052631575,96.0,34.0,0.7024291497975709,0.0,10.8,2024-25,True
Kyle Walker,England,DF,Manchester City,34,1990,15,9,970,10.8,0,0,0,0,0,0,3,0,0.0,0.0,0.0,0.0,0.0,False,2024-25,2024,0.0,4,7450,2767.0,-1797.0,0.03275270593403059,0.13029315960912052,0.0,1156,38.0,61.73684210526316,16.0,5.7105263157894735,9.31578947368421,72.0,44.0,0.6320166320166319,0.05813953488372093,34.4,2025-26,True
Kyle Walker,England,"DF,MF",Burnley,35,1990,36,35,3096,34.4,0,2,2,0,0,0,9,0,0.0,0.05813953488372093,0.05813953488372093,0.0,0.05813953488372093,False,2025-26,2025,0.05813953488372093,5,10546,970.0,2126.0,0.04967725856715748,0.0,0.13029315960912052,1225,,,,,,,,,,,,False
Kyle Walker-Peters,England,DF,Southampton,24,1997,32,29,2633,29.3,1,2,3,1,0,0,5,0,0.034129692832764506,0.06825938566552901,0.10238907849829351,0.034129692832764506,0.10238907849829351,False,2021-22,2021,0.10238907849829351,1,2633,,,0.10238907849829351,,,576,,,,,,,,,0.034013605442176874,29.4,2022-23,True
Kyle Walker-Peters,England,"DF,MF",Southampton,25,1997,31,30,2650,29.4,1,0,1,1,0,0,4,0,0.034013605442176874,0.0,0.034013605442176874,0.034013605442176874,0.034013605442176874,False,2022-23,2022,0.034013605442176874,2,5283,2633.0,17.0,0.05680542979421575,0.10238907849829351,,625,,,,,,,,,0.0617283950617284,32.4,2024-25,True
Kyle Walker-Peters,England,"MF,DF",Southampton,27,1997,33,33,2918,32.4,0,2,2,0,0,0,5,0,0.0,0.0617283950617284,0.0617283950617284,0.0,0.0617283950617284,False,2024-25,2024,0.0617283950617284,3,8201,2650.0,268.0,0.06008740663922418,0.034013605442176874,0.10238907849829351,729,,,,,,,,,0.06493506493506493,15.4,2025-26,True
Kyle Walker-Peters,England,DF,West Ham,28,1997,23,15,1383,15.4,1,0,1,1,0,0,2,0,0.06493506493506493,0.0,0.06493506493506493,0.06493506493506493,0.06493506493506493,False,2025-26,2025,0.06493506493506493,4,9584,2918.0,-1535.0,0.06331917883645134,0.0617283950617284,0.034013605442176874,784,,,,,,,,,,,,False
Ladislav Krejčí,Czechia,"DF,MF",Wolves,26,1999,28,27,2356,26.2,2,1,3,2,0,0,5,1,0.07633587786259542,0.03816793893129771,0.11450381679389313,0.07633587786259542,0.11450381679389313,False,2025-26,2025,0.11450381679389313,1,2356,,,0.11450381679389313,,,676,,,,,,,,,,,,False
Lamare Bogarde,Netherlands,"DF,MF",Aston Villa,20,2004,8,5,476,5.3,0,0,0,0,0,0,2,0,0.0,0.0,0.0,0.0,0.0,False,2024-25,2024,0.0,1,476,,,0.0,,,400,38.0,50.71052631578947,12.736842105263158,4.473684210526316,12.18421052631579,58.0,51.0,0.5110876451953538,0.0,11.7,2025-26,True
Lamare Bogarde,Netherlands,"MF,DF",Aston Villa,21,2004,28,11,1053,11.7,0,0,0,0,0,0,5,0,0.0,0.0,0.0,0.0,0.0,False,2025-26,2025,0.0,2,1529,476.0,577.0,0.0,0.0,,441,38.0,53.6578947368421,12.710526315789474,4.473684210526316,12.894736842105264,56.0,49.0,0.4964028776978417,,,,False
Layvin Kurzawa,France,DF,Fulham,29,1992,3,2,135,1.5,0,0,0,0,0,0,1,0,0.0,0.0,0.0,0.0,0.0,False,2022-23,2022,0.0,1,135,,,0.0,,,841,38.0,48.68421052631579,11.289473684210526,3.8947368421052633,13.289473684210526,55.0,53.0,0.45931477516059954,,,,False
Leander Dendoncker,Belgium,MF,Wolves,26,1995,30,21,1950,21.7,2,2,4,2,0,0,4,0,0.09216589861751152,0.09216589861751152,0.18433179723502305,0.09216589861751152,0.18433179723502305,False,2021-22,2021,0.18433179723502305,1,1950,,,0.18433179723502305,,,676,,,,,,,,,0.7692307692307692,1.3,2023-24,False
Leander Dendoncker,Belgium,MF,Aston Villa,28,1995,8,1,119,1.3,1,0,1,1,0,0,0,0,0.7692307692307692,0.0,0.7692307692307692,0.7692307692307692,0.7692307692307692,False,2023-24,2023,0.7692307692307692,2,2069,1950.0,-1831.0,0.5742644452321871,0.18433179723502305,,784,38.0,53.421052631578945,13.5,5.0,11.947368421052632,76.0,61.0,0.5305067218200621,,,,False
Leander DendonckerLeander Dendoncker,Belgium,MF,Wolves,27,1995,24,9,911,10.1,0,0,0,0,0,0,0,0,0.0,0.0,0.0,0.0,0.0,False,2022-23,2022,0.0,1,911,,,0.0,,,729,,,,,,,,,,,,False
Leandro Trossard,Belgium,"FW,MF",Brighton,26,1994,34,32,2805,31.2,8,3,11,7,1,1,2,0,0.25641025641025644,0.09615384615384616,0.3525641025641026,0.22435897435897437,0.32051282051282054,False,2021-22,2021,0.3525641025641026,1,2805,,,0.3525641025641026,,,676,38.0,54.73684210526316,12.868421052631579,4.0,12.526315789473685,42.0,44.0,0.5067357512953368,0.7103825136612022,18.3,2023-24,True
Leandro Trossard,Belgium,"FW,MF",Arsenal,28,1994,34,18,1649,18.3,12,1,13,12,0,0,2,0,0.6557377049180327,0.0546448087431694,0.7103825136612022,0.6557377049180327,0.7103825136612022,False,2023-24,2023,0.7103825136612022,2,4454,2805.0,-1156.0,0.5911097099621689,0.3525641025641026,,784,38.0,58.63157894736842,17.263157894736842,5.973684210526316,8.473684210526315,91.0,29.0,0.6707566462167689,0.5300353356890459,28.3,2024-25,True
Leandro Trossard,Belgium,FW,Arsenal,29,1994,38,28,2546,28.3,8,7,15,8,0,0,4,1,0.2826855123674912,0.24734982332155475,0.5300353356890459,0.2826855123674912,0.5300353356890459,False,2024-25,2024,0.5300353356890459,3,7000,1649.0,897.0,0.5503934604467535,0.7103825136612022,0.3525641025641026,841,38.0,57.18421052631579,14.394736842105264,4.947368421052632,9.526315789473685,69.0,34.0,0.6017601760176018,0.5405405405405406,22.2,2025-26,True
Leandro Trossard,Belgium,"FW,MF",Arsenal,30,1994,31,21,2000,22.2,6,6,12,6,0,0,2,0,0.2702702702702703,0.2702702702702703,0.5405405405405406,0.2702702702702703,0.5405405405405406,False,2025-26,2025,0.5405405405405406,4,9000,2546.0,-546.0,0.5438248471759448,0.5300353356890459,0.7103825136612022,900,38.0,56.44736842105263,14.526315789473685,4.894736842105263,8.157894736842104,71.0,27.0,0.640371229698376,,,,False
Leandro TrossardLeandro Trossard,Belgium,FW,Brighton,27,1994,36,26,2246,24.9,8,12,20,8,0,0,1,0,0.321285140562249,0.48192771084337355,0.8032128514056225,0.321285140562249,0.8032128514056225,False,2022-23,2022,0.8032128514056225,1,2246,,,0.8032128514056225,,,729,38.0,60.526315789473685,16.105263157894736,6.078947368421052,10.210526315789474,72.0,53.0,0.612,,,,False
Leif Davis,England,DF,Ipswich Town,24,1999,33,32,2743,30.5,1,2,3,1,0,0,5,1,0.03278688524590164,0.06557377049180328,0.09836065573770492,0.03278688524590164,0.09836065573770492,False,2024-25,2024,0.09836065573770492,1,2743,,,0.09836065573770492,,,576,38.0,40.39473684210526,9.894736842105264,3.3421052631578947,15.973684210526315,36.0,82.0,0.38250254323499494,,,,False
Leny Yoro,France,DF,Manchester Utd,18,2005,21,12,1165,12.9,0,0,0,0,0,0,5,0,0.0,0.0,0.0,0.0,0.0,False,2024-25,2024,0.0,1,1165,,,0.0,,,324,38.0,53.55263157894737,13.868421052631579,4.605263157894737,10.921052631578947,44.0,54.0,0.559447983014862,0.0,19.3,2025-26,True
Leny Yoro,France,DF,Manchester Utd,19,2005,32,18,1740,19.3,0,0,0,0,0,0,1,0,0.0,0.0,0.0,0.0,0.0,False,2025-26,2025,0.0,2,2905,1165.0,575.0,0.0,0.0,,361,38.0,51.921052631578945,15.657894736842104,5.657894736842105,11.578947368421053,69.0,50.0,0.5748792270531401,,,,False
Leo Fuhr Hjelde,Norway,DF,Leeds United,17,2003,2,0,150,1.7,0,0,0,0,0,0,0,0,0.0,0.0,0.0,0.0,0.0,False,2021-22,2021,0.0,1,150,,,0.0,,,289,38.0,52.473684210526315,12.736842105263158,4.052631578947368,15.289473684210526,42.0,79.0,0.4544600938967136,,,,False
Leon Bailey,Jamaica,"FW,MF",Aston Villa,23,1997,18,7,761,8.5,1,2,3,1,0,0,3,0,0.11764705882352941,0.23529411764705882,0.35294117647058826,0.11764705882352941,0.35294117647058826,False,2021-22,2021,0.35294117647058826,1,761,,,0.35294117647058826,,,529,38.0,46.473684210526315,12.210526315789474,4.2631578947368425,12.552631578947368,52.0,54.0,0.49309245483528164,0.36529680365296807,21.9,2022-23,True
Leon Bailey,Jamaica,"FW,MF",Aston Villa,24,1997,33,26,1967,21.9,4,4,8,4,0,0,4,0,0.18264840182648404,0.18264840182648404,0.36529680365296807,0.18264840182648404,0.36529680365296807,False,2022-23,2022,0.36529680365296807,2,2728,761.0,1206.0,0.36117826125884145,0.35294117647058826,,576,38.0,49.44736842105263,11.31578947368421,3.973684210526316,11.289473684210526,51.0,46.0,0.5005820721769499,0.8260869565217391,23.0,2023-24,True
Leon Bailey,Jamaica,MF,Aston Villa,25,1997,35,22,2068,23.0,10,9,19,10,0,0,5,0,0.43478260869565216,0.391304347826087,0.8260869565217391,0.43478260869565216,0.8260869565217391,False,2023-24,2023,0.8260869565217391,3,4796,1967.0,101.0,0.6711173914341066,0.36529680365296807,0.35294117647058826,625,38.0,53.421052631578945,13.5,5.0,11.947368421052632,76.0,61.0,0.5305067218200621,0.2362204724409449,12.7,2024-25,True
Leon Bailey,Jamaica,MF,Aston Villa,26,1997,24,14,1139,12.7,1,2,3,1,0,0,3,0,0.07874015748031496,0.15748031496062992,0.2362204724409449,0.07874015748031496,0.2362204724409449,False,2024-25,2024,0.2362204724409449,4,5935,2068.0,-929.0,0.38118611210533215,0.8260869565217391,0.36529680365296807,676,38.0,50.71052631578947,12.736842105263158,4.473684210526316,12.18421052631579,58.0,51.0,0.5110876451953538,0.19607843137254904,5.1,2025-26,True
Leon Bailey,Jamaica,MF,Aston Villa,27,1997,13,3,459,5.1,0,1,1,0,0,0,1,0,0.0,0.19607843137254904,0.19607843137254904,0.0,0.19607843137254904,False,2025-26,2025,0.19607843137254904,5,6394,1139.0,-680.0,0.2577809916168101,0.2362204724409449,0.8260869565217391,729,38.0,53.6578947368421,12.710526315789474,4.473684210526316,12.894736842105264,56.0,49.0,0.4964028776978417,,,,False
Leon Chiwome,England,FW,Wolves,17,2006,3,2,174,1.9,0,0,0,0,0,0,0,0,0.0,0.0,0.0,0.0,0.0,False,2023-24,2023,0.0,1,174,,,0.0,,,289,,,,,,,,,,,,False
Lesley Ugochukwu,France,MF,Chelsea,19,2004,12,3,301,3.3,0,0,0,0,0,0,2,0,0.0,0.0,0.0,0.0,0.0,False,2023-24,2023,0.0,1,301,,,0.0,,,361,38.0,59.0,14.421052631578947,5.657894736842105,14.631578947368421,77.0,63.0,0.4963768115942029,0.10869565217391305,18.4,2024-25,True
Lesley Ugochukwu,France,MF,Southampton,20,2004,26,18,1655,18.4,1,1,2,1,0,0,7,0,0.05434782608695653,0.05434782608695653,0.10869565217391305,0.05434782608695653,0.10869565217391305,False,2024-25,2024,0.10869565217391305,2,1956,301.0,1354.0,0.07246376811594203,0.0,,400,,,,,,,,,0.15384615384615385,26.0,2025-26,True
Lesley Ugochukwu,France,MF,Burnley,21,2004,35,27,2336,26.0,3,1,4,3,0,0,3,1,0.11538461538461539,0.038461538461538464,0.15384615384615385,0.11538461538461539,0.15384615384615385,False,2025-26,2025,0.15384615384615385,3,4292,1655.0,681.0,0.12671869193608323,0.10869565217391305,0.0,441,,,,,,,,,,,,False
Levi Colwill,England,DF,Brighton,19,2003,17,13,1220,13.6,0,2,2,0,0,0,1,0,0.0,0.14705882352941177,0.14705882352941177,0.0,0.14705882352941177,False,2022-23,2022,0.14705882352941177,1,1220,,,0.14705882352941177,,,361,38.0,60.526315789473685,16.105263157894736,6.078947368421052,10.210526315789474,72.0,53.0,0.612,0.1,20.0,2023-24,True
Levi Colwill,England,DF,Chelsea,20,2003,23,20,1797,20.0,1,1,2,1,0,0,2,0,0.05,0.05,0.1,0.05,0.1,False,2023-24,2023,0.1,2,3017,1220.0,577.0,0.11568627450980393,0.14705882352941177,,400,38.0,59.0,14.421052631578947,5.657894736842105,14.631578947368421,77.0,63.0,0.4963768115942029,0.08571428571428572,35.0,2024-25,True
Levi Colwill,England,DF,Chelsea,21,2003,35,35,3149,35.0,2,1,3,2,0,0,9,0,0.05714285714285714,0.02857142857142857,0.08571428571428572,0.05714285714285714,0.08571428571428572,False,2024-25,2024,0.08571428571428572,3,6166,1797.0,1352.0,0.09570494864612512,0.1,0.14705882352941177,441,38.0,57.3421052631579,15.657894736842104,5.7368421052631575,10.447368421052632,64.0,43.0,0.5997983870967741,0.0,2.5,2025-26,False
Levi Colwill,England,DF,Chelsea,22,2003,3,2,225,2.5,0,0,0,0,0,0,0,0,0.0,0.0,0.0,0.0,0.0,False,2025-26,2025,0.0,4,6391,3149.0,-2924.0,0.03190164954870838,0.08571428571428572,0.1,484,38.0,57.73684210526316,13.394736842105264,4.368421052631579,10.947368421052632,58.0,52.0,0.5502702702702702,,,,False
Lewis Bate,England,MF,Leeds United,18,2002,3,1,146,1.6,0,0,0,0,0,0,0,0,0.0,0.0,0.0,0.0,0.0,False,2021-22,2021,0.0,1,146,,,0.0,,,324,38.0,52.473684210526315,12.736842105263158,4.052631578947368,15.289473684210526,42.0,79.0,0.4544600938967136,,,,False
Lewis Brunt,England,"DF,MF",Leicester City,20,2000,1,0,24,0.3,0,0,0,0,0,0,0,0,0.0,0.0,0.0,0.0,0.0,False,2021-22,2021,0.0,1,24,,,0.0,,,400,,,,,,,,,0.0,0.3,2022-23,False
Lewis Brunt,England,"DF,MF",Leicester City,21,2000,1,0,23,0.3,0,0,0,0,0,0,0,0,0.0,0.0,0.0,0.0,0.0,False,2022-23,2022,0.0,2,47,24.0,-1.0,0.0,0.0,,441,,,,,,,,,,,,False
Lewis Cook,England,MF,Bournemouth,25,1997,28,18,1720,19.1,0,2,2,0,0,0,4,0,0.0,0.10471204188481674,0.10471204188481674,0.0,0.10471204188481674,False,2022-23,2022,0.10471204188481674,1,1720,,,0.10471204188481674,,,625,38.0,40.078947368421055,9.394736842105264,3.5,16.473684210526315,37.0,71.0,0.3631739572736521,0.0967741935483871,31.0,2023-24,True
Lewis Cook,England,MF,Bournemouth,26,1997,33,32,2786,31.0,0,3,3,0,0,0,5,1,0.0,0.0967741935483871,0.0967741935483871,0.0,0.0967741935483871,False,2023-24,2023,0.0967741935483871,2,4506,1720.0,1066.0,0.09942014299386365,0.10471204188481674,,676,38.0,44.05263157894737,14.263157894736842,4.868421052631579,13.973684210526315,54.0,67.0,0.5051258154706431,0.12084592145015105,33.1,2024-25,True
Lewis Cook,England,"MF,DF",Bournemouth,27,1997,36,32,2978,33.1,1,3,4,1,0,0,8,1,0.030211480362537763,0.09063444108761329,0.12084592145015105,0.030211480362537763,0.12084592145015105,False,2024-25,2024,0.12084592145015105,3,7484,2786.0,192.0,0.11370399529805525,0.0967741935483871,0.10471204188481674,729,38.0,48.578947368421055,15.263157894736842,5.315789473684211,12.842105263157896,58.0,46.0,0.5430711610486891,0.10309278350515465,9.7,2025-26,True
Lewis Cook,England,"MF,DF",Bournemouth,28,1997,18,8,874,9.7,0,1,1,0,0,0,1,1,0.0,0.10309278350515465,0.10309278350515465,0.0,0.10309278350515465,False,2025-26,2025,0.10309278350515465,4,8358,2978.0,-2104.0,0.10662985410278819,0.12084592145015105,0.0967741935483871,784,38.0,50.078947368421055,13.842105263157896,4.684210526315789,12.631578947368421,58.0,54.0,0.5228628230616302,,,,False
Lewis Dobbin,England,"FW,MF",Everton,18,2003,3,0,32,0.4,0,0,0,0,0,0,1,0,0.0,0.0,0.0,0.0,0.0,False,2021-22,2021,0.0,1,32,,,0.0,,,324,38.0,39.68421052631579,11.526315789473685,3.6315789473684212,13.710526315789474,43.0,66.0,0.45672575599582904,0.3846153846153846,2.6,2023-24,False
Lewis Dobbin,England,MF,Everton,20,2003,12,1,232,2.6,1,0,1,1,0,0,1,0,0.3846153846153846,0.0,0.3846153846153846,0.3846153846153846,0.3846153846153846,False,2023-24,2023,0.3846153846153846,2,264,32.0,200.0,0.2564102564102564,0.0,,400,38.0,40.73684210526316,13.342105263157896,4.2631578947368425,14.157894736842104,40.0,51.0,0.4851674641148326,,,,False
Lewis Dunk,England,DF,Brighton,29,1991,29,29,2573,28.6,1,0,1,1,0,0,3,1,0.03496503496503496,0.0,0.03496503496503496,0.03496503496503496,0.03496503496503496,False,2021-22,2021,0.03496503496503496,1,2573,,,0.03496503496503496,,,841,38.0,54.73684210526316,12.868421052631579,4.0,12.526315789473685,42.0,44.0,0.5067357512953368,0.027777777777777776,36.0,2022-23,True
Lewis Dunk,England,DF,Brighton,30,1991,36,36,3239,36.0,1,0,1,1,0,0,4,0,0.027777777777777776,0.0,0.027777777777777776,0.027777777777777776,0.027777777777777776,False,2022-23,2022,0.027777777777777776,2,5812,2573.0,666.0,0.030173530173530173,0.03496503496503496,,900,38.0,60.526315789473685,16.105263157894736,6.078947368421052,10.210526315789474,72.0,53.0,0.612,0.12539184952978058,31.9,2023-24,True
Lewis Dunk,England,DF,Brighton,31,1991,33,33,2869,31.9,3,1,4,3,0,0,7,1,0.09404388714733543,0.031347962382445145,0.12539184952978058,0.09404388714733543,0.12539184952978058,False,2023-24,2023,0.12539184952978058,3,8681,3239.0,-370.0,0.09365240974436377,0.027777777777777776,0.03496503496503496,961,38.0,60.3421052631579,14.789473684210526,5.473684210526316,12.289473684210526,55.0,62.0,0.5461613216715258,0.0,23.1,2024-25,True
Lewis Dunk,England,DF,Brighton,32,1991,25,23,2083,23.1,0,0,0,0,0,0,5,0,0.0,0.0,0.0,0.0,0.0,False,2024-25,2024,0.0,4,10764,2869.0,-786.0,0.031217469914787927,0.12539184952978058,0.027777777777777776,1024,38.0,52.63157894736842,14.026315789473685,5.026315789473684,11.236842105263158,66.0,59.0,0.5552083333333333,0.031746031746031744,31.5,2025-26,True
Lewis Dunk,England,DF,Brighton,33,1991,33,31,2838,31.5,1,0,1,1,0,0,10,0,0.031746031746031744,0.0,0.031746031746031744,0.031746031746031744,0.031746031746031744,False,2025-26,2025,0.031746031746031744,5,13602,2083.0,755.0,0.031569844468950475,0.0,0.12539184952978058,1089,38.0,53.94736842105263,13.0,4.631578947368421,11.68421052631579,52.0,46.0,0.5266524520255864,,,,False
Lewis Hall,England,"MF,DF",Chelsea,17,2004,9,8,654,7.3,0,0,0,0,0,0,1,0,0.0,0.0,0.0,0.0,0.0,False,2022-23,2022,0.0,1,654,,,0.0,,,289,38.0,59.026315789473685,12.736842105263158,4.157894736842105,11.526315789473685,38.0,47.0,0.5249457700650759,0.1149425287356322,8.7,2023-24,True
Lewis Hall,England,DF,Newcastle,18,2004,18,8,781,8.7,1,0,1,1,0,0,2,0,0.1149425287356322,0.0,0.1149425287356322,0.1149425287356322,0.1149425287356322,False,2023-24,2023,0.1149425287356322,2,1435,654.0,127.0,0.07662835249042146,0.0,,324,38.0,52.21052631578947,14.5,5.605263157894737,14.052631578947368,85.0,62.0,0.5078341013824884,0.1646090534979424,24.3,2024-25,True
Lewis Hall,England,DF,Newcastle,19,2004,27,24,2189,24.3,0,4,4,0,0,0,3,0,0.0,0.1646090534979424,0.1646090534979424,0.0,0.1646090534979424,False,2024-25,2024,0.1646090534979424,3,3624,781.0,1408.0,0.13528215316210207,0.1149425287356322,0.0,361,38.0,51.05263157894737,13.789473684210526,4.578947368421052,12.447368421052632,68.0,47.0,0.5255767301905717,0.08264462809917356,24.2,2025-26,True
Lewis Hall,England,DF,Newcastle,20,2004,30,24,2181,24.2,1,1,2,1,0,0,4,0,0.04132231404958678,0.04132231404958678,0.08264462809917356,0.04132231404958678,0.08264462809917356,False,2025-26,2025,0.08264462809917356,4,5805,2189.0,-8.0,0.1001904697868164,0.1646090534979424,0.1149425287356322,400,38.0,52.473684210526315,12.947368421052632,4.631578947368421,12.342105263157896,53.0,55.0,0.5119667013527576,,,,False
Lewis Miley,England,MF,Newcastle,16,2006,1,0,15,0.2,0,0,0,0,0,0,0,0,0.0,0.0,0.0,0.0,0.0,False,2022-23,2022,0.0,1,15,,,0.0,,,256,38.0,52.44736842105263,15.026315789473685,5.184210526315789,10.18421052631579,68.0,33.0,0.5960334029227558,0.29850746268656714,13.4,2023-24,True
Lewis Miley,England,MF,Newcastle,17,2006,17,14,1202,13.4,1,3,4,1,0,0,1,0,0.07462686567164178,0.22388059701492538,0.29850746268656714,0.07462686567164178,0.29850746268656714,False,2023-24,2023,0.29850746268656714,2,1217,15.0,1187.0,0.1990049751243781,0.0,,289,38.0,52.21052631578947,14.5,5.605263157894737,14.052631578947368,85.0,62.0,0.5078341013824884,0.2857142857142857,3.5,2024-25,True
Lewis Miley,England,MF,Newcastle,18,2006,14,1,313,3.5,1,0,1,1,0,0,0,0,0.2857142857142857,0.0,0.2857142857142857,0.2857142857142857,0.2857142857142857,False,2024-25,2024,0.2857142857142857,3,1530,1202.0,-889.0,0.25681118218431653,0.29850746268656714,0.0,324,38.0,51.05263157894737,13.789473684210526,4.578947368421052,12.447368421052632,68.0,47.0,0.5255767301905717,0.3012048192771084,16.6,2025-26,True
Lewis Miley,England,"MF,DF",Newcastle,19,2006,23,15,1496,16.6,1,4,5,1,0,0,0,0,0.06024096385542168,0.24096385542168672,0.3012048192771084,0.06024096385542168,0.3012048192771084,False,2025-26,2025,0.3012048192771084,4,3026,313.0,1183.0,0.2864069402461778,0.2857142857142857,0.29850746268656714,361,38.0,52.473684210526315,12.947368421052632,4.631578947368421,12.342105263157896,53.0,55.0,0.5119667013527576,,,,False
Lewis O'Brien,England,MF,Nottingham,23,1998,13,6,584,6.5,1,0,1,1,0,0,2,0,0.15384615384615385,0.0,0.15384615384615385,0.15384615384615385,0.15384615384615385,False,2022-23,2022,0.15384615384615385,1,584,,,0.15384615384615385,,,529,38.0,37.21052631578947,9.68421052631579,3.1052631578947367,14.657894736842104,38.0,68.0,0.3978378378378378,,,,False
Lewis Orford,England,MF,West Ham,18,2006,2,0,49,0.5,0,0,0,0,0,0,0,0,0.0,0.0,0.0,0.0,0.0,False,2024-25,2024,0.0,1,49,,,0.0,,,324,,,,,,,,,,,,False
Lewis Warrington,England,MF,Everton,20,2002,1,0,1,0.0,0,0,0,0,0,0,0,0,0.0,0.0,0.0,0.0,0.0,False,2023-24,2023,0.0,1,1,,,0.0,,,400,38.0,40.73684210526316,13.342105263157896,4.2631578947368425,14.157894736842104,40.0,51.0,0.4851674641148326,,,,False
Liam Cooper,Scotland,DF,Leeds United,29,1991,21,21,1814,20.2,0,1,1,0,0,0,5,0,0.0,0.04950495049504951,0.04950495049504951,0.0,0.04950495049504951,False,2021-22,2021,0.04950495049504951,1,1814,,,0.04950495049504951,,,841,38.0,52.473684210526315,12.736842105263158,4.052631578947368,15.289473684210526,42.0,79.0,0.4544600938967136,0.06329113924050632,15.8,2022-23,True
Liam Cooper,Scotland,DF,Leeds United,30,1991,18,16,1426,15.8,1,0,1,1,0,0,5,0,0.06329113924050632,0.0,0.06329113924050632,0.06329113924050632,0.06329113924050632,False,2022-23,2022,0.06329113924050632,2,3240,1814.0,-388.0,0.05869574299202071,0.04950495049504951,,900,38.0,46.94736842105263,12.157894736842104,3.8157894736842106,13.868421052631579,48.0,78.0,0.4671385237613751,,,,False
Liam Delap,England,FW,Manchester City,18,2003,1,0,10,0.1,0,0,0,0,0,0,0,0,0.0,0.0,0.0,0.0,0.0,False,2021-22,2021,0.0,1,10,,,0.0,,,324,38.0,68.5,18.763157894736842,6.657894736842105,6.2368421052631575,99.0,26.0,0.7505263157894737,0.4861111111111111,28.8,2024-25,True
Liam Delap,England,FW,Ipswich Town,21,2003,37,32,2593,28.8,12,2,14,10,2,2,12,0,0.41666666666666663,0.06944444444444445,0.4861111111111111,0.3472222222222222,0.41666666666666663,False,2024-25,2024,0.4861111111111111,2,2603,10.0,2583.0,0.32407407407407407,0.0,,441,38.0,40.39473684210526,9.894736842105264,3.3421052631578947,15.973684210526315,36.0,82.0,0.38250254323499494,0.08130081300813008,12.3,2025-26,True
Liam Delap,England,FW,Chelsea,22,2003,28,12,1107,12.3,1,0,1,1,0,0,4,0,0.08130081300813008,0.0,0.08130081300813008,0.08130081300813008,0.08130081300813008,False,2025-26,2025,0.08130081300813008,3,3710,2593.0,-1486.0,0.16222523336344474,0.4861111111111111,0.0,484,38.0,57.73684210526316,13.394736842105264,4.368421052631579,10.947368421052632,58.0,52.0,0.5502702702702702,,,,False
Liam McCarron,Scotland,DF,Leeds United,20,2001,1,0,10,0.1,0,0,0,0,0,0,0,0,0.0,0.0,0.0,0.0,0.0,False,2021-22,2021,0.0,1,10,,,0.0,,,400,38.0,52.473684210526315,12.736842105263158,4.052631578947368,15.289473684210526,42.0,79.0,0.4544600938967136,,,,False
Lisandro Martínez,Argentina,DF,Manchester Utd,24,1998,27,24,2114,23.5,1,0,1,1,0,0,6,0,0.0425531914893617,0.0,0.0425531914893617,0.0425531914893617,0.0425531914893617,False,2022-23,2022,0.0425531914893617,1,2114,,,0.0425531914893617,,,576,38.0,53.973684210526315,15.578947368421053,5.631578947368421,12.657894736842104,58.0,43.0,0.5517241379310345,0.1388888888888889,7.2,2023-24,True
Lisandro Martínez,Argentina,DF,Manchester Utd,25,1998,11,8,646,7.2,0,1,1,0,0,0,3,0,0.0,0.1388888888888889,0.1388888888888889,0.0,0.1388888888888889,False,2023-24,2023,0.1388888888888889,2,2760,2114.0,-1468.0,0.10677698975571316,0.0425531914893617,,625,38.0,50.526315789473685,14.473684210526315,5.078947368421052,17.55263157894737,57.0,58.0,0.4519309778142974,0.15384615384615385,19.5,2024-25,True
Lisandro Martínez,Argentina,DF,Manchester Utd,26,1998,20,20,1751,19.5,2,1,3,2,0,0,7,0,0.10256410256410256,0.05128205128205128,0.15384615384615385,0.10256410256410256,0.15384615384615385,False,2024-25,2024,0.15384615384615385,3,4511,646.0,1105.0,0.13815643248267362,0.1388888888888889,0.0425531914893617,676,38.0,53.55263157894737,13.868421052631579,4.605263157894737,10.921052631578947,44.0,54.0,0.559447983014862,0.0,13.7,2025-26,True
Lisandro Martínez,Argentina,DF,Manchester Utd,27,1998,18,13,1233,13.7,0,0,0,0,0,0,0,1,0.0,0.0,0.0,0.0,0.0,False,2025-26,2025,0.0,4,5744,1751.0,-518.0,0.04605214416089121,0.15384615384615385,0.1388888888888889,729,38.0,51.921052631578945,15.657894736842104,5.657894736842105,11.578947368421053,69.0,50.0,0.5748792270531401,,,,False
Lloyd Kelly,England,DF,Bournemouth,23,1998,23,23,2040,22.7,0,2,2,0,0,0,3,0,0.0,0.0881057268722467,0.0881057268722467,0.0,0.0881057268722467,False,2022-23,2022,0.0881057268722467,1,2040,,,0.0881057268722467,,,529,38.0,40.078947368421055,9.394736842105264,3.5,16.473684210526315,37.0,71.0,0.3631739572736521,0.057803468208092484,17.3,2023-24,True
Lloyd Kelly,England,DF,Bournemouth,24,1998,23,17,1559,17.3,0,1,1,0,0,0,2,0,0.0,0.057803468208092484,0.057803468208092484,0.0,0.057803468208092484,False,2023-24,2023,0.057803468208092484,2,3599,2040.0,-481.0,0.06790422109614389,0.0881057268722467,,576,38.0,44.05263157894737,14.263157894736842,4.868421052631579,13.973684210526315,54.0,67.0,0.5051258154706431,0.29411764705882354,3.4,2024-25,True
Lloyd Kelly,England,DF,Newcastle,25,1998,10,4,303,3.4,0,1,1,0,0,0,2,0,0.0,0.29411764705882354,0.29411764705882354,0.0,0.29411764705882354,False,2024-25,2024,0.29411764705882354,3,3902,1559.0,-1256.0,0.2187131717379303,0.057803468208092484,0.0881057268722467,625,38.0,51.05263157894737,13.789473684210526,4.578947368421052,12.447368421052632,68.0,47.0,0.5255767301905717,,,,False
Lorenz Assignon,France,DF,Burnley,23,2000,15,15,1234,13.7,1,2,3,1,0,0,5,1,0.07299270072992702,0.14598540145985403,0.21897810218978103,0.07299270072992702,0.21897810218978103,False,2023-24,2023,0.21897810218978103,1,1234,,,0.21897810218978103,,,529,,,,,,,,,,,,False
Lorenzo Lucca,Italy,FW,Nottingham,24,2000,4,1,129,1.4,1,0,1,1,0,0,0,0,0.7142857142857143,0.0,0.7142857142857143,0.7142857142857143,0.7142857142857143,False,2025-26,2025,0.7142857142857143,1,129,,,0.7142857142857143,,,576,38.0,46.8421052631579,12.526315789473685,4.105263157894737,13.289473684210526,48.0,51.0,0.48521916411824667,,,,False
Loris Karius,Germany,GK,Newcastle,30,1993,1,1,90,1.0,0,0,0,0,0,0,0,0,0.0,0.0,0.0,0.0,0.0,False,2023-24,2023,0.0,1,90,,,0.0,,,900,38.0,52.21052631578947,14.5,5.605263157894737,14.052631578947368,85.0,62.0,0.5078341013824884,,,,False
Loum Tchaouna,France,"MF,FW",Burnley,21,2003,29,14,1272,14.1,2,1,3,2,0,0,2,0,0.14184397163120568,0.07092198581560284,0.2127659574468085,0.14184397163120568,0.2127659574468085,False,2025-26,2025,0.2127659574468085,1,1272,,,0.2127659574468085,,,441,,,,,,,,,,,,False
Luca Koleosho,Italy,"MF,FW",Burnley,18,2004,15,13,974,10.8,1,1,2,1,0,0,0,0,0.09259259259259259,0.09259259259259259,0.18518518518518517,0.09259259259259259,0.18518518518518517,False,2023-24,2023,0.18518518518518517,1,974,,,0.18518518518518517,,,324,,,,,,,,,,,,False
Luca Netz,Germany,"DF,MF",Nottingham,22,2003,7,3,357,4.0,0,0,0,0,0,0,0,0,0.0,0.0,0.0,0.0,0.0,False,2025-26,2025,0.0,1,357,,,0.0,,,484,38.0,46.8421052631579,12.526315789473685,4.105263157894737,13.289473684210526,48.0,51.0,0.48521916411824667,,,,False
Lucas,Brazil,"MF,DF",Burnley,24,2001,20,15,1409,15.7,0,0,0,0,0,0,1,1,0.0,0.0,0.0,0.0,0.0,False,2025-26,2025,0.0,1,1409,,,0.0,,,576,,,,,,,,,,,,False
Lucas Bergvall,Sweden,MF,Tottenham,18,2006,27,11,1212,13.5,0,1,1,0,0,0,3,0,0.0,0.07407407407407407,0.07407407407407407,0.0,0.07407407407407407,False,2024-25,2024,0.07407407407407407,1,1212,,,0.07407407407407407,,,324,38.0,54.76315789473684,13.078947368421053,4.868421052631579,13.736842105263158,64.0,65.0,0.4877330716388616,0.3738317757009346,10.7,2025-26,True
Lucas Bergvall,Sweden,MF,Tottenham,19,2006,23,11,965,10.7,1,3,4,1,0,0,2,0,0.09345794392523366,0.28037383177570097,0.3738317757009346,0.09345794392523366,0.3738317757009346,False,2025-26,2025,0.3738317757009346,2,2177,1212.0,-247.0,0.27391254182531444,0.07407407407407407,,361,38.0,50.421052631578945,11.447368421052632,3.8421052631578947,12.289473684210526,48.0,57.0,0.4822616407982262,,,,False
Lucas Digne,France,DF,Aston Villa,29,1993,28,18,1502,16.7,1,0,1,1,0,0,5,0,0.059880239520958084,0.0,0.059880239520958084,0.059880239520958084,0.059880239520958084,False,2022-23,2022,0.059880239520958084,1,1502,,,0.059880239520958084,,,841,38.0,49.44736842105263,11.31578947368421,3.973684210526316,11.289473684210526,51.0,46.0,0.5005820721769499,0.14925373134328357,26.8,2023-24,True
Lucas Digne,France,DF,Aston Villa,30,1993,33,27,2410,26.8,1,3,4,1,0,0,7,0,0.03731343283582089,0.11194029850746269,0.14925373134328357,0.03731343283582089,0.14925373134328357,False,2023-24,2023,0.14925373134328357,2,3912,1502.0,908.0,0.11946256740250841,0.059880239520958084,,900,38.0,53.421052631578945,13.5,5.0,11.947368421052632,76.0,61.0,0.5305067218200621,0.1532567049808429,26.1,2024-25,True
Lucas Digne,France,DF,Aston Villa,31,1993,32,28,2351,26.1,0,4,4,0,0,0,4,0,0.0,0.1532567049808429,0.1532567049808429,0.0,0.1532567049808429,False,2024-25,2024,0.1532567049808429,3,6263,2410.0,-59.0,0.1419919924547314,0.14925373134328357,0.059880239520958084,961,38.0,50.71052631578947,12.736842105263158,4.473684210526316,12.18421052631579,58.0,51.0,0.5110876451953538,0.2912621359223301,20.6,2025-26,True
Lucas Digne,France,DF,Aston Villa,32,1993,31,21,1852,20.6,0,6,6,0,0,0,3,0,0.0,0.2912621359223301,0.2912621359223301,0.0,0.2912621359223301,False,2025-26,2025,0.2912621359223301,4,8115,2351.0,-499.0,0.2415054214331305,0.1532567049808429,0.14925373134328357,1024,38.0,53.6578947368421,12.710526315789474,4.473684210526316,12.894736842105264,56.0,49.0,0.4964028776978417,,,,False
Lucas DigneLucas Digne,France,DF,Everton,28,1993,29,29,2439,27.1,0,4,4,0,0,0,6,0,0.0,0.14760147601476015,0.14760147601476015,0.0,0.14760147601476015,False,2021-22,2021,0.14760147601476015,1,2439,,,0.14760147601476015,,,784,38.0,39.68421052631579,11.526315789473685,3.6315789473684212,13.710526315789474,43.0,66.0,0.45672575599582904,,,,False
Lucas Moura,Brazil,"MF,FW",Tottenham,28,1992,34,19,1775,19.7,2,6,8,2,0,0,4,0,0.10152284263959391,0.30456852791878175,0.40609137055837563,0.10152284263959391,0.40609137055837563,False,2021-22,2021,0.40609137055837563,1,1775,,,0.40609137055837563,,,784,38.0,52.0,12.921052631578947,5.184210526315789,12.921052631578947,69.0,40.0,0.5,0.5882352941176471,1.7,2022-23,False
Lucas Moura,Brazil,"FW,MF",Tottenham,29,1992,15,0,153,1.7,1,0,1,1,0,0,0,1,0.5882352941176471,0.0,0.5882352941176471,0.5882352941176471,0.5882352941176471,False,2022-23,2022,0.5882352941176471,2,1928,1775.0,-1622.0,0.5275206529312233,0.40609137055837563,,841,38.0,49.94736842105263,13.68421052631579,5.2631578947368425,13.68421052631579,70.0,63.0,0.5,,,,False
Lucas Paquetá,Brazil,MF,West Ham,24,1997,28,27,2151,23.9,4,3,7,3,1,1,5,0,0.1673640167364017,0.12552301255230125,0.29288702928870297,0.12552301255230125,0.25104602510460255,False,2022-23,2022,0.29288702928870297,1,2151,,,0.29288702928870297,,,576,,,,,,,,,0.3436426116838488,29.1,2023-24,True
Lucas Paquetá,Brazil,MF,West Ham,25,1997,31,31,2622,29.1,4,6,10,2,2,2,10,0,0.1374570446735395,0.20618556701030927,0.3436426116838488,0.06872852233676975,0.27491408934707906,False,2023-24,2023,0.3436426116838488,2,4773,2151.0,471.0,0.32672408421880017,0.29288702928870297,,625,,,,,,,,,0.15151515151515152,26.4,2024-25,True
Lucas Paquetá,Brazil,"MF,FW",West Ham,26,1997,33,27,2380,26.4,4,0,4,2,2,2,10,0,0.15151515151515152,0.0,0.15151515151515152,0.07575757575757576,0.07575757575757576,False,2024-25,2024,0.15151515151515152,3,7153,2622.0,-242.0,0.20991812908303442,0.3436426116838488,0.29288702928870297,676,,,,,,,,,0.2976190476190476,16.8,2025-26,True
Lucas Paquetá,Brazil,"MF,FW",West Ham,27,1997,18,18,1511,16.8,4,1,5,2,2,2,7,1,0.23809523809523808,0.05952380952380952,0.2976190476190476,0.11904761904761904,0.17857142857142858,False,2025-26,2025,0.2976190476190476,4,8664,2380.0,-869.0,0.2683854081070432,0.15151515151515152,0.3436426116838488,729,,,,,,,,,,,,False
Lucas Perri,Brazil,GK,Leeds United,27,1997,16,16,1440,16.0,0,0,0,0,0,0,2,0,0.0,0.0,0.0,0.0,0.0,False,2025-26,2025,0.0,1,1440,,,0.0,,,729,38.0,45.73684210526316,12.552631578947368,3.973684210526316,12.526315789473685,49.0,56.0,0.5005246589716683,,,,False
Ludwig Augustinsson,Sweden,DF,Aston Villa,28,1994,3,1,77,0.9,0,0,0,0,0,0,1,0,0.0,0.0,0.0,0.0,0.0,False,2022-23,2022,0.0,1,77,,,0.0,,,784,38.0,49.44736842105263,11.31578947368421,3.973684210526316,11.289473684210526,51.0,46.0,0.5005820721769499,,,,False
Luis Díaz,Colombia,FW,Liverpool,24,1997,13,11,958,10.6,4,3,7,4,0,0,0,0,0.37735849056603776,0.2830188679245283,0.6603773584905661,0.37735849056603776,0.6603773584905661,False,2021-22,2021,0.6603773584905661,1,958,,,0.6603773584905661,,,576,38.0,63.3421052631579,19.18421052631579,6.7631578947368425,7.7894736842105265,94.0,26.0,0.7112195121951219,0.5405405405405406,11.1,2022-23,True
Luis Díaz,Colombia,FW,Liverpool,25,1997,17,11,996,11.1,4,2,6,4,0,0,2,0,0.3603603603603604,0.1801801801801802,0.5405405405405406,0.3603603603603604,0.5405405405405406,False,2022-23,2022,0.5405405405405406,2,1954,958.0,38.0,0.5804861465238824,0.6603773584905661,,625,38.0,61.10526315789474,15.921052631578947,5.578947368421052,9.710526315789474,75.0,47.0,0.6211498973305954,0.4452054794520548,29.2,2023-24,True
Luis Díaz,Colombia,FW,Liverpool,26,1997,37,32,2629,29.2,8,5,13,8,0,0,3,0,0.273972602739726,0.17123287671232876,0.4452054794520548,0.273972602739726,0.4452054794520548,False,2023-24,2023,0.4452054794520548,3,4583,996.0,1633.0,0.49029903514266404,0.5405405405405406,0.6603773584905661,676,38.0,61.78947368421053,20.789473684210527,7.2894736842105265,10.894736842105264,86.0,41.0,0.6561461794019934,0.6741573033707865,26.7,2024-25,True
Luis Díaz,Colombia,"FW,MF",Liverpool,27,1997,36,28,2399,26.7,13,5,18,13,0,0,2,0,0.4868913857677903,0.18726591760299627,0.6741573033707865,0.4868913857677903,0.6741573033707865,False,2024-25,2024,0.6741573033707865,4,6982,2629.0,-230.0,0.6128712139614123,0.4452054794520548,0.5405405405405406,729,38.0,58.078947368421055,17.026315789473685,6.078947368421052,10.18421052631579,86.0,41.0,0.625725338491296,,,,False
Luis Guilherme,Brazil,MF,West Ham,18,2006,12,1,150,1.7,0,0,0,0,0,0,0,0,0.0,0.0,0.0,0.0,0.0,False,2024-25,2024,0.0,1,150,,,0.0,,,324,,,,,,,,,0.0,1.4,2025-26,False
Luis Guilherme,Brazil,FW,West Ham,19,2006,5,1,125,1.4,0,0,0,0,0,0,0,0,0.0,0.0,0.0,0.0,0.0,False,2025-26,2025,0.0,2,275,150.0,-25.0,0.0,0.0,,361,,,,,,,,,,,,False
Luis Sinisterra,Colombia,MF,Leeds United,23,1999,19,13,867,9.6,5,0,5,5,0,0,3,1,0.5208333333333334,0.0,0.5208333333333334,0.5208333333333334,0.5208333333333334,False,2022-23,2022,0.5208333333333334,1,867,,,0.5208333333333334,,,529,38.0,46.94736842105263,12.157894736842104,3.8157894736842106,13.868421052631579,48.0,78.0,0.4671385237613751,0.5128205128205129,7.8,2023-24,True
Luis Sinisterra,Colombia,MF,Bournemouth,24,1999,20,7,699,7.8,2,2,4,2,0,0,0,0,0.25641025641025644,0.25641025641025644,0.5128205128205129,0.25641025641025644,0.5128205128205129,False,2023-24,2023,0.5128205128205129,2,1566,867.0,-168.0,0.515491452991453,0.5208333333333334,,576,38.0,44.05263157894737,14.263157894736842,4.868421052631579,13.973684210526315,54.0,67.0,0.5051258154706431,0.7692307692307692,2.6,2024-25,False
Luis Sinisterra,Colombia,MF,Bournemouth,25,1999,12,1,236,2.6,1,1,2,1,0,0,0,0,0.3846153846153846,0.3846153846153846,0.7692307692307692,0.3846153846153846,0.7692307692307692,False,2024-25,2024,0.7692307692307692,3,1802,699.0,-463.0,0.6846509971509971,0.5128205128205129,0.5208333333333334,625,38.0,48.578947368421055,15.263157894736842,5.315789473684211,12.842105263157896,58.0,46.0,0.5430711610486891,,,,False
Luka Milivojević,Serbia,MF,Crystal Palace,30,1991,15,9,774,8.6,0,0,0,0,0,0,1,0,0.0,0.0,0.0,0.0,0.0,False,2021-22,2021,0.0,1,774,,,0.0,,,900,38.0,50.94736842105263,10.81578947368421,3.8684210526315788,11.657894736842104,50.0,46.0,0.48126463700234196,0.0,5.7,2022-23,True
Luka Milivojević,Serbia,MF,Crystal Palace,31,1991,18,5,512,5.7,0,0,0,0,0,0,2,0,0.0,0.0,0.0,0.0,0.0,False,2022-23,2022,0.0,2,1286,774.0,-262.0,0.0,0.0,,961,38.0,46.13157894736842,11.18421052631579,3.5789473684210527,12.0,40.0,49.0,0.48240635641316687,,,,False
Lukas Nmecha,Germany,FW,Leeds United,26,1998,31,10,1083,12.0,6,1,7,4,2,3,0,0,0.5,0.08333333333333333,0.5833333333333334,0.3333333333333333,0.41666666666666674,False,2025-26,2025,0.5833333333333334,1,1083,,,0.5833333333333334,,,676,38.0,45.73684210526316,12.552631578947368,3.973684210526316,12.526315789473685,49.0,56.0,0.5005246589716683,,,,False
Lukas Rupp,Germany,MF,Norwich City,30,1991,19,7,769,8.5,0,0,0,0,0,0,0,0,0.0,0.0,0.0,0.0,0.0,False,2021-22,2021,0.0,1,769,,,0.0,,,900,,,,,,,,,,,,False
Luke Ayling,England,DF,Leeds United,29,1991,26,26,2272,25.2,2,2,4,2,0,0,4,1,0.07936507936507936,0.07936507936507936,0.15873015873015872,0.07936507936507936,0.15873015873015872,False,2021-22,2021,0.15873015873015872,1,2272,,,0.15873015873015872,,,841,38.0,52.473684210526315,12.736842105263158,4.052631578947368,15.289473684210526,42.0,79.0,0.4544600938967136,0.13157894736842105,22.8,2022-23,True
Luke Ayling,England,DF,Leeds United,30,1991,29,22,2054,22.8,2,1,3,2,0,0,3,0,0.08771929824561403,0.043859649122807015,0.13157894736842105,0.08771929824561403,0.13157894736842105,False,2022-23,2022,0.13157894736842105,2,4326,2272.0,-218.0,0.14062935115566694,0.15873015873015872,,900,38.0,46.94736842105263,12.157894736842104,3.8157894736842106,13.868421052631579,48.0,78.0,0.4671385237613751,,,,False
Luke Berry,England,MF,Luton Town,31,1992,17,2,323,3.6,2,1,3,2,0,0,1,0,0.5555555555555556,0.2777777777777778,0.8333333333333333,0.5555555555555556,0.8333333333333333,False,2023-24,2023,0.8333333333333333,1,323,,,0.8333333333333333,,,961,,,,,,,,,,,,False
Luke Cundle,England,MF,Wolves,19,2002,4,2,180,2.0,0,0,0,0,0,0,0,0,0.0,0.0,0.0,0.0,0.0,False,2021-22,2021,0.0,1,180,,,0.0,,,361,,,,,,,,,,,,False
Luke Harris,Wales,MF,Fulham,17,2005,3,0,13,0.1,0,0,0,0,0,0,0,0,0.0,0.0,0.0,0.0,0.0,False,2022-23,2022,0.0,1,13,,,0.0,,,289,38.0,48.68421052631579,11.289473684210526,3.8947368421052633,13.289473684210526,55.0,53.0,0.45931477516059954,0.0,0.8,2023-24,False
Luke Harris,Wales,MF,Fulham,18,2005,1,0,75,0.8,0,0,0,0,0,0,0,0,0.0,0.0,0.0,0.0,0.0,False,2023-24,2023,0.0,2,88,13.0,62.0,0.0,0.0,,324,38.0,50.73684210526316,13.157894736842104,4.7105263157894735,13.763157894736842,55.0,61.0,0.4887585532746823,,,,False
Luke O'Nien,England,DF,Sunderland,30,1994,12,5,569,6.3,0,1,1,0,0,0,1,1,0.0,0.15873015873015872,0.15873015873015872,0.0,0.15873015873015872,False,2025-26,2025,0.15873015873015872,1,569,,,0.15873015873015872,,,900,38.0,44.89473684210526,10.421052631578947,3.4210526315789473,14.210526315789474,42.0,48.0,0.4230769230769231,,,,False
Luke Shaw,England,"DF,MF",Manchester Utd,26,1995,20,19,1601,17.8,0,3,3,0,0,0,8,0,0.0,0.16853932584269662,0.16853932584269662,0.0,0.16853932584269662,False,2021-22,2021,0.16853932584269662,1,1601,,,0.16853932584269662,,,676,38.0,52.921052631578945,13.368421052631579,4.921052631578948,13.447368421052632,57.0,57.0,0.4985279685966634,0.10563380281690142,28.4,2022-23,True
Luke Shaw,England,DF,Manchester Utd,27,1995,31,30,2552,28.4,1,2,3,1,0,0,8,0,0.035211267605633804,0.07042253521126761,0.10563380281690142,0.035211267605633804,0.10563380281690142,False,2022-23,2022,0.10563380281690142,2,4153,1601.0,951.0,0.1266023104921665,0.16853932584269662,,729,38.0,53.973684210526315,15.578947368421053,5.631578947368421,12.657894736842104,58.0,43.0,0.5517241379310345,0.0,10.7,2023-24,True
Luke Shaw,England,DF,Manchester Utd,28,1995,12,12,959,10.7,0,0,0,0,0,0,6,0,0.0,0.0,0.0,0.0,0.0,False,2023-24,2023,0.0,3,5112,2552.0,-1593.0,0.042200770164055504,0.10563380281690142,0.16853932584269662,784,38.0,50.526315789473685,14.473684210526315,5.078947368421052,17.55263157894737,57.0,58.0,0.4519309778142974,0.0,3.9,2024-25,True
Luke Shaw,England,DF,Manchester Utd,29,1995,7,4,349,3.9,0,0,0,0,0,0,1,0,0.0,0.0,0.0,0.0,0.0,False,2024-25,2024,0.0,4,5461,959.0,-610.0,0.014066923388018503,0.0,0.10563380281690142,841,38.0,53.55263157894737,13.868421052631579,4.605263157894737,10.921052631578947,44.0,54.0,0.559447983014862,0.0558659217877095,35.8,2025-26,True
Luke Shaw,England,DF,Manchester Utd,30,1995,38,38,3219,35.8,1,1,2,1,0,0,9,0,0.02793296089385475,0.02793296089385475,0.0558659217877095,0.02793296089385475,0.0558659217877095,False,2025-26,2025,0.0558659217877095,5,8680,349.0,2870.0,0.04193292232114584,0.0,0.0,900,38.0,51.921052631578945,15.657894736842104,5.657894736842105,11.578947368421053,69.0,50.0,0.5748792270531401,,,,False
Luke Thomas,England,"DF,MF",Leicester City,20,2001,22,21,1912,21.2,0,1,1,0,0,0,2,0,0.0,0.04716981132075472,0.04716981132075472,0.0,0.04716981132075472,False,2021-22,2021,0.04716981132075472,1,1912,,,0.04716981132075472,,,400,,,,,,,,,0.0,11.9,2022-23,True
Luke Thomas,England,DF,Leicester City,21,2001,17,11,1073,11.9,0,0,0,0,0,0,3,0,0.0,0.0,0.0,0.0,0.0,False,2022-23,2022,0.0,2,2985,1912.0,-839.0,0.015723270440251576,0.04716981132075472,,441,,,,,,,,,0.0,10.2,2023-24,True
Luke Thomas,England,"MF,DF",Sheffield United,22,2001,12,11,917,10.2,0,0,0,0,0,0,3,0,0.0,0.0,0.0,0.0,0.0,False,2023-24,2023,0.0,3,3902,1073.0,-156.0,0.005241090146750526,0.0,0.04716981132075472,484,,,,,,,,,0.0,12.3,2024-25,True
Luke Thomas,England,DF,Leicester City,23,2001,14,13,1110,12.3,0,0,0,0,0,0,3,0,0.0,0.0,0.0,0.0,0.0,False,2024-25,2024,0.0,4,5012,917.0,193.0,0.0017470300489168423,0.0,0.0,529,,,,,,,,,,,,False
Luke Woolfenden,England,DF,Ipswich Town,25,1998,15,12,1187,13.2,0,0,0,0,0,0,2,0,0.0,0.0,0.0,0.0,0.0,False,2024-25,2024,0.0,1,1187,,,0.0,,,625,38.0,40.39473684210526,9.894736842105264,3.3421052631578947,15.973684210526315,36.0,82.0,0.38250254323499494,,,,False
Lutsharel Geertruida,Netherlands,"DF,MF",Sunderland,25,2000,28,17,1693,18.8,0,0,0,0,0,0,2,0,0.0,0.0,0.0,0.0,0.0,False,2025-26,2025,0.0,1,1693,,,0.0,,,625,38.0,44.89473684210526,10.421052631578947,3.4210526315789473,14.210526315789474,42.0,48.0,0.4230769230769231,,,,False
Lyanco,Brazil,DF,Southampton,24,1997,15,9,911,10.1,0,0,0,0,0,0,2,0,0.0,0.0,0.0,0.0,0.0,False,2021-22,2021,0.0,1,911,,,0.0,,,576,,,,,,,,,0.15267175572519084,13.1,2022-23,True
Lyanco,Brazil,DF,Southampton,25,1997,21,11,1180,13.1,1,1,2,1,0,0,4,0,0.07633587786259542,0.07633587786259542,0.15267175572519084,0.07633587786259542,0.15267175572519084,False,2022-23,2022,0.15267175572519084,2,2091,911.0,269.0,0.10178117048346055,0.0,,625,,,,,,,,,,,,False
Lyle Foster,South Africa,"FW,MF",Burnley,22,2000,24,22,1899,21.1,5,3,8,5,0,0,0,1,0.23696682464454974,0.14218009478672985,0.3791469194312796,0.23696682464454974,0.3791469194312796,False,2023-24,2023,0.3791469194312796,1,1899,,,0.3791469194312796,,,484,,,,,,,,,0.32894736842105265,15.2,2025-26,True
Lyle Foster,South Africa,"FW,MF",Burnley,24,2000,26,15,1371,15.2,3,2,5,3,0,0,4,0,0.19736842105263158,0.13157894736842105,0.32894736842105265,0.19736842105263158,0.32894736842105265,False,2025-26,2025,0.32894736842105265,2,3270,1899.0,-528.0,0.34568055209112836,0.3791469194312796,,576,,,,,,,,,,,,False
Mads Bech Sørensen,Denmark,DF,Brentford,22,1999,11,9,835,9.3,0,0,0,0,0,0,3,0,0.0,0.0,0.0,0.0,0.0,False,2021-22,2021,0.0,1,835,,,0.0,,,484,38.0,44.5,11.631578947368421,4.052631578947368,13.210526315789474,48.0,56.0,0.4682203389830508,0.0,0.2,2022-23,False
Mads Bech Sørensen,Denmark,DF,Brentford,23,1999,4,0,21,0.2,0,0,0,0,0,0,0,0,0.0,0.0,0.0,0.0,0.0,False,2022-23,2022,0.0,2,856,835.0,-814.0,0.0,0.0,,529,38.0,43.39473684210526,10.710526315789474,4.2631578947368425,14.763157894736842,58.0,46.0,0.42045454545454547,,,,False
Mads Bidstrup,Denmark,MF,Brentford,20,2001,4,0,41,0.5,0,0,0,0,0,0,0,0,0.0,0.0,0.0,0.0,0.0,False,2021-22,2021,0.0,1,41,,,0.0,,,400,38.0,44.5,11.631578947368421,4.052631578947368,13.210526315789474,48.0,56.0,0.4682203389830508,,,,False
Mads Hermansen,Denmark,GK,Leicester City,24,2000,27,27,2385,26.5,0,0,0,0,0,0,1,0,0.0,0.0,0.0,0.0,0.0,False,2024-25,2024,0.0,1,2385,,,0.0,,,576,,,,,,,,,0.05555555555555555,18.0,2025-26,True
Mads Hermansen,Denmark,GK,West Ham,25,2000,18,18,1620,18.0,0,1,1,0,0,0,0,0,0.0,0.05555555555555555,0.05555555555555555,0.0,0.05555555555555555,False,2025-26,2025,0.05555555555555555,2,4005,2385.0,-765.0,0.037037037037037035,0.0,,625,,,,,,,,,,,,False
Mads Juel Andersen,Denmark,DF,Luton Town,25,1997,8,4,400,4.4,1,0,1,1,0,0,1,0,0.22727272727272727,0.0,0.22727272727272727,0.22727272727272727,0.22727272727272727,False,2023-24,2023,0.22727272727272727,1,400,,,0.22727272727272727,,,625,,,,,,,,,,,,False
Mads Roerslev,Denmark,"MF,DF",Brentford,22,1999,21,12,1240,13.8,1,1,2,1,0,0,1,0,0.07246376811594203,0.07246376811594203,0.14492753623188406,0.07246376811594203,0.14492753623188406,False,2021-22,2021,0.14492753623188406,1,1240,,,0.14492753623188406,,,484,38.0,44.5,11.631578947368421,4.052631578947368,13.210526315789474,48.0,56.0,0.4682203389830508,0.0,12.3,2022-23,True
Mads Roerslev,Denmark,"MF,DF",Brentford,23,1999,20,12,1108,12.3,0,0,0,0,0,0,0,0,0.0,0.0,0.0,0.0,0.0,False,2022-23,2022,0.0,2,2348,1240.0,-132.0,0.04830917874396136,0.14492753623188406,,529,38.0,43.39473684210526,10.710526315789474,4.2631578947368425,14.763157894736842,58.0,46.0,0.42045454545454547,0.13574660633484162,22.1,2023-24,True
Mads Roerslev,Denmark,"MF,DF",Brentford,24,1999,34,22,1985,22.1,1,2,3,1,0,0,1,0,0.04524886877828054,0.09049773755656108,0.13574660633484162,0.04524886877828054,0.13574660633484162,False,2023-24,2023,0.13574660633484162,3,4333,1108.0,877.0,0.10660079713788152,0.0,0.14492753623188406,576,38.0,44.973684210526315,12.447368421052632,4.526315789473684,14.421052631578947,56.0,65.0,0.4632713026444662,0.1639344262295082,12.2,2024-25,True
Mads Roerslev,Denmark,DF,Brentford,25,1999,19,11,1101,12.2,0,2,2,0,0,0,2,0,0.0,0.1639344262295082,0.1639344262295082,0.0,0.1639344262295082,False,2024-25,2024,0.1639344262295082,4,5434,1985.0,-884.0,0.14482321653229932,0.13574660633484162,0.0,625,38.0,47.81578947368421,11.578947368421053,4.842105263157895,17.026315789473685,66.0,57.0,0.40478380864765406,,,,False
Mahmoud Dahoud,Germany,MF,Brighton,27,1996,9,6,452,5.0,0,1,1,0,0,0,1,1,0.0,0.2,0.2,0.0,0.2,False,2023-24,2023,0.2,1,452,,,0.2,,,729,38.0,60.3421052631579,14.789473684210526,5.473684210526316,12.289473684210526,55.0,62.0,0.5461613216715258,,,,False
Malang Sarr,France,DF,Chelsea,22,1999,8,6,546,6.1,0,0,0,0,0,0,2,0,0.0,0.0,0.0,0.0,0.0,False,2021-22,2021,0.0,1,546,,,0.0,,,484,38.0,62.3421052631579,15.578947368421053,5.552631578947368,8.921052631578947,76.0,33.0,0.635875402792696,,,,False
Malcolm Ebiowei,England,MF,Crystal Palace,18,2003,3,0,34,0.4,0,0,0,0,0,0,0,0,0.0,0.0,0.0,0.0,0.0,False,2022-23,2022,0.0,1,34,,,0.0,,,324,38.0,46.13157894736842,11.18421052631579,3.5789473684210527,12.0,40.0,49.0,0.48240635641316687,,,,False
Malick Thiaw,Germany,DF,Newcastle,23,2001,35,33,2965,32.9,4,0,4,4,0,0,4,0,0.12158054711246201,0.0,0.12158054711246201,0.12158054711246201,0.12158054711246201,False,2025-26,2025,0.12158054711246201,1,2965,,,0.12158054711246201,,,529,38.0,52.473684210526315,12.947368421052632,4.631578947368421,12.342105263157896,53.0,55.0,0.5119667013527576,,,,False
Malo Gusto,France,"DF,MF",Chelsea,20,2003,27,19,1751,19.5,0,6,6,0,0,0,7,1,0.0,0.3076923076923077,0.3076923076923077,0.0,0.3076923076923077,False,2023-24,2023,0.3076923076923077,1,1751,,,0.3076923076923077,,,400,38.0,59.0,14.421052631578947,5.657894736842105,14.631578947368421,77.0,63.0,0.4963768115942029,0.04830917874396135,20.7,2024-25,True
Malo Gusto,France,DF,Chelsea,21,2003,32,19,1862,20.7,0,1,1,0,0,0,4,0,0.0,0.04830917874396135,0.04830917874396135,0.0,0.04830917874396135,False,2024-25,2024,0.04830917874396135,2,3613,1751.0,111.0,0.13477022172674347,0.3076923076923077,,441,38.0,57.3421052631579,15.657894736842104,5.7368421052631575,10.447368421052632,64.0,43.0,0.5997983870967741,0.199203187250996,25.1,2025-26,True
Malo Gusto,France,"DF,MF",Chelsea,22,2003,34,26,2261,25.1,2,3,5,2,0,0,5,1,0.0796812749003984,0.1195219123505976,0.199203187250996,0.0796812749003984,0.199203187250996,False,2025-26,2025,0.199203187250996,3,5874,1862.0,399.0,0.17772553207624517,0.04830917874396135,0.3076923076923077,484,38.0,57.73684210526316,13.394736842105264,4.368421052631579,10.947368421052632,58.0,52.0,0.5502702702702702,,,,False
Mamadou Sarr,Senegal,DF,Chelsea,19,2005,3,1,102,1.1,0,0,0,0,0,0,0,0,0.0,0.0,0.0,0.0,0.0,False,2025-26,2025,0.0,1,102,,,0.0,,,361,38.0,57.73684210526316,13.394736842105264,4.368421052631579,10.947368421052632,58.0,52.0,0.5502702702702702,,,,False
Manor Solomon,Israel,MF,Fulham,23,1999,19,4,572,6.4,4,0,4,4,0,0,0,0,0.625,0.0,0.625,0.625,0.625,False,2022-23,2022,0.625,1,572,,,0.625,,,529,38.0,48.68421052631579,11.289473684210526,3.8947368421052633,13.289473684210526,55.0,53.0,0.45931477516059954,0.9090909090909091,2.2,2023-24,False
Manor Solomon,Israel,MF,Tottenham,24,1999,5,2,199,2.2,0,2,2,0,0,0,1,0,0.0,0.9090909090909091,0.9090909090909091,0.0,0.9090909090909091,False,2023-24,2023,0.9090909090909091,2,771,572.0,-373.0,0.8143939393939393,0.625,,576,38.0,62.05263157894737,15.31578947368421,5.631578947368421,12.789473684210526,74.0,61.0,0.5449438202247191,,,,False
Manuel Akanji,Switzerland,"DF,MF",Manchester City,27,1995,29,24,2287,25.4,0,1,1,0,0,0,2,0,0.0,0.03937007874015748,0.03937007874015748,0.0,0.03937007874015748,False,2022-23,2022,0.03937007874015748,1,2287,,,0.03937007874015748,,,729,38.0,65.34210526315789,15.789473684210526,5.7631578947368425,7.7105263157894735,94.0,33.0,0.6718924972004479,0.07168458781362008,27.9,2023-24,True
Manuel Akanji,Switzerland,"DF,MF",Manchester City,28,1995,30,28,2511,27.9,2,0,2,2,0,0,4,1,0.07168458781362008,0.0,0.07168458781362008,0.07168458781362008,0.07168458781362008,False,2023-24,2023,0.07168458781362008,2,4798,2287.0,224.0,0.06091308478913254,0.03937007874015748,,784,38.0,65.73684210526316,18.263157894736842,7.315789473684211,7.7368421052631575,96.0,34.0,0.7024291497975709,0.0,22.4,2024-25,True
Manuel Akanji,Switzerland,"DF,MF",Manchester City,29,1995,26,23,2014,22.4,0,0,0,0,0,0,3,0,0.0,0.0,0.0,0.0,0.0,False,2024-25,2024,0.0,3,6812,2511.0,-497.0,0.020304361596377517,0.07168458781362008,0.03937007874015748,841,38.0,61.73684210526316,16.0,5.7105263157894735,9.31578947368421,72.0,44.0,0.6320166320166319,,,,False
Manuel Lanzini,Argentina,MF,West Ham,28,1993,30,19,1786,19.8,5,3,8,2,3,3,2,0,0.25252525252525254,0.15151515151515152,0.40404040404040403,0.10101010101010101,0.2525252525252525,False,2021-22,2021,0.40404040404040403,1,1786,,,0.40404040404040403,,,784,,,,,,,,,0.35714285714285715,2.8,2022-23,False
Manuel Lanzini,Argentina,MF,West Ham,29,1993,10,2,252,2.8,1,0,1,1,0,0,0,0,0.35714285714285715,0.0,0.35714285714285715,0.35714285714285715,0.35714285714285715,False,2022-23,2022,0.35714285714285715,2,2038,1786.0,-1534.0,0.37277537277537276,0.40404040404040403,,841,,,,,,,,,,,,False
Manuel Ugarte,Uruguay,MF,Manchester Utd,23,2001,29,22,1785,19.8,1,2,3,1,0,0,11,0,0.050505050505050504,0.10101010101010101,0.15151515151515152,0.050505050505050504,0.15151515151515152,False,2024-25,2024,0.15151515151515152,1,1785,,,0.15151515151515152,,,529,38.0,53.55263157894737,13.868421052631579,4.605263157894737,10.921052631578947,44.0,54.0,0.559447983014862,0.0,9.9,2025-26,True
Manuel Ugarte,Uruguay,MF,Manchester Utd,24,2001,22,8,887,9.9,0,0,0,0,0,0,1,0,0.0,0.0,0.0,0.0,0.0,False,2025-26,2025,0.0,2,2672,1785.0,-898.0,0.05050505050505051,0.15151515151515152,,576,38.0,51.921052631578945,15.657894736842104,5.657894736842105,11.578947368421053,69.0,50.0,0.5748792270531401,,,,False
Marc Albrighton,England,"MF,FW",Leicester City,31,1989,17,11,1132,12.6,1,2,3,1,0,0,3,0,0.07936507936507936,0.15873015873015872,0.2380952380952381,0.07936507936507936,0.2380952380952381,False,2021-22,2021,0.2380952380952381,1,1132,,,0.2380952380952381,,,961,,,,,,,,,0.3846153846153846,2.6,2022-23,False
Marc Albrighton,England,MF,Leicester City,32,1989,6,1,237,2.6,1,0,1,1,0,0,0,0,0.3846153846153846,0.0,0.3846153846153846,0.3846153846153846,0.3846153846153846,False,2022-23,2022,0.3846153846153846,2,1369,1132.0,-895.0,0.33577533577533575,0.2380952380952381,,1024,,,,,,,,,,,,False
Marc Cucurella,Spain,"DF,MF",Brighton,23,1998,35,35,3089,34.3,1,1,2,1,0,0,6,0,0.02915451895043732,0.02915451895043732,0.05830903790087464,0.02915451895043732,0.05830903790087464,False,2021-22,2021,0.05830903790087464,1,3089,,,0.05830903790087464,,,529,38.0,54.73684210526316,12.868421052631579,4.0,12.526315789473685,42.0,44.0,0.5067357512953368,0.1075268817204301,18.6,2022-23,True
Marc Cucurella,Spain,"DF,MF",Chelsea,24,1998,24,21,1671,18.6,0,2,2,0,0,0,4,0,0.0,0.1075268817204301,0.1075268817204301,0.0,0.1075268817204301,False,2022-23,2022,0.1075268817204301,2,4760,3089.0,-1418.0,0.09112093378057827,0.05830903790087464,,576,38.0,59.026315789473685,12.736842105263158,4.157894736842105,11.526315789473685,38.0,47.0,0.5249457700650759,0.10101010101010101,19.8,2023-24,True
Marc Cucurella,Spain,DF,Chelsea,25,1998,21,20,1782,19.8,0,2,2,0,0,0,10,0,0.0,0.10101010101010101,0.10101010101010101,0.0,0.10101010101010101,False,2023-24,2023,0.10101010101010101,3,6542,1671.0,111.0,0.09771371193359343,0.1075268817204301,0.05830903790087464,625,38.0,59.0,14.421052631578947,5.657894736842105,14.631578947368421,77.0,63.0,0.4963768115942029,0.18072289156626503,33.2,2024-25,True
Marc Cucurella,Spain,DF,Chelsea,26,1998,36,33,2988,33.2,5,1,6,5,0,0,10,1,0.1506024096385542,0.03012048192771084,0.18072289156626503,0.1506024096385542,0.18072289156626503,False,2024-25,2024,0.18072289156626503,4,9530,1782.0,1206.0,0.15305316502204117,0.10101010101010101,0.1075268817204301,676,38.0,57.3421052631579,15.657894736842104,5.7368421052631575,10.447368421052632,64.0,43.0,0.5997983870967741,0.16611295681063123,30.1,2025-26,True
Marc Cucurella,Spain,DF,Chelsea,27,1998,34,31,2707,30.1,1,4,5,1,0,0,8,1,0.03322259136212624,0.13289036544850497,0.16611295681063123,0.03322259136212624,0.16611295681063123,False,2025-26,2025,0.16611295681063123,5,12237,2988.0,-281.0,0.1617596928811012,0.18072289156626503,0.10101010101010101,729,38.0,57.73684210526316,13.394736842105264,4.368421052631579,10.947368421052632,58.0,52.0,0.5502702702702702,,,,False
Marc Guiu,Spain,FW,Chelsea,18,2006,3,0,73,0.8,0,0,0,0,0,0,0,0,0.0,0.0,0.0,0.0,0.0,False,2024-25,2024,0.0,1,73,,,0.0,,,324,38.0,57.3421052631579,15.657894736842104,5.7368421052631575,10.447368421052632,64.0,43.0,0.5997983870967741,,,,False
Marc GuiuMarc Guiu,Spain,FW,Sunderland,19,2006,10,1,272,3.1,0,1,1,0,0,0,1,0,0.0,0.3225806451612903,0.3225806451612903,0.0,0.3225806451612903,False,2025-26,2025,0.3225806451612903,1,272,,,0.3225806451612903,,,361,38.0,44.89473684210526,10.421052631578947,3.4210526315789473,14.210526315789474,42.0,48.0,0.4230769230769231,,,,False
Marc Guéhi,England,DF,Crystal Palace,21,2000,36,36,3222,35.8,2,1,3,2,0,0,4,0,0.0558659217877095,0.02793296089385475,0.08379888268156425,0.0558659217877095,0.08379888268156425,False,2021-22,2021,0.08379888268156425,1,3222,,,0.08379888268156425,,,441,38.0,50.94736842105263,10.81578947368421,3.8684210526315788,11.657894736842104,50.0,46.0,0.48126463700234196,0.02702702702702703,37.0,2022-23,True
Marc Guéhi,England,DF,Crystal Palace,22,2000,37,37,3329,37.0,1,0,1,1,0,0,8,0,0.02702702702702703,0.0,0.02702702702702703,0.02702702702702703,0.02702702702702703,False,2022-23,2022,0.02702702702702703,2,6551,3222.0,107.0,0.045950978911872775,0.08379888268156425,,484,38.0,46.13157894736842,11.18421052631579,3.5789473684210527,12.0,40.0,49.0,0.48240635641316687,0.044444444444444446,22.5,2023-24,True
Marc Guéhi,England,DF,Crystal Palace,23,2000,25,23,2021,22.5,0,1,1,0,0,0,2,0,0.0,0.044444444444444446,0.044444444444444446,0.0,0.044444444444444446,False,2023-24,2023,0.044444444444444446,3,8572,3329.0,-1308.0,0.044946622600253894,0.02702702702702703,0.08379888268156425,529,38.0,42.1578947368421,12.0,4.447368421052632,12.078947368421053,57.0,58.0,0.4983606557377049,0.14705882352941177,34.0,2024-25,True
Marc Guéhi,England,DF,Crystal Palace,24,2000,34,34,3059,34.0,3,2,5,3,0,0,9,1,0.08823529411764706,0.058823529411764705,0.14705882352941177,0.08823529411764706,0.14705882352941177,False,2024-25,2024,0.14705882352941177,4,11631,2021.0,1038.0,0.11302142321969247,0.044444444444444446,0.02702702702702703,576,38.0,42.5,13.552631578947368,4.894736842105263,12.710526315789474,51.0,51.0,0.5160320641282565,,,,False
Marc GuéhiMarc Guéhi,England,DF,Manchester City,25,2000,35,35,3150,35.0,3,3,6,3,0,0,6,0,0.08571428571428572,0.08571428571428572,0.17142857142857143,0.08571428571428572,0.17142857142857143,False,2025-26,2025,0.17142857142857143,1,3150,,,0.17142857142857143,,,625,38.0,60.6578947368421,15.657894736842104,5.394736842105263,9.710526315789474,77.0,35.0,0.617219917012448,,,,False
Marc Roca,Spain,MF,Leeds United,25,1996,32,29,2315,25.7,1,2,3,1,0,0,7,0,0.038910505836575876,0.07782101167315175,0.11673151750972763,0.038910505836575876,0.11673151750972763,False,2022-23,2022,0.11673151750972763,1,2315,,,0.11673151750972763,,,625,38.0,46.94736842105263,12.157894736842104,3.8157894736842106,13.868421052631579,48.0,78.0,0.4671385237613751,,,,False
Marcel Sabitzer,Austria,MF,Manchester Utd,28,1994,11,7,627,7.0,0,1,1,0,0,0,1,0,0.0,0.14285714285714285,0.14285714285714285,0.0,0.14285714285714285,False,2022-23,2022,0.14285714285714285,1,627,,,0.14285714285714285,,,784,38.0,53.973684210526315,15.578947368421053,5.631578947368421,12.657894736842104,58.0,43.0,0.5517241379310345,,,,False
Marco Asensio,Spain,MF,Aston Villa,28,1996,13,9,743,8.3,3,1,4,3,0,2,2,0,0.36144578313253006,0.12048192771084336,0.48192771084337344,0.36144578313253006,0.48192771084337344,False,2024-25,2024,0.48192771084337344,1,743,,,0.48192771084337344,,,784,38.0,50.71052631578947,12.736842105263158,4.473684210526316,12.18421052631579,58.0,51.0,0.5110876451953538,,,,False
Marco Bizot,Netherlands,GK,Aston Villa,34,1991,7,6,585,6.5,0,0,0,0,0,0,2,0,0.0,0.0,0.0,0.0,0.0,False,2025-26,2025,0.0,1,585,,,0.0,,,1156,38.0,53.6578947368421,12.710526315789474,4.473684210526316,12.894736842105264,56.0,49.0,0.4964028776978417,,,,False
Marcos Alonso,Spain,MF,Chelsea,30,1990,28,25,2167,24.1,4,4,8,4,0,0,8,0,0.16597510373443983,0.16597510373443983,0.33195020746887965,0.16597510373443983,0.33195020746887965,False,2021-22,2021,0.33195020746887965,1,2167,,,0.33195020746887965,,,900,38.0,62.3421052631579,15.578947368421053,5.552631578947368,8.921052631578947,76.0,33.0,0.635875402792696,,,,False
Marcos Senesi,Argentina,DF,Bournemouth,25,1997,31,29,2491,27.7,2,0,2,2,0,0,7,0,0.07220216606498195,0.0,0.07220216606498195,0.07220216606498195,0.07220216606498195,False,2022-23,2022,0.07220216606498195,1,2491,,,0.07220216606498195,,,625,38.0,40.078947368421055,9.394736842105264,3.5,16.473684210526315,37.0,71.0,0.3631739572736521,0.3614457831325301,24.9,2023-24,True
Marcos Senesi,Argentina,DF,Bournemouth,26,1997,31,26,2242,24.9,4,5,9,4,0,0,13,0,0.1606425702811245,0.20080321285140562,0.3614457831325301,0.1606425702811245,0.3614457831325301,False,2023-24,2023,0.3614457831325301,2,4733,2491.0,-249.0,0.26503124411001405,0.07220216606498195,,676,38.0,44.05263157894737,14.263157894736842,4.868421052631579,13.973684210526315,54.0,67.0,0.5051258154706431,0.0,12.3,2024-25,True
Marcos Senesi,Argentina,DF,Bournemouth,27,1997,17,13,1106,12.3,0,0,0,0,0,0,5,0,0.0,0.0,0.0,0.0,0.0,False,2024-25,2024,0.0,3,5839,2242.0,-1136.0,0.08834374803667136,0.3614457831325301,0.07220216606498195,729,38.0,48.578947368421055,15.263157894736842,5.315789473684211,12.842105263157896,58.0,46.0,0.5430711610486891,0.136986301369863,36.5,2025-26,True
Marcos Senesi,Argentina,DF,Bournemouth,28,1997,37,37,3288,36.5,0,5,5,0,0,0,8,0,0.0,0.136986301369863,0.136986301369863,0.0,0.136986301369863,False,2025-26,2025,0.136986301369863,4,9127,1106.0,2182.0,0.1207721169254658,0.0,0.3614457831325301,784,38.0,50.078947368421055,13.842105263157896,4.684210526315789,12.631578947368421,58.0,54.0,0.5228628230616302,,,,False
Marcus Edwards,England,"MF,FW",Burnley,26,1998,23,11,1067,11.9,1,3,4,1,0,0,0,0,0.08403361344537814,0.25210084033613445,0.3361344537815126,0.08403361344537814,0.3361344537815126,False,2025-26,2025,0.3361344537815126,1,1067,,,0.3361344537815126,,,676,,,,,,,,,,,,False
Marcus Forss,Finland,FW,Brentford,22,1999,7,1,209,2.3,0,1,1,0,0,0,0,0,0.0,0.4347826086956522,0.4347826086956522,0.0,0.4347826086956522,False,2021-22,2021,0.4347826086956522,1,209,,,0.4347826086956522,,,484,38.0,44.5,11.631578947368421,4.052631578947368,13.210526315789474,48.0,56.0,0.4682203389830508,,,,False
Marcus Harness,England,"FW,MF",Ipswich Town,28,1996,2,0,45,0.5,0,0,0,0,0,0,0,0,0.0,0.0,0.0,0.0,0.0,False,2024-25,2024,0.0,1,45,,,0.0,,,784,38.0,40.39473684210526,9.894736842105264,3.3421052631578947,15.973684210526315,36.0,82.0,0.38250254323499494,,,,False
Marcus Rashford,England,"MF,FW",Manchester Utd,23,1997,25,13,1235,13.7,4,2,6,4,0,0,2,0,0.29197080291970806,0.14598540145985403,0.43795620437956206,0.29197080291970806,0.43795620437956206,False,2021-22,2021,0.43795620437956206,1,1235,,,0.43795620437956206,,,529,38.0,52.921052631578945,13.368421052631579,4.921052631578948,13.447368421052632,57.0,57.0,0.4985279685966634,0.6875,32.0,2022-23,True
Marcus Rashford,England,"FW,MF",Manchester Utd,24,1997,35,32,2879,32.0,17,5,22,17,0,0,2,0,0.53125,0.15625,0.6875,0.53125,0.6875,False,2022-23,2022,0.6875,2,4114,1235.0,1644.0,0.6043187347931873,0.43795620437956206,,576,38.0,53.973684210526315,15.578947368421053,5.631578947368421,12.657894736842104,58.0,43.0,0.5517241379310345,0.35714285714285715,25.2,2023-24,True
Marcus Rashford,England,"MF,FW",Manchester Utd,25,1997,33,26,2271,25.2,7,2,9,5,2,2,2,0,0.2777777777777778,0.07936507936507936,0.35714285714285715,0.19841269841269843,0.2777777777777778,False,2023-24,2023,0.35714285714285715,3,6385,2879.0,-608.0,0.4395348163596339,0.6875,0.43795620437956206,625,38.0,50.526315789473685,14.473684210526315,5.078947368421052,17.55263157894737,57.0,58.0,0.4519309778142974,,,,False
Marcus RashfordMarcus Rashford,England,"FW,MF",Manchester Utd,26,1997,25,16,1422,15.8,6,3,9,5,1,1,2,0,0.37974683544303794,0.18987341772151897,0.5696202531645569,0.3164556962025316,0.5063291139240506,False,2024-25,2024,0.5696202531645569,1,1422,,,0.5696202531645569,,,676,38.0,53.55263157894737,13.868421052631579,4.605263157894737,10.921052631578947,44.0,54.0,0.559447983014862,,,,False
Marcus Tavernier,England,MF,Bournemouth,23,1999,23,19,1743,19.4,5,4,9,5,0,0,1,0,0.2577319587628866,0.2061855670103093,0.4639175257731959,0.2577319587628866,0.4639175257731959,False,2022-23,2022,0.4639175257731959,1,1743,,,0.4639175257731959,,,529,38.0,40.078947368421055,9.394736842105264,3.5,16.473684210526315,37.0,71.0,0.3631739572736521,0.2978723404255319,23.5,2023-24,True
Marcus Tavernier,England,MF,Bournemouth,24,1999,30,25,2118,23.5,3,4,7,3,0,0,3,0,0.1276595744680851,0.1702127659574468,0.2978723404255319,0.1276595744680851,0.2978723404255319,False,2023-24,2023,0.2978723404255319,2,3861,1743.0,375.0,0.3532207355414199,0.4639175257731959,,576,38.0,44.05263157894737,14.263157894736842,4.868421052631579,13.973684210526315,54.0,67.0,0.5051258154706431,0.37209302325581395,21.5,2024-25,True
Marcus Tavernier,England,MF,Bournemouth,25,1999,29,20,1939,21.5,3,5,8,3,0,0,6,0,0.13953488372093023,0.23255813953488372,0.37209302325581395,0.13953488372093023,0.37209302325581395,False,2024-25,2024,0.37209302325581395,3,5800,2118.0,-179.0,0.3658022606843493,0.2978723404255319,0.4639175257731959,625,38.0,48.578947368421055,15.263157894736842,5.315789473684211,12.842105263157896,58.0,46.0,0.5430711610486891,0.36303630363036304,30.3,2025-26,True
Marcus Tavernier,England,MF,Bournemouth,26,1999,34,31,2731,30.3,7,4,11,5,2,2,6,0,0.23102310231023102,0.132013201320132,0.36303630363036304,0.16501650165016502,0.29702970297029707,False,2025-26,2025,0.36303630363036304,4,8531,1939.0,792.0,0.36395828931502516,0.37209302325581395,0.2978723404255319,676,38.0,50.078947368421055,13.842105263157896,4.684210526315789,12.631578947368421,58.0,54.0,0.5228628230616302,,,,False
Marek Rodák,Slovakia,GK,Fulham,25,1996,2,2,180,2.0,0,0,0,0,0,0,0,0,0.0,0.0,0.0,0.0,0.0,False,2022-23,2022,0.0,1,180,,,0.0,,,625,38.0,48.68421052631579,11.289473684210526,3.8947368421052633,13.289473684210526,55.0,53.0,0.45931477516059954,,,,False
Mario Lemina,Gabon,MF,Wolves,28,1993,19,17,1299,14.4,0,1,1,0,0,0,4,1,0.0,0.06944444444444445,0.06944444444444445,0.0,0.06944444444444445,False,2022-23,2022,0.06944444444444445,1,1299,,,0.06944444444444445,,,784,,,,,,,,,0.15151515151515152,33.0,2023-24,True
Mario Lemina,Gabon,MF,Wolves,29,1993,35,34,2968,33.0,4,1,5,4,0,0,12,1,0.12121212121212122,0.030303030303030304,0.15151515151515152,0.12121212121212122,0.15151515151515152,False,2023-24,2023,0.15151515151515152,2,4267,1299.0,1669.0,0.12415824915824916,0.06944444444444445,,841,,,,,,,,,0.2631578947368421,15.2,2024-25,True
Mario Lemina,Gabon,"MF,DF",Wolves,30,1993,17,15,1364,15.2,1,3,4,1,0,0,4,0,0.06578947368421052,0.19736842105263158,0.2631578947368421,0.06578947368421052,0.2631578947368421,False,2024-25,2024,0.2631578947368421,3,5631,2968.0,-1604.0,0.21682467954397777,0.15151515151515152,0.06944444444444445,900,,,,,,,,,,,,False
Mark Flekken,Netherlands,GK,Brentford,30,1993,37,37,3285,36.5,0,1,1,0,0,0,3,0,0.0,0.0273972602739726,0.0273972602739726,0.0,0.0273972602739726,False,2023-24,2023,0.0273972602739726,1,3285,,,0.0273972602739726,,,900,38.0,44.973684210526315,12.447368421052632,4.526315789473684,14.421052631578947,56.0,65.0,0.4632713026444662,0.054945054945054944,36.4,2024-25,True
Mark Flekken,Netherlands,GK,Brentford,31,1993,37,37,3275,36.4,0,2,2,0,0,0,1,0,0.0,0.054945054945054944,0.054945054945054944,0.0,0.054945054945054944,False,2024-25,2024,0.054945054945054944,2,6560,3285.0,-10.0,0.045762456721360825,0.0273972602739726,,961,38.0,47.81578947368421,11.578947368421053,4.842105263157895,17.026315789473685,66.0,57.0,0.40478380864765406,,,,False
Mark Noble,England,MF,West Ham,34,1987,11,3,332,3.7,1,0,1,0,1,2,0,0,0.27027027027027023,0.0,0.27027027027027023,0.0,0.0,False,2021-22,2021,0.27027027027027023,1,332,,,0.27027027027027023,,,1156,,,,,,,,,,,,False
Mark O'Mahony,Ireland,FW,Brighton,18,2005,3,1,63,0.7,0,0,0,0,0,0,1,0,0.0,0.0,0.0,0.0,0.0,False,2023-24,2023,0.0,1,63,,,0.0,,,324,38.0,60.3421052631579,14.789473684210526,5.473684210526316,12.289473684210526,55.0,62.0,0.5461613216715258,,,,False
Mark Travers,Ireland,GK,Bournemouth,23,1999,12,11,1035,11.5,0,0,0,0,0,0,0,0,0.0,0.0,0.0,0.0,0.0,False,2022-23,2022,0.0,1,1035,,,0.0,,,529,38.0,40.078947368421055,9.394736842105264,3.5,16.473684210526315,37.0,71.0,0.3631739572736521,0.0,4.0,2023-24,True
Mark Travers,Ireland,GK,Bournemouth,24,1999,4,4,360,4.0,0,0,0,0,0,0,0,0,0.0,0.0,0.0,0.0,0.0,False,2023-24,2023,0.0,2,1395,1035.0,-675.0,0.0,0.0,,576,38.0,44.05263157894737,14.263157894736842,4.868421052631579,13.973684210526315,54.0,67.0,0.5051258154706431,0.0,5.0,2024-25,True
Mark Travers,Ireland,GK,Bournemouth,25,1999,5,5,450,5.0,0,0,0,0,0,0,0,0,0.0,0.0,0.0,0.0,0.0,False,2024-25,2024,0.0,3,1845,360.0,90.0,0.0,0.0,0.0,625,38.0,48.578947368421055,15.263157894736842,5.315789473684211,12.842105263157896,58.0,46.0,0.5430711610486891,,,,False
Marquinhos,Brazil,MF,Arsenal,19,2003,1,0,1,0.0,0,0,0,0,0,0,0,0,0.0,0.0,0.0,0.0,0.0,False,2022-23,2022,0.0,1,1,,,0.0,,,361,38.0,59.94736842105263,15.605263157894736,5.368421052631579,8.973684210526315,88.0,43.0,0.6349036402569593,,,,False
Marshall Munetsi,Zimbabwe,"MF,FW",Wolves,28,1996,14,12,1078,12.0,2,1,3,2,0,0,0,0,0.16666666666666666,0.08333333333333333,0.25,0.16666666666666666,0.25,False,2024-25,2024,0.25,1,1078,,,0.25,,,784,,,,,,,,,0.2061855670103093,9.7,2025-26,True
Marshall Munetsi,Zimbabwe,"MF,FW",Wolves,29,1996,13,9,875,9.7,1,1,2,1,0,0,2,0,0.10309278350515465,0.10309278350515465,0.2061855670103093,0.10309278350515465,0.2061855670103093,False,2025-26,2025,0.2061855670103093,2,1953,1078.0,-203.0,0.22079037800687287,0.25,,841,,,,,,,,,,,,False
Martial Godo,Ivory Coast,"FW,MF",Fulham,21,2003,2,0,24,0.3,0,0,0,0,0,0,0,0,0.0,0.0,0.0,0.0,0.0,False,2024-25,2024,0.0,1,24,,,0.0,,,441,38.0,52.473684210526315,13.710526315789474,4.552631578947368,11.368421052631579,54.0,54.0,0.5466946484784889,,,,False
Martin Dúbravka,Slovakia,GK,Newcastle,32,1989,26,26,2340,26.0,0,0,0,0,0,0,1,0,0.0,0.0,0.0,0.0,0.0,False,2021-22,2021,0.0,1,2340,,,0.0,,,1024,38.0,39.94736842105263,11.789473684210526,3.8947368421052633,13.894736842105264,44.0,62.0,0.45901639344262296,0.0,1.7,2022-23,False
Martin Dúbravka,Slovakia,GK,Newcastle,33,1989,2,1,157,1.7,0,0,0,0,0,0,0,0,0.0,0.0,0.0,0.0,0.0,False,2022-23,2022,0.0,2,2497,2340.0,-2183.0,0.0,0.0,,1089,38.0,52.44736842105263,15.026315789473685,5.184210526315789,10.18421052631579,68.0,33.0,0.5960334029227558,0.0,22.1,2023-24,True
Martin Dúbravka,Slovakia,GK,Newcastle,34,1989,23,22,1985,22.1,0,0,0,0,0,0,1,0,0.0,0.0,0.0,0.0,0.0,False,2023-24,2023,0.0,3,4482,157.0,1828.0,0.0,0.0,0.0,1156,38.0,52.21052631578947,14.5,5.605263157894737,14.052631578947368,85.0,62.0,0.5078341013824884,0.0,10.0,2024-25,True
Martin Dúbravka,Slovakia,GK,Newcastle,35,1989,10,10,900,10.0,0,0,0,0,0,0,0,0,0.0,0.0,0.0,0.0,0.0,False,2024-25,2024,0.0,4,5382,1985.0,-1085.0,0.0,0.0,0.0,1225,38.0,51.05263157894737,13.789473684210526,4.578947368421052,12.447368421052632,68.0,47.0,0.5255767301905717,0.0,35.0,2025-26,True
Martin Dúbravka,Slovakia,GK,Burnley,36,1989,35,35,3150,35.0,0,0,0,0,0,0,1,0,0.0,0.0,0.0,0.0,0.0,False,2025-26,2025,0.0,5,8532,900.0,2250.0,0.0,0.0,0.0,1296,,,,,,,,,,,,False
Martin Ødegaard,Norway,MF,Arsenal,22,1998,36,32,2785,30.9,7,4,11,7,0,0,4,0,0.22653721682847897,0.12944983818770228,0.3559870550161812,0.22653721682847897,0.3559870550161812,False,2021-22,2021,0.3559870550161812,1,2785,,,0.3559870550161812,,,484,38.0,53.18421052631579,15.473684210526315,5.157894736842105,11.18421052631579,61.0,48.0,0.5804540967423495,0.6340057636887607,34.7,2022-23,True
Martin Ødegaard,Norway,MF,Arsenal,23,1998,37,37,3127,34.7,15,7,22,15,0,0,4,0,0.4322766570605187,0.20172910662824206,0.6340057636887607,0.4322766570605187,0.6340057636887607,False,2022-23,2022,0.6340057636887607,2,5912,2785.0,342.0,0.5413328607979009,0.3559870550161812,,529,38.0,59.94736842105263,15.605263157894736,5.368421052631579,8.973684210526315,88.0,43.0,0.6349036402569593,0.5247813411078718,34.3,2023-24,True
Martin Ødegaard,Norway,MF,Arsenal,24,1998,35,35,3091,34.3,8,10,18,6,2,2,2,0,0.23323615160349856,0.2915451895043732,0.5247813411078718,0.17492711370262393,0.4664723032069971,False,2023-24,2023,0.5247813411078718,3,9003,3127.0,-36.0,0.5302985143378816,0.6340057636887607,0.3559870550161812,576,38.0,58.63157894736842,17.263157894736842,5.973684210526316,8.473684210526315,91.0,29.0,0.6707566462167689,0.4263565891472868,25.8,2024-25,True
Martin Ødegaard,Norway,MF,Arsenal,25,1998,30,26,2325,25.8,3,8,11,2,1,1,4,0,0.11627906976744186,0.31007751937984496,0.4263565891472868,0.07751937984496124,0.38759689922480617,False,2024-25,2024,0.4263565891472868,4,11328,3091.0,-766.0,0.4610038975441517,0.5247813411078718,0.6340057636887607,625,38.0,57.18421052631579,14.394736842105264,4.947368421052632,9.526315789473685,69.0,34.0,0.6017601760176018,0.46052631578947373,15.2,2025-26,True
Martin Ødegaard,Norway,MF,Arsenal,26,1998,24,16,1369,15.2,1,6,7,1,0,0,0,0,0.06578947368421052,0.39473684210526316,0.46052631578947373,0.06578947368421052,0.46052631578947373,False,2025-26,2025,0.46052631578947373,5,12697,2325.0,-956.0,0.4606855097076997,0.4263565891472868,0.5247813411078718,676,38.0,56.44736842105263,14.526315789473685,4.894736842105263,8.157894736842104,71.0,27.0,0.640371229698376,,,,False
Martín Zubimendi,Spain,MF,Arsenal,26,1999,38,34,2992,33.2,5,1,6,5,0,0,4,0,0.1506024096385542,0.03012048192771084,0.18072289156626503,0.1506024096385542,0.18072289156626503,False,2025-26,2025,0.18072289156626503,1,2992,,,0.18072289156626503,,,676,38.0,56.44736842105263,14.526315789473685,4.894736842105263,8.157894736842104,71.0,27.0,0.640371229698376,,,,False
Marvelous Nakamba,Zimbabwe,MF,Aston Villa,27,1994,16,10,904,10.0,0,0,0,0,0,0,5,0,0.0,0.0,0.0,0.0,0.0,False,2021-22,2021,0.0,1,904,,,0.0,,,729,38.0,46.473684210526315,12.210526315789474,4.2631578947368425,12.552631578947368,52.0,54.0,0.49309245483528164,0.0,12.6,2023-24,True
Marvelous Nakamba,Zimbabwe,MF,Luton Town,29,1994,13,13,1130,12.6,0,0,0,0,0,0,5,0,0.0,0.0,0.0,0.0,0.0,False,2023-24,2023,0.0,2,2034,904.0,226.0,0.0,0.0,,841,,,,,,,,,,,,False
Mason Burstow,England,FW,Chelsea,19,2003,2,0,9,0.1,0,0,0,0,0,0,0,0,0.0,0.0,0.0,0.0,0.0,False,2023-24,2023,0.0,1,9,,,0.0,,,361,38.0,59.0,14.421052631578947,5.657894736842105,14.631578947368421,77.0,63.0,0.4963768115942029,,,,False
Mason Greenwood,England,"MF,FW",Manchester Utd,19,2001,18,16,1271,14.1,5,1,6,5,0,0,1,0,0.3546099290780142,0.07092198581560284,0.425531914893617,0.3546099290780142,0.425531914893617,False,2021-22,2021,0.425531914893617,1,1271,,,0.425531914893617,,,361,38.0,52.921052631578945,13.368421052631579,4.921052631578948,13.447368421052632,57.0,57.0,0.4985279685966634,,,,False
Mason Holgate,Jamaica,DF,Everton,24,1996,25,23,2134,23.7,2,1,3,2,0,0,7,1,0.08438818565400844,0.04219409282700422,0.12658227848101267,0.08438818565400844,0.12658227848101267,False,2021-22,2021,0.12658227848101267,1,2134,,,0.12658227848101267,,,576,38.0,39.68421052631579,11.526315789473685,3.6315789473684212,13.710526315789474,43.0,66.0,0.45672575599582904,0.0,5.6,2022-23,True
Mason Holgate,Jamaica,DF,Everton,25,1996,8,5,507,5.6,0,0,0,0,0,0,3,1,0.0,0.0,0.0,0.0,0.0,False,2022-23,2022,0.0,2,2641,2134.0,-1627.0,0.042194092827004225,0.12658227848101267,,625,38.0,42.578947368421055,11.289473684210526,4.0,15.105263157894736,34.0,57.0,0.42771684945164506,0.0,7.9,2023-24,True
Mason Holgate,Jamaica,DF,Sheffield United,26,1996,10,9,710,7.9,0,0,0,0,0,0,3,1,0.0,0.0,0.0,0.0,0.0,False,2023-24,2023,0.0,3,3351,507.0,203.0,0.01406469760900141,0.0,0.12658227848101267,676,,,,,,,,,0.0,0.1,2024-25,False
Mason Holgate,Jamaica,DF,Everton,27,1996,1,0,6,0.1,0,0,0,0,0,0,0,0,0.0,0.0,0.0,0.0,0.0,False,2024-25,2024,0.0,4,3357,710.0,-704.0,0.004688232536333803,0.0,0.0,729,38.0,40.63157894736842,10.657894736842104,3.763157894736842,12.605263157894736,42.0,44.0,0.4581447963800905,,,,False
Mason Mount,England,MF,Chelsea,22,1999,32,27,2363,26.3,11,10,21,10,1,1,4,0,0.4182509505703422,0.38022813688212925,0.7984790874524714,0.38022813688212925,0.7604562737642585,False,2021-22,2021,0.7984790874524714,1,2363,,,0.7984790874524714,,,484,38.0,62.3421052631579,15.578947368421053,5.552631578947368,8.921052631578947,76.0,33.0,0.635875402792696,0.27322404371584696,18.3,2022-23,True
Mason Mount,England,MF,Chelsea,23,1999,24,20,1648,18.3,3,2,5,3,0,0,4,0,0.16393442622950818,0.1092896174863388,0.27322404371584696,0.16393442622950818,0.27322404371584696,False,2022-23,2022,0.27322404371584696,2,4011,2363.0,-715.0,0.4483090582947218,0.7984790874524714,,529,38.0,59.026315789473685,12.736842105263158,4.157894736842105,11.526315789473685,38.0,47.0,0.5249457700650759,0.17543859649122806,5.7,2023-24,True
Mason Mount,England,MF,Manchester Utd,24,1999,14,5,516,5.7,1,0,1,1,0,0,2,0,0.17543859649122806,0.0,0.17543859649122806,0.17543859649122806,0.17543859649122806,False,2023-24,2023,0.17543859649122806,3,4527,1648.0,-1132.0,0.2663954170923927,0.27322404371584696,0.7984790874524714,576,38.0,50.526315789473685,14.473684210526315,5.078947368421052,17.55263157894737,57.0,58.0,0.4519309778142974,0.14492753623188406,6.9,2024-25,True
Mason Mount,England,"MF,FW",Manchester Utd,25,1999,17,8,622,6.9,1,0,1,1,0,0,3,0,0.14492753623188406,0.0,0.14492753623188406,0.14492753623188406,0.14492753623188406,False,2024-25,2024,0.14492753623188406,4,5149,516.0,106.0,0.1854168298520536,0.17543859649122806,0.27322404371584696,625,38.0,53.55263157894737,13.868421052631579,4.605263157894737,10.921052631578947,44.0,54.0,0.559447983014862,0.2654867256637168,11.3,2025-26,True
Mason Mount,England,MF,Manchester Utd,26,1999,23,12,1017,11.3,3,0,3,3,0,0,2,0,0.2654867256637168,0.0,0.2654867256637168,0.2654867256637168,0.2654867256637168,False,2025-26,2025,0.2654867256637168,5,6166,622.0,395.0,0.2387967603931624,0.14492753623188406,0.17543859649122806,676,38.0,51.921052631578945,15.657894736842104,5.657894736842105,11.578947368421053,69.0,50.0,0.5748792270531401,,,,False
Massimo Luongo,Australia,MF,Ipswich Town,31,1992,11,2,201,2.2,0,0,0,0,0,0,0,0,0.0,0.0,0.0,0.0,0.0,False,2024-25,2024,0.0,1,201,,,0.0,,,961,38.0,40.39473684210526,9.894736842105264,3.3421052631578947,15.973684210526315,36.0,82.0,0.38250254323499494,,,,False
Mateo Joseph,Spain,FW,Leeds United,18,2003,3,0,26,0.3,0,0,0,0,0,0,0,0,0.0,0.0,0.0,0.0,0.0,False,2022-23,2022,0.0,1,26,,,0.0,,,324,38.0,46.94736842105263,12.157894736842104,3.8157894736842106,13.868421052631579,48.0,78.0,0.4671385237613751,,,,False
Mateo Kovačić,Croatia,MF,Chelsea,27,1994,25,16,1558,17.3,2,5,7,2,0,0,4,0,0.11560693641618497,0.2890173410404624,0.40462427745664736,0.11560693641618497,0.40462427745664736,False,2021-22,2021,0.40462427745664736,1,1558,,,0.40462427745664736,,,729,38.0,62.3421052631579,15.578947368421053,5.552631578947368,8.921052631578947,76.0,33.0,0.635875402792696,0.15789473684210525,19.0,2022-23,True
Mateo Kovačić,Croatia,MF,Chelsea,28,1994,27,17,1707,19.0,1,2,3,1,0,0,8,0,0.05263157894736842,0.10526315789473684,0.15789473684210525,0.05263157894736842,0.15789473684210525,False,2022-23,2022,0.15789473684210525,2,3265,1558.0,149.0,0.24013791704695264,0.40462427745664736,,784,38.0,59.026315789473685,12.736842105263158,4.157894736842105,11.526315789473685,38.0,47.0,0.5249457700650759,0.05813953488372093,17.2,2023-24,True
Mateo Kovačić,Croatia,MF,Manchester City,29,1994,30,16,1551,17.2,1,0,1,1,0,0,4,0,0.05813953488372093,0.0,0.05813953488372093,0.05813953488372093,0.05813953488372093,False,2023-24,2023,0.05813953488372093,3,4816,1707.0,-156.0,0.11880566227146484,0.15789473684210525,0.40462427745664736,841,38.0,65.73684210526316,18.263157894736842,7.315789473684211,7.7368421052631575,96.0,34.0,0.7024291497975709,0.3278688524590164,24.4,2024-25,True
Mateo Kovačić,Croatia,"MF,DF",Manchester City,30,1994,31,25,2198,24.4,6,2,8,6,0,0,5,1,0.24590163934426232,0.0819672131147541,0.3278688524590164,0.24590163934426232,0.3278688524590164,False,2024-25,2024,0.3278688524590164,4,7014,1551.0,647.0,0.25818112239649926,0.05813953488372093,0.15789473684210525,900,38.0,61.73684210526316,16.0,5.7105263157894735,9.31578947368421,72.0,44.0,0.6320166320166319,0.7142857142857143,1.4,2025-26,False
Mateo Kovačić,Croatia,MF,Manchester City,31,1994,6,1,130,1.4,0,1,1,0,0,0,0,0,0.0,0.7142857142857143,0.7142857142857143,0.0,0.7142857142857143,False,2025-26,2025,0.7142857142857143,5,7144,2198.0,-2068.0,0.5622508503226425,0.3278688524590164,0.05813953488372093,961,38.0,60.6578947368421,15.657894736842104,5.394736842105263,9.710526315789474,77.0,35.0,0.617219917012448,,,,False
Mateus Fernandes,Portugal,MF,Southampton,20,2004,36,34,2909,32.3,2,4,6,2,0,0,8,0,0.061919504643962855,0.12383900928792571,0.18575851393188855,0.061919504643962855,0.18575851393188855,False,2024-25,2024,0.18575851393188855,1,2909,,,0.18575851393188855,,,400,,,,,,,,,0.208955223880597,33.5,2025-26,True
Mateus Fernandes,Portugal,MF,West Ham,21,2004,36,35,3016,33.5,3,4,7,3,0,0,7,0,0.08955223880597014,0.11940298507462686,0.208955223880597,0.08955223880597014,0.208955223880597,False,2025-26,2025,0.208955223880597,2,5925,2909.0,107.0,0.2012229872310275,0.18575851393188855,,441,,,,,,,,,,,,False
Mateus Mane,Portugal,MF,Wolves,16,2007,1,0,2,0.0,0,0,0,0,0,0,0,0,0.0,0.0,0.0,0.0,0.0,False,2024-25,2024,0.0,1,2,,,0.0,,,256,,,,,,,,,0.20100502512562815,19.9,2025-26,True
Mateus Mane,Portugal,MF,Wolves,17,2007,27,19,1795,19.9,3,1,4,3,0,0,0,0,0.15075376884422112,0.05025125628140704,0.20100502512562815,0.15075376884422112,0.20100502512562815,False,2025-26,2025,0.20100502512562815,2,1797,2.0,1793.0,0.13400335008375208,0.0,,289,,,,,,,,,,,,False
Mateusz Klich,Poland,MF,Leeds United,31,1990,33,26,2073,23.0,1,2,3,1,0,0,5,0,0.043478260869565216,0.08695652173913043,0.13043478260869565,0.043478260869565216,0.13043478260869565,False,2021-22,2021,0.13043478260869565,1,2073,,,0.13043478260869565,,,961,38.0,52.473684210526315,12.736842105263158,4.052631578947368,15.289473684210526,42.0,79.0,0.4544600938967136,0.0,3.1,2022-23,True
Mateusz Klich,Poland,MF,Leeds United,32,1990,14,0,280,3.1,0,0,0,0,0,0,2,0,0.0,0.0,0.0,0.0,0.0,False,2022-23,2022,0.0,2,2353,2073.0,-1793.0,0.04347826086956522,0.13043478260869565,,1024,38.0,46.94736842105263,12.157894736842104,3.8157894736842106,13.868421052631579,48.0,78.0,0.4671385237613751,,,,False
Matheus Cunha,Brazil,FW,Wolves,23,1999,17,12,965,10.7,2,0,2,2,0,0,1,0,0.1869158878504673,0.0,0.1869158878504673,0.1869158878504673,0.1869158878504673,False,2022-23,2022,0.1869158878504673,1,965,,,0.1869158878504673,,,529,,,,,,,,,0.7011070110701106,27.1,2023-24,True
Matheus Cunha,Brazil,"FW,MF",Wolves,24,1999,32,29,2440,27.1,12,7,19,11,1,1,9,0,0.44280442804428044,0.25830258302583026,0.7011070110701106,0.4059040590405904,0.6642066420664205,False,2023-24,2023,0.7011070110701106,2,3405,965.0,1475.0,0.5297099699968962,0.1869158878504673,,576,,,,,,,,,0.726643598615917,28.9,2024-25,True
Matheus Cunha,Brazil,MF,Wolves,25,1999,33,29,2597,28.9,15,6,21,15,0,0,4,0,0.5190311418685122,0.20761245674740486,0.726643598615917,0.5190311418685122,0.726643598615917,False,2024-25,2024,0.726643598615917,3,6002,2440.0,157.0,0.6609990557429101,0.7011070110701106,0.1869158878504673,625,,,,,,,,,0.4332129963898917,27.7,2025-26,True
Matheus Cunha,Brazil,"MF,FW",Manchester Utd,26,1999,33,29,2494,27.7,10,2,12,10,0,0,4,0,0.36101083032490977,0.07220216606498195,0.4332129963898917,0.36101083032490977,0.4332129963898917,False,2025-26,2025,0.4332129963898917,4,8496,2597.0,-103.0,0.5091416828408979,0.726643598615917,0.7011070110701106,676,38.0,51.921052631578945,15.657894736842104,5.657894736842105,11.578947368421053,69.0,50.0,0.5748792270531401,,,,False
Matheus França,Brazil,MF,Crystal Palace,19,2004,10,1,232,2.6,0,1,1,0,0,0,1,0,0.0,0.3846153846153846,0.3846153846153846,0.0,0.3846153846153846,False,2023-24,2023,0.3846153846153846,1,232,,,0.3846153846153846,,,361,38.0,42.1578947368421,12.0,4.447368421052632,12.078947368421053,57.0,58.0,0.4983606557377049,1.6666666666666667,0.6,2024-25,False
Matheus França,Brazil,FW,Crystal Palace,20,2004,4,0,55,0.6,1,0,1,1,0,0,0,0,1.6666666666666667,0.0,1.6666666666666667,1.6666666666666667,1.6666666666666667,False,2024-25,2024,1.6666666666666667,2,287,232.0,-177.0,1.2393162393162394,0.3846153846153846,,400,38.0,42.5,13.552631578947368,4.894736842105263,12.710526315789474,51.0,51.0,0.5160320641282565,,,,False
Matheus Nunes,Portugal,MF,Wolves,23,1998,34,30,2467,27.4,1,1,2,1,0,0,2,1,0.03649635036496351,0.03649635036496351,0.07299270072992702,0.03649635036496351,0.07299270072992702,False,2022-23,2022,0.07299270072992702,1,2467,,,0.07299270072992702,,,529,,,,,,,,,0.3763440860215054,18.6,2024-25,True
Matheus Nunes,Portugal,"DF,MF",Manchester City,25,1998,26,19,1674,18.6,1,6,7,1,0,0,4,0,0.05376344086021505,0.3225806451612903,0.3763440860215054,0.05376344086021505,0.3763440860215054,False,2024-25,2024,0.3763440860215054,2,4141,2467.0,-793.0,0.27522695759097926,0.07299270072992702,,625,38.0,61.73684210526316,16.0,5.7105263157894735,9.31578947368421,72.0,44.0,0.6320166320166319,0.18867924528301885,31.8,2025-26,True
Matheus Nunes,Portugal,DF,Manchester City,26,1998,34,32,2862,31.8,1,5,6,1,0,0,5,0,0.031446540880503145,0.15723270440251572,0.18867924528301885,0.031446540880503145,0.18867924528301885,False,2025-26,2025,0.18867924528301885,3,7003,1674.0,1188.0,0.21752848271900566,0.3763440860215054,0.07299270072992702,676,38.0,60.6578947368421,15.657894736842104,5.394736842105263,9.710526315789474,77.0,35.0,0.617219917012448,,,,False
Matheus NunesMatheus Nunes,Portugal,"MF,FW",Wolves,24,1998,19,9,840,9.3,0,2,2,0,0,0,2,1,0.0,0.2150537634408602,0.2150537634408602,0.0,0.2150537634408602,False,2023-24,2023,0.2150537634408602,1,840,,,0.2150537634408602,,,576,,,,,,,,,,,,False
Mathias Jensen,Denmark,MF,Brentford,25,1996,31,19,1601,17.8,0,1,1,0,0,0,0,0,0.0,0.056179775280898875,0.056179775280898875,0.0,0.056179775280898875,False,2021-22,2021,0.056179775280898875,1,1601,,,0.056179775280898875,,,625,38.0,44.5,11.631578947368421,4.052631578947368,13.210526315789474,48.0,56.0,0.4682203389830508,0.35369774919614144,31.1,2022-23,True
Mathias Jensen,Denmark,MF,Brentford,26,1996,37,37,2803,31.1,5,6,11,5,0,0,5,0,0.1607717041800643,0.19292604501607716,0.35369774919614144,0.1607717041800643,0.35369774919614144,False,2022-23,2022,0.35369774919614144,2,4404,1601.0,1202.0,0.25452509122439393,0.056179775280898875,,676,38.0,43.39473684210526,10.710526315789474,4.2631578947368425,14.763157894736842,58.0,46.0,0.42045454545454547,0.24489795918367346,24.5,2023-24,True
Mathias Jensen,Denmark,MF,Brentford,27,1996,32,27,2204,24.5,3,3,6,3,0,0,5,0,0.12244897959183673,0.12244897959183673,0.24489795918367346,0.12244897959183673,0.24489795918367346,False,2023-24,2023,0.24489795918367346,3,6608,2803.0,-599.0,0.24810700319724693,0.35369774919614144,0.056179775280898875,729,38.0,44.973684210526315,12.447368421052632,4.526315789473684,14.421052631578947,56.0,65.0,0.4632713026444662,0.20833333333333334,9.6,2024-25,True
Mathias Jensen,Denmark,MF,Brentford,28,1996,24,8,862,9.6,0,2,2,0,0,0,2,0,0.0,0.20833333333333334,0.20833333333333334,0.0,0.20833333333333334,False,2024-25,2024,0.20833333333333334,4,7470,2204.0,-1342.0,0.2215912232879712,0.24489795918367346,0.35369774919614144,784,38.0,47.81578947368421,11.578947368421053,4.842105263157895,17.026315789473685,66.0,57.0,0.40478380864765406,0.16,25.0,2025-26,True
Mathias Jensen,Denmark,MF,Brentford,29,1996,36,26,2247,25.0,3,1,4,3,0,0,3,0,0.12,0.04,0.16,0.12,0.16,False,2025-26,2025,0.16,5,9717,862.0,1385.0,0.18053040776265705,0.20833333333333334,0.24489795918367346,841,38.0,47.5,10.657894736842104,3.8684210526315788,13.263157894736842,55.0,52.0,0.44554455445544555,,,,False
Mathias Jørgensen,Denmark,DF,Brentford,31,1990,8,6,518,5.8,1,0,1,1,0,0,2,0,0.1724137931034483,0.0,0.1724137931034483,0.1724137931034483,0.1724137931034483,False,2021-22,2021,0.1724137931034483,1,518,,,0.1724137931034483,,,961,38.0,44.5,11.631578947368421,4.052631578947368,13.210526315789474,48.0,56.0,0.4682203389830508,0.0,12.3,2022-23,True
Mathias Jørgensen,Denmark,DF,Brentford,32,1990,18,11,1103,12.3,0,0,0,0,0,0,2,0,0.0,0.0,0.0,0.0,0.0,False,2022-23,2022,0.0,2,1621,518.0,585.0,0.057471264367816105,0.1724137931034483,,1024,38.0,43.39473684210526,10.710526315789474,4.2631578947368425,14.763157894736842,58.0,46.0,0.42045454545454547,0.08264462809917356,12.1,2023-24,True
Mathias Jørgensen,Denmark,DF,Brentford,33,1990,14,12,1087,12.1,1,0,1,1,0,0,4,0,0.08264462809917356,0.0,0.08264462809917356,0.08264462809917356,0.08264462809917356,False,2023-24,2023,0.08264462809917356,3,2708,1103.0,-16.0,0.07425350685538774,0.0,0.1724137931034483,1089,38.0,44.973684210526315,12.447368421052632,4.526315789473684,14.421052631578947,56.0,65.0,0.4632713026444662,,,,False
Mathias Normann,Norway,MF,Norwich City,25,1996,23,20,1645,18.3,1,2,3,1,0,0,6,0,0.0546448087431694,0.1092896174863388,0.16393442622950818,0.0546448087431694,0.16393442622950818,False,2021-22,2021,0.16393442622950818,1,1645,,,0.16393442622950818,,,625,,,,,,,,,,,,False
Mathis Amougou,France,MF,Chelsea,18,2006,1,0,8,0.1,0,0,0,0,0,0,0,0,0.0,0.0,0.0,0.0,0.0,False,2024-25,2024,0.0,1,8,,,0.0,,,324,38.0,57.3421052631579,15.657894736842104,5.7368421052631575,10.447368421052632,64.0,43.0,0.5997983870967741,,,,False
Mathys Tel,France,FW,Tottenham,19,2005,13,11,911,10.1,2,1,3,1,1,1,2,0,0.19801980198019803,0.09900990099009901,0.297029702970297,0.09900990099009901,0.198019801980198,False,2024-25,2024,0.297029702970297,1,911,,,0.297029702970297,,,361,38.0,54.76315789473684,13.078947368421053,4.868421052631579,13.736842105263158,64.0,65.0,0.4877330716388616,0.3333333333333333,15.0,2025-26,True
Mathys Tel,France,"MF,FW",Tottenham,20,2005,31,13,1349,15.0,4,1,5,4,0,0,1,0,0.26666666666666666,0.06666666666666667,0.3333333333333333,0.26666666666666666,0.3333333333333333,False,2025-26,2025,0.3333333333333333,2,2260,911.0,438.0,0.3212321232123212,0.297029702970297,,400,38.0,50.421052631578945,11.447368421052632,3.8421052631578947,12.289473684210526,48.0,57.0,0.4822616407982262,,,,False
Mats Wieffer,Netherlands,"DF,MF",Brighton,24,1999,25,10,1015,11.3,1,3,4,1,0,0,6,0,0.08849557522123894,0.2654867256637168,0.35398230088495575,0.08849557522123894,0.35398230088495575,False,2024-25,2024,0.35398230088495575,1,1015,,,0.35398230088495575,,,576,38.0,52.63157894736842,14.026315789473685,5.026315789473684,11.236842105263158,66.0,59.0,0.5552083333333333,0.23696682464454974,21.1,2025-26,True
Mats Wieffer,Netherlands,DF,Brighton,25,1999,26,23,1903,21.1,2,3,5,2,0,0,8,0,0.0947867298578199,0.14218009478672985,0.23696682464454974,0.0947867298578199,0.23696682464454974,False,2025-26,2025,0.23696682464454974,2,2918,1015.0,888.0,0.27597198339135176,0.35398230088495575,,625,38.0,53.94736842105263,13.0,4.631578947368421,11.68421052631579,52.0,46.0,0.5266524520255864,,,,False
Matt Doherty,Ireland,MF,Tottenham,29,1992,15,9,875,9.7,2,4,6,2,0,0,0,0,0.2061855670103093,0.4123711340206186,0.6185567010309279,0.2061855670103093,0.6185567010309279,False,2021-22,2021,0.6185567010309279,1,875,,,0.6185567010309279,,,841,38.0,52.0,12.921052631578947,5.184210526315789,12.921052631578947,69.0,40.0,0.5,0.13513513513513511,7.4,2022-23,True
Matt Doherty,Ireland,MF,Tottenham,30,1992,12,7,667,7.4,1,0,1,1,0,0,0,0,0.13513513513513511,0.0,0.13513513513513511,0.13513513513513511,0.13513513513513511,False,2022-23,2022,0.13513513513513511,2,1542,875.0,-208.0,0.2962756571003994,0.6185567010309279,,900,38.0,49.94736842105263,13.68421052631579,5.2631578947368425,13.68421052631579,70.0,63.0,0.5,0.078125,12.8,2023-24,True
Matt Doherty,Ireland,"MF,DF",Wolves,31,1992,30,9,1150,12.8,1,0,1,1,0,0,2,0,0.078125,0.0,0.078125,0.078125,0.078125,False,2023-24,2023,0.078125,3,2692,667.0,483.0,0.15084188570013313,0.13513513513513511,0.6185567010309279,961,,,,,,,,,0.12820512820512822,23.4,2024-25,True
Matt Doherty,Ireland,"DF,MF",Wolves,32,1992,30,25,2109,23.4,2,1,3,2,0,0,6,0,0.08547008547008547,0.042735042735042736,0.12820512820512822,0.08547008547008547,0.12820512820512822,False,2024-25,2024,0.12820512820512822,4,4801,1150.0,959.0,0.1357507140367965,0.078125,0.13513513513513511,1024,,,,,,,,,0.0,8.7,2025-26,True
Matt Doherty,Ireland,"DF,MF",Wolves,33,1992,11,11,787,8.7,0,0,0,0,0,0,4,0,0.0,0.0,0.0,0.0,0.0,False,2025-26,2025,0.0,5,5588,2109.0,-1322.0,0.045250238012265506,0.12820512820512822,0.078125,1089,,,,,,,,,,,,False
Matt O'Riley,Denmark,MF,Brighton,23,2000,21,11,938,10.4,2,2,4,1,1,1,1,0,0.1923076923076923,0.1923076923076923,0.3846153846153846,0.09615384615384615,0.28846153846153844,False,2024-25,2024,0.3846153846153846,1,938,,,0.3846153846153846,,,529,38.0,52.63157894736842,14.026315789473685,5.026315789473684,11.236842105263158,66.0,59.0,0.5552083333333333,0.4347826086956522,2.3,2025-26,False
Matt O'Riley,Denmark,MF,Brighton,24,2000,6,2,204,2.3,1,0,1,0,1,1,0,0,0.4347826086956522,0.0,0.4347826086956522,0.0,0.0,False,2025-26,2025,0.4347826086956522,2,1142,938.0,-734.0,0.4180602006688964,0.3846153846153846,,576,38.0,53.94736842105263,13.0,4.631578947368421,11.68421052631579,52.0,46.0,0.5266524520255864,,,,False
Matt Ritchie,Scotland,"DF,MF",Newcastle,31,1989,18,14,1337,14.9,0,2,2,0,0,0,5,0,0.0,0.1342281879194631,0.1342281879194631,0.0,0.1342281879194631,False,2021-22,2021,0.1342281879194631,1,1337,,,0.1342281879194631,,,961,38.0,39.94736842105263,11.789473684210526,3.8947368421052633,13.894736842105264,44.0,62.0,0.45901639344262296,0.0,0.4,2022-23,False
Matt Ritchie,Scotland,"DF,MF",Newcastle,32,1989,7,0,39,0.4,0,0,0,0,0,0,0,0,0.0,0.0,0.0,0.0,0.0,False,2022-23,2022,0.0,2,1376,1337.0,-1298.0,0.0447427293064877,0.1342281879194631,,1024,38.0,52.44736842105263,15.026315789473685,5.184210526315789,10.18421052631579,68.0,33.0,0.5960334029227558,0.7142857142857143,1.4,2023-24,False
Matt Ritchie,Scotland,"DF,MF",Newcastle,33,1989,13,0,128,1.4,1,0,1,1,0,0,1,0,0.7142857142857143,0.0,0.7142857142857143,0.7142857142857143,0.7142857142857143,False,2023-24,2023,0.7142857142857143,3,1504,39.0,89.0,0.4911047192926387,0.0,0.1342281879194631,1089,38.0,52.21052631578947,14.5,5.605263157894737,14.052631578947368,85.0,62.0,0.5078341013824884,,,,False
Matt Targett,England,DF,Newcastle,26,1995,17,6,610,6.8,0,0,0,0,0,0,1,0,0.0,0.0,0.0,0.0,0.0,False,2022-23,2022,0.0,1,610,,,0.0,,,676,38.0,52.44736842105263,15.026315789473685,5.184210526315789,10.18421052631579,68.0,33.0,0.5960334029227558,0.0,0.9,2023-24,False
Matt Targett,England,DF,Newcastle,27,1995,3,1,78,0.9,0,0,0,0,0,0,1,0,0.0,0.0,0.0,0.0,0.0,False,2023-24,2023,0.0,2,688,610.0,-532.0,0.0,0.0,,729,38.0,52.21052631578947,14.5,5.605263157894737,14.052631578947368,85.0,62.0,0.5078341013824884,0.0,0.2,2024-25,False
Matt Targett,England,"DF,MF",Newcastle,28,1995,2,0,21,0.2,0,0,0,0,0,0,0,0,0.0,0.0,0.0,0.0,0.0,False,2024-25,2024,0.0,3,709,78.0,-57.0,0.0,0.0,0.0,784,38.0,51.05263157894737,13.789473684210526,4.578947368421052,12.447368421052632,68.0,47.0,0.5255767301905717,,,,False
Matt TargettMatt Targett,England,"DF,MF",Newcastle,25,1995,33,33,2871,31.9,1,1,2,1,0,0,3,0,0.031347962382445145,0.031347962382445145,0.06269592476489029,0.031347962382445145,0.06269592476489029,False,2021-22,2021,0.06269592476489029,1,2871,,,0.06269592476489029,,,625,38.0,39.94736842105263,11.789473684210526,3.8947368421052633,13.894736842105264,44.0,62.0,0.45901639344262296,,,,False
Matt Turner,USA,GK,Nottingham,29,1994,17,17,1530,17.0,0,0,0,0,0,0,2,0,0.0,0.0,0.0,0.0,0.0,False,2023-24,2023,0.0,1,1530,,,0.0,,,841,38.0,40.21052631578947,11.868421052631579,3.8947368421052633,13.421052631578947,49.0,67.0,0.46930280957336107,,,,False
Matthew Craig,Scotland,MF,Tottenham,19,2003,1,0,14,0.2,0,0,0,0,0,0,0,0,0.0,0.0,0.0,0.0,0.0,False,2022-23,2022,0.0,1,14,,,0.0,,,361,38.0,49.94736842105263,13.68421052631579,5.2631578947368425,13.68421052631579,70.0,63.0,0.5,,,,False
Matthew Lowton,England,DF,Burnley,32,1989,25,20,1772,19.7,1,2,3,1,0,0,3,1,0.050761421319796954,0.10152284263959391,0.15228426395939088,0.050761421319796954,0.15228426395939088,False,2021-22,2021,0.15228426395939088,1,1772,,,0.15228426395939088,,,1024,,,,,,,,,,,,False
Matthijs de Ligt,Netherlands,DF,Manchester Utd,24,1999,29,25,2123,23.6,2,0,2,2,0,0,3,0,0.0847457627118644,0.0,0.0847457627118644,0.0847457627118644,0.0847457627118644,False,2024-25,2024,0.0847457627118644,1,2123,,,0.0847457627118644,,,576,38.0,53.55263157894737,13.868421052631579,4.605263157894737,10.921052631578947,44.0,54.0,0.559447983014862,0.07692307692307693,13.0,2025-26,True
Matthijs de Ligt,Netherlands,DF,Manchester Utd,25,1999,13,13,1170,13.0,1,0,1,1,0,0,0,0,0.07692307692307693,0.0,0.07692307692307693,0.07692307692307693,0.07692307692307693,False,2025-26,2025,0.07692307692307693,2,3293,2123.0,-953.0,0.07953063885267275,0.0847457627118644,,625,38.0,51.921052631578945,15.657894736842104,5.657894736842105,11.578947368421053,69.0,50.0,0.5748792270531401,,,,False
Matty Cash,Poland,"DF,MF",Aston Villa,23,1997,38,38,3377,37.5,4,3,7,4,0,0,8,0,0.10666666666666667,0.08,0.18666666666666668,0.10666666666666667,0.18666666666666668,False,2021-22,2021,0.18666666666666668,1,3377,,,0.18666666666666668,,,529,38.0,46.473684210526315,12.210526315789474,4.2631578947368425,12.552631578947368,52.0,54.0,0.49309245483528164,0.04950495049504951,20.2,2022-23,True
Matty Cash,Poland,DF,Aston Villa,24,1997,26,20,1820,20.2,0,1,1,0,0,0,4,0,0.0,0.04950495049504951,0.04950495049504951,0.0,0.04950495049504951,False,2022-23,2022,0.04950495049504951,2,5197,3377.0,-1557.0,0.09522552255225523,0.18666666666666668,,576,38.0,49.44736842105263,11.31578947368421,3.973684210526316,11.289473684210526,51.0,46.0,0.5005820721769499,0.1680672268907563,23.8,2023-24,True
Matty Cash,Poland,"DF,MF",Aston Villa,25,1997,29,23,2142,23.8,2,2,4,2,0,0,8,0,0.08403361344537814,0.08403361344537814,0.1680672268907563,0.08403361344537814,0.1680672268907563,False,2023-24,2023,0.1680672268907563,3,7339,1820.0,322.0,0.1437866587779226,0.04950495049504951,0.18666666666666668,625,38.0,53.421052631578945,13.5,5.0,11.947368421052632,76.0,61.0,0.5305067218200621,0.08695652173913043,23.0,2024-25,True
Matty Cash,Poland,DF,Aston Villa,26,1997,27,24,2070,23.0,1,1,2,1,0,0,7,0,0.043478260869565216,0.043478260869565216,0.08695652173913043,0.043478260869565216,0.08695652173913043,False,2024-25,2024,0.08695652173913043,4,9409,2142.0,-72.0,0.10589990075206115,0.1680672268907563,0.04950495049504951,676,38.0,50.71052631578947,12.736842105263158,4.473684210526316,12.18421052631579,58.0,51.0,0.5110876451953538,0.1791044776119403,33.5,2025-26,True
Matty Cash,Poland,DF,Aston Villa,27,1997,35,34,3014,33.5,3,3,6,3,0,0,9,0,0.08955223880597014,0.08955223880597014,0.1791044776119403,0.08955223880597014,0.1791044776119403,False,2025-26,2025,0.1791044776119403,5,12423,2070.0,944.0,0.1547029519919806,0.08695652173913043,0.1680672268907563,729,38.0,53.6578947368421,12.710526315789474,4.473684210526316,12.894736842105264,56.0,49.0,0.4964028776978417,,,,False
Matz Sels,Belgium,GK,Nottingham,31,1992,16,16,1440,16.0,0,0,0,0,0,0,1,0,0.0,0.0,0.0,0.0,0.0,False,2023-24,2023,0.0,1,1440,,,0.0,,,961,38.0,40.21052631578947,11.868421052631579,3.8947368421052633,13.421052631578947,49.0,67.0,0.46930280957336107,0.0,38.0,2024-25,True
Matz Sels,Belgium,GK,Nottingham,32,1992,38,38,3420,38.0,0,0,0,0,0,0,4,0,0.0,0.0,0.0,0.0,0.0,False,2024-25,2024,0.0,2,4860,1440.0,1980.0,0.0,0.0,,1024,38.0,40.921052631578945,12.18421052631579,4.368421052631579,13.973684210526315,58.0,46.0,0.4657947686116701,0.0,29.6,2025-26,True
Matz Sels,Belgium,GK,Nottingham,33,1992,31,30,2668,29.6,0,0,0,0,0,0,2,0,0.0,0.0,0.0,0.0,0.0,False,2025-26,2025,0.0,3,7528,3420.0,-752.0,0.0,0.0,0.0,1089,38.0,46.8421052631579,12.526315789473685,4.105263157894737,13.289473684210526,48.0,51.0,0.48521916411824667,,,,False
Matías Viña,Uruguay,"DF,MF",Bournemouth,24,1997,12,5,458,5.1,2,0,2,2,0,0,1,0,0.3921568627450981,0.0,0.3921568627450981,0.3921568627450981,0.3921568627450981,False,2022-23,2022,0.3921568627450981,1,458,,,0.3921568627450981,,,576,38.0,40.078947368421055,9.394736842105264,3.5,16.473684210526315,37.0,71.0,0.3631739572736521,,,,False
Matěj Vydra,Czechia,FW,Burnley,29,1992,22,5,679,7.5,2,3,5,2,0,0,1,0,0.26666666666666666,0.4,0.6666666666666666,0.26666666666666666,0.6666666666666666,False,2021-22,2021,0.6666666666666666,1,679,,,0.6666666666666666,,,841,,,,,,,,,,,,False
Max Aarons,England,DF,Norwich City,21,2000,34,32,2881,32.0,0,2,2,0,0,0,8,0,0.0,0.0625,0.0625,0.0,0.0625,False,2021-22,2021,0.0625,1,2881,,,0.0625,,,441,,,,,,,,,0.07299270072992702,13.7,2023-24,True
Max Aarons,England,DF,Bournemouth,23,2000,20,13,1237,13.7,0,1,1,0,0,0,1,0,0.0,0.07299270072992702,0.07299270072992702,0.0,0.07299270072992702,False,2023-24,2023,0.07299270072992702,2,4118,2881.0,-1644.0,0.06949513381995134,0.0625,,529,38.0,44.05263157894737,14.263157894736842,4.868421052631579,13.973684210526315,54.0,67.0,0.5051258154706431,0.0,1.0,2024-25,False
Max Aarons,England,DF,Bournemouth,24,2000,3,1,86,1.0,0,0,0,0,0,0,0,0,0.0,0.0,0.0,0.0,0.0,False,2024-25,2024,0.0,3,4204,1237.0,-1151.0,0.02316504460665045,0.07299270072992702,0.0625,576,38.0,48.578947368421055,15.263157894736842,5.315789473684211,12.842105263157896,58.0,46.0,0.5430711610486891,,,,False
Max Alleyne,England,DF,Manchester City,20,2005,2,2,135,1.5,0,0,0,0,0,0,0,0,0.0,0.0,0.0,0.0,0.0,False,2025-26,2025,0.0,1,135,,,0.0,,,400,38.0,60.6578947368421,15.657894736842104,5.394736842105263,9.710526315789474,77.0,35.0,0.617219917012448,,,,False
Max Dowman,England,MF,Arsenal,15,2009,6,1,157,1.7,1,0,1,1,0,0,0,0,0.5882352941176471,0.0,0.5882352941176471,0.5882352941176471,0.5882352941176471,False,2025-26,2025,0.5882352941176471,1,157,,,0.5882352941176471,,,225,38.0,56.44736842105263,14.526315789473685,4.894736842105263,8.157894736842104,71.0,27.0,0.640371229698376,,,,False
Max Kilman,England,DF,Wolves,24,1997,30,30,2687,29.9,1,0,1,1,0,0,3,0,0.033444816053511704,0.0,0.033444816053511704,0.033444816053511704,0.033444816053511704,False,2021-22,2021,0.033444816053511704,1,2687,,,0.033444816053511704,,,576,,,,,,,,,0.0,36.7,2022-23,True
Max Kilman,England,DF,Wolves,25,1997,37,37,3307,36.7,0,0,0,0,0,0,3,0,0.0,0.0,0.0,0.0,0.0,False,2022-23,2022,0.0,2,5994,2687.0,620.0,0.011148272017837236,0.033444816053511704,,625,,,,,,,,,0.05263157894736842,38.0,2023-24,True
Max Kilman,England,DF,Wolves,26,1997,38,38,3420,38.0,2,0,2,2,0,0,7,0,0.05263157894736842,0.0,0.05263157894736842,0.05263157894736842,0.05263157894736842,False,2023-24,2023,0.05263157894736842,3,9414,3307.0,113.0,0.03880380997085803,0.0,0.033444816053511704,676,,,,,,,,,0.026881720430107524,37.2,2024-25,True
Max Kilman,England,DF,West Ham,27,1997,38,38,3348,37.2,0,1,1,0,0,0,5,0,0.0,0.026881720430107524,0.026881720430107524,0.0,0.026881720430107524,False,2024-25,2024,0.026881720430107524,4,12762,3420.0,-72.0,0.030855750277024356,0.05263157894736842,0.0,729,,,,,,,,,0.0,17.3,2025-26,True
Max Kilman,England,DF,West Ham,28,1997,21,17,1561,17.3,0,0,0,0,0,0,4,0,0.0,0.0,0.0,0.0,0.0,False,2025-26,2025,0.0,5,14323,3348.0,-1787.0,0.010285250092341453,0.026881720430107524,0.05263157894736842,784,,,,,,,,,,,,False
Max Lowe,England,"MF,DF",Sheffield United,26,1997,10,4,503,5.6,0,0,0,0,0,0,1,0,0.0,0.0,0.0,0.0,0.0,False,2023-24,2023,0.0,1,503,,,0.0,,,676,,,,,,,,,,,,False
Max Weiß,Germany,GK,Burnley,21,2004,3,3,270,3.0,0,0,0,0,0,0,0,0,0.0,0.0,0.0,0.0,0.0,False,2025-26,2025,0.0,1,270,,,0.0,,,441,,,,,,,,,,,,False
Maxence Lacroix,France,DF,Crystal Palace,24,2000,35,35,3116,34.6,1,1,2,1,0,0,5,0,0.028901734104046242,0.028901734104046242,0.057803468208092484,0.028901734104046242,0.057803468208092484,False,2024-25,2024,0.057803468208092484,1,3116,,,0.057803468208092484,,,576,38.0,42.5,13.552631578947368,4.894736842105263,12.710526315789474,51.0,51.0,0.5160320641282565,0.08746355685131196,34.3,2025-26,True
Maxence Lacroix,France,DF,Crystal Palace,25,2000,35,35,3085,34.3,1,2,3,1,0,0,4,1,0.02915451895043732,0.05830903790087464,0.08746355685131196,0.02915451895043732,0.08746355685131196,False,2025-26,2025,0.08746355685131196,2,6201,3116.0,-31.0,0.07757686063690547,0.057803468208092484,,625,38.0,45.89473684210526,11.631578947368421,3.710526315789474,11.710526315789474,41.0,51.0,0.49830890642615555,,,,False
Maxim De Cuyper,Belgium,"DF,MF",Brighton,24,2000,30,17,1414,15.7,2,3,5,2,0,0,2,0,0.12738853503184713,0.1910828025477707,0.3184713375796179,0.12738853503184713,0.3184713375796179,False,2025-26,2025,0.3184713375796179,1,1414,,,0.3184713375796179,,,576,38.0,53.94736842105263,13.0,4.631578947368421,11.68421052631579,52.0,46.0,0.5266524520255864,,,,False
Maxime Estève,France,DF,Burnley,21,2002,16,15,1309,14.5,0,0,0,0,0,0,6,0,0.0,0.0,0.0,0.0,0.0,False,2023-24,2023,0.0,1,1309,,,0.0,,,441,,,,,,,,,0.0,32.6,2025-26,True
Maxime Estève,France,DF,Burnley,23,2002,34,34,2932,32.6,0,0,0,0,0,0,1,0,0.0,0.0,0.0,0.0,0.0,False,2025-26,2025,0.0,2,4241,1309.0,1623.0,0.0,0.0,,529,,,,,,,,,,,,False
Maximilian Wöber,Austria,DF,Leeds United,24,1998,16,14,1266,14.1,0,0,0,0,0,0,3,0,0.0,0.0,0.0,0.0,0.0,False,2022-23,2022,0.0,1,1266,,,0.0,,,576,38.0,46.94736842105263,12.157894736842104,3.8157894736842106,13.868421052631579,48.0,78.0,0.4671385237613751,,,,False
Maxwel Cornet,Ivory Coast,"FW,MF",Burnley,24,1996,26,21,1766,19.6,9,1,10,9,0,1,2,0,0.4591836734693877,0.0510204081632653,0.5102040816326531,0.4591836734693877,0.5102040816326531,False,2021-22,2021,0.5102040816326531,1,1766,,,0.5102040816326531,,,576,,,,,,,,,0.0,2.7,2022-23,False
Maxwel Cornet,Ivory Coast,MF,West Ham,25,1996,14,2,245,2.7,0,0,0,0,0,0,0,0,0.0,0.0,0.0,0.0,0.0,False,2022-23,2022,0.0,2,2011,1766.0,-1521.0,0.17006802721088438,0.5102040816326531,,625,,,,,,,,,0.8333333333333334,1.2,2023-24,False
Maxwel Cornet,Ivory Coast,MF,West Ham,26,1996,7,1,112,1.2,1,0,1,1,0,0,0,0,0.8333333333333334,0.0,0.8333333333333334,0.8333333333333334,0.8333333333333334,False,2023-24,2023,0.8333333333333334,3,2123,245.0,-133.0,0.6122448979591837,0.0,0.5102040816326531,676,,,,,,,,,0.0,0.8,2024-25,False
Maxwel Cornet,Ivory Coast,MF,Southampton,27,1996,2,1,72,0.8,0,0,0,0,0,0,1,0,0.0,0.0,0.0,0.0,0.0,False,2024-25,2024,0.0,4,2195,112.0,-40.0,0.20408163265306126,0.8333333333333334,0.0,729,,,,,,,,,,,,False
Melker Ellborg,Sweden,GK,Sunderland,22,2003,3,3,270,3.0,0,0,0,0,0,0,0,0,0.0,0.0,0.0,0.0,0.0,False,2025-26,2025,0.0,1,270,,,0.0,,,484,38.0,44.89473684210526,10.421052631578947,3.4210526315789473,14.210526315789474,42.0,48.0,0.4230769230769231,,,,False
Merlin Röhl,Germany,MF,Everton,23,2002,16,6,682,7.6,1,0,1,1,0,0,0,0,0.13157894736842105,0.0,0.13157894736842105,0.13157894736842105,0.13157894736842105,False,2025-26,2025,0.13157894736842105,1,682,,,0.13157894736842105,,,529,38.0,43.76315789473684,11.105263157894736,3.736842105263158,13.973684210526315,47.0,50.0,0.4428121720881427,,,,False
Michael Golding,England,MF,Leicester City,18,2006,1,0,1,0.0,0,0,0,0,0,0,0,0,0.0,0.0,0.0,0.0,0.0,False,2024-25,2024,0.0,1,1,,,0.0,,,324,,,,,,,,,,,,False
Michael Kayode,Italy,DF,Brentford,20,2004,12,6,528,5.9,0,1,1,0,0,0,2,0,0.0,0.1694915254237288,0.1694915254237288,0.0,0.1694915254237288,False,2024-25,2024,0.1694915254237288,1,528,,,0.1694915254237288,,,400,38.0,47.81578947368421,11.578947368421053,4.842105263157895,17.026315789473685,66.0,57.0,0.40478380864765406,0.055248618784530384,36.2,2025-26,True
Michael Kayode,Italy,DF,Brentford,21,2004,37,37,3258,36.2,1,1,2,1,0,0,8,0,0.027624309392265192,0.027624309392265192,0.055248618784530384,0.027624309392265192,0.055248618784530384,False,2025-26,2025,0.055248618784530384,2,3786,528.0,2730.0,0.09332958766426319,0.1694915254237288,,441,38.0,47.5,10.657894736842104,3.8684210526315788,13.263157894736842,55.0,52.0,0.44554455445544555,,,,False
Michael Keane,England,DF,Everton,28,1993,32,31,2792,31.0,3,2,5,3,0,0,4,1,0.0967741935483871,0.06451612903225806,0.16129032258064516,0.0967741935483871,0.16129032258064516,False,2021-22,2021,0.16129032258064516,1,2792,,,0.16129032258064516,,,784,38.0,39.68421052631579,11.526315789473685,3.6315789473684212,13.710526315789474,43.0,66.0,0.45672575599582904,0.27522935779816515,10.9,2022-23,True
Michael Keane,England,DF,Everton,29,1993,12,10,985,10.9,1,2,3,1,0,0,0,0,0.09174311926605504,0.18348623853211007,0.27522935779816515,0.09174311926605504,0.27522935779816515,False,2022-23,2022,0.27522935779816515,2,3777,2792.0,-1807.0,0.23724967939232516,0.16129032258064516,,841,38.0,42.578947368421055,11.289473684210526,4.0,15.105263157894736,34.0,57.0,0.42771684945164506,0.2040816326530612,4.9,2023-24,True
Michael Keane,England,DF,Everton,30,1993,9,4,439,4.9,1,0,1,1,0,0,2,0,0.2040816326530612,0.0,0.2040816326530612,0.2040816326530612,0.2040816326530612,False,2023-24,2023,0.2040816326530612,3,4216,985.0,-546.0,0.21513764823281586,0.27522935779816515,0.16129032258064516,900,38.0,40.73684210526316,13.342105263157896,4.2631578947368425,14.157894736842104,40.0,51.0,0.4851674641148326,0.25641025641025644,11.7,2024-25,True
Michael Keane,England,DF,Everton,31,1993,14,11,1049,11.7,3,0,3,3,0,0,5,0,0.25641025641025644,0.0,0.25641025641025644,0.25641025641025644,0.25641025641025644,False,2024-25,2024,0.25641025641025644,4,5265,439.0,610.0,0.24265272035110957,0.2040816326530612,0.27522935779816515,961,38.0,40.63157894736842,10.657894736842104,3.763157894736842,12.605263157894736,42.0,44.0,0.4581447963800905,0.1388888888888889,28.8,2025-26,True
Michael Keane,England,DF,Everton,32,1993,33,29,2591,28.8,3,1,4,3,0,0,1,1,0.10416666666666666,0.034722222222222224,0.1388888888888889,0.10416666666666666,0.1388888888888889,False,2025-26,2025,0.1388888888888889,5,7856,1049.0,1542.0,0.1734768327096291,0.25641025641025644,0.2040816326530612,1024,38.0,43.76315789473684,11.105263157894736,3.736842105263158,13.973684210526315,47.0,50.0,0.4428121720881427,,,,False
Michael Ndiweni,England,MF,Newcastle,19,2003,1,0,1,0.0,0,0,0,0,0,0,0,0,0.0,0.0,0.0,0.0,0.0,False,2023-24,2023,0.0,1,1,,,0.0,,,361,38.0,52.21052631578947,14.5,5.605263157894737,14.052631578947368,85.0,62.0,0.5078341013824884,,,,False
Michael Obafemi,Ireland,FW,Burnley,23,2000,2,0,20,0.2,0,0,0,0,0,0,0,0,0.0,0.0,0.0,0.0,0.0,False,2023-24,2023,0.0,1,20,,,0.0,,,529,,,,,,,,,,,,False
Michael Olakigbe,England,MF,Brentford,19,2004,8,0,59,0.7,0,0,0,0,0,0,0,0,0.0,0.0,0.0,0.0,0.0,False,2023-24,2023,0.0,1,59,,,0.0,,,361,38.0,44.973684210526315,12.447368421052632,4.526315789473684,14.421052631578947,56.0,65.0,0.4632713026444662,,,,False
Michael Olise,France,"FW,MF",Crystal Palace,19,2001,26,12,1141,12.7,2,5,7,2,0,0,4,0,0.15748031496062992,0.3937007874015748,0.5511811023622047,0.15748031496062992,0.5511811023622047,False,2021-22,2021,0.5511811023622047,1,1141,,,0.5511811023622047,,,361,38.0,50.94736842105263,10.81578947368421,3.8684210526315788,11.657894736842104,50.0,46.0,0.48126463700234196,0.4262295081967213,30.5,2022-23,True
Michael Olise,France,"MF,FW",Crystal Palace,20,2001,37,31,2749,30.5,2,11,13,2,0,0,2,0,0.06557377049180328,0.36065573770491804,0.4262295081967213,0.06557377049180328,0.4262295081967213,False,2022-23,2022,0.4262295081967213,2,3890,1141.0,1608.0,0.4678800395852158,0.5511811023622047,,400,38.0,46.13157894736842,11.18421052631579,3.5789473684210527,12.0,40.0,49.0,0.48240635641316687,1.1267605633802817,14.2,2023-24,True
Michael Olise,France,"MF,FW",Crystal Palace,21,2001,19,14,1275,14.2,10,6,16,9,1,1,0,0,0.7042253521126761,0.4225352112676057,1.1267605633802817,0.6338028169014085,1.0563380281690142,False,2023-24,2023,1.1267605633802817,3,5165,2749.0,-1474.0,0.9071337221152597,0.4262295081967213,0.5511811023622047,441,38.0,42.1578947368421,12.0,4.447368421052632,12.078947368421053,57.0,58.0,0.4983606557377049,,,,False
Michail Antonio,Jamaica,FW,West Ham,31,1990,36,34,2971,33.0,10,8,18,10,0,1,8,1,0.30303030303030304,0.24242424242424243,0.5454545454545454,0.30303030303030304,0.5454545454545454,False,2021-22,2021,0.5454545454545454,1,2971,,,0.5454545454545454,,,961,,,,,,,,,0.3940886699507389,20.3,2022-23,True
Michail Antonio,Jamaica,FW,West Ham,32,1990,33,21,1829,20.3,5,3,8,5,0,0,2,0,0.24630541871921183,0.14778325123152708,0.3940886699507389,0.24630541871921183,0.3940886699507389,False,2022-23,2022,0.3940886699507389,2,4800,2971.0,-1142.0,0.44454396178534106,0.5454545454545454,,1024,,,,,,,,,0.425531914893617,18.8,2023-24,True
Michail Antonio,Jamaica,FW,West Ham,33,1990,26,21,1695,18.8,6,2,8,6,0,0,6,0,0.3191489361702127,0.10638297872340426,0.425531914893617,0.3191489361702127,0.425531914893617,False,2023-24,2023,0.425531914893617,3,6495,1829.0,-134.0,0.431869263857525,0.3940886699507389,0.5454545454545454,1089,,,,,,,,,0.2150537634408602,9.3,2024-25,True
Michail Antonio,Jamaica,FW,West Ham,34,1990,14,11,836,9.3,1,1,2,1,0,0,1,0,0.1075268817204301,0.1075268817204301,0.2150537634408602,0.1075268817204301,0.2150537634408602,False,2024-25,2024,0.2150537634408602,4,7331,1695.0,-859.0,0.2873255969130818,0.425531914893617,0.3940886699507389,1156,,,,,,,,,,,,False
Micky van de Ven,Netherlands,DF,Tottenham,22,2001,27,27,2339,26.0,3,0,3,3,0,0,5,0,0.11538461538461539,0.0,0.11538461538461539,0.11538461538461539,0.11538461538461539,False,2023-24,2023,0.11538461538461539,1,2339,,,0.11538461538461539,,,484,38.0,62.05263157894737,15.31578947368421,5.631578947368421,12.789473684210526,74.0,61.0,0.5449438202247191,0.17699115044247787,11.3,2024-25,True
Micky van de Ven,Netherlands,DF,Tottenham,23,2001,13,12,1015,11.3,0,2,2,0,0,0,4,0,0.0,0.17699115044247787,0.17699115044247787,0.0,0.17699115044247787,False,2024-25,2024,0.17699115044247787,2,3354,2339.0,-1324.0,0.1564556387565237,0.11538461538461539,,529,38.0,54.76315789473684,13.078947368421053,4.868421052631579,13.736842105263158,64.0,65.0,0.4877330716388616,0.14792899408284024,33.8,2025-26,True
Micky van de Ven,Netherlands,DF,Tottenham,24,2001,35,35,3041,33.8,4,1,5,4,0,0,9,1,0.1183431952662722,0.02958579881656805,0.14792899408284024,0.1183431952662722,0.14792899408284024,False,2025-26,2025,0.14792899408284024,3,6395,1015.0,2026.0,0.15077120897406807,0.17699115044247787,0.11538461538461539,576,38.0,50.421052631578945,11.447368421052632,3.8421052631578947,12.289473684210526,48.0,57.0,0.4822616407982262,,,,False
Miguel Almirón,Paraguay,"MF,FW",Newcastle,27,1994,30,19,1716,19.1,1,0,1,1,0,0,2,0,0.05235602094240837,0.0,0.05235602094240837,0.05235602094240837,0.05235602094240837,False,2021-22,2021,0.05235602094240837,1,1716,,,0.05235602094240837,,,729,38.0,39.94736842105263,11.789473684210526,3.8947368421052633,13.894736842105264,44.0,62.0,0.45901639344262296,0.4693140794223827,27.7,2022-23,True
Miguel Almirón,Paraguay,FW,Newcastle,28,1994,34,29,2491,27.7,11,2,13,11,0,0,2,0,0.39711191335740076,0.07220216606498195,0.4693140794223827,0.39711191335740076,0.4693140794223827,False,2022-23,2022,0.4693140794223827,2,4207,1716.0,775.0,0.3303280599290579,0.05235602094240837,,784,38.0,52.44736842105263,15.026315789473685,5.184210526315789,10.18421052631579,68.0,33.0,0.5960334029227558,0.18604651162790697,21.5,2023-24,True
Miguel Almirón,Paraguay,FW,Newcastle,29,1994,33,23,1937,21.5,3,1,4,3,0,0,2,0,0.13953488372093023,0.046511627906976744,0.18604651162790697,0.13953488372093023,0.18604651162790697,False,2023-24,2023,0.18604651162790697,3,6144,2491.0,-554.0,0.23414036106162395,0.4693140794223827,0.05235602094240837,841,38.0,52.21052631578947,14.5,5.605263157894737,14.052631578947368,85.0,62.0,0.5078341013824884,0.0,1.7,2024-25,False
Miguel Almirón,Paraguay,FW,Newcastle,30,1994,9,1,157,1.7,0,0,0,0,0,0,0,0,0.0,0.0,0.0,0.0,0.0,False,2024-25,2024,0.0,4,6301,1937.0,-1780.0,0.07804678702054132,0.18604651162790697,0.4693140794223827,900,38.0,51.05263157894737,13.789473684210526,4.578947368421052,12.447368421052632,68.0,47.0,0.5255767301905717,,,,False
Mike Trésor,Belgium,"MF,FW",Burnley,24,1999,16,3,420,4.7,0,0,0,0,0,0,0,0,0.0,0.0,0.0,0.0,0.0,False,2023-24,2023,0.0,1,420,,,0.0,,,576,,,,,,,,,0.0,0.5,2025-26,False
Mike Trésor,Belgium,"FW,MF",Burnley,26,1999,6,0,43,0.5,0,0,0,0,0,0,0,0,0.0,0.0,0.0,0.0,0.0,False,2025-26,2025,0.0,2,463,420.0,-377.0,0.0,0.0,,676,,,,,,,,,,,,False
Mikel Merino,Spain,"MF,FW",Arsenal,28,1996,28,17,1586,17.6,7,2,9,7,0,0,4,1,0.3977272727272727,0.11363636363636363,0.5113636363636364,0.3977272727272727,0.5113636363636364,False,2024-25,2024,0.5113636363636364,1,1586,,,0.5113636363636364,,,784,38.0,57.18421052631579,14.394736842105264,4.947368421052632,9.526315789473685,69.0,34.0,0.6017601760176018,0.6086956521739131,11.5,2025-26,True
Mikel Merino,Spain,"MF,FW",Arsenal,29,1996,22,10,1036,11.5,4,3,7,4,0,0,1,0,0.34782608695652173,0.2608695652173913,0.6086956521739131,0.34782608695652173,0.6086956521739131,False,2025-26,2025,0.6086956521739131,2,2622,1586.0,-550.0,0.5762516469038208,0.5113636363636364,,841,38.0,56.44736842105263,14.526315789473685,4.894736842105263,8.157894736842104,71.0,27.0,0.640371229698376,,,,False
Mikey Moore,England,MF,Tottenham,15,2007,2,0,4,0.0,0,0,0,0,0,0,0,0,0.0,0.0,0.0,0.0,0.0,False,2023-24,2023,0.0,1,4,,,0.0,,,225,38.0,62.05263157894737,15.31578947368421,5.631578947368421,12.789473684210526,74.0,61.0,0.5449438202247191,0.24390243902439027,4.1,2024-25,True
Mikey Moore,England,"MF,FW",Tottenham,16,2007,10,3,366,4.1,0,1,1,0,0,0,0,0,0.0,0.24390243902439027,0.24390243902439027,0.0,0.24390243902439027,False,2024-25,2024,0.24390243902439027,2,370,4.0,362.0,0.16260162601626016,0.0,,256,38.0,54.76315789473684,13.078947368421053,4.868421052631579,13.736842105263158,64.0,65.0,0.4877330716388616,,,,False
Mikkel Damsgaard,Denmark,"MF,FW",Brentford,22,2000,26,9,988,11.0,0,0,0,0,0,0,4,0,0.0,0.0,0.0,0.0,0.0,False,2022-23,2022,0.0,1,988,,,0.0,,,484,38.0,43.39473684210526,10.710526315789474,4.2631578947368425,14.763157894736842,58.0,46.0,0.42045454545454547,0.2127659574468085,9.4,2023-24,True
Mikkel Damsgaard,Denmark,MF,Brentford,23,2000,23,7,842,9.4,0,2,2,0,0,0,2,0,0.0,0.2127659574468085,0.2127659574468085,0.0,0.2127659574468085,False,2023-24,2023,0.2127659574468085,2,1830,988.0,-146.0,0.14184397163120566,0.0,,529,38.0,44.973684210526315,12.447368421052632,4.526315789473684,14.421052631578947,56.0,65.0,0.4632713026444662,0.3715170278637771,32.3,2024-25,True
Mikkel Damsgaard,Denmark,MF,Brentford,24,2000,38,34,2911,32.3,2,10,12,2,0,0,2,0,0.061919504643962855,0.30959752321981426,0.3715170278637771,0.061919504643962855,0.3715170278637771,False,2024-25,2024,0.3715170278637771,3,4741,842.0,2069.0,0.29495934245291994,0.2127659574468085,0.0,576,38.0,47.81578947368421,11.578947368421053,4.842105263157895,17.026315789473685,66.0,57.0,0.40478380864765406,0.3508771929824561,22.8,2025-26,True
Mikkel Damsgaard,Denmark,MF,Brentford,25,2000,33,24,2054,22.8,4,4,8,4,0,0,0,0,0.17543859649122806,0.17543859649122806,0.3508771929824561,0.17543859649122806,0.3508771929824561,False,2025-26,2025,0.3508771929824561,4,6795,2911.0,-857.0,0.3322379094726107,0.3715170278637771,0.2127659574468085,625,38.0,47.5,10.657894736842104,3.8684210526315788,13.263157894736842,55.0,52.0,0.44554455445544555,,,,False
Milos Kerkez,Hungary,DF,Bournemouth,19,2003,28,22,1970,21.9,0,1,1,0,0,0,4,1,0.0,0.04566210045662101,0.04566210045662101,0.0,0.04566210045662101,False,2023-24,2023,0.04566210045662101,1,1970,,,0.04566210045662101,,,361,38.0,44.05263157894737,14.263157894736842,4.868421052631579,13.973684210526315,54.0,67.0,0.5051258154706431,0.18867924528301885,37.1,2024-25,True
Milos Kerkez,Hungary,DF,Bournemouth,20,2003,38,38,3336,37.1,2,5,7,2,0,0,4,0,0.053908355795148244,0.1347708894878706,0.18867924528301885,0.053908355795148244,0.18867924528301885,False,2024-25,2024,0.18867924528301885,2,5306,1970.0,1366.0,0.14100686367421955,0.04566210045662101,,400,38.0,48.578947368421055,15.263157894736842,5.315789473684211,12.842105263157896,58.0,46.0,0.5430711610486891,0.1195219123505976,25.1,2025-26,True
Milos Kerkez,Hungary,DF,Liverpool,21,2003,34,27,2257,25.1,2,1,3,2,0,0,4,0,0.0796812749003984,0.0398406374501992,0.1195219123505976,0.0796812749003984,0.1195219123505976,False,2025-26,2025,0.1195219123505976,3,7563,3336.0,-1079.0,0.12668356279180493,0.18867924528301885,0.04566210045662101,441,38.0,59.31578947368421,15.473684210526315,4.605263157894737,11.447368421052632,63.0,53.0,0.5747800586510264,,,,False
Milot Rashica,Kosovo,"MF,FW",Norwich City,25,1996,31,25,2229,24.8,1,2,3,1,0,0,0,0,0.04032258064516129,0.08064516129032258,0.12096774193548386,0.04032258064516129,0.12096774193548386,False,2021-22,2021,0.12096774193548386,1,2229,,,0.12096774193548386,,,625,,,,,,,,,,,,False
Mislav Oršić,Croatia,"FW,MF",Southampton,29,1992,1,0,7,0.1,0,0,0,0,0,0,0,0,0.0,0.0,0.0,0.0,0.0,False,2022-23,2022,0.0,1,7,,,0.0,,,841,,,,,,,,,,,,False
Mohamadou Kanté,France,MF,West Ham,19,2005,11,0,75,0.8,0,0,0,0,0,0,2,0,0.0,0.0,0.0,0.0,0.0,False,2025-26,2025,0.0,1,75,,,0.0,,,361,,,,,,,,,,,,False
Mohamed Elneny,Egypt,MF,Arsenal,29,1992,14,8,806,9.0,0,2,2,0,0,0,1,0,0.0,0.2222222222222222,0.2222222222222222,0.0,0.2222222222222222,False,2021-22,2021,0.2222222222222222,1,806,,,0.2222222222222222,,,841,38.0,53.18421052631579,15.473684210526315,5.157894736842105,11.18421052631579,61.0,48.0,0.5804540967423495,0.0,1.3,2022-23,False
Mohamed Elneny,Egypt,MF,Arsenal,30,1992,5,1,113,1.3,0,0,0,0,0,0,0,0,0.0,0.0,0.0,0.0,0.0,False,2022-23,2022,0.0,2,919,806.0,-693.0,0.07407407407407408,0.2222222222222222,,900,38.0,59.94736842105263,15.605263157894736,5.368421052631579,8.973684210526315,88.0,43.0,0.6349036402569593,0.0,0.3,2023-24,False
Mohamed Elneny,Egypt,MF,Arsenal,31,1992,3,0,28,0.3,0,0,0,0,0,0,0,0,0.0,0.0,0.0,0.0,0.0,False,2023-24,2023,0.0,3,947,113.0,-85.0,0.024691358024691364,0.0,0.2222222222222222,961,38.0,58.63157894736842,17.263157894736842,5.973684210526316,8.473684210526315,91.0,29.0,0.6707566462167689,,,,False
Mohamed Elyounoussi,Norway,MF,Southampton,26,1994,30,23,2042,22.7,4,2,6,4,0,0,4,0,0.1762114537444934,0.0881057268722467,0.2643171806167401,0.1762114537444934,0.2643171806167401,False,2021-22,2021,0.2643171806167401,1,2042,,,0.2643171806167401,,,676,,,,,,,,,0.08298755186721991,24.1,2022-23,True
Mohamed Elyounoussi,Norway,MF,Southampton,27,1994,33,27,2168,24.1,1,1,2,1,0,0,4,0,0.04149377593360996,0.04149377593360996,0.08298755186721991,0.04149377593360996,0.08298755186721991,False,2022-23,2022,0.08298755186721991,2,4210,2042.0,126.0,0.1434307614503933,0.2643171806167401,,729,,,,,,,,,,,,False
Mohamed Salah,Egypt,FW,Liverpool,29,1992,35,30,2762,30.7,23,13,36,18,5,6,1,0,0.749185667752443,0.4234527687296417,1.1726384364820848,0.5863192182410424,1.009771986970684,False,2021-22,2021,1.1726384364820848,1,2762,,,1.1726384364820848,,,841,38.0,63.3421052631579,19.18421052631579,6.7631578947368425,7.7894736842105265,94.0,26.0,0.7112195121951219,0.8469945355191256,36.6,2022-23,True
Mohamed Salah,Egypt,FW,Liverpool,30,1992,38,37,3290,36.6,19,12,31,17,2,4,2,0,0.5191256830601093,0.32786885245901637,0.8469945355191256,0.46448087431693985,0.7923497267759563,False,2022-23,2022,0.8469945355191256,2,6052,2762.0,528.0,0.9555425025067786,1.1726384364820848,,900,38.0,61.10526315789474,15.921052631578947,5.578947368421052,9.710526315789474,75.0,47.0,0.6211498973305954,0.9929078014184397,28.2,2023-24,True
Mohamed Salah,Egypt,FW,Liverpool,31,1992,32,28,2534,28.2,18,10,28,13,5,7,2,0,0.6382978723404256,0.3546099290780142,0.9929078014184397,0.46099290780141844,0.8156028368794326,False,2023-24,2023,0.9929078014184397,3,8586,3290.0,-756.0,0.9804527017812193,0.8469945355191256,1.1726384364820848,961,38.0,61.78947368421053,20.789473684210527,7.2894736842105265,10.894736842105264,86.0,41.0,0.6561461794019934,1.2533333333333334,37.5,2024-25,True
Mohamed Salah,Egypt,MF,Liverpool,32,1992,38,38,3371,37.5,29,18,47,20,9,9,1,0,0.7733333333333333,0.48,1.2533333333333334,0.5333333333333333,1.0133333333333334,False,2024-25,2024,1.2533333333333334,4,11957,2534.0,837.0,1.1623731228159622,0.9929078014184397,0.8469945355191256,1024,38.0,58.078947368421055,17.026315789473685,6.078947368421052,10.18421052631579,86.0,41.0,0.625725338491296,0.5882352941176471,23.8,2025-26,True
Mohamed Salah,Egypt,MF,Liverpool,33,1992,27,23,2146,23.8,7,7,14,6,1,1,1,0,0.29411764705882354,0.29411764705882354,0.5882352941176471,0.25210084033613445,0.546218487394958,False,2025-26,2025,0.5882352941176471,5,14103,3371.0,-1225.0,0.7796145703504188,1.2533333333333334,0.9929078014184397,1089,38.0,59.31578947368421,15.473684210526315,4.605263157894737,11.447368421052632,63.0,53.0,0.5747800586510264,,,,False
Mohammed Kudus,Ghana,MF,West Ham,22,2000,33,27,2484,27.6,8,6,14,8,0,0,6,0,0.2898550724637681,0.21739130434782608,0.5072463768115941,0.2898550724637681,0.5072463768115941,False,2023-24,2023,0.5072463768115941,1,2484,,,0.5072463768115941,,,484,,,,,,,,,0.2777777777777778,28.8,2024-25,True
Mohammed Kudus,Ghana,"MF,FW",West Ham,23,2000,32,31,2590,28.8,5,3,8,5,0,0,2,1,0.1736111111111111,0.10416666666666666,0.2777777777777778,0.1736111111111111,0.2777777777777778,False,2024-25,2024,0.2777777777777778,2,5074,2484.0,106.0,0.35426731078904994,0.5072463768115941,,529,,,,,,,,,0.4093567251461988,17.1,2025-26,True
Mohammed Kudus,Ghana,"MF,FW",Tottenham,24,2000,19,19,1535,17.1,2,5,7,2,0,0,3,0,0.11695906432748537,0.29239766081871343,0.4093567251461988,0.11695906432748537,0.4093567251461988,False,2025-26,2025,0.4093567251461988,3,6609,2590.0,-1055.0,0.3909935870271492,0.2777777777777778,0.5072463768115941,576,38.0,50.421052631578945,11.447368421052632,3.8421052631578947,12.289473684210526,48.0,57.0,0.4822616407982262,,,,False
Mohammed Salisu,Ghana,DF,Southampton,22,1999,34,33,2972,33.0,0,0,0,0,0,0,10,1,0.0,0.0,0.0,0.0,0.0,False,2021-22,2021,0.0,1,2972,,,0.0,,,484,,,,,,,,,0.04566210045662101,21.9,2022-23,True
Mohammed Salisu,Ghana,DF,Southampton,23,1999,22,21,1973,21.9,0,1,1,0,0,0,5,0,0.0,0.04566210045662101,0.04566210045662101,0.0,0.04566210045662101,False,2022-23,2022,0.04566210045662101,2,4945,2972.0,-999.0,0.030441400304414005,0.0,,529,,,,,,,,,,,,False
Moise Kean,Italy,FW,Everton,21,2000,1,0,1,0.0,0,0,0,0,0,0,0,0,0.0,0.0,0.0,0.0,0.0,False,2021-22,2021,0.0,1,1,,,0.0,,,441,38.0,39.68421052631579,11.526315789473685,3.6315789473684212,13.710526315789474,43.0,66.0,0.45672575599582904,,,,False
Moisés Caicedo,Ecuador,MF,Brighton,19,2001,8,8,660,7.3,1,1,2,1,0,0,2,0,0.136986301369863,0.136986301369863,0.273972602739726,0.136986301369863,0.273972602739726,False,2021-22,2021,0.273972602739726,1,660,,,0.273972602739726,,,361,38.0,54.73684210526316,12.868421052631579,4.0,12.526315789473685,42.0,44.0,0.5067357512953368,0.05730659025787966,34.9,2022-23,True
Moisés Caicedo,Ecuador,MF,Brighton,20,2001,37,34,3139,34.9,1,1,2,1,0,0,10,0,0.02865329512893983,0.02865329512893983,0.05730659025787966,0.02865329512893983,0.05730659025787966,False,2022-23,2022,0.05730659025787966,2,3799,660.0,2479.0,0.12952859441849512,0.273972602739726,,400,38.0,60.526315789473685,16.105263157894736,6.078947368421052,10.210526315789474,72.0,53.0,0.612,0.12578616352201258,31.8,2023-24,True
Moisés Caicedo,Ecuador,MF,Chelsea,21,2001,35,33,2866,31.8,1,3,4,1,0,0,11,0,0.031446540880503145,0.09433962264150943,0.12578616352201258,0.031446540880503145,0.12578616352201258,False,2023-24,2023,0.12578616352201258,3,6665,3139.0,-273.0,0.12703364048750676,0.05730659025787966,0.273972602739726,441,38.0,59.0,14.421052631578947,5.657894736842105,14.631578947368421,77.0,63.0,0.4963768115942029,0.08064516129032258,37.2,2024-25,True
Moisés Caicedo,Ecuador,"MF,DF",Chelsea,22,2001,38,38,3351,37.2,1,2,3,1,0,0,11,0,0.026881720430107524,0.05376344086021505,0.08064516129032258,0.026881720430107524,0.08064516129032258,False,2024-25,2024,0.08064516129032258,4,10016,2866.0,485.0,0.09610798768938397,0.12578616352201258,0.05730659025787966,484,38.0,57.3421052631579,15.657894736842104,5.7368421052631575,10.447368421052632,64.0,43.0,0.5997983870967741,0.12861736334405144,31.1,2025-26,True
Moisés Caicedo,Ecuador,MF,Chelsea,23,2001,33,32,2795,31.1,3,1,4,3,0,0,11,1,0.09646302250803858,0.03215434083601286,0.12861736334405144,0.09646302250803858,0.12861736334405144,False,2025-26,2025,0.12861736334405144,5,12811,3351.0,-556.0,0.11778090479249562,0.08064516129032258,0.12578616352201258,529,38.0,57.73684210526316,13.394736842105264,4.368421052631579,10.947368421052632,58.0,52.0,0.5502702702702702,,,,False
Morato,Brazil,DF,Nottingham,23,2001,26,6,907,10.1,0,0,0,0,0,0,5,0,0.0,0.0,0.0,0.0,0.0,False,2024-25,2024,0.0,1,907,,,0.0,,,529,38.0,40.921052631578945,12.18421052631579,4.368421052631579,13.973684210526315,58.0,46.0,0.4657947686116701,0.06711409395973154,14.9,2025-26,True
Morato,Brazil,DF,Nottingham,24,2001,21,14,1345,14.9,1,0,1,1,0,0,5,0,0.06711409395973154,0.0,0.06711409395973154,0.06711409395973154,0.06711409395973154,False,2025-26,2025,0.06711409395973154,2,2252,907.0,438.0,0.04474272930648769,0.0,,576,38.0,46.8421052631579,12.526315789473685,4.105263157894737,13.289473684210526,48.0,51.0,0.48521916411824667,,,,False
Morgan Gibbs-White,England,"FW,MF",Wolves,21,2000,2,0,9,0.1,0,0,0,0,0,0,1,0,0.0,0.0,0.0,0.0,0.0,False,2021-22,2021,0.0,1,9,,,0.0,,,441,,,,,,,,,0.42735042735042733,35.1,2023-24,True
Morgan Gibbs-White,England,"MF,FW",Nottingham,23,2000,37,35,3156,35.1,5,10,15,4,1,1,9,0,0.14245014245014245,0.2849002849002849,0.42735042735042733,0.11396011396011396,0.3988603988603988,False,2023-24,2023,0.42735042735042733,2,3165,9.0,3147.0,0.28490028490028485,0.0,,529,38.0,40.21052631578947,11.868421052631579,3.8947368421052633,13.421052631578947,49.0,67.0,0.46930280957336107,0.4823151125401929,31.1,2024-25,True
Morgan Gibbs-White,England,MF,Nottingham,24,2000,34,34,2803,31.1,7,8,15,7,0,0,11,1,0.22508038585209003,0.2572347266881029,0.4823151125401929,0.22508038585209003,0.4823151125401929,False,2024-25,2024,0.4823151125401929,3,5968,3156.0,-353.0,0.41651016999355683,0.42735042735042733,0.0,576,38.0,40.921052631578945,12.18421052631579,4.368421052631579,13.973684210526315,58.0,46.0,0.4657947686116701,0.5523255813953488,34.4,2025-26,True
Morgan Gibbs-White,England,MF,Nottingham,25,2000,37,35,3097,34.4,15,4,19,14,1,1,1,0,0.436046511627907,0.11627906976744186,0.5523255813953488,0.4069767441860465,0.5232558139534883,False,2025-26,2025,0.5523255813953488,4,9065,2803.0,294.0,0.5070537775947515,0.4823151125401929,0.42735042735042733,625,38.0,46.8421052631579,12.526315789473685,4.105263157894737,13.289473684210526,48.0,51.0,0.48521916411824667,,,,False
Morgan Gibbs-WhiteMorgan Gibbs-White,England,"MF,FW",Wolves,22,2000,37,36,3151,35.0,5,8,13,3,2,2,6,0,0.14285714285714285,0.22857142857142856,0.37142857142857144,0.08571428571428572,0.3142857142857143,False,2022-23,2022,0.37142857142857144,1,3151,,,0.37142857142857144,,,484,,,,,,,,,,,,False
Morgan Rogers,England,MF,Aston Villa,21,2002,11,8,638,7.1,3,1,4,3,0,0,3,0,0.4225352112676057,0.14084507042253522,0.5633802816901409,0.4225352112676057,0.5633802816901409,False,2023-24,2023,0.5633802816901409,1,638,,,0.5633802816901409,,,441,38.0,53.421052631578945,13.5,5.0,11.947368421052632,76.0,61.0,0.5305067218200621,0.5202312138728323,34.6,2024-25,True
Morgan Rogers,England,MF,Aston Villa,22,2002,37,37,3114,34.6,8,10,18,8,0,0,10,0,0.23121387283236994,0.2890173410404624,0.5202312138728323,0.23121387283236994,0.5202312138728323,False,2024-25,2024,0.5202312138728323,2,3752,638.0,2476.0,0.5346142364786018,0.5633802816901409,,484,38.0,50.71052631578947,12.736842105263158,4.473684210526316,12.18421052631579,58.0,51.0,0.5110876451953538,0.43956043956043955,36.4,2025-26,True
Morgan Rogers,England,MF,Aston Villa,23,2002,37,37,3280,36.4,10,6,16,10,0,0,7,0,0.27472527472527475,0.16483516483516483,0.43956043956043955,0.27472527472527475,0.43956043956043955,False,2025-26,2025,0.43956043956043955,3,7032,3114.0,166.0,0.4712450385331603,0.5202312138728323,0.5633802816901409,529,38.0,53.6578947368421,12.710526315789474,4.473684210526316,12.894736842105264,56.0,49.0,0.4964028776978417,,,,False
Morgan Sanson,France,MF,Aston Villa,26,1994,10,3,356,4.0,0,0,0,0,0,0,0,0,0.0,0.0,0.0,0.0,0.0,False,2021-22,2021,0.0,1,356,,,0.0,,,676,38.0,46.473684210526315,12.210526315789474,4.2631578947368425,12.552631578947368,52.0,54.0,0.49309245483528164,0.0,0.1,2022-23,False
Morgan Sanson,France,MF,Aston Villa,27,1994,2,0,11,0.1,0,0,0,0,0,0,0,0,0.0,0.0,0.0,0.0,0.0,False,2022-23,2022,0.0,2,367,356.0,-345.0,0.0,0.0,,729,38.0,49.44736842105263,11.31578947368421,3.973684210526316,11.289473684210526,51.0,46.0,0.5005820721769499,,,,False
Moussa Diaby,France,"MF,FW",Aston Villa,24,1999,38,25,2174,24.2,6,8,14,6,0,0,1,0,0.24793388429752067,0.3305785123966942,0.578512396694215,0.24793388429752067,0.578512396694215,False,2023-24,2023,0.578512396694215,1,2174,,,0.578512396694215,,,576,38.0,53.421052631578945,13.5,5.0,11.947368421052632,76.0,61.0,0.5305067218200621,,,,False
Moussa Djenepo,Mali,MF,Southampton,23,1998,12,5,457,5.1,0,0,0,0,0,0,3,0,0.0,0.0,0.0,0.0,0.0,False,2021-22,2021,0.0,1,457,,,0.0,,,529,,,,,,,,,0.2531645569620253,7.9,2022-23,True
Moussa Djenepo,Mali,"DF,MF",Southampton,24,1998,16,7,710,7.9,0,2,2,0,0,0,1,0,0.0,0.2531645569620253,0.2531645569620253,0.0,0.2531645569620253,False,2022-23,2022,0.2531645569620253,2,1167,457.0,253.0,0.16877637130801684,0.0,,576,,,,,,,,,,,,False
Moussa Niakhaté,Senegal,DF,Nottingham,26,1996,14,14,1163,12.9,0,0,0,0,0,0,1,0,0.0,0.0,0.0,0.0,0.0,False,2022-23,2022,0.0,1,1163,,,0.0,,,676,38.0,37.21052631578947,9.68421052631579,3.1052631578947367,14.657894736842104,38.0,68.0,0.3978378378378378,0.0617283950617284,16.2,2023-24,True
Moussa Niakhaté,Senegal,DF,Nottingham,27,1996,21,15,1460,16.2,1,0,1,1,0,0,5,1,0.0617283950617284,0.0,0.0617283950617284,0.0617283950617284,0.0617283950617284,False,2023-24,2023,0.0617283950617284,2,2623,1163.0,297.0,0.0411522633744856,0.0,,729,38.0,40.21052631578947,11.868421052631579,3.8947368421052633,13.421052631578947,49.0,67.0,0.46930280957336107,,,,False
Moussa Sissoko,France,MF,Watford,31,1989,36,36,3220,35.8,2,1,3,2,0,0,5,0,0.0558659217877095,0.02793296089385475,0.08379888268156425,0.0558659217877095,0.08379888268156425,False,2021-22,2021,0.08379888268156425,1,3220,,,0.08379888268156425,,,961,,,,,,,,,,,,False
Murillo,Brazil,DF,Nottingham,21,2002,32,32,2789,31.0,0,2,2,0,0,0,5,0,0.0,0.06451612903225806,0.06451612903225806,0.0,0.06451612903225806,False,2023-24,2023,0.06451612903225806,1,2789,,,0.06451612903225806,,,441,38.0,40.21052631578947,11.868421052631579,3.8947368421052633,13.421052631578947,49.0,67.0,0.46930280957336107,0.05649717514124294,35.4,2024-25,True
Murillo,Brazil,DF,Nottingham,22,2002,36,36,3188,35.4,2,0,2,2,0,0,6,0,0.05649717514124294,0.0,0.05649717514124294,0.05649717514124294,0.05649717514124294,False,2024-25,2024,0.05649717514124294,2,5977,2789.0,399.0,0.05917015977158131,0.06451612903225806,,484,38.0,40.921052631578945,12.18421052631579,4.368421052631579,13.973684210526315,58.0,46.0,0.4657947686116701,0.04219409282700422,23.7,2025-26,True
Murillo,Brazil,DF,Nottingham,23,2002,25,25,2130,23.7,1,0,1,1,0,0,5,0,0.04219409282700422,0.0,0.04219409282700422,0.04219409282700422,0.04219409282700422,False,2025-26,2025,0.04219409282700422,3,8107,3188.0,-1058.0,0.04785278180852992,0.05649717514124294,0.06451612903225806,529,38.0,46.8421052631579,12.526315789473685,4.105263157894737,13.289473684210526,48.0,51.0,0.48521916411824667,,,,False
Mykhailo Mudryk,Ukraine,"FW,MF",Chelsea,21,2001,15,7,657,7.3,0,2,2,0,0,0,1,0,0.0,0.273972602739726,0.273972602739726,0.0,0.273972602739726,False,2022-23,2022,0.273972602739726,1,657,,,0.273972602739726,,,441,38.0,59.026315789473685,12.736842105263158,4.157894736842105,11.526315789473685,38.0,47.0,0.5249457700650759,0.4,17.5,2023-24,True
Mykhailo Mudryk,Ukraine,MF,Chelsea,22,2001,31,18,1576,17.5,5,2,7,5,0,0,5,0,0.2857142857142857,0.11428571428571428,0.4,0.2857142857142857,0.4,False,2023-24,2023,0.4,2,2233,657.0,919.0,0.35799086757990867,0.273972602739726,,484,38.0,59.0,14.421052631578947,5.657894736842105,14.631578947368421,77.0,63.0,0.4963768115942029,0.0,1.7,2024-25,False
Mykhailo Mudryk,Ukraine,MF,Chelsea,23,2001,7,1,151,1.7,0,0,0,0,0,0,0,0,0.0,0.0,0.0,0.0,0.0,False,2024-25,2024,0.0,3,2384,1576.0,-1425.0,0.11933028919330291,0.4,0.273972602739726,529,38.0,57.3421052631579,15.657894736842104,5.7368421052631575,10.447368421052632,64.0,43.0,0.5997983870967741,,,,False
Myles Lewis-Skelly,England,DF,Arsenal,17,2006,23,15,1369,15.2,1,0,1,1,0,0,3,2,0.06578947368421052,0.0,0.06578947368421052,0.06578947368421052,0.06578947368421052,False,2024-25,2024,0.06578947368421052,1,1369,,,0.06578947368421052,,,289,38.0,57.18421052631579,14.394736842105264,4.947368421052632,9.526315789473685,69.0,34.0,0.6017601760176018,0.0,7.9,2025-26,True
Myles Lewis-Skelly,England,"MF,DF",Arsenal,18,2006,20,5,709,7.9,0,0,0,0,0,0,3,0,0.0,0.0,0.0,0.0,0.0,False,2025-26,2025,0.0,2,2078,1369.0,-660.0,0.02192982456140351,0.06578947368421052,,324,38.0,56.44736842105263,14.526315789473685,4.894736842105263,8.157894736842104,71.0,27.0,0.640371229698376,,,,False
Myles Peart-Harris,England,MF,Brentford,20,2002,3,0,13,0.1,0,0,0,0,0,0,0,0,0.0,0.0,0.0,0.0,0.0,False,2023-24,2023,0.0,1,13,,,0.0,,,400,38.0,44.973684210526315,12.447368421052632,4.526315789473684,14.421052631578947,56.0,65.0,0.4632713026444662,0.0,0.0,2025-26,False
Myles Peart-Harris,England,MF,Brentford,22,2002,1,0,1,0.0,0,0,0,0,0,0,0,0,0.0,0.0,0.0,0.0,0.0,False,2025-26,2025,0.0,2,14,13.0,-12.0,0.0,0.0,,484,38.0,47.5,10.657894736842104,3.8684210526315788,13.263157894736842,55.0,52.0,0.44554455445544555,,,,False
Máximo Perrone,Argentina,MF,Manchester City,19,2003,1,0,19,0.2,0,0,0,0,0,0,0,0,0.0,0.0,0.0,0.0,0.0,False,2022-23,2022,0.0,1,19,,,0.0,,,361,38.0,65.34210526315789,15.789473684210526,5.7631578947368425,7.7105263157894735,94.0,33.0,0.6718924972004479,,,,False
N'Golo Kanté,France,MF,Chelsea,30,1991,26,21,1773,19.7,2,4,6,2,0,0,2,0,0.10152284263959391,0.20304568527918782,0.30456852791878175,0.10152284263959391,0.30456852791878175,False,2021-22,2021,0.30456852791878175,1,1773,,,0.30456852791878175,,,900,38.0,62.3421052631579,15.578947368421053,5.552631578947368,8.921052631578947,76.0,33.0,0.635875402792696,0.1724137931034483,5.8,2022-23,True
N'Golo Kanté,France,MF,Chelsea,31,1991,7,6,518,5.8,0,1,1,0,0,0,1,0,0.0,0.1724137931034483,0.1724137931034483,0.0,0.1724137931034483,False,2022-23,2022,0.1724137931034483,2,2291,1773.0,-1255.0,0.2164653713752261,0.30456852791878175,,961,38.0,59.026315789473685,12.736842105263158,4.157894736842105,11.526315789473685,38.0,47.0,0.5249457700650759,,,,False
Naby Keïta,Guinea,MF,Liverpool,26,1995,23,14,1173,13.0,3,1,4,3,0,0,3,0,0.23076923076923078,0.07692307692307693,0.3076923076923077,0.23076923076923078,0.3076923076923077,False,2021-22,2021,0.3076923076923077,1,1173,,,0.3076923076923077,,,676,38.0,63.3421052631579,19.18421052631579,6.7631578947368425,7.7894736842105265,94.0,26.0,0.7112195121951219,0.0,3.3,2022-23,True
Naby Keïta,Guinea,MF,Liverpool,27,1995,8,3,293,3.3,0,0,0,0,0,0,1,0,0.0,0.0,0.0,0.0,0.0,False,2022-23,2022,0.0,2,1466,1173.0,-880.0,0.10256410256410257,0.3076923076923077,,729,38.0,61.10526315789474,15.921052631578947,5.578947368421052,9.710526315789474,75.0,47.0,0.6211498973305954,,,,False
Nampalys Mendy,Senegal,MF,Leicester City,29,1992,14,12,1032,11.5,0,0,0,0,0,0,3,0,0.0,0.0,0.0,0.0,0.0,False,2021-22,2021,0.0,1,1032,,,0.0,,,841,,,,,,,,,0.11904761904761904,8.4,2022-23,True
Nampalys Mendy,Senegal,MF,Leicester City,30,1992,19,7,757,8.4,1,0,1,1,0,0,1,0,0.11904761904761904,0.0,0.11904761904761904,0.11904761904761904,0.11904761904761904,False,2022-23,2022,0.11904761904761904,2,1789,1032.0,-275.0,0.07936507936507936,0.0,,900,,,,,,,,,,,,False
Naouirou Ahamada,France,MF,Crystal Palace,20,2002,8,0,94,1.0,0,0,0,0,0,0,1,0,0.0,0.0,0.0,0.0,0.0,False,2022-23,2022,0.0,1,94,,,0.0,,,400,38.0,46.13157894736842,11.18421052631579,3.5789473684210527,12.0,40.0,49.0,0.48240635641316687,0.0,3.9,2023-24,True
Naouirou Ahamada,France,MF,Crystal Palace,21,2002,20,0,349,3.9,0,0,0,0,0,0,4,1,0.0,0.0,0.0,0.0,0.0,False,2023-24,2023,0.0,2,443,94.0,255.0,0.0,0.0,,441,38.0,42.1578947368421,12.0,4.447368421052632,12.078947368421053,57.0,58.0,0.4983606557377049,,,,False
Nasser Djiga,Burkina Faso,DF,Wolves,21,2002,5,1,66,0.7,0,0,0,0,0,0,0,0,0.0,0.0,0.0,0.0,0.0,False,2024-25,2024,0.0,1,66,,,0.0,,,441,,,,,,,,,,,,False
Nathan Aké,Netherlands,DF,Manchester City,26,1995,14,10,923,10.3,2,0,2,2,0,0,0,0,0.1941747572815534,0.0,0.1941747572815534,0.1941747572815534,0.1941747572815534,False,2021-22,2021,0.1941747572815534,1,923,,,0.1941747572815534,,,676,38.0,68.5,18.763157894736842,6.657894736842105,6.2368421052631575,99.0,26.0,0.7505263157894737,0.04807692307692307,20.8,2022-23,True
Nathan Aké,Netherlands,DF,Manchester City,27,1995,26,22,1873,20.8,1,0,1,1,0,0,2,0,0.04807692307692307,0.0,0.04807692307692307,0.04807692307692307,0.04807692307692307,False,2022-23,2022,0.04807692307692307,2,2796,923.0,950.0,0.09677620114513319,0.1941747572815534,,729,38.0,65.34210526315789,15.789473684210526,5.7631578947368425,7.7105263157894735,94.0,33.0,0.6718924972004479,0.1762114537444934,22.7,2023-24,True
Nathan Aké,Netherlands,DF,Manchester City,28,1995,29,24,2042,22.7,2,2,4,2,0,0,0,0,0.0881057268722467,0.0881057268722467,0.1762114537444934,0.0881057268722467,0.1762114537444934,False,2023-24,2023,0.1762114537444934,3,4838,1873.0,169.0,0.14973303621137332,0.04807692307692307,0.1941747572815534,784,38.0,65.73684210526316,18.263157894736842,7.315789473684211,7.7368421052631575,96.0,34.0,0.7024291497975709,0.0,7.5,2024-25,True
Nathan Aké,Netherlands,DF,Manchester City,29,1995,10,8,678,7.5,0,0,0,0,0,0,0,0,0.0,0.0,0.0,0.0,0.0,False,2024-25,2024,0.0,4,5516,2042.0,-1364.0,0.049911012070457776,0.1762114537444934,0.04807692307692307,841,38.0,61.73684210526316,16.0,5.7105263157894735,9.31578947368421,72.0,44.0,0.6320166320166319,0.0,7.7,2025-26,True
Nathan Aké,Netherlands,DF,Manchester City,30,1995,18,6,695,7.7,0,0,0,0,0,0,1,0,0.0,0.0,0.0,0.0,0.0,False,2025-26,2025,0.0,5,6211,678.0,17.0,0.01663700402348593,0.0,0.1762114537444934,900,38.0,60.6578947368421,15.657894736842104,5.394736842105263,9.710526315789474,77.0,35.0,0.617219917012448,,,,False
Nathan Broadhead,Wales,MF,Ipswich Town,26,1998,18,7,702,7.8,2,0,2,2,0,0,1,0,0.25641025641025644,0.0,0.25641025641025644,0.25641025641025644,0.25641025641025644,False,2024-25,2024,0.25641025641025644,1,702,,,0.25641025641025644,,,676,38.0,40.39473684210526,9.894736842105264,3.3421052631578947,15.973684210526315,36.0,82.0,0.38250254323499494,,,,False
Nathan Butler-Oyedeji,England,FW,Arsenal,21,2003,1,0,7,0.1,0,0,0,0,0,0,0,0,0.0,0.0,0.0,0.0,0.0,False,2024-25,2024,0.0,1,7,,,0.0,,,441,38.0,57.18421052631579,14.394736842105264,4.947368421052632,9.526315789473685,69.0,34.0,0.6017601760176018,,,,False
Nathan Collins,Ireland,DF,Burnley,20,2001,19,18,1670,18.6,2,0,2,2,0,0,2,1,0.1075268817204301,0.0,0.1075268817204301,0.1075268817204301,0.1075268817204301,False,2021-22,2021,0.1075268817204301,1,1670,,,0.1075268817204301,,,400,,,,,,,,,0.0,20.2,2022-23,True
Nathan Collins,Ireland,DF,Wolves,21,2001,26,19,1814,20.2,0,0,0,0,0,0,2,1,0.0,0.0,0.0,0.0,0.0,False,2022-23,2022,0.0,2,3484,1670.0,144.0,0.035842293906810034,0.1075268817204301,,441,,,,,,,,,0.06779661016949153,29.5,2023-24,True
Nathan Collins,Ireland,DF,Brentford,22,2001,32,29,2652,29.5,1,1,2,1,0,0,3,0,0.03389830508474576,0.03389830508474576,0.06779661016949153,0.03389830508474576,0.06779661016949153,False,2023-24,2023,0.06779661016949153,3,6136,1814.0,838.0,0.05714517141526436,0.0,0.1075268817204301,484,38.0,44.973684210526315,12.447368421052632,4.526315789473684,14.421052631578947,56.0,65.0,0.4632713026444662,0.13157894736842105,38.0,2024-25,True
Nathan Collins,Ireland,DF,Brentford,23,2001,38,38,3420,38.0,2,3,5,2,0,0,5,0,0.05263157894736842,0.07894736842105263,0.13157894736842105,0.05263157894736842,0.13157894736842105,False,2024-25,2024,0.13157894736842105,4,9556,2652.0,768.0,0.10676768871736882,0.06779661016949153,0.0,529,38.0,47.81578947368421,11.578947368421053,4.842105263157895,17.026315789473685,66.0,57.0,0.40478380864765406,0.09063444108761329,33.1,2025-26,True
Nathan Collins,Ireland,DF,Brentford,24,2001,35,32,2975,33.1,1,2,3,1,0,0,7,0,0.030211480362537763,0.060422960725075525,0.09063444108761329,0.030211480362537763,0.09063444108761329,False,2025-26,2025,0.09063444108761329,5,12531,3420.0,-445.0,0.0960121902975318,0.13157894736842105,0.06779661016949153,576,38.0,47.5,10.657894736842104,3.8684210526315788,13.263157894736842,55.0,52.0,0.44554455445544555,,,,False
Nathan Ferguson,England,DF,Crystal Palace,20,2000,1,0,9,0.1,0,0,0,0,0,0,0,0,0.0,0.0,0.0,0.0,0.0,False,2021-22,2021,0.0,1,9,,,0.0,,,400,38.0,50.94736842105263,10.81578947368421,3.8684210526315788,11.657894736842104,50.0,46.0,0.48126463700234196,,,,False
Nathan Fraser,Ireland,FW,Wolves,18,2005,7,1,186,2.1,0,0,0,0,0,0,1,0,0.0,0.0,0.0,0.0,0.0,False,2023-24,2023,0.0,1,186,,,0.0,,,324,,,,,,,,,,,,False
Nathan Patterson,Scotland,"DF,MF",Everton,20,2001,19,14,1279,14.2,0,0,0,0,0,0,3,0,0.0,0.0,0.0,0.0,0.0,False,2022-23,2022,0.0,1,1279,,,0.0,,,400,38.0,42.578947368421055,11.289473684210526,4.0,15.105263157894736,34.0,57.0,0.42771684945164506,0.17857142857142858,11.2,2023-24,True
Nathan Patterson,Scotland,DF,Everton,21,2001,20,9,1005,11.2,0,2,2,0,0,0,4,0,0.0,0.17857142857142858,0.17857142857142858,0.0,0.17857142857142858,False,2023-24,2023,0.17857142857142858,2,2284,1279.0,-274.0,0.11904761904761904,0.0,,441,38.0,40.73684210526316,13.342105263157896,4.2631578947368425,14.157894736842104,40.0,51.0,0.4851674641148326,0.25641025641025644,3.9,2024-25,True
Nathan Patterson,Scotland,DF,Everton,22,2001,10,3,347,3.9,0,1,1,0,0,0,1,0,0.0,0.25641025641025644,0.25641025641025644,0.0,0.25641025641025644,False,2024-25,2024,0.25641025641025644,3,2631,1005.0,-658.0,0.21062271062271062,0.17857142857142858,0.0,484,38.0,40.63157894736842,10.657894736842104,3.763157894736842,12.605263157894736,42.0,44.0,0.4581447963800905,0.0,2.7,2025-26,False
Nathan Patterson,Scotland,DF,Everton,23,2001,7,3,241,2.7,0,0,0,0,0,0,0,0,0.0,0.0,0.0,0.0,0.0,False,2025-26,2025,0.0,4,2872,347.0,-106.0,0.07020757020757022,0.25641025641025644,0.17857142857142858,529,38.0,43.76315789473684,11.105263157894736,3.736842105263158,13.973684210526315,47.0,50.0,0.4428121720881427,,,,False
Nathan Redmond,England,"MF,FW",Southampton,27,1994,27,20,1833,20.4,1,5,6,1,0,0,0,0,0.04901960784313726,0.2450980392156863,0.29411764705882354,0.04901960784313726,0.29411764705882354,False,2021-22,2021,0.29411764705882354,1,1833,,,0.29411764705882354,,,729,,,,,,,,,0.0,0.0,2022-23,False
Nathan Redmond,England,"FW,MF",Southampton,28,1994,1,0,1,0.0,0,0,0,0,0,0,0,0,0.0,0.0,0.0,0.0,0.0,False,2022-23,2022,0.0,2,1834,1833.0,-1832.0,0.09803921568627452,0.29411764705882354,,784,,,,,,,,,0.0,1.6,2023-24,False
Nathan Redmond,England,"FW,MF",Burnley,29,1994,12,0,142,1.6,0,0,0,0,0,0,1,0,0.0,0.0,0.0,0.0,0.0,False,2023-24,2023,0.0,3,1976,1.0,141.0,0.03267973856209151,0.0,0.29411764705882354,841,,,,,,,,,,,,False
Nathan Tella,Nigeria,"MF,FW",Southampton,22,1999,14,10,804,8.9,0,1,1,0,0,0,2,0,0.0,0.11235955056179775,0.11235955056179775,0.0,0.11235955056179775,False,2021-22,2021,0.11235955056179775,1,804,,,0.11235955056179775,,,484,,,,,,,,,,,,False
Nathan Wood-Gordon,England,DF,Southampton,22,2002,11,9,773,8.6,0,0,0,0,0,0,2,0,0.0,0.0,0.0,0.0,0.0,False,2024-25,2024,0.0,1,773,,,0.0,,,484,,,,,,,,,,,,False
Nathan Young-Coombes,England,FW,Brentford,18,2003,1,0,4,0.0,0,0,0,0,0,0,0,0,0.0,0.0,0.0,0.0,0.0,False,2021-22,2021,0.0,1,4,,,0.0,,,324,38.0,44.5,11.631578947368421,4.052631578947368,13.210526315789474,48.0,56.0,0.4682203389830508,,,,False
Nathaniel Chalobah,England,MF,Fulham,27,1994,4,1,12,0.1,0,0,0,0,0,0,0,1,0.0,0.0,0.0,0.0,0.0,False,2022-23,2022,0.0,1,12,,,0.0,,,729,38.0,48.68421052631579,11.289473684210526,3.8947368421052633,13.289473684210526,55.0,53.0,0.45931477516059954,,,,False
Nathaniel Clyne,England,DF,Crystal Palace,30,1991,16,15,1351,15.0,0,1,1,0,0,0,1,0,0.0,0.06666666666666667,0.06666666666666667,0.0,0.06666666666666667,False,2021-22,2021,0.06666666666666667,1,1351,,,0.06666666666666667,,,900,38.0,50.94736842105263,10.81578947368421,3.8684210526315788,11.657894736842104,50.0,46.0,0.48126463700234196,0.0,18.2,2022-23,True
Nathaniel Clyne,England,DF,Crystal Palace,31,1991,22,19,1640,18.2,0,0,0,0,0,0,3,0,0.0,0.0,0.0,0.0,0.0,False,2022-23,2022,0.0,2,2991,1351.0,289.0,0.022222222222222223,0.06666666666666667,,961,38.0,46.13157894736842,11.18421052631579,3.5789473684210527,12.0,40.0,49.0,0.48240635641316687,0.0,14.9,2023-24,True
Nathaniel Clyne,England,DF,Crystal Palace,32,1991,19,14,1338,14.9,0,0,0,0,0,0,0,0,0.0,0.0,0.0,0.0,0.0,False,2023-24,2023,0.0,3,4329,1640.0,-302.0,0.0074074074074074086,0.0,0.06666666666666667,1024,38.0,42.1578947368421,12.0,4.447368421052632,12.078947368421053,57.0,58.0,0.4983606557377049,0.0,5.4,2024-25,True
Nathaniel Clyne,England,"DF,MF",Crystal Palace,33,1991,13,5,483,5.4,0,0,0,0,0,0,1,0,0.0,0.0,0.0,0.0,0.0,False,2024-25,2024,0.0,4,4812,1338.0,-855.0,0.0024691358024691366,0.0,0.0,1089,38.0,42.5,13.552631578947368,4.894736842105263,12.710526315789474,51.0,51.0,0.5160320641282565,0.15151515151515152,6.6,2025-26,True
Nathaniel Clyne,England,"MF,DF",Crystal Palace,34,1991,10,7,594,6.6,0,1,1,0,0,0,1,0,0.0,0.15151515151515152,0.15151515151515152,0.0,0.15151515151515152,False,2025-26,2025,0.15151515151515152,5,5406,483.0,111.0,0.10183314627759071,0.0,0.0,1156,38.0,45.89473684210526,11.631578947368421,3.710526315789474,11.710526315789474,41.0,51.0,0.49830890642615555,,,,False
Nathaniel Phillips,England,DF,Liverpool,25,1997,2,1,66,0.7,0,0,0,0,0,0,0,0,0.0,0.0,0.0,0.0,0.0,False,2022-23,2022,0.0,1,66,,,0.0,,,625,38.0,61.10526315789474,15.921052631578947,5.578947368421052,9.710526315789474,75.0,47.0,0.6211498973305954,,,,False
Nayef Aguerd,Morocco,DF,West Ham,26,1996,18,17,1595,17.7,2,0,2,2,0,0,4,0,0.11299435028248588,0.0,0.11299435028248588,0.11299435028248588,0.11299435028248588,False,2022-23,2022,0.11299435028248588,1,1595,,,0.11299435028248588,,,676,,,,,,,,,0.04854368932038835,20.6,2023-24,True
Nayef Aguerd,Morocco,DF,West Ham,27,1996,21,21,1857,20.6,1,0,1,1,0,0,3,1,0.04854368932038835,0.0,0.04854368932038835,0.04854368932038835,0.04854368932038835,False,2023-24,2023,0.04854368932038835,2,3452,1595.0,262.0,0.07002724297442087,0.11299435028248588,,729,,,,,,,,,0.0,2.0,2025-26,False
Nayef Aguerd,Morocco,DF,West Ham,29,1996,2,2,180,2.0,0,0,0,0,0,0,0,0,0.0,0.0,0.0,0.0,0.0,False,2025-26,2025,0.0,3,3632,1857.0,-1677.0,0.023342414324806958,0.04854368932038835,0.11299435028248588,841,,,,,,,,,,,,False
Neal Maupay,France,FW,Brighton,24,1996,32,25,2276,25.3,8,2,10,7,1,2,7,0,0.31620553359683795,0.07905138339920949,0.3952569169960474,0.2766798418972332,0.3557312252964427,False,2021-22,2021,0.3952569169960474,1,2276,,,0.3952569169960474,,,576,38.0,54.73684210526316,12.868421052631579,4.0,12.526315789473685,42.0,44.0,0.5067357512953368,0.08064516129032258,12.4,2022-23,True
Neal Maupay,France,FW,Everton,25,1996,27,11,1118,12.4,1,0,1,1,0,0,4,0,0.08064516129032258,0.0,0.08064516129032258,0.08064516129032258,0.08064516129032258,False,2022-23,2022,0.08064516129032258,2,3394,2276.0,-1158.0,0.18551574652556418,0.3952569169960474,,625,38.0,42.578947368421055,11.289473684210526,4.0,15.105263157894736,34.0,57.0,0.42771684945164506,,,,False
Neal MaupayNeal Maupay,France,FW,Everton,26,1996,31,14,1432,15.899999999999999,6,3,9,6,0,0,8,0,0.37735849056603776,0.18867924528301888,0.5660377358490567,0.37735849056603776,0.5660377358490567,False,2023-24,2023,0.5660377358490567,1,1432,,,0.5660377358490567,,,676,38.0,40.73684210526316,13.342105263157896,4.2631578947368425,14.157894736842104,40.0,51.0,0.4851674641148326,,,,False
Neco Williams,Wales,"DF,MF",Liverpool,20,2001,1,0,8,0.1,0,1,1,0,0,0,0,0,0.0,10.0,10.0,0.0,10.0,False,2021-22,2021,10.0,1,8,,,10.0,,,400,38.0,63.3421052631579,19.18421052631579,6.7631578947368425,7.7894736842105265,94.0,26.0,0.7112195121951219,0.04784688995215311,20.9,2022-23,True
Neco Williams,Wales,"DF,MF",Nottingham,21,2001,31,20,1882,20.9,1,0,1,1,0,0,7,0,0.04784688995215311,0.0,0.04784688995215311,0.04784688995215311,0.04784688995215311,False,2022-23,2022,0.04784688995215311,2,1890,8.0,1874.0,3.3652312599681027,10.0,,441,38.0,37.21052631578947,9.68421052631579,3.1052631578947367,14.657894736842104,38.0,68.0,0.3978378378378378,0.054945054945054944,18.2,2023-24,True
Neco Williams,Wales,"DF,MF",Nottingham,22,2001,26,18,1637,18.2,0,1,1,0,0,0,4,0,0.0,0.054945054945054944,0.054945054945054944,0.0,0.054945054945054944,False,2023-24,2023,0.054945054945054944,3,3527,1882.0,-245.0,1.1583737899527378,0.04784688995215311,10.0,484,38.0,40.21052631578947,11.868421052631579,3.8947368421052633,13.421052631578947,49.0,67.0,0.46930280957336107,0.1388888888888889,28.8,2024-25,True
Neco Williams,Wales,"DF,MF",Nottingham,23,2001,35,28,2594,28.8,1,3,4,1,0,0,7,0,0.034722222222222224,0.10416666666666666,0.1388888888888889,0.034722222222222224,0.1388888888888889,False,2024-25,2024,0.1388888888888889,4,6121,1637.0,957.0,0.47871718924350526,0.054945054945054944,0.04784688995215311,529,38.0,40.921052631578945,12.18421052631579,4.368421052631579,13.973684210526315,58.0,46.0,0.4657947686116701,0.14044943820224717,35.6,2025-26,True
Neco Williams,Wales,DF,Nottingham,24,2001,37,36,3204,35.6,2,3,5,2,0,0,6,1,0.056179775280898875,0.08426966292134831,0.14044943820224717,0.056179775280898875,0.14044943820224717,False,2025-26,2025,0.14044943820224717,5,9325,2594.0,610.0,0.25320535521599985,0.1388888888888889,0.054945054945054944,576,38.0,46.8421052631579,12.526315789473685,4.105263157894737,13.289473684210526,48.0,51.0,0.48521916411824667,,,,False
Neeskens Kebano,DR Congo,MF,Fulham,30,1992,17,9,764,8.5,0,3,3,0,0,0,0,0,0.0,0.35294117647058826,0.35294117647058826,0.0,0.35294117647058826,False,2022-23,2022,0.35294117647058826,1,764,,,0.35294117647058826,,,900,38.0,48.68421052631579,11.289473684210526,3.8947368421052633,13.289473684210526,55.0,53.0,0.45931477516059954,,,,False
Nehemiah Oriola,England,MF,Brighton,18,2007,1,0,1,0.0,0,0,0,0,0,0,0,0,0.0,0.0,0.0,0.0,0.0,False,2025-26,2025,0.0,1,1,,,0.0,,,324,38.0,53.94736842105263,13.0,4.631578947368421,11.68421052631579,52.0,46.0,0.5266524520255864,,,,False
Nemanja Matić,Serbia,MF,Manchester Utd,32,1988,23,16,1382,15.4,0,4,4,0,0,0,3,0,0.0,0.2597402597402597,0.2597402597402597,0.0,0.2597402597402597,False,2021-22,2021,0.2597402597402597,1,1382,,,0.2597402597402597,,,1024,38.0,52.921052631578945,13.368421052631579,4.921052631578948,13.447368421052632,57.0,57.0,0.4985279685966634,,,,False
Neto,Brazil,GK,Bournemouth,33,1989,27,27,2385,26.5,0,0,0,0,0,0,4,0,0.0,0.0,0.0,0.0,0.0,False,2022-23,2022,0.0,1,2385,,,0.0,,,1089,38.0,40.078947368421055,9.394736842105264,3.5,16.473684210526315,37.0,71.0,0.3631739572736521,0.0,32.0,2023-24,True
Neto,Brazil,GK,Bournemouth,34,1989,32,32,2880,32.0,0,0,0,0,0,0,5,0,0.0,0.0,0.0,0.0,0.0,False,2023-24,2023,0.0,2,5265,2385.0,495.0,0.0,0.0,,1156,38.0,44.05263157894737,14.263157894736842,4.868421052631579,13.973684210526315,54.0,67.0,0.5051258154706431,0.0,2.0,2024-25,False
Neto,Brazil,GK,Bournemouth,35,1989,2,2,180,2.0,0,0,0,0,0,0,0,0,0.0,0.0,0.0,0.0,0.0,False,2024-25,2024,0.0,3,5445,2880.0,-2700.0,0.0,0.0,0.0,1225,38.0,48.578947368421055,15.263157894736842,5.315789473684211,12.842105263157896,58.0,46.0,0.5430711610486891,,,,False
Nick Pope,England,GK,Burnley,29,1992,36,36,3240,36.0,0,0,0,0,0,0,1,0,0.0,0.0,0.0,0.0,0.0,False,2021-22,2021,0.0,1,3240,,,0.0,,,841,,,,,,,,,0.0,36.2,2022-23,True
Nick Pope,England,GK,Newcastle,30,1992,37,37,3261,36.2,0,0,0,0,0,0,3,1,0.0,0.0,0.0,0.0,0.0,False,2022-23,2022,0.0,2,6501,3240.0,21.0,0.0,0.0,,900,38.0,52.44736842105263,15.026315789473685,5.184210526315789,10.18421052631579,68.0,33.0,0.5960334029227558,0.0,14.9,2023-24,True
Nick Pope,England,GK,Newcastle,31,1992,15,15,1345,14.9,0,0,0,0,0,0,1,0,0.0,0.0,0.0,0.0,0.0,False,2023-24,2023,0.0,3,7846,3261.0,-1916.0,0.0,0.0,0.0,961,38.0,52.21052631578947,14.5,5.605263157894737,14.052631578947368,85.0,62.0,0.5078341013824884,0.0,28.0,2024-25,True
Nick Pope,England,GK,Newcastle,32,1992,28,28,2520,28.0,0,0,0,0,0,0,2,0,0.0,0.0,0.0,0.0,0.0,False,2024-25,2024,0.0,4,10366,1345.0,1175.0,0.0,0.0,0.0,1024,38.0,51.05263157894737,13.789473684210526,4.578947368421052,12.447368421052632,68.0,47.0,0.5255767301905717,0.0,26.8,2025-26,True
Nick Pope,England,GK,Newcastle,33,1992,27,27,2416,26.8,0,0,0,0,0,0,2,0,0.0,0.0,0.0,0.0,0.0,False,2025-26,2025,0.0,5,12782,2520.0,-104.0,0.0,0.0,0.0,1089,38.0,52.473684210526315,12.947368421052632,4.631578947368421,12.342105263157896,53.0,55.0,0.5119667013527576,,,,False
Nick Woltemade,Germany,"FW,MF",Newcastle,23,2002,33,24,1902,21.1,8,3,11,7,1,1,0,0,0.3791469194312796,0.14218009478672985,0.5213270142180094,0.33175355450236965,0.4739336492890995,False,2025-26,2025,0.5213270142180094,1,1902,,,0.5213270142180094,,,529,38.0,52.473684210526315,12.947368421052632,4.631578947368421,12.342105263157896,53.0,55.0,0.5119667013527576,,,,False
Niclas Füllkrug,Germany,FW,West Ham,31,1993,18,6,790,8.8,3,2,5,3,0,0,2,0,0.3409090909090909,0.22727272727272727,0.5681818181818181,0.3409090909090909,0.5681818181818181,False,2024-25,2024,0.5681818181818181,1,790,,,0.5681818181818181,,,961,,,,,,,,,0.0,4.5,2025-26,True
Niclas Füllkrug,Germany,FW,West Ham,32,1993,8,5,409,4.5,0,0,0,0,0,0,0,0,0.0,0.0,0.0,0.0,0.0,False,2025-26,2025,0.0,2,1199,790.0,-381.0,0.1893939393939394,0.5681818181818181,,1024,,,,,,,,,,,,False
Nico O'Reilly,England,DF,Manchester City,19,2005,9,6,528,5.9,2,0,2,2,0,0,0,0,0.3389830508474576,0.0,0.3389830508474576,0.3389830508474576,0.3389830508474576,False,2024-25,2024,0.3389830508474576,1,528,,,0.3389830508474576,,,361,38.0,61.73684210526316,16.0,5.7105263157894735,9.31578947368421,72.0,44.0,0.6320166320166319,0.272108843537415,29.4,2025-26,True
Nico O'Reilly,England,"DF,MF",Manchester City,20,2005,34,29,2646,29.4,5,3,8,5,0,0,5,0,0.17006802721088435,0.10204081632653061,0.272108843537415,0.17006802721088435,0.272108843537415,False,2025-26,2025,0.272108843537415,2,3174,528.0,2118.0,0.29440024597409586,0.3389830508474576,,400,38.0,60.6578947368421,15.657894736842104,5.394736842105263,9.710526315789474,77.0,35.0,0.617219917012448,,,,False
Nicolas Jackson,Senegal,FW,Chelsea,22,2001,35,31,2799,31.1,14,5,19,14,0,0,10,0,0.45016077170418006,0.1607717041800643,0.6109324758842444,0.45016077170418006,0.6109324758842444,False,2023-24,2023,0.6109324758842444,1,2799,,,0.6109324758842444,,,484,38.0,59.0,14.421052631578947,5.657894736842105,14.631578947368421,77.0,63.0,0.4963768115942029,0.6072874493927126,24.7,2024-25,True
Nicolas Jackson,Senegal,FW,Chelsea,23,2001,30,28,2220,24.7,10,5,15,10,0,0,7,1,0.4048582995951417,0.20242914979757085,0.6072874493927126,0.4048582995951417,0.6072874493927126,False,2024-25,2024,0.6072874493927126,2,5019,2799.0,-579.0,0.6085024582232232,0.6109324758842444,,529,38.0,57.3421052631579,15.657894736842104,5.7368421052631575,10.447368421052632,64.0,43.0,0.5997983870967741,,,,False
Nicolas Nkoulou,Cameroon,DF,Watford,31,1990,3,2,168,1.9,0,0,0,0,0,0,0,0,0.0,0.0,0.0,0.0,0.0,False,2021-22,2021,0.0,1,168,,,0.0,,,961,,,,,,,,,,,,False
Nicolas Pépé,Ivory Coast,MF,Arsenal,26,1995,20,5,696,7.7,1,2,3,1,0,0,0,0,0.12987012987012986,0.2597402597402597,0.38961038961038963,0.12987012987012986,0.38961038961038963,False,2021-22,2021,0.38961038961038963,1,696,,,0.38961038961038963,,,676,38.0,53.18421052631579,15.473684210526315,5.157894736842105,11.18421052631579,61.0,48.0,0.5804540967423495,,,,False
Nicolás Domínguez,Argentina,MF,Nottingham,25,1998,26,19,1495,16.6,2,2,4,2,0,0,4,0,0.12048192771084336,0.12048192771084336,0.24096385542168672,0.12048192771084336,0.24096385542168672,False,2023-24,2023,0.24096385542168672,1,1495,,,0.24096385542168672,,,625,38.0,40.21052631578947,11.868421052631579,3.8947368421052633,13.421052631578947,49.0,67.0,0.46930280957336107,0.04587155963302752,21.8,2024-25,True
Nicolás Domínguez,Argentina,MF,Nottingham,26,1998,34,23,1963,21.8,0,1,1,0,0,0,9,0,0.0,0.04587155963302752,0.04587155963302752,0.0,0.04587155963302752,False,2024-25,2024,0.04587155963302752,2,3458,1495.0,468.0,0.11090232489591392,0.24096385542168672,,676,38.0,40.921052631578945,12.18421052631579,4.368421052631579,13.973684210526315,58.0,46.0,0.4657947686116701,0.15267175572519084,13.1,2025-26,True
Nicolás Domínguez,Argentina,MF,Nottingham,27,1998,27,17,1175,13.1,1,1,2,1,0,0,3,0,0.07633587786259542,0.07633587786259542,0.15267175572519084,0.07633587786259542,0.15267175572519084,False,2025-26,2025,0.15267175572519084,3,4633,1963.0,-788.0,0.13874861211543188,0.04587155963302752,0.24096385542168672,729,38.0,46.8421052631579,12.526315789473685,4.105263157894737,13.289473684210526,48.0,51.0,0.48521916411824667,,,,False
Nicolás González,Spain,MF,Manchester City,22,2002,11,9,760,8.4,1,0,1,1,0,0,3,0,0.11904761904761904,0.0,0.11904761904761904,0.11904761904761904,0.11904761904761904,False,2024-25,2024,0.11904761904761904,1,760,,,0.11904761904761904,,,484,38.0,61.73684210526316,16.0,5.7105263157894735,9.31578947368421,72.0,44.0,0.6320166320166319,0.0574712643678161,17.4,2025-26,True
Nicolás González,Spain,MF,Manchester City,23,2002,25,17,1569,17.4,1,0,1,1,0,0,6,0,0.0574712643678161,0.0,0.0574712643678161,0.0574712643678161,0.0574712643678161,False,2025-26,2025,0.0574712643678161,2,2329,760.0,809.0,0.07799671592775043,0.11904761904761904,,529,38.0,60.6578947368421,15.657894736842104,5.394736842105263,9.710526315789474,77.0,35.0,0.617219917012448,,,,False
Nicolò Savona,Italy,DF,Nottingham,22,2003,14,11,1028,11.4,2,0,2,2,0,0,2,0,0.17543859649122806,0.0,0.17543859649122806,0.17543859649122806,0.17543859649122806,False,2025-26,2025,0.17543859649122806,1,1028,,,0.17543859649122806,,,484,38.0,46.8421052631579,12.526315789473685,4.105263157894737,13.289473684210526,48.0,51.0,0.48521916411824667,,,,False
Nicolò Zaniolo,Italy,"MF,FW",Aston Villa,24,1999,25,9,839,9.3,2,0,2,2,0,0,7,0,0.2150537634408602,0.0,0.2150537634408602,0.2150537634408602,0.2150537634408602,False,2023-24,2023,0.2150537634408602,1,839,,,0.2150537634408602,,,576,38.0,53.421052631578945,13.5,5.0,11.947368421052632,76.0,61.0,0.5305067218200621,,,,False
Nikola Milenković,Serbia,DF,Nottingham,26,1997,37,37,3330,37.0,5,2,7,5,0,0,4,0,0.13513513513513514,0.05405405405405406,0.1891891891891892,0.13513513513513514,0.1891891891891892,False,2024-25,2024,0.1891891891891892,1,3330,,,0.1891891891891892,,,676,38.0,40.921052631578945,12.18421052631579,4.368421052631579,13.973684210526315,58.0,46.0,0.4657947686116701,0.0,37.5,2025-26,True
Nikola Milenković,Serbia,DF,Nottingham,27,1997,38,37,3375,37.5,0,0,0,0,0,0,6,0,0.0,0.0,0.0,0.0,0.0,False,2025-26,2025,0.0,2,6705,3330.0,45.0,0.06306306306306307,0.1891891891891892,,729,38.0,46.8421052631579,12.526315789473685,4.105263157894737,13.289473684210526,48.0,51.0,0.48521916411824667,,,,False
Nikola Vlašić,Croatia,MF,West Ham,23,1997,19,6,560,6.2,1,0,1,1,0,0,0,0,0.16129032258064516,0.0,0.16129032258064516,0.16129032258064516,0.16129032258064516,False,2021-22,2021,0.16129032258064516,1,560,,,0.16129032258064516,,,529,,,,,,,,,,,,False
Nilson Angulo,Ecuador,MF,Sunderland,22,2003,8,5,404,4.5,0,0,0,0,0,0,1,0,0.0,0.0,0.0,0.0,0.0,False,2025-26,2025,0.0,1,404,,,0.0,,,484,38.0,44.89473684210526,10.421052631578947,3.4210526315789473,14.210526315789474,42.0,48.0,0.4230769230769231,,,,False
Noah Okafor,Switzerland,"FW,MF",Leeds United,25,2000,28,19,1561,17.3,8,1,9,8,0,0,3,0,0.4624277456647399,0.057803468208092484,0.5202312138728323,0.4624277456647399,0.5202312138728323,False,2025-26,2025,0.5202312138728323,1,1561,,,0.5202312138728323,,,625,38.0,45.73684210526316,12.552631578947368,3.973684210526316,12.526315789473685,49.0,56.0,0.5005246589716683,,,,False
Noah Sadiki,DR Congo,MF,Sunderland,20,2004,33,33,2889,32.1,0,1,1,0,0,0,9,0,0.0,0.03115264797507788,0.03115264797507788,0.0,0.03115264797507788,False,2025-26,2025,0.03115264797507788,1,2889,,,0.03115264797507788,,,400,38.0,44.89473684210526,10.421052631578947,3.4210526315789473,14.210526315789474,42.0,48.0,0.4230769230769231,,,,False
Noni Madueke,England,"FW,MF",Chelsea,20,2002,12,7,643,7.1,1,0,1,1,0,0,0,0,0.14084507042253522,0.0,0.14084507042253522,0.14084507042253522,0.14084507042253522,False,2022-23,2022,0.14084507042253522,1,643,,,0.14084507042253522,,,400,38.0,59.026315789473685,12.736842105263158,4.157894736842105,11.526315789473685,38.0,47.0,0.5249457700650759,0.5982905982905983,11.7,2023-24,True
Noni Madueke,England,MF,Chelsea,21,2002,23,13,1053,11.7,5,2,7,4,1,1,2,0,0.4273504273504274,0.17094017094017094,0.5982905982905983,0.3418803418803419,0.5128205128205128,False,2023-24,2023,0.5982905982905983,2,1696,643.0,410.0,0.44580875566791056,0.14084507042253522,,441,38.0,59.0,14.421052631578947,5.657894736842105,14.631578947368421,77.0,63.0,0.4963768115942029,0.44247787610619466,22.6,2024-25,True
Noni Madueke,England,MF,Chelsea,22,2002,32,27,2033,22.6,7,3,10,7,0,0,3,0,0.30973451327433627,0.1327433628318584,0.44247787610619466,0.30973451327433627,0.44247787610619466,False,2024-25,2024,0.44247787610619466,3,3729,1053.0,980.0,0.44358816929343325,0.5982905982905983,0.14084507042253522,484,38.0,57.3421052631579,15.657894736842104,5.7368421052631575,10.447368421052632,64.0,43.0,0.5997983870967741,0.2962962962962963,13.5,2025-26,True
Noni Madueke,England,"FW,MF",Arsenal,23,2002,26,16,1211,13.5,3,1,4,3,0,0,0,0,0.2222222222222222,0.07407407407407407,0.2962962962962963,0.2222222222222222,0.2962962962962963,False,2025-26,2025,0.2962962962962963,4,4940,2033.0,-822.0,0.345393587295342,0.44247787610619466,0.5982905982905983,529,38.0,56.44736842105263,14.526315789473685,4.894736842105263,8.157894736842104,71.0,27.0,0.640371229698376,,,,False
Nordi Mukiele,France,DF,Sunderland,27,1997,32,32,2784,30.9,3,3,6,3,0,0,5,0,0.0970873786407767,0.0970873786407767,0.1941747572815534,0.0970873786407767,0.1941747572815534,False,2025-26,2025,0.1941747572815534,1,2784,,,0.1941747572815534,,,729,38.0,44.89473684210526,10.421052631578947,3.4210526315789473,14.210526315789474,42.0,48.0,0.4230769230769231,,,,False
Noussair Mazraoui,Morocco,"DF,MF",Manchester Utd,26,1997,37,34,2838,31.5,0,1,1,0,0,0,3,0,0.0,0.031746031746031744,0.031746031746031744,0.0,0.031746031746031744,False,2024-25,2024,0.031746031746031744,1,2838,,,0.031746031746031744,,,676,38.0,53.55263157894737,13.868421052631579,4.605263157894737,10.921052631578947,44.0,54.0,0.559447983014862,0.0,10.9,2025-26,True
Noussair Mazraoui,Morocco,"DF,MF",Manchester Utd,27,1997,20,11,985,10.9,0,0,0,0,0,0,3,0,0.0,0.0,0.0,0.0,0.0,False,2025-26,2025,0.0,2,3823,2838.0,-1853.0,0.010582010582010583,0.031746031746031744,,729,38.0,51.921052631578945,15.657894736842104,5.657894736842105,11.578947368421053,69.0,50.0,0.5748792270531401,,,,False
Nuno Tavares,Portugal,DF,Arsenal,21,2000,22,13,1176,13.1,1,1,2,1,0,0,2,0,0.07633587786259542,0.07633587786259542,0.15267175572519084,0.07633587786259542,0.15267175572519084,False,2021-22,2021,0.15267175572519084,1,1176,,,0.15267175572519084,,,441,38.0,53.18421052631579,15.473684210526315,5.157894736842105,11.18421052631579,61.0,48.0,0.5804540967423495,0.0,5.1,2023-24,True
Nuno Tavares,Portugal,DF,Nottingham,23,2000,8,5,457,5.1,0,0,0,0,0,0,2,0,0.0,0.0,0.0,0.0,0.0,False,2023-24,2023,0.0,2,1633,1176.0,-719.0,0.050890585241730284,0.15267175572519084,,529,38.0,40.21052631578947,11.868421052631579,3.8947368421052633,13.421052631578947,49.0,67.0,0.46930280957336107,,,,False
Nélson Semedo,Portugal,MF,Wolves,27,1993,25,25,2131,23.7,0,1,1,0,0,0,1,0,0.0,0.04219409282700422,0.04219409282700422,0.0,0.04219409282700422,False,2021-22,2021,0.04219409282700422,1,2131,,,0.04219409282700422,,,729,,,,,,,,,0.03424657534246575,29.2,2022-23,True
Nélson Semedo,Portugal,DF,Wolves,28,1993,36,31,2632,29.2,0,1,1,0,0,0,11,1,0.0,0.03424657534246575,0.03424657534246575,0.0,0.03424657534246575,False,2022-23,2022,0.03424657534246575,2,4763,2131.0,501.0,0.03689574783731191,0.04219409282700422,,784,,,,,,,,,0.02915451895043732,34.3,2023-24,True
Nélson Semedo,Portugal,"MF,DF",Wolves,29,1993,36,36,3084,34.3,0,1,1,0,0,0,10,1,0.0,0.02915451895043732,0.02915451895043732,0.0,0.02915451895043732,False,2023-24,2023,0.02915451895043732,3,7847,2632.0,452.0,0.03173492857939551,0.03424657534246575,0.04219409282700422,841,,,,,,,,,0.12461059190031153,32.1,2024-25,True
Nélson Semedo,Portugal,"MF,DF",Wolves,30,1993,34,32,2886,32.1,0,4,4,0,0,0,8,0,0.0,0.12461059190031153,0.12461059190031153,0.0,0.12461059190031153,False,2024-25,2024,0.12461059190031153,4,10733,3084.0,-198.0,0.09365203746000618,0.02915451895043732,0.03424657534246575,900,,,,,,,,,,,,False
Odeluga Offiah,England,DF,Brighton,19,2002,2,0,25,0.3,0,0,0,0,0,0,0,0,0.0,0.0,0.0,0.0,0.0,False,2022-23,2022,0.0,1,25,,,0.0,,,361,38.0,60.526315789473685,16.105263157894736,6.078947368421052,10.210526315789474,72.0,53.0,0.612,0.0,1.4,2023-24,False
Odeluga Offiah,England,DF,Brighton,20,2002,4,1,128,1.4,0,0,0,0,0,0,0,0,0.0,0.0,0.0,0.0,0.0,False,2023-24,2023,0.0,2,153,25.0,103.0,0.0,0.0,,400,38.0,60.3421052631579,14.789473684210526,5.473684210526316,12.289473684210526,55.0,62.0,0.5461613216715258,,,,False
Odsonne Édouard,France,"FW,MF",Crystal Palace,23,1998,28,18,1564,17.4,6,3,9,5,1,1,4,0,0.3448275862068966,0.1724137931034483,0.5172413793103449,0.2873563218390805,0.4597701149425288,False,2021-22,2021,0.5172413793103449,1,1564,,,0.5172413793103449,,,529,38.0,50.94736842105263,10.81578947368421,3.8684210526315788,11.657894736842104,50.0,46.0,0.48126463700234196,0.35,20.0,2022-23,True
Odsonne Édouard,France,FW,Crystal Palace,24,1998,35,20,1803,20.0,5,2,7,5,0,0,3,0,0.25,0.1,0.35,0.25,0.35,False,2022-23,2022,0.35,2,3367,1564.0,239.0,0.4057471264367816,0.5172413793103449,,576,38.0,46.13157894736842,11.18421052631579,3.5789473684210527,12.0,40.0,49.0,0.48240635641316687,0.40462427745664736,17.3,2023-24,True
Odsonne Édouard,France,"FW,MF",Crystal Palace,25,1998,30,17,1555,17.3,7,0,7,7,0,0,4,0,0.40462427745664736,0.0,0.40462427745664736,0.40462427745664736,0.40462427745664736,False,2023-24,2023,0.40462427745664736,3,4922,1803.0,-248.0,0.40499856045002547,0.35,0.5172413793103449,625,38.0,42.1578947368421,12.0,4.447368421052632,12.078947368421053,57.0,58.0,0.4983606557377049,0.0,0.0,2025-26,False
Odsonne Édouard,France,FW,Crystal Palace,27,1998,1,0,3,0.0,0,0,0,0,0,0,0,0,0.0,0.0,0.0,0.0,0.0,False,2025-26,2025,0.0,4,4925,1555.0,-1552.0,0.13499952015000852,0.40462427745664736,0.35,729,38.0,45.89473684210526,11.631578947368421,3.710526315789474,11.710526315789474,41.0,51.0,0.49830890642615555,,,,False
Odsonne ÉdouardOdsonne Édouard,France,MF,Leicester City,26,1998,6,1,144,1.6,0,0,0,0,0,0,0,0,0.0,0.0,0.0,0.0,0.0,False,2024-25,2024,0.0,1,144,,,0.0,,,676,,,,,,,,,,,,False
Odysseas Vlachodimos,Greece,GK,Nottingham,29,1994,5,5,450,5.0,0,0,0,0,0,0,0,0,0.0,0.0,0.0,0.0,0.0,False,2023-24,2023,0.0,1,450,,,0.0,,,841,38.0,40.21052631578947,11.868421052631579,3.8947368421052633,13.421052631578947,49.0,67.0,0.46930280957336107,,,,False
Oghenekaro Etebo,Nigeria,MF,Watford,25,1995,9,4,401,4.5,0,0,0,0,0,0,3,0,0.0,0.0,0.0,0.0,0.0,False,2021-22,2021,0.0,1,401,,,0.0,,,625,,,,,,,,,,,,False
Ola Aina,Nigeria,"DF,MF",Nottingham,26,1996,22,20,1692,18.8,1,1,2,1,0,0,3,0,0.05319148936170213,0.05319148936170213,0.10638297872340426,0.05319148936170213,0.10638297872340426,False,2023-24,2023,0.10638297872340426,1,1692,,,0.10638297872340426,,,676,38.0,40.21052631578947,11.868421052631579,3.8947368421052633,13.421052631578947,49.0,67.0,0.46930280957336107,0.0900900900900901,33.3,2024-25,True
Ola Aina,Nigeria,DF,Nottingham,27,1996,35,35,2995,33.3,2,1,3,2,0,0,5,0,0.060060060060060066,0.030030030030030033,0.0900900900900901,0.060060060060060066,0.0900900900900901,False,2024-25,2024,0.0900900900900901,2,4687,1692.0,1303.0,0.09552105296786148,0.10638297872340426,,729,38.0,40.921052631578945,12.18421052631579,4.368421052631579,13.973684210526315,58.0,46.0,0.4657947686116701,0.0,17.6,2025-26,True
Ola Aina,Nigeria,DF,Nottingham,28,1996,18,18,1588,17.6,0,0,0,0,0,0,3,0,0.0,0.0,0.0,0.0,0.0,False,2025-26,2025,0.0,3,6275,2995.0,-1407.0,0.03184035098928716,0.0900900900900901,0.10638297872340426,784,38.0,46.8421052631579,12.526315789473685,4.105263157894737,13.289473684210526,48.0,51.0,0.48521916411824667,,,,False
Oleksandr Zinchenko,Ukraine,DF,Manchester City,24,1996,15,10,1047,11.6,0,4,4,0,0,0,0,0,0.0,0.3448275862068966,0.3448275862068966,0.0,0.3448275862068966,False,2021-22,2021,0.3448275862068966,1,1047,,,0.3448275862068966,,,576,38.0,68.5,18.763157894736842,6.657894736842105,6.2368421052631575,99.0,26.0,0.7505263157894737,0.1276595744680851,23.5,2022-23,True
Oleksandr Zinchenko,Ukraine,DF,Arsenal,25,1996,27,26,2118,23.5,1,2,3,1,0,0,3,0,0.0425531914893617,0.0851063829787234,0.1276595744680851,0.0425531914893617,0.1276595744680851,False,2022-23,2022,0.1276595744680851,2,3165,1047.0,1071.0,0.2000489117143556,0.3448275862068966,,625,38.0,59.94736842105263,15.605263157894736,5.368421052631579,8.973684210526315,88.0,43.0,0.6349036402569593,0.15706806282722513,19.1,2023-24,True
Oleksandr Zinchenko,Ukraine,DF,Arsenal,26,1996,27,20,1722,19.1,1,2,3,1,0,0,2,0,0.05235602094240837,0.10471204188481674,0.15706806282722513,0.05235602094240837,0.15706806282722513,False,2023-24,2023,0.15706806282722513,3,4887,2118.0,-396.0,0.17139501245626865,0.1276595744680851,0.3448275862068966,676,38.0,58.63157894736842,17.263157894736842,5.973684210526316,8.473684210526315,91.0,29.0,0.6707566462167689,0.1694915254237288,5.9,2024-25,True
Oleksandr Zinchenko,Ukraine,"DF,MF",Arsenal,27,1996,15,5,527,5.9,0,1,1,0,0,0,1,0,0.0,0.1694915254237288,0.1694915254237288,0.0,0.1694915254237288,False,2024-25,2024,0.1694915254237288,4,5414,1722.0,-1195.0,0.1701260211012421,0.15706806282722513,0.1276595744680851,729,38.0,57.18421052631579,14.394736842105264,4.947368421052632,9.526315789473685,69.0,34.0,0.6017601760176018,0.0,3.9,2025-26,True
Oleksandr Zinchenko,Ukraine,DF,Nottingham,28,1996,5,4,353,3.9,0,0,0,0,0,0,0,0,0.0,0.0,0.0,0.0,0.0,False,2025-26,2025,0.0,5,5767,527.0,-174.0,0.05670867370041403,0.1694915254237288,0.15706806282722513,784,38.0,46.8421052631579,12.526315789473685,4.105263157894737,13.289473684210526,48.0,51.0,0.48521916411824667,,,,False
Oliver Arblaster,England,MF,Sheffield United,19,2004,12,11,943,10.5,0,0,0,0,0,0,2,0,0.0,0.0,0.0,0.0,0.0,False,2023-24,2023,0.0,1,943,,,0.0,,,361,,,,,,,,,,,,False
Oliver McBurnie,Scotland,FW,Sheffield United,27,1996,21,15,1280,14.2,6,3,9,4,2,2,7,2,0.4225352112676057,0.21126760563380284,0.6338028169014085,0.28169014084507044,0.49295774647887325,False,2023-24,2023,0.6338028169014085,1,1280,,,0.6338028169014085,,,729,,,,,,,,,,,,False
Oliver Norwood,Northern Ireland,MF,Sheffield United,32,1991,27,16,1440,16.0,1,0,1,0,1,1,8,0,0.0625,0.0,0.0625,0.0,0.0,False,2023-24,2023,0.0625,1,1440,,,0.0625,,,1024,,,,,,,,,,,,False
Oliver Scarles,England,"MF,DF",West Ham,18,2005,15,7,665,7.4,0,0,0,0,0,0,1,0,0.0,0.0,0.0,0.0,0.0,False,2024-25,2024,0.0,1,665,,,0.0,,,324,,,,,,,,,0.0,7.3,2025-26,True
Oliver Scarles,England,"DF,MF",West Ham,19,2005,13,9,659,7.3,0,0,0,0,0,0,2,0,0.0,0.0,0.0,0.0,0.0,False,2025-26,2025,0.0,2,1324,665.0,-6.0,0.0,0.0,,361,,,,,,,,,,,,False
Oliver Skipp,England,MF,Tottenham,20,2000,18,14,1350,15.0,0,0,0,0,0,0,6,0,0.0,0.0,0.0,0.0,0.0,False,2021-22,2021,0.0,1,1350,,,0.0,,,400,38.0,52.0,12.921052631578947,5.184210526315789,12.921052631578947,69.0,40.0,0.5,0.06024096385542168,16.6,2022-23,True
Oliver Skipp,England,MF,Tottenham,21,2000,23,18,1491,16.6,1,0,1,1,0,0,7,0,0.06024096385542168,0.0,0.06024096385542168,0.06024096385542168,0.06024096385542168,False,2022-23,2022,0.06024096385542168,2,2841,1350.0,141.0,0.04016064257028112,0.0,,441,38.0,49.94736842105263,13.68421052631579,5.2631578947368425,13.68421052631579,70.0,63.0,0.5,0.0,7.9,2023-24,True
Oliver Skipp,England,"MF,DF",Tottenham,22,2000,21,5,707,7.9,0,0,0,0,0,0,3,0,0.0,0.0,0.0,0.0,0.0,False,2023-24,2023,0.0,3,3548,1491.0,-784.0,0.013386880856760375,0.06024096385542168,0.0,484,38.0,62.05263157894737,15.31578947368421,5.631578947368421,12.789473684210526,74.0,61.0,0.5449438202247191,0.0,12.5,2024-25,True
Oliver Skipp,England,MF,Leicester City,23,2000,24,10,1129,12.5,0,0,0,0,0,0,8,0,0.0,0.0,0.0,0.0,0.0,False,2024-25,2024,0.0,4,4677,707.0,422.0,0.004462293618920125,0.0,0.06024096385542168,529,,,,,,,,,,,,False
Oliver Sonne,Peru,DF,Burnley,24,2000,7,1,169,1.9,1,0,1,1,0,0,0,0,0.5263157894736842,0.0,0.5263157894736842,0.5263157894736842,0.5263157894736842,False,2025-26,2025,0.5263157894736842,1,169,,,0.5263157894736842,,,576,,,,,,,,,,,,False
Olivier Boscagli,France,DF,Brighton,27,1997,12,9,802,8.9,0,1,1,0,0,0,2,0,0.0,0.11235955056179775,0.11235955056179775,0.0,0.11235955056179775,False,2025-26,2025,0.11235955056179775,1,802,,,0.11235955056179775,,,729,38.0,53.94736842105263,13.0,4.631578947368421,11.68421052631579,52.0,46.0,0.5266524520255864,,,,False
Ollie Watkins,England,FW,Aston Villa,25,1995,35,33,2952,32.8,11,2,13,10,1,1,7,0,0.3353658536585366,0.06097560975609757,0.39634146341463417,0.30487804878048785,0.36585365853658536,False,2021-22,2021,0.39634146341463417,1,2952,,,0.39634146341463417,,,625,38.0,46.473684210526315,12.210526315789474,4.2631578947368425,12.552631578947368,52.0,54.0,0.49309245483528164,0.6051873198847262,34.7,2022-23,True
Ollie Watkins,England,FW,Aston Villa,26,1995,37,36,3127,34.7,15,6,21,14,1,2,4,0,0.4322766570605187,0.17291066282420747,0.6051873198847262,0.4034582132564841,0.5763688760806917,False,2022-23,2022,0.6051873198847262,2,6079,2952.0,175.0,0.5355720343946955,0.39634146341463417,,676,38.0,49.44736842105263,11.31578947368421,3.973684210526316,11.289473684210526,51.0,46.0,0.5005820721769499,0.8963585434173669,35.7,2023-24,True
Ollie Watkins,England,FW,Aston Villa,27,1995,37,37,3217,35.7,19,13,32,19,0,0,4,0,0.5322128851540616,0.3641456582633053,0.8963585434173669,0.5322128851540616,0.8963585434173669,False,2023-24,2023,0.8963585434173669,3,9296,3127.0,90.0,0.776096373743143,0.6051873198847262,0.39634146341463417,729,38.0,53.421052631578945,13.5,5.0,11.947368421052632,76.0,61.0,0.5305067218200621,0.8304498269896194,28.9,2024-25,True
Ollie Watkins,England,FW,Aston Villa,28,1995,38,31,2598,28.9,16,8,24,14,2,2,2,0,0.5536332179930796,0.2768166089965398,0.8304498269896194,0.4844290657439447,0.7612456747404845,False,2024-25,2024,0.8304498269896194,4,11894,3217.0,-619.0,0.812332009240794,0.8963585434173669,0.6051873198847262,784,38.0,50.71052631578947,12.736842105263158,4.473684210526316,12.18421052631579,58.0,51.0,0.5110876451953538,0.6031746031746031,31.5,2025-26,True
Ollie Watkins,England,FW,Aston Villa,29,1995,37,33,2839,31.5,16,3,19,16,0,0,4,0,0.5079365079365079,0.09523809523809523,0.6031746031746031,0.5079365079365079,0.6031746031746031,False,2025-26,2025,0.6031746031746031,5,14733,2598.0,241.0,0.6728937385300001,0.8304498269896194,0.8963585434173669,841,38.0,53.6578947368421,12.710526315789474,4.473684210526316,12.894736842105264,56.0,49.0,0.4964028776978417,,,,False
Omar Alderete,Paraguay,DF,Sunderland,28,1996,33,32,2798,31.1,1,1,2,1,0,0,6,0,0.03215434083601286,0.03215434083601286,0.06430868167202572,0.03215434083601286,0.06430868167202572,False,2025-26,2025,0.06430868167202572,1,2798,,,0.06430868167202572,,,784,38.0,44.89473684210526,10.421052631578947,3.4210526315789473,14.210526315789474,42.0,48.0,0.4230769230769231,,,,False
Omar Marmoush,Egypt,"MF,FW",Manchester City,25,1999,16,14,1175,13.1,7,0,7,7,0,0,0,0,0.5343511450381679,0.0,0.5343511450381679,0.5343511450381679,0.5343511450381679,False,2024-25,2024,0.5343511450381679,1,1175,,,0.5343511450381679,,,625,38.0,61.73684210526316,16.0,5.7105263157894735,9.31578947368421,72.0,44.0,0.6320166320166319,0.7692307692307693,7.8,2025-26,True
Omar Marmoush,Egypt,"FW,MF",Manchester City,26,1999,21,8,700,7.8,3,3,6,3,0,0,3,0,0.38461538461538464,0.38461538461538464,0.7692307692307693,0.38461538461538464,0.7692307692307693,False,2025-26,2025,0.7692307692307693,2,1875,1175.0,-475.0,0.6909375611665688,0.5343511450381679,,676,38.0,60.6578947368421,15.657894736842104,5.394736842105263,9.710526315789474,77.0,35.0,0.617219917012448,,,,False
Omari Forson,England,MF,Manchester Utd,19,2004,4,1,70,0.8,0,1,1,0,0,0,0,0,0.0,1.25,1.25,0.0,1.25,False,2023-24,2023,1.25,1,70,,,1.25,,,361,38.0,50.526315789473685,14.473684210526315,5.078947368421052,17.55263157894737,57.0,58.0,0.4519309778142974,,,,False
Omari Hutchinson,England,MF,Chelsea,18,2003,1,0,23,0.3,0,0,0,0,0,0,0,0,0.0,0.0,0.0,0.0,0.0,False,2022-23,2022,0.0,1,23,,,0.0,,,324,38.0,59.026315789473685,12.736842105263158,4.157894736842105,11.526315789473685,38.0,47.0,0.5249457700650759,0.17421602787456447,28.7,2024-25,True
Omari Hutchinson,England,MF,Ipswich Town,20,2003,31,30,2583,28.7,3,2,5,3,0,0,5,0,0.10452961672473868,0.06968641114982578,0.17421602787456447,0.10452961672473868,0.17421602787456447,False,2024-25,2024,0.17421602787456447,2,2606,23.0,2560.0,0.11614401858304298,0.0,,400,38.0,40.39473684210526,9.894736842105264,3.3421052631578947,15.973684210526315,36.0,82.0,0.38250254323499494,0.3191489361702127,18.8,2025-26,True
Omari Hutchinson,England,MF,Nottingham,21,2003,31,17,1688,18.8,1,5,6,1,0,0,1,0,0.05319148936170213,0.26595744680851063,0.3191489361702127,0.05319148936170213,0.3191489361702127,False,2025-26,2025,0.3191489361702127,3,4294,2583.0,-895.0,0.2514806303078228,0.17421602787456447,0.0,441,38.0,46.8421052631579,12.526315789473685,4.105263157894737,13.289473684210526,48.0,51.0,0.48521916411824667,,,,False
Omari Kellyman,England,"FW,MF",Aston Villa,17,2005,2,0,37,0.4,0,0,0,0,0,0,0,0,0.0,0.0,0.0,0.0,0.0,False,2023-24,2023,0.0,1,37,,,0.0,,,289,38.0,53.421052631578945,13.5,5.0,11.947368421052632,76.0,61.0,0.5305067218200621,,,,False
Orel Mangala,Belgium,MF,Nottingham,24,1998,27,20,1550,17.2,1,1,2,1,0,0,3,0,0.05813953488372093,0.05813953488372093,0.11627906976744186,0.05813953488372093,0.11627906976744186,False,2022-23,2022,0.11627906976744186,1,1550,,,0.11627906976744186,,,576,38.0,37.21052631578947,9.68421052631579,3.1052631578947367,14.657894736842104,38.0,68.0,0.3978378378378378,0.0574712643678161,17.4,2023-24,True
Orel Mangala,Belgium,MF,Nottingham,25,1998,20,19,1563,17.4,1,0,1,1,0,0,6,0,0.0574712643678161,0.0,0.0574712643678161,0.0574712643678161,0.0574712643678161,False,2023-24,2023,0.0574712643678161,2,3113,1550.0,13.0,0.07707386616769135,0.11627906976744186,,625,38.0,40.21052631578947,11.868421052631579,3.8947368421052633,13.421052631578947,49.0,67.0,0.46930280957336107,0.07142857142857142,14.0,2024-25,True
Orel Mangala,Belgium,MF,Everton,26,1998,19,14,1261,14.0,1,0,1,1,0,0,2,0,0.07142857142857142,0.0,0.07142857142857142,0.07142857142857142,0.07142857142857142,False,2024-25,2024,0.07142857142857142,3,4374,1563.0,-302.0,0.07331033634161141,0.0574712643678161,0.11627906976744186,676,38.0,40.63157894736842,10.657894736842104,3.763157894736842,12.605263157894736,42.0,44.0,0.4581447963800905,,,,False
Oriol Romeu,Spain,MF,Southampton,29,1991,36,34,2889,32.1,2,2,4,2,0,0,9,0,0.06230529595015576,0.06230529595015576,0.12461059190031153,0.06230529595015576,0.12461059190031153,False,2021-22,2021,0.12461059190031153,1,2889,,,0.12461059190031153,,,841,,,,,,,,,0.0,0.8,2022-23,False
Oriol Romeu,Spain,MF,Southampton,30,1991,1,1,74,0.8,0,0,0,0,0,0,0,0,0.0,0.0,0.0,0.0,0.0,False,2022-23,2022,0.0,2,2963,2889.0,-2815.0,0.04153686396677051,0.12461059190031153,,900,,,,,,,,,,,,False
Oscar Bobb,Norway,MF,Manchester City,20,2003,14,2,302,3.4,1,1,2,1,0,0,0,0,0.29411764705882354,0.29411764705882354,0.5882352941176471,0.29411764705882354,0.5882352941176471,False,2023-24,2023,0.5882352941176471,1,302,,,0.5882352941176471,,,400,38.0,65.73684210526316,18.263157894736842,7.315789473684211,7.7368421052631575,96.0,34.0,0.7024291497975709,0.0,0.2,2024-25,False
Oscar Bobb,Norway,"FW,MF",Manchester City,21,2003,3,0,16,0.2,0,0,0,0,0,0,0,0,0.0,0.0,0.0,0.0,0.0,False,2024-25,2024,0.0,2,318,302.0,-286.0,0.19607843137254904,0.5882352941176471,,441,38.0,61.73684210526316,16.0,5.7105263157894735,9.31578947368421,72.0,44.0,0.6320166320166319,,,,False
Oscar BobbOscar Bobb,Norway,MF,Manchester City,22,2003,23,11,1039,11.5,0,1,1,0,0,0,1,0,0.0,0.08695652173913043,0.08695652173913043,0.0,0.08695652173913043,False,2025-26,2025,0.08695652173913043,1,1039,,,0.08695652173913043,,,484,38.0,60.6578947368421,15.657894736842104,5.394736842105263,9.710526315789474,77.0,35.0,0.617219917012448,,,,False
Owen Beck,Wales,"DF,MF",Liverpool,20,2002,1,0,8,0.1,0,0,0,0,0,0,0,0,0.0,0.0,0.0,0.0,0.0,False,2023-24,2023,0.0,1,8,,,0.0,,,400,38.0,61.78947368421053,20.789473684210527,7.2894736842105265,10.894736842105264,86.0,41.0,0.6561461794019934,,,,False
Owen Bevan,Wales,DF,Bournemouth,18,2003,1,0,9,0.1,0,0,0,0,0,0,0,0,0.0,0.0,0.0,0.0,0.0,False,2022-23,2022,0.0,1,9,,,0.0,,,324,38.0,40.078947368421055,9.394736842105264,3.5,16.473684210526315,37.0,71.0,0.3631739572736521,,,,False
Ozan Kabak,Turkey,DF,Norwich City,21,2000,11,11,922,10.2,0,0,0,0,0,0,2,0,0.0,0.0,0.0,0.0,0.0,False,2021-22,2021,0.0,1,922,,,0.0,,,441,,,,,,,,,,,,False
Ozan Tufan,Turkey,MF,Watford,26,1995,7,4,334,3.7,0,0,0,0,0,0,0,0,0.0,0.0,0.0,0.0,0.0,False,2021-22,2021,0.0,1,334,,,0.0,,,676,,,,,,,,,,,,False
Pablo,Brazil,"MF,FW",West Ham,21,2004,14,10,823,9.1,0,1,1,0,0,0,0,0,0.0,0.10989010989010989,0.10989010989010989,0.0,0.10989010989010989,False,2025-26,2025,0.10989010989010989,1,823,,,0.10989010989010989,,,441,,,,,,,,,,,,False
Pablo Fornals,Spain,MF,West Ham,25,1996,36,32,2795,31.1,6,3,9,6,0,0,4,0,0.19292604501607716,0.09646302250803858,0.28938906752411575,0.19292604501607716,0.28938906752411575,False,2021-22,2021,0.28938906752411575,1,2795,,,0.28938906752411575,,,625,,,,,,,,,0.23952095808383234,16.7,2022-23,True
Pablo Fornals,Spain,MF,West Ham,26,1996,32,17,1503,16.7,3,1,4,3,0,0,0,0,0.17964071856287425,0.059880239520958084,0.23952095808383234,0.17964071856287425,0.23952095808383234,False,2022-23,2022,0.23952095808383234,2,4298,2795.0,-1292.0,0.2561436612305935,0.28938906752411575,,676,,,,,,,,,0.0,4.7,2023-24,True
Pablo Fornals,Spain,MF,West Ham,27,1996,15,4,426,4.7,0,0,0,0,0,0,0,0,0.0,0.0,0.0,0.0,0.0,False,2023-24,2023,0.0,3,4724,1503.0,-1077.0,0.08538122041019784,0.23952095808383234,0.28938906752411575,729,,,,,,,,,,,,False
Pablo Marí,Spain,DF,Arsenal,27,1993,2,2,180,2.0,0,0,0,0,0,0,1,0,0.0,0.0,0.0,0.0,0.0,False,2021-22,2021,0.0,1,180,,,0.0,,,729,38.0,53.18421052631579,15.473684210526315,5.157894736842105,11.18421052631579,61.0,48.0,0.5804540967423495,,,,False
Pablo Sarabia,Spain,"MF,FW",Wolves,30,1992,13,9,765,8.5,1,0,1,1,0,0,3,0,0.11764705882352941,0.0,0.11764705882352941,0.11764705882352941,0.11764705882352941,False,2022-23,2022,0.11764705882352941,1,765,,,0.11764705882352941,,,900,,,,,,,,,0.5670103092783506,19.4,2023-24,True
Pablo Sarabia,Spain,"MF,FW",Wolves,31,1992,30,20,1745,19.4,4,7,11,2,2,2,5,0,0.2061855670103093,0.3608247422680413,0.5670103092783506,0.10309278350515465,0.46391752577319595,False,2023-24,2023,0.5670103092783506,2,2510,765.0,980.0,0.41722255912674355,0.11764705882352941,,961,,,,,,,,,0.5555555555555556,9.0,2024-25,True
Pablo Sarabia,Spain,MF,Wolves,32,1992,23,7,814,9.0,3,2,5,3,0,0,3,0,0.3333333333333333,0.2222222222222222,0.5555555555555556,0.3333333333333333,0.5555555555555556,False,2024-25,2024,0.5555555555555556,3,3324,1745.0,-931.0,0.5094445567459516,0.5670103092783506,0.11764705882352941,1024,,,,,,,,,,,,False
Pape Matar Sarr,Senegal,MF,Tottenham,19,2002,11,2,218,2.4,0,1,1,0,0,0,1,0,0.0,0.4166666666666667,0.4166666666666667,0.0,0.4166666666666667,False,2022-23,2022,0.4166666666666667,1,218,,,0.4166666666666667,,,361,38.0,49.94736842105263,13.68421052631579,5.2631578947368425,13.68421052631579,70.0,63.0,0.5,0.2608695652173913,23.0,2023-24,True
Pape Matar Sarr,Senegal,MF,Tottenham,20,2002,34,27,2069,23.0,3,3,6,3,0,0,9,0,0.13043478260869565,0.13043478260869565,0.2608695652173913,0.13043478260869565,0.2608695652173913,False,2023-24,2023,0.2608695652173913,2,2287,218.0,1851.0,0.3128019323671498,0.4166666666666667,,400,38.0,62.05263157894737,15.31578947368421,5.631578947368421,12.789473684210526,74.0,61.0,0.5449438202247191,0.2347417840375587,21.3,2024-25,True
Pape Matar Sarr,Senegal,MF,Tottenham,21,2002,36,22,1913,21.3,3,2,5,3,0,0,6,0,0.14084507042253522,0.09389671361502347,0.2347417840375587,0.14084507042253522,0.2347417840375587,False,2024-25,2024,0.2347417840375587,3,4200,2069.0,-156.0,0.2607618334807557,0.2608695652173913,0.4166666666666667,441,38.0,54.76315789473684,13.078947368421053,4.868421052631579,13.736842105263158,64.0,65.0,0.4877330716388616,0.3870967741935484,15.5,2025-26,True
Pape Matar Sarr,Senegal,MF,Tottenham,22,2002,26,13,1398,15.5,2,4,6,2,0,0,3,0,0.12903225806451613,0.25806451612903225,0.3870967741935484,0.12903225806451613,0.3870967741935484,False,2025-26,2025,0.3870967741935484,4,5598,1913.0,-515.0,0.34498512728928415,0.2347417840375587,0.2608695652173913,484,38.0,50.421052631578945,11.447368421052632,3.8421052631578947,12.289473684210526,48.0,57.0,0.4822616407982262,,,,False
Pascal Groß,Germany,MF,Brighton,30,1991,29,24,2038,22.6,2,4,6,2,0,1,1,0,0.08849557522123894,0.17699115044247787,0.2654867256637168,0.08849557522123894,0.2654867256637168,False,2021-22,2021,0.2654867256637168,1,2038,,,0.2654867256637168,,,900,38.0,54.73684210526316,12.868421052631579,4.0,12.526315789473685,42.0,44.0,0.5067357512953368,0.4722222222222222,36.0,2022-23,True
Pascal Groß,Germany,"MF,DF",Brighton,31,1991,37,37,3239,36.0,9,8,17,9,0,0,6,0,0.25,0.2222222222222222,0.4722222222222222,0.25,0.4722222222222222,False,2022-23,2022,0.4722222222222222,2,5277,2038.0,1201.0,0.40331039003605373,0.2654867256637168,,961,38.0,60.526315789473685,16.105263157894736,6.078947368421052,10.210526315789474,72.0,53.0,0.612,0.40462427745664736,34.6,2023-24,True
Pascal Groß,Germany,"MF,DF",Brighton,32,1991,36,34,3114,34.6,4,10,14,3,1,1,6,0,0.11560693641618497,0.2890173410404624,0.40462427745664736,0.08670520231213873,0.37572254335260113,False,2023-24,2023,0.40462427745664736,3,8391,3239.0,-125.0,0.4041863149831162,0.4722222222222222,0.2654867256637168,1024,38.0,60.3421052631579,14.789473684210526,5.473684210526316,12.289473684210526,55.0,62.0,0.5461613216715258,0.21978021978021978,18.2,2025-26,True
Pascal Groß,Germany,MF,Brighton,34,1991,19,18,1636,18.2,1,3,4,1,0,0,2,0,0.054945054945054944,0.16483516483516483,0.21978021978021978,0.054945054945054944,0.21978021978021978,False,2025-26,2025,0.21978021978021978,4,10027,3114.0,-1478.0,0.28124891818118525,0.40462427745664736,0.4722222222222222,1156,38.0,53.94736842105263,13.0,4.631578947368421,11.68421052631579,52.0,46.0,0.5266524520255864,,,,False
Pascal Struijk,Netherlands,DF,Leeds United,21,1999,29,22,2055,22.8,1,0,1,1,0,0,6,1,0.043859649122807015,0.0,0.043859649122807015,0.043859649122807015,0.043859649122807015,False,2021-22,2021,0.043859649122807015,1,2055,,,0.043859649122807015,,,441,38.0,52.473684210526315,12.736842105263158,4.052631578947368,15.289473684210526,42.0,79.0,0.4544600938967136,0.12295081967213116,24.4,2022-23,True
Pascal Struijk,Netherlands,DF,Leeds United,22,1999,29,26,2200,24.4,2,1,3,2,0,0,5,0,0.0819672131147541,0.04098360655737705,0.12295081967213116,0.0819672131147541,0.12295081967213116,False,2022-23,2022,0.12295081967213116,2,4255,2055.0,145.0,0.09658709615568978,0.043859649122807015,,484,38.0,46.94736842105263,12.157894736842104,3.8157894736842106,13.868421052631579,48.0,78.0,0.4671385237613751,0.03067484662576687,32.6,2025-26,True
Pascal Struijk,Netherlands,DF,Leeds United,25,1999,34,33,2936,32.6,0,1,1,0,0,0,5,0,0.0,0.03067484662576687,0.03067484662576687,0.0,0.03067484662576687,False,2025-26,2025,0.03067484662576687,3,7191,2200.0,736.0,0.05264559646907451,0.12295081967213116,0.043859649122807015,625,38.0,45.73684210526316,12.552631578947368,3.973684210526316,12.526315789473685,49.0,56.0,0.5005246589716683,,,,False
Patrick Bamford,England,FW,Leeds United,27,1993,9,7,559,6.2,2,2,4,2,0,0,2,0,0.3225806451612903,0.3225806451612903,0.6451612903225806,0.3225806451612903,0.6451612903225806,False,2021-22,2021,0.6451612903225806,1,559,,,0.6451612903225806,,,729,38.0,52.473684210526315,12.736842105263158,4.052631578947368,15.289473684210526,42.0,79.0,0.4544600938967136,0.35714285714285715,16.8,2022-23,True
Patrick Bamford,England,FW,Leeds United,28,1993,28,18,1515,16.8,4,2,6,4,0,2,3,0,0.23809523809523808,0.11904761904761904,0.35714285714285715,0.23809523809523808,0.35714285714285715,False,2022-23,2022,0.35714285714285715,2,2074,559.0,956.0,0.45314900153609833,0.6451612903225806,,784,38.0,46.94736842105263,12.157894736842104,3.8157894736842106,13.868421052631579,48.0,78.0,0.4671385237613751,,,,False
Patrick Dorgu,Denmark,MF,Manchester Utd,19,2004,12,10,842,9.4,0,0,0,0,0,0,3,1,0.0,0.0,0.0,0.0,0.0,False,2024-25,2024,0.0,1,842,,,0.0,,,361,38.0,53.55263157894737,13.868421052631579,4.605263157894737,10.921052631578947,44.0,54.0,0.559447983014862,0.49689440993788814,16.1,2025-26,True
Patrick Dorgu,Denmark,MF,Manchester Utd,20,2004,26,15,1449,16.1,4,4,8,4,0,0,5,0,0.24844720496894407,0.24844720496894407,0.49689440993788814,0.24844720496894407,0.49689440993788814,False,2025-26,2025,0.49689440993788814,2,2291,842.0,607.0,0.3312629399585921,0.0,,400,38.0,51.921052631578945,15.657894736842104,5.657894736842105,11.578947368421053,69.0,50.0,0.5748792270531401,,,,False
Patrick Roberts,England,"FW,MF",Sunderland,28,1997,1,0,28,0.3,0,0,0,0,0,0,0,0,0.0,0.0,0.0,0.0,0.0,False,2025-26,2025,0.0,1,28,,,0.0,,,784,38.0,44.89473684210526,10.421052631578947,3.4210526315789473,14.210526315789474,42.0,48.0,0.4230769230769231,,,,False
Patson Daka,Zambia,FW,Leicester City,22,1998,23,13,1159,12.9,5,3,8,5,0,0,2,0,0.38759689922480617,0.23255813953488372,0.6201550387596899,0.38759689922480617,0.6201550387596899,False,2021-22,2021,0.6201550387596899,1,1159,,,0.6201550387596899,,,484,,,,,,,,,0.6060606060606061,13.2,2022-23,True
Patson Daka,Zambia,FW,Leicester City,23,1998,30,13,1187,13.2,4,4,8,4,0,0,2,0,0.30303030303030304,0.30303030303030304,0.6060606060606061,0.30303030303030304,0.6060606060606061,False,2022-23,2022,0.6060606060606061,2,2346,1159.0,28.0,0.610758750293634,0.6201550387596899,,529,,,,,,,,,0.12195121951219513,8.2,2024-25,True
Patson Daka,Zambia,"MF,FW",Leicester City,25,1998,23,6,736,8.2,1,0,1,1,0,0,0,0,0.12195121951219513,0.0,0.12195121951219513,0.12195121951219513,0.12195121951219513,False,2024-25,2024,0.12195121951219513,3,3082,1187.0,-451.0,0.2848870631060081,0.6060606060606061,0.6201550387596899,625,,,,,,,,,,,,False
Pau Torres,Spain,DF,Aston Villa,26,1997,29,27,2464,27.4,2,0,2,2,0,0,1,0,0.07299270072992702,0.0,0.07299270072992702,0.07299270072992702,0.07299270072992702,False,2023-24,2023,0.07299270072992702,1,2464,,,0.07299270072992702,,,676,38.0,53.421052631578945,13.5,5.0,11.947368421052632,76.0,61.0,0.5305067218200621,0.0,22.4,2024-25,True
Pau Torres,Spain,DF,Aston Villa,27,1997,24,23,2020,22.4,0,0,0,0,0,0,2,0,0.0,0.0,0.0,0.0,0.0,False,2024-25,2024,0.0,2,4484,2464.0,-444.0,0.024330900243309007,0.07299270072992702,,729,38.0,50.71052631578947,12.736842105263158,4.473684210526316,12.18421052631579,58.0,51.0,0.5110876451953538,0.0,18.6,2025-26,True
Pau Torres,Spain,DF,Aston Villa,28,1997,21,18,1676,18.6,0,0,0,0,0,0,1,0,0.0,0.0,0.0,0.0,0.0,False,2025-26,2025,0.0,3,6160,2020.0,-344.0,0.008110300081103004,0.0,0.07299270072992702,784,38.0,53.6578947368421,12.710526315789474,4.473684210526316,12.894736842105264,56.0,49.0,0.4964028776978417,,,,False
Paul Dummett,Wales,DF,Newcastle,29,1991,3,2,198,2.2,0,0,0,0,0,0,2,0,0.0,0.0,0.0,0.0,0.0,False,2021-22,2021,0.0,1,198,,,0.0,,,841,38.0,39.94736842105263,11.789473684210526,3.8947368421052633,13.894736842105264,44.0,62.0,0.45901639344262296,0.0,0.2,2023-24,False
Paul Dummett,Wales,DF,Newcastle,31,1991,5,0,20,0.2,0,0,0,0,0,0,0,0,0.0,0.0,0.0,0.0,0.0,False,2023-24,2023,0.0,2,218,198.0,-178.0,0.0,0.0,,961,38.0,52.21052631578947,14.5,5.605263157894737,14.052631578947368,85.0,62.0,0.5078341013824884,,,,False
Paul Onuachu,Nigeria,FW,Southampton,28,1994,11,4,407,4.5,0,0,0,0,0,0,0,0,0.0,0.0,0.0,0.0,0.0,False,2022-23,2022,0.0,1,407,,,0.0,,,784,,,,,,,,,0.4273504273504274,11.7,2024-25,True
Paul Onuachu,Nigeria,FW,Southampton,30,1994,25,11,1050,11.7,4,1,5,4,0,0,4,0,0.3418803418803419,0.08547008547008547,0.4273504273504274,0.3418803418803419,0.4273504273504274,False,2024-25,2024,0.4273504273504274,2,1457,407.0,643.0,0.2849002849002849,0.0,,900,,,,,,,,,,,,False
Paul Pogba,France,MF,Manchester Utd,28,1993,20,16,1349,15.0,1,9,10,1,0,0,7,1,0.06666666666666667,0.6,0.6666666666666666,0.06666666666666667,0.6666666666666666,False,2021-22,2021,0.6666666666666666,1,1349,,,0.6666666666666666,,,784,38.0,52.921052631578945,13.368421052631579,4.921052631578948,13.447368421052632,57.0,57.0,0.4985279685966634,,,,False
Pedro Lima,Brazil,MF,Wolves,18,2006,3,1,70,0.8,0,0,0,0,0,0,0,0,0.0,0.0,0.0,0.0,0.0,False,2024-25,2024,0.0,1,70,,,0.0,,,324,,,,,,,,,0.0,2.9,2025-26,False
Pedro Lima,Brazil,MF,Wolves,19,2006,9,3,260,2.9,0,0,0,0,0,0,0,0,0.0,0.0,0.0,0.0,0.0,False,2025-26,2025,0.0,2,330,70.0,190.0,0.0,0.0,,361,,,,,,,,,,,,False
Pedro Neto,Portugal,"FW,MF",Wolves,21,2000,13,5,466,5.2,1,1,2,1,0,0,3,0,0.1923076923076923,0.1923076923076923,0.3846153846153846,0.1923076923076923,0.3846153846153846,False,2021-22,2021,0.3846153846153846,1,466,,,0.3846153846153846,,,441,,,,,,,,,0.0,10.7,2022-23,True
Pedro Neto,Portugal,"MF,FW",Wolves,22,2000,18,13,964,10.7,0,0,0,0,0,0,1,0,0.0,0.0,0.0,0.0,0.0,False,2022-23,2022,0.0,2,1430,466.0,498.0,0.12820512820512822,0.3846153846153846,,484,,,,,,,,,0.6547619047619048,16.8,2023-24,True
Pedro Neto,Portugal,"MF,FW",Wolves,23,2000,20,18,1516,16.8,2,9,11,2,0,0,4,0,0.11904761904761904,0.5357142857142857,0.6547619047619048,0.11904761904761904,0.6547619047619048,False,2023-24,2023,0.6547619047619048,3,2946,964.0,552.0,0.47924297924297926,0.0,0.3846153846153846,529,,,,,,,,,0.39682539682539686,25.2,2024-25,True
Pedro Neto,Portugal,"MF,FW",Chelsea,24,2000,35,24,2269,25.2,4,6,10,4,0,0,8,0,0.15873015873015872,0.2380952380952381,0.39682539682539686,0.15873015873015872,0.39682539682539686,False,2024-25,2024,0.39682539682539686,4,5215,1516.0,753.0,0.42429792429792434,0.6547619047619048,0.0,576,38.0,57.3421052631579,15.657894736842104,5.7368421052631575,10.447368421052632,64.0,43.0,0.5997983870967741,0.3767123287671233,29.2,2025-26,True
Pedro Neto,Portugal,"MF,FW",Chelsea,25,2000,34,30,2631,29.2,5,6,11,5,0,0,4,1,0.17123287671232876,0.20547945205479454,0.3767123287671233,0.17123287671232876,0.3767123287671233,False,2025-26,2025,0.3767123287671233,5,7846,2269.0,362.0,0.392574193944057,0.39682539682539686,0.6547619047619048,625,38.0,57.73684210526316,13.394736842105264,4.368421052631579,10.947368421052632,58.0,52.0,0.5502702702702702,,,,False
Pedro Porro,Spain,MF,Tottenham,22,1999,15,13,1131,12.6,3,3,6,3,0,0,0,0,0.2380952380952381,0.2380952380952381,0.4761904761904762,0.2380952380952381,0.4761904761904762,False,2022-23,2022,0.4761904761904762,1,1131,,,0.4761904761904762,,,484,38.0,49.94736842105263,13.68421052631579,5.2631578947368425,13.68421052631579,70.0,63.0,0.5,0.2915451895043732,34.3,2023-24,True
Pedro Porro,Spain,DF,Tottenham,23,1999,35,35,3089,34.3,3,7,10,3,0,0,3,0,0.08746355685131196,0.20408163265306123,0.2915451895043732,0.08746355685131196,0.2915451895043732,False,2023-24,2023,0.2915451895043732,2,4220,1131.0,1958.0,0.35309361839974085,0.4761904761904762,,529,38.0,62.05263157894737,15.31578947368421,5.631578947368421,12.789473684210526,74.0,61.0,0.5449438202247191,0.27586206896551724,29.0,2024-25,True
Pedro Porro,Spain,DF,Tottenham,24,1999,33,28,2610,29.0,2,6,8,2,0,0,5,0,0.06896551724137931,0.20689655172413793,0.27586206896551724,0.06896551724137931,0.27586206896551724,False,2024-25,2024,0.27586206896551724,3,6830,3089.0,-479.0,0.3016059187769251,0.2915451895043732,0.4761904761904762,576,38.0,54.76315789473684,13.078947368421053,4.868421052631579,13.736842105263158,64.0,65.0,0.4877330716388616,0.09646302250803858,31.1,2025-26,True
Pedro Porro,Spain,DF,Tottenham,25,1999,34,32,2796,31.1,1,2,3,1,0,0,10,0,0.03215434083601286,0.06430868167202572,0.09646302250803858,0.03215434083601286,0.09646302250803858,False,2025-26,2025,0.09646302250803858,4,9626,2610.0,186.0,0.16484398793100075,0.27586206896551724,0.2915451895043732,625,38.0,50.421052631578945,11.447368421052632,3.8421052631578947,12.289473684210526,48.0,57.0,0.4822616407982262,,,,False
Pelly Ruddock Mpanzu,DR Congo,MF,Luton Town,30,1993,27,11,1101,12.2,0,0,0,0,0,0,1,0,0.0,0.0,0.0,0.0,0.0,False,2023-24,2023,0.0,1,1101,,,0.0,,,900,,,,,,,,,,,,False
Pervis Estupiñán,Ecuador,"DF,MF",Brighton,24,1998,35,31,2675,29.7,1,5,6,1,0,0,4,0,0.03367003367003367,0.16835016835016836,0.20202020202020202,0.03367003367003367,0.20202020202020202,False,2022-23,2022,0.20202020202020202,1,2675,,,0.20202020202020202,,,576,38.0,60.526315789473685,16.105263157894736,6.078947368421052,10.210526315789474,72.0,53.0,0.612,0.36231884057971014,13.8,2023-24,True
Pervis Estupiñán,Ecuador,"DF,MF",Brighton,25,1998,19,15,1243,13.8,2,3,5,2,0,0,4,0,0.14492753623188406,0.21739130434782608,0.36231884057971014,0.14492753623188406,0.36231884057971014,False,2023-24,2023,0.36231884057971014,2,3918,2675.0,-1432.0,0.3088859610598741,0.20202020202020202,,625,38.0,60.3421052631579,14.789473684210526,5.473684210526316,12.289473684210526,55.0,62.0,0.5461613216715258,0.0749063670411985,26.7,2024-25,True
Pervis Estupiñán,Ecuador,DF,Brighton,26,1998,30,26,2402,26.7,1,1,2,1,0,0,5,0,0.03745318352059925,0.03745318352059925,0.0749063670411985,0.03745318352059925,0.0749063670411985,False,2024-25,2024,0.0749063670411985,3,6320,1243.0,1159.0,0.1528995650474237,0.36231884057971014,0.20202020202020202,676,38.0,52.63157894736842,14.026315789473685,5.026315789473684,11.236842105263158,66.0,59.0,0.5552083333333333,,,,False
Phil Foden,England,FW,Manchester City,21,2000,28,24,2128,23.6,9,5,14,9,0,0,1,0,0.3813559322033898,0.211864406779661,0.5932203389830508,0.3813559322033898,0.5932203389830508,False,2021-22,2021,0.5932203389830508,1,2128,,,0.5932203389830508,,,441,38.0,68.5,18.763157894736842,6.657894736842105,6.2368421052631575,99.0,26.0,0.7505263157894737,0.8292682926829268,20.5,2022-23,True
Phil Foden,England,"FW,MF",Manchester City,22,2000,32,22,1842,20.5,11,6,17,11,0,0,1,0,0.5365853658536586,0.2926829268292683,0.8292682926829268,0.5365853658536586,0.8292682926829268,False,2022-23,2022,0.8292682926829268,2,3970,2128.0,-286.0,0.7505856414496348,0.5932203389830508,,484,38.0,65.34210526315789,15.789473684210526,5.7631578947368425,7.7105263157894735,94.0,33.0,0.6718924972004479,0.8517350157728707,31.7,2023-24,True
Phil Foden,England,MF,Manchester City,23,2000,35,33,2857,31.7,19,8,27,19,0,0,2,0,0.5993690851735016,0.25236593059936907,0.8517350157728707,0.5993690851735016,0.8517350157728707,False,2023-24,2023,0.8517350157728707,3,6827,1842.0,1015.0,0.8180185576651254,0.8292682926829268,0.5932203389830508,529,38.0,65.73684210526316,18.263157894736842,7.315789473684211,7.7368421052631575,96.0,34.0,0.7024291497975709,0.4568527918781726,19.7,2024-25,True
Phil Foden,England,"MF,FW",Manchester City,24,2000,28,20,1777,19.7,7,2,9,7,0,0,2,0,0.3553299492385787,0.10152284263959391,0.4568527918781726,0.3553299492385787,0.4568527918781726,False,2024-25,2024,0.4568527918781726,4,8604,2857.0,-1080.0,0.5772413804738237,0.8517350157728707,0.8292682926829268,576,38.0,61.73684210526316,16.0,5.7105263157894735,9.31578947368421,72.0,44.0,0.6320166320166319,0.5172413793103449,23.2,2025-26,True
Phil Foden,England,MF,Manchester City,25,2000,33,23,2086,23.2,7,5,12,7,0,0,4,0,0.3017241379310345,0.21551724137931036,0.5172413793103449,0.3017241379310345,0.5172413793103449,False,2025-26,2025,0.5172413793103449,5,10690,1777.0,309.0,0.5372413796981712,0.4568527918781726,0.8517350157728707,625,38.0,60.6578947368421,15.657894736842104,5.394736842105263,9.710526315789474,77.0,35.0,0.617219917012448,,,,False
Phil Jones,England,DF,Manchester Utd,29,1992,4,2,163,1.8,0,0,0,0,0,0,0,0,0.0,0.0,0.0,0.0,0.0,False,2021-22,2021,0.0,1,163,,,0.0,,,841,38.0,52.921052631578945,13.368421052631579,4.921052631578948,13.447368421052632,57.0,57.0,0.4985279685966634,,,,False
Philip Billing,Denmark,"MF,FW",Bournemouth,26,1996,36,34,2764,30.7,7,1,8,7,0,0,5,0,0.22801302931596093,0.03257328990228013,0.26058631921824105,0.22801302931596093,0.26058631921824105,False,2022-23,2022,0.26058631921824105,1,2764,,,0.26058631921824105,,,676,38.0,40.078947368421055,9.394736842105264,3.5,16.473684210526315,37.0,71.0,0.3631739572736521,0.25806451612903225,15.5,2023-24,True
Philip Billing,Denmark,MF,Bournemouth,27,1996,29,13,1398,15.5,2,2,4,2,0,0,3,1,0.12903225806451613,0.12903225806451613,0.25806451612903225,0.12903225806451613,0.25806451612903225,False,2023-24,2023,0.25806451612903225,2,4162,2764.0,-1366.0,0.2589051171587685,0.26058631921824105,,729,38.0,44.05263157894737,14.263157894736842,4.868421052631579,13.973684210526315,54.0,67.0,0.5051258154706431,0.0,2.0,2024-25,False
Philip Billing,Denmark,MF,Bournemouth,28,1996,10,1,184,2.0,0,0,0,0,0,0,1,0,0.0,0.0,0.0,0.0,0.0,False,2024-25,2024,0.0,3,4346,1398.0,-1214.0,0.08630170571958952,0.25806451612903225,0.26058631921824105,784,38.0,48.578947368421055,15.263157894736842,5.315789473684211,12.842105263157896,58.0,46.0,0.5430711610486891,,,,False
Philippe Coutinho,Brazil,"MF,FW",Aston Villa,29,1992,19,16,1329,14.8,5,3,8,5,0,0,0,0,0.33783783783783783,0.2027027027027027,0.5405405405405405,0.33783783783783783,0.5405405405405405,False,2021-22,2021,0.5405405405405405,1,1329,,,0.5405405405405405,,,841,38.0,46.473684210526315,12.210526315789474,4.2631578947368425,12.552631578947368,52.0,54.0,0.49309245483528164,0.11363636363636363,8.8,2022-23,True
Philippe Coutinho,Brazil,"FW,MF",Aston Villa,30,1992,20,7,788,8.8,1,0,1,1,0,0,3,0,0.11363636363636363,0.0,0.11363636363636363,0.11363636363636363,0.11363636363636363,False,2022-23,2022,0.11363636363636363,2,2117,1329.0,-541.0,0.2559377559377559,0.5405405405405405,,900,38.0,49.44736842105263,11.31578947368421,3.973684210526316,11.289473684210526,51.0,46.0,0.5005820721769499,0.0,0.3,2023-24,False
Philippe Coutinho,Brazil,"FW,MF",Aston Villa,31,1992,2,0,25,0.3,0,0,0,0,0,0,0,0,0.0,0.0,0.0,0.0,0.0,False,2023-24,2023,0.0,3,2142,788.0,-763.0,0.08531258531258532,0.11363636363636363,0.5405405405405405,961,38.0,53.421052631578945,13.5,5.0,11.947368421052632,76.0,61.0,0.5305067218200621,,,,False
Piero Hincapié,Ecuador,DF,Arsenal,23,2002,25,20,1792,19.9,1,2,3,1,0,0,2,0,0.05025125628140704,0.10050251256281408,0.15075376884422112,0.05025125628140704,0.15075376884422112,False,2025-26,2025,0.15075376884422112,1,1792,,,0.15075376884422112,,,529,38.0,56.44736842105263,14.526315789473685,4.894736842105263,8.157894736842104,71.0,27.0,0.640371229698376,,,,False
Pierre Højbjerg,Denmark,MF,Tottenham,25,1995,36,36,3196,35.5,2,2,4,2,0,0,3,0,0.056338028169014086,0.056338028169014086,0.11267605633802817,0.056338028169014086,0.11267605633802817,False,2021-22,2021,0.11267605633802817,1,3196,,,0.11267605633802817,,,625,38.0,52.0,12.921052631578947,5.184210526315789,12.921052631578947,69.0,40.0,0.5,0.25862068965517243,34.8,2022-23,True
Pierre Højbjerg,Denmark,MF,Tottenham,26,1995,35,35,3131,34.8,4,5,9,4,0,0,5,0,0.1149425287356322,0.14367816091954025,0.25862068965517243,0.1149425287356322,0.25862068965517243,False,2022-23,2022,0.25862068965517243,2,6327,3196.0,-65.0,0.2099724785494577,0.11267605633802817,,676,38.0,49.94736842105263,13.68421052631579,5.2631578947368425,13.68421052631579,70.0,63.0,0.5,0.0,14.6,2023-24,True
Pierre Højbjerg,Denmark,MF,Tottenham,27,1995,36,8,1311,14.6,0,0,0,0,0,0,4,0,0.0,0.0,0.0,0.0,0.0,False,2023-24,2023,0.0,3,7638,3131.0,-1820.0,0.06999082618315257,0.25862068965517243,0.11267605633802817,729,38.0,62.05263157894737,15.31578947368421,5.631578947368421,12.789473684210526,74.0,61.0,0.5449438202247191,,,,False
Pierre Lees-Melou,France,MF,Norwich City,28,1993,33,27,2265,25.2,1,0,1,1,0,0,5,0,0.03968253968253968,0.0,0.03968253968253968,0.03968253968253968,0.03968253968253968,False,2021-22,2021,0.03968253968253968,1,2265,,,0.03968253968253968,,,784,,,,,,,,,,,,False
Pierre-Emerick Aubameyang,Gabon,FW,Arsenal,32,1989,14,12,1037,11.5,4,1,5,4,0,2,3,0,0.34782608695652173,0.08695652173913043,0.43478260869565216,0.34782608695652173,0.43478260869565216,False,2021-22,2021,0.43478260869565216,1,1037,,,0.43478260869565216,,,1024,38.0,53.18421052631579,15.473684210526315,5.157894736842105,11.18421052631579,61.0,48.0,0.5804540967423495,0.16129032258064516,6.2,2022-23,True
Pierre-Emerick Aubameyang,Gabon,FW,Chelsea,33,1989,15,5,554,6.2,1,0,1,1,0,0,1,0,0.16129032258064516,0.0,0.16129032258064516,0.16129032258064516,0.16129032258064516,False,2022-23,2022,0.16129032258064516,2,1591,1037.0,-483.0,0.25245441795231416,0.43478260869565216,,1089,38.0,59.026315789473685,12.736842105263158,4.157894736842105,11.526315789473685,38.0,47.0,0.5249457700650759,,,,False
Pontus Jansson,Sweden,DF,Brentford,30,1991,37,37,3321,36.9,3,1,4,3,0,0,7,0,0.08130081300813008,0.02710027100271003,0.10840108401084012,0.08130081300813008,0.10840108401084012,False,2021-22,2021,0.10840108401084012,1,3321,,,0.10840108401084012,,,900,38.0,44.5,11.631578947368421,4.052631578947368,13.210526315789474,48.0,56.0,0.4682203389830508,0.125,8.0,2022-23,True
Pontus Jansson,Sweden,DF,Brentford,31,1991,12,9,724,8.0,1,0,1,1,0,0,0,0,0.125,0.0,0.125,0.125,0.125,False,2022-23,2022,0.125,2,4045,3321.0,-2597.0,0.11946702800361336,0.10840108401084012,,961,38.0,43.39473684210526,10.710526315789474,4.2631578947368425,14.763157894736842,58.0,46.0,0.42045454545454547,,,,False
Przemysław Płacheta,Poland,"MF,FW",Norwich City,23,1998,12,6,504,5.6,0,0,0,0,0,0,1,0,0.0,0.0,0.0,0.0,0.0,False,2021-22,2021,0.0,1,504,,,0.0,,,529,,,,,,,,,,,,False
Quilindschy Hartman,Netherlands,DF,Burnley,23,2001,21,21,1825,20.3,0,5,5,0,0,0,1,0,0.0,0.24630541871921183,0.24630541871921183,0.0,0.24630541871921183,False,2025-26,2025,0.24630541871921183,1,1825,,,0.24630541871921183,,,529,,,,,,,,,,,,False
Radu Drăgușin,Romania,DF,Tottenham,21,2002,9,4,429,4.8,0,0,0,0,0,0,1,0,0.0,0.0,0.0,0.0,0.0,False,2023-24,2023,0.0,1,429,,,0.0,,,441,38.0,62.05263157894737,15.31578947368421,5.631578947368421,12.789473684210526,74.0,61.0,0.5449438202247191,0.0,13.9,2024-25,True
Radu Drăgușin,Romania,DF,Tottenham,22,2002,16,14,1252,13.9,0,0,0,0,0,0,1,0,0.0,0.0,0.0,0.0,0.0,False,2024-25,2024,0.0,2,1681,429.0,823.0,0.0,0.0,,484,38.0,54.76315789473684,13.078947368421053,4.868421052631579,13.736842105263158,64.0,65.0,0.4877330716388616,0.0,5.7,2025-26,True
Radu Drăgușin,Romania,DF,Tottenham,23,2002,10,5,517,5.7,0,0,0,0,0,0,0,0,0.0,0.0,0.0,0.0,0.0,False,2025-26,2025,0.0,3,2198,1252.0,-735.0,0.0,0.0,0.0,529,38.0,50.421052631578945,11.447368421052632,3.8421052631578947,12.289473684210526,48.0,57.0,0.4822616407982262,,,,False
Raheem Sterling,England,"FW,MF",Manchester City,26,1994,30,23,2128,23.6,13,5,18,11,2,3,1,0,0.5508474576271186,0.211864406779661,0.7627118644067796,0.4661016949152542,0.6779661016949152,False,2021-22,2021,0.7627118644067796,1,2128,,,0.7627118644067796,,,676,38.0,68.5,18.763157894736842,6.657894736842105,6.2368421052631575,99.0,26.0,0.7505263157894737,0.42857142857142855,21.0,2022-23,True
Raheem Sterling,England,"FW,MF",Chelsea,27,1994,28,23,1891,21.0,6,3,9,6,0,0,4,0,0.2857142857142857,0.14285714285714285,0.42857142857142855,0.2857142857142857,0.42857142857142855,False,2022-23,2022,0.42857142857142855,2,4019,2128.0,-237.0,0.539951573849879,0.7627118644067796,,729,38.0,59.026315789473685,12.736842105263158,4.157894736842105,11.526315789473685,38.0,47.0,0.5249457700650759,0.5454545454545454,22.0,2023-24,True
Raheem Sterling,England,MF,Chelsea,28,1994,31,22,1978,22.0,8,4,12,8,0,0,7,0,0.36363636363636365,0.18181818181818182,0.5454545454545454,0.36363636363636365,0.5454545454545454,False,2023-24,2023,0.5454545454545454,3,5997,1891.0,87.0,0.5436202215863233,0.42857142857142855,0.7627118644067796,784,38.0,59.0,14.421052631578947,5.657894736842105,14.631578947368421,77.0,63.0,0.4963768115942029,0.36363636363636365,5.5,2024-25,True
Raheem Sterling,England,"FW,MF",Arsenal,29,1994,17,7,499,5.5,0,2,2,0,0,0,1,0,0.0,0.36363636363636365,0.36363636363636365,0.0,0.36363636363636365,False,2024-25,2024,0.36363636363636365,4,6496,1978.0,-1479.0,0.4236309829530169,0.5454545454545454,0.42857142857142855,841,38.0,57.18421052631579,14.394736842105264,4.947368421052632,9.526315789473685,69.0,34.0,0.6017601760176018,,,,False
Ramón Sosa,Paraguay,MF,Nottingham,24,1999,19,1,295,3.3,1,0,1,1,0,0,1,0,0.30303030303030304,0.0,0.30303030303030304,0.30303030303030304,0.30303030303030304,False,2024-25,2024,0.30303030303030304,1,295,,,0.30303030303030304,,,576,38.0,40.921052631578945,12.18421052631579,4.368421052631579,13.973684210526315,58.0,46.0,0.4657947686116701,,,,False
Randal Kolo Muani,France,"FW,MF",Tottenham,26,1998,30,21,1664,18.5,1,1,2,1,0,0,3,0,0.05405405405405406,0.05405405405405406,0.10810810810810811,0.05405405405405406,0.10810810810810811,False,2025-26,2025,0.10810810810810811,1,1664,,,0.10810810810810811,,,676,38.0,50.421052631578945,11.447368421052632,3.8421052631578947,12.289473684210526,48.0,57.0,0.4822616407982262,,,,False
Raphaël Varane,France,DF,Manchester Utd,28,1993,22,20,1831,20.3,1,1,2,1,0,0,0,0,0.04926108374384236,0.04926108374384236,0.09852216748768472,0.04926108374384236,0.09852216748768472,False,2021-22,2021,0.09852216748768472,1,1831,,,0.09852216748768472,,,784,38.0,52.921052631578945,13.368421052631579,4.921052631578948,13.447368421052632,57.0,57.0,0.4985279685966634,0.0,21.2,2022-23,True
Raphaël Varane,France,DF,Manchester Utd,29,1993,24,22,1911,21.2,0,0,0,0,0,0,1,0,0.0,0.0,0.0,0.0,0.0,False,2022-23,2022,0.0,2,3742,1831.0,80.0,0.03284072249589491,0.09852216748768472,,841,38.0,53.973684210526315,15.578947368421053,5.631578947368421,12.657894736842104,58.0,43.0,0.5517241379310345,0.06535947712418301,15.3,2023-24,True
Raphaël Varane,France,DF,Manchester Utd,30,1993,22,16,1375,15.3,1,0,1,1,0,0,2,0,0.06535947712418301,0.0,0.06535947712418301,0.06535947712418301,0.06535947712418301,False,2023-24,2023,0.06535947712418301,3,5117,1911.0,-536.0,0.05451989224808698,0.0,0.09852216748768472,900,38.0,50.526315789473685,14.473684210526315,5.078947368421052,17.55263157894737,57.0,58.0,0.4519309778142974,,,,False
Raphinha,Brazil,"MF,FW",Leeds United,24,1996,35,34,2915,32.4,11,3,14,7,4,4,7,0,0.3395061728395062,0.0925925925925926,0.4320987654320988,0.2160493827160494,0.308641975308642,False,2021-22,2021,0.4320987654320988,1,2915,,,0.4320987654320988,,,576,38.0,52.473684210526315,12.736842105263158,4.052631578947368,15.289473684210526,42.0,79.0,0.4544600938967136,,,,False
Rasmus Højlund,Denmark,FW,Manchester Utd,20,2003,30,25,2158,24.0,10,2,12,10,0,0,2,0,0.4166666666666667,0.08333333333333333,0.5,0.4166666666666667,0.5,False,2023-24,2023,0.5,1,2158,,,0.5,,,400,38.0,50.526315789473685,14.473684210526315,5.078947368421052,17.55263157894737,57.0,58.0,0.4519309778142974,0.17937219730941703,22.3,2024-25,True
Rasmus Højlund,Denmark,FW,Manchester Utd,21,2003,32,23,2004,22.3,4,0,4,4,0,0,2,0,0.17937219730941703,0.0,0.17937219730941703,0.17937219730941703,0.17937219730941703,False,2024-25,2024,0.17937219730941703,2,4162,2158.0,-154.0,0.2862481315396114,0.5,,441,38.0,53.55263157894737,13.868421052631579,4.605263157894737,10.921052631578947,44.0,54.0,0.559447983014862,,,,False
Rasmus Kristensen,Denmark,DF,Leeds United,25,1997,26,21,1960,21.8,3,1,4,3,0,0,4,0,0.13761467889908258,0.04587155963302752,0.18348623853211007,0.13761467889908258,0.18348623853211007,False,2022-23,2022,0.18348623853211007,1,1960,,,0.18348623853211007,,,625,38.0,46.94736842105263,12.157894736842104,3.8157894736842106,13.868421052631579,48.0,78.0,0.4671385237613751,,,,False
Rayan,Brazil,MF,Bournemouth,18,2006,15,13,1111,12.3,5,2,7,5,0,0,1,0,0.4065040650406504,0.16260162601626016,0.5691056910569106,0.4065040650406504,0.5691056910569106,False,2025-26,2025,0.5691056910569106,1,1111,,,0.5691056910569106,,,324,38.0,50.078947368421055,13.842105263157896,4.684210526315789,12.631578947368421,58.0,54.0,0.5228628230616302,,,,False
Rayan Aït-Nouri,Algeria,MF,Wolves,20,2001,23,20,1828,20.3,1,2,3,1,0,0,4,0,0.04926108374384236,0.09852216748768472,0.14778325123152708,0.04926108374384236,0.14778325123152708,False,2021-22,2021,0.14778325123152708,1,1828,,,0.14778325123152708,,,400,,,,,,,,,0.08333333333333333,12.0,2022-23,True
Rayan Aït-Nouri,Algeria,"DF,MF",Wolves,21,2001,21,9,1076,12.0,1,0,1,1,0,0,4,0,0.08333333333333333,0.0,0.08333333333333333,0.08333333333333333,0.08333333333333333,False,2022-23,2022,0.08333333333333333,2,2904,1828.0,-752.0,0.10481663929939791,0.14778325123152708,,441,,,,,,,,,0.11583011583011583,25.9,2023-24,True
Rayan Aït-Nouri,Algeria,"MF,DF",Wolves,22,2001,33,29,2329,25.9,2,1,3,2,0,0,7,0,0.07722007722007722,0.03861003861003861,0.11583011583011583,0.07722007722007722,0.11583011583011583,False,2023-24,2023,0.11583011583011583,3,5233,1076.0,1253.0,0.11215895698654318,0.08333333333333333,0.14778325123152708,484,,,,,,,,,0.3188405797101449,34.5,2024-25,True
Rayan Aït-Nouri,Algeria,"MF,DF",Wolves,23,2001,37,37,3109,34.5,4,7,11,4,0,0,7,1,0.11594202898550725,0.2028985507246377,0.3188405797101449,0.11594202898550725,0.3188405797101449,False,2024-25,2024,0.3188405797101449,4,8342,2329.0,780.0,0.24994670546894432,0.11583011583011583,0.08333333333333333,529,,,,,,,,,0.18518518518518517,10.8,2025-26,True
Rayan Aït-Nouri,Algeria,DF,Manchester City,24,2001,17,12,974,10.8,0,2,2,0,0,0,2,0,0.0,0.18518518518518517,0.18518518518518517,0.0,0.18518518518518517,False,2025-26,2025,0.18518518518518517,5,9316,3109.0,-2135.0,0.2067723586131049,0.3188405797101449,0.11583011583011583,576,38.0,60.6578947368421,15.657894736842104,5.394736842105263,9.710526315789474,77.0,35.0,0.617219917012448,,,,False
Rayan Cherki,France,MF,Manchester City,21,2003,33,19,1786,19.8,4,12,16,4,0,0,1,0,0.20202020202020202,0.6060606060606061,0.8080808080808081,0.20202020202020202,0.8080808080808081,False,2025-26,2025,0.8080808080808081,1,1786,,,0.8080808080808081,,,441,38.0,60.6578947368421,15.657894736842104,5.394736842105263,9.710526315789474,77.0,35.0,0.617219917012448,,,,False
Raúl Jiménez,Mexico,FW,Wolves,30,1991,34,30,2631,29.2,6,4,10,5,1,1,9,2,0.20547945205479454,0.136986301369863,0.3424657534246575,0.17123287671232876,0.3082191780821918,False,2021-22,2021,0.3424657534246575,1,2631,,,0.3424657534246575,,,900,,,,,,,,,0.10638297872340426,9.4,2022-23,True
Raúl Jiménez,Mexico,FW,Wolves,31,1991,15,8,846,9.4,0,1,1,0,0,0,0,0,0.0,0.10638297872340426,0.10638297872340426,0.0,0.10638297872340426,False,2022-23,2022,0.10638297872340426,2,3477,2631.0,-1785.0,0.18507723695715533,0.3424657534246575,,961,,,,,,,,,0.45161290322580644,15.5,2023-24,True
Raúl Jiménez,Mexico,FW,Fulham,32,1991,24,18,1395,15.5,7,0,7,7,0,0,3,1,0.45161290322580644,0.0,0.45161290322580644,0.45161290322580644,0.45161290322580644,False,2023-24,2023,0.45161290322580644,3,4872,846.0,549.0,0.362767681136256,0.10638297872340426,0.3424657534246575,1024,38.0,50.73684210526316,13.157894736842104,4.7105263157894735,13.763157894736842,55.0,61.0,0.4887585532746823,0.5415162454873647,27.7,2024-25,True
Raúl Jiménez,Mexico,FW,Fulham,33,1991,38,30,2494,27.7,12,3,15,9,3,3,4,0,0.4332129963898917,0.10830324909747292,0.5415162454873647,0.3249097472924188,0.43321299638989175,False,2024-25,2024,0.5415162454873647,4,7366,1395.0,1099.0,0.4819333907036618,0.45161290322580644,0.10638297872340426,1089,38.0,52.473684210526315,13.710526315789474,4.552631578947368,11.368421052631579,54.0,54.0,0.5466946484784889,0.49382716049382713,24.3,2025-26,True
Raúl Jiménez,Mexico,FW,Fulham,34,1991,36,27,2189,24.3,9,3,12,5,4,4,5,0,0.37037037037037035,0.12345679012345678,0.49382716049382713,0.205761316872428,0.3292181069958847,False,2025-26,2025,0.49382716049382713,5,9555,2494.0,-305.0,0.489862570563772,0.5415162454873647,0.45161290322580644,1156,38.0,51.73684210526316,12.657894736842104,3.6315789473684212,11.789473684210526,47.0,51.0,0.5177610333692142,,,,False
Reece Burke,England,DF,Luton Town,26,1996,22,20,1660,18.4,0,4,4,0,0,0,5,0,0.0,0.2173913043478261,0.2173913043478261,0.0,0.2173913043478261,False,2023-24,2023,0.2173913043478261,1,1660,,,0.2173913043478261,,,676,,,,,,,,,,,,False
Reece James,England,MF,Chelsea,21,1999,26,22,1864,20.7,5,9,14,5,0,0,4,1,0.24154589371980678,0.43478260869565216,0.6763285024154589,0.24154589371980678,0.6763285024154589,False,2021-22,2021,0.6763285024154589,1,1864,,,0.6763285024154589,,,441,38.0,62.3421052631579,15.578947368421053,5.552631578947368,8.921052631578947,76.0,33.0,0.635875402792696,0.14492753623188406,13.8,2022-23,True
Reece James,England,"DF,MF",Chelsea,22,1999,16,14,1244,13.8,1,1,2,1,0,0,4,0,0.07246376811594203,0.07246376811594203,0.14492753623188406,0.07246376811594203,0.14492753623188406,False,2022-23,2022,0.14492753623188406,2,3108,1864.0,-620.0,0.32206119162640906,0.6763285024154589,,484,38.0,59.026315789473685,12.736842105263158,4.157894736842105,11.526315789473685,38.0,47.0,0.5249457700650759,0.425531914893617,4.7,2023-24,True
Reece James,England,"DF,MF",Chelsea,23,1999,10,5,419,4.7,0,2,2,0,0,0,2,2,0.0,0.425531914893617,0.425531914893617,0.0,0.425531914893617,False,2023-24,2023,0.425531914893617,3,3527,1244.0,-825.0,0.3910416738045477,0.14492753623188406,0.6763285024154589,529,38.0,59.0,14.421052631578947,5.657894736842105,14.631578947368421,77.0,63.0,0.4963768115942029,0.1694915254237288,11.8,2024-25,True
Reece James,England,"DF,MF",Chelsea,24,1999,19,12,1063,11.8,1,1,2,1,0,0,1,0,0.0847457627118644,0.0847457627118644,0.1694915254237288,0.0847457627118644,0.1694915254237288,False,2024-25,2024,0.1694915254237288,4,4590,419.0,644.0,0.24334157488400177,0.425531914893617,0.14492753623188406,576,38.0,57.3421052631579,15.657894736842104,5.7368421052631575,10.447368421052632,64.0,43.0,0.5997983870967741,0.27522935779816515,21.8,2025-26,True
Reece James,England,"DF,MF",Chelsea,25,1999,29,20,1963,21.8,2,4,6,2,0,0,4,0,0.09174311926605504,0.18348623853211007,0.27522935779816515,0.09174311926605504,0.27522935779816515,False,2025-26,2025,0.27522935779816515,5,6553,1063.0,900.0,0.2646000968267774,0.1694915254237288,0.425531914893617,625,38.0,57.73684210526316,13.394736842105264,4.368421052631579,10.947368421052632,58.0,52.0,0.5502702702702702,,,,False
Reinildo Mandava,Mozambique,DF,Sunderland,31,1994,25,23,1966,21.8,0,1,1,0,0,0,7,1,0.0,0.04587155963302752,0.04587155963302752,0.0,0.04587155963302752,False,2025-26,2025,0.04587155963302752,1,1966,,,0.04587155963302752,,,961,38.0,44.89473684210526,10.421052631578947,3.4210526315789473,14.210526315789474,42.0,48.0,0.4230769230769231,,,,False
Reiss Nelson,England,"FW,MF",Arsenal,21,1999,1,0,20,0.2,0,0,0,0,0,0,0,0,0.0,0.0,0.0,0.0,0.0,False,2021-22,2021,0.0,1,20,,,0.0,,,441,38.0,53.18421052631579,15.473684210526315,5.157894736842105,11.18421052631579,61.0,48.0,0.5804540967423495,2.0833333333333335,2.4,2022-23,False
Reiss Nelson,England,"FW,MF",Arsenal,22,1999,11,0,212,2.4,3,2,5,3,0,0,0,0,1.25,0.8333333333333334,2.0833333333333335,1.25,2.0833333333333335,False,2022-23,2022,2.0833333333333335,2,232,20.0,192.0,1.3888888888888888,0.0,,484,38.0,59.94736842105263,15.605263157894736,5.368421052631579,8.973684210526315,88.0,43.0,0.6349036402569593,0.0,3.0,2023-24,True
Reiss Nelson,England,FW,Arsenal,23,1999,15,1,268,3.0,0,0,0,0,0,0,1,0,0.0,0.0,0.0,0.0,0.0,False,2023-24,2023,0.0,3,500,212.0,56.0,0.462962962962963,2.0833333333333335,0.0,529,38.0,58.63157894736842,17.263157894736842,5.973684210526316,8.473684210526315,91.0,29.0,0.6707566462167689,0.7142857142857143,1.4,2025-26,False
Reiss Nelson,England,"FW,MF",Brentford,25,1999,10,0,126,1.4,0,1,1,0,0,0,0,0,0.0,0.7142857142857143,0.7142857142857143,0.0,0.7142857142857143,False,2025-26,2025,0.7142857142857143,4,626,268.0,-142.0,0.6305114638447972,0.0,2.0833333333333335,625,38.0,47.5,10.657894736842104,3.8684210526315788,13.263157894736842,55.0,52.0,0.44554455445544555,,,,False
Reiss NelsonReiss Nelson,England,"FW,MF",Fulham,24,1999,12,5,490,5.4,1,1,2,1,0,0,1,0,0.18518518518518517,0.18518518518518517,0.37037037037037035,0.18518518518518517,0.37037037037037035,False,2024-25,2024,0.37037037037037035,1,490,,,0.37037037037037035,,,576,38.0,52.473684210526315,13.710526315789474,4.552631578947368,11.368421052631579,54.0,54.0,0.5466946484784889,,,,False
Remi Matthews,England,GK,Crystal Palace,29,1994,1,0,4,0.0,0,0,0,0,0,0,0,0,0.0,0.0,0.0,0.0,0.0,False,2023-24,2023,0.0,1,4,,,0.0,,,841,38.0,42.1578947368421,12.0,4.447368421052632,12.078947368421053,57.0,58.0,0.4983606557377049,,,,False
Remo Freuler,Switzerland,MF,Nottingham,30,1992,28,24,2161,24.0,0,0,0,0,0,0,4,0,0.0,0.0,0.0,0.0,0.0,False,2022-23,2022,0.0,1,2161,,,0.0,,,900,38.0,37.21052631578947,9.68421052631579,3.1052631578947367,14.657894736842104,38.0,68.0,0.3978378378378378,,,,False
Remy Rees-Dottin,England,FW,Bournemouth,18,2006,1,0,1,0.0,0,0,0,0,0,0,0,0,0.0,0.0,0.0,0.0,0.0,False,2024-25,2024,0.0,1,1,,,0.0,,,324,38.0,48.578947368421055,15.263157894736842,5.315789473684211,12.842105263157896,58.0,46.0,0.5430711610486891,,,,False
Renan Lodi,Brazil,"DF,MF",Nottingham,24,1998,28,26,2214,24.6,0,1,1,0,0,0,7,0,0.0,0.04065040650406504,0.04065040650406504,0.0,0.04065040650406504,False,2022-23,2022,0.04065040650406504,1,2214,,,0.04065040650406504,,,576,38.0,37.21052631578947,9.68421052631579,3.1052631578947367,14.657894736842104,38.0,68.0,0.3978378378378378,,,,False
Renato Veiga,Portugal,MF,Chelsea,21,2003,7,1,181,2.0,0,0,0,0,0,0,2,0,0.0,0.0,0.0,0.0,0.0,False,2024-25,2024,0.0,1,181,,,0.0,,,441,38.0,57.3421052631579,15.657894736842104,5.7368421052631575,10.447368421052632,64.0,43.0,0.5997983870967741,,,,False
Rhian Brewster,England,FW,Sheffield United,23,2000,13,3,346,3.8,0,0,0,0,0,0,0,1,0.0,0.0,0.0,0.0,0.0,False,2023-24,2023,0.0,1,346,,,0.0,,,529,,,,,,,,,,,,False
Rhys Norrington-Davies,Wales,DF,Sheffield United,24,1999,5,2,110,1.2,0,0,0,0,0,0,1,0,0.0,0.0,0.0,0.0,0.0,False,2023-24,2023,0.0,1,110,,,0.0,,,576,,,,,,,,,,,,False
Ricardo Pereira,Portugal,"DF,MF",Leicester City,27,1993,14,13,991,11.0,1,3,4,1,0,0,3,0,0.09090909090909091,0.2727272727272727,0.36363636363636365,0.09090909090909091,0.36363636363636365,False,2021-22,2021,0.36363636363636365,1,991,,,0.36363636363636365,,,729,,,,,,,,,0.4,5.0,2022-23,True
Ricardo Pereira,Portugal,"DF,MF",Leicester City,28,1993,10,5,454,5.0,1,1,2,1,0,0,2,0,0.2,0.2,0.4,0.2,0.4,False,2022-23,2022,0.4,2,1445,991.0,-537.0,0.3878787878787879,0.36363636363636365,,784,,,,,,,,,0.0,4.3,2024-25,True
Ricardo Pereira,Portugal,DF,Leicester City,30,1993,10,4,388,4.3,0,0,0,0,0,0,1,0,0.0,0.0,0.0,0.0,0.0,False,2024-25,2024,0.0,3,1833,454.0,-66.0,0.12929292929292932,0.4,0.36363636363636365,900,,,,,,,,,,,,False
Riccardo Calafiori,Italy,DF,Arsenal,22,2002,19,11,983,10.9,2,1,3,2,0,0,4,0,0.18348623853211007,0.09174311926605504,0.27522935779816515,0.18348623853211007,0.27522935779816515,False,2024-25,2024,0.27522935779816515,1,983,,,0.27522935779816515,,,484,38.0,57.18421052631579,14.394736842105264,4.947368421052632,9.526315789473685,69.0,34.0,0.6017601760176018,0.15873015873015875,18.9,2025-26,True
Riccardo Calafiori,Italy,DF,Arsenal,23,2002,26,22,1699,18.9,1,2,3,1,0,0,5,0,0.052910052910052914,0.10582010582010583,0.15873015873015875,0.052910052910052914,0.15873015873015875,False,2025-26,2025,0.15873015873015875,2,2682,983.0,716.0,0.1975632250861609,0.27522935779816515,,529,38.0,56.44736842105263,14.526315789473685,4.894736842105263,8.157894736842104,71.0,27.0,0.640371229698376,,,,False
Richarlison,Brazil,"FW,MF",Everton,24,1997,30,28,2523,28.0,10,5,15,7,3,3,9,0,0.35714285714285715,0.17857142857142858,0.5357142857142857,0.25,0.42857142857142855,False,2021-22,2021,0.5357142857142857,1,2523,,,0.5357142857142857,,,576,38.0,39.68421052631579,11.526315789473685,3.6315789473684212,13.710526315789474,43.0,66.0,0.45672575599582904,0.35714285714285715,11.2,2022-23,True
Richarlison,Brazil,"MF,FW",Tottenham,25,1997,27,12,1010,11.2,1,3,4,1,0,0,3,0,0.08928571428571429,0.26785714285714285,0.35714285714285715,0.08928571428571429,0.35714285714285715,False,2022-23,2022,0.35714285714285715,2,3533,2523.0,-1513.0,0.41666666666666663,0.5357142857142857,,625,38.0,49.94736842105263,13.68421052631579,5.2631578947368425,13.68421052631579,70.0,63.0,0.5,0.9036144578313252,16.6,2023-24,True
Richarlison,Brazil,"FW,MF",Tottenham,26,1997,28,18,1491,16.6,11,4,15,11,0,0,3,0,0.6626506024096385,0.24096385542168672,0.9036144578313252,0.6626506024096385,0.9036144578313252,False,2023-24,2023,0.9036144578313252,3,5024,1010.0,481.0,0.7412985274431056,0.35714285714285715,0.5357142857142857,676,38.0,62.05263157894737,15.31578947368421,5.631578947368421,12.789473684210526,74.0,61.0,0.5449438202247191,0.8928571428571429,5.6,2024-25,True
Richarlison,Brazil,FW,Tottenham,27,1997,15,4,504,5.6,4,1,5,4,0,0,2,0,0.7142857142857143,0.17857142857142858,0.8928571428571429,0.7142857142857143,0.8928571428571429,False,2024-25,2024,0.8928571428571429,4,5528,1491.0,-987.0,0.8423376043857971,0.9036144578313252,0.35714285714285715,729,38.0,54.76315789473684,13.078947368421053,4.868421052631579,13.736842105263158,64.0,65.0,0.4877330716388616,0.6880733944954128,21.8,2025-26,True
Richarlison,Brazil,"FW,MF",Tottenham,28,1997,32,20,1964,21.8,11,4,15,11,0,0,5,0,0.5045871559633027,0.18348623853211007,0.6880733944954128,0.5045871559633027,0.6880733944954128,False,2025-26,2025,0.6880733944954128,5,7492,504.0,1460.0,0.7394947977922076,0.8928571428571429,0.9036144578313252,784,38.0,50.421052631578945,11.447368421052632,3.8421052631578947,12.289473684210526,48.0,57.0,0.4822616407982262,,,,False
Rico Henry,Jamaica,"MF,DF",Brentford,24,1997,34,33,2776,30.8,3,0,3,3,0,0,2,0,0.09740259740259741,0.0,0.09740259740259741,0.09740259740259741,0.09740259740259741,False,2021-22,2021,0.09740259740259741,1,2776,,,0.09740259740259741,,,576,38.0,44.5,11.631578947368421,4.052631578947368,13.210526315789474,48.0,56.0,0.4682203389830508,0.05555555555555555,36.0,2022-23,True
Rico Henry,Jamaica,"DF,MF",Brentford,25,1997,37,37,3238,36.0,0,2,2,0,0,0,4,0,0.0,0.05555555555555555,0.05555555555555555,0.0,0.05555555555555555,False,2022-23,2022,0.05555555555555555,2,6014,2776.0,462.0,0.06950456950456951,0.09740259740259741,,625,38.0,43.39473684210526,10.710526315789474,4.2631578947368425,14.763157894736842,58.0,46.0,0.42045454545454547,0.2222222222222222,4.5,2023-24,True
Rico Henry,Jamaica,DF,Brentford,26,1997,5,5,401,4.5,0,1,1,0,0,0,1,0,0.0,0.2222222222222222,0.2222222222222222,0.0,0.2222222222222222,False,2023-24,2023,0.2222222222222222,3,6415,3238.0,-2837.0,0.17131633798300464,0.05555555555555555,0.09740259740259741,676,38.0,44.973684210526315,12.447368421052632,4.526315789473684,14.421052631578947,56.0,65.0,0.4632713026444662,0.0,1.1,2024-25,False
Rico Henry,Jamaica,"DF,MF",Brentford,27,1997,5,0,99,1.1,0,0,0,0,0,0,0,0,0.0,0.0,0.0,0.0,0.0,False,2024-25,2024,0.0,4,6514,401.0,-302.0,0.05710544599433488,0.2222222222222222,0.05555555555555555,729,38.0,47.81578947368421,11.578947368421053,4.842105263157895,17.026315789473685,66.0,57.0,0.40478380864765406,0.06756756756756756,14.8,2025-26,True
Rico Henry,Jamaica,DF,Brentford,28,1997,25,14,1328,14.8,0,1,1,0,0,0,2,0,0.0,0.06756756756756756,0.06756756756756756,0.0,0.06756756756756756,False,2025-26,2025,0.06756756756756756,5,7842,99.0,1229.0,0.06408019370982333,0.0,0.2222222222222222,784,38.0,47.5,10.657894736842104,3.8684210526315788,13.263157894736842,55.0,52.0,0.44554455445544555,,,,False
Rico Lewis,England,"DF,MF",Manchester City,17,2004,14,10,903,10.0,0,0,0,0,0,0,1,0,0.0,0.0,0.0,0.0,0.0,False,2022-23,2022,0.0,1,903,,,0.0,,,289,38.0,65.34210526315789,15.789473684210526,5.7631578947368425,7.7105263157894735,94.0,33.0,0.6718924972004479,0.2222222222222222,9.0,2023-24,True
Rico Lewis,England,"DF,MF",Manchester City,18,2004,16,8,809,9.0,2,0,2,2,0,0,1,0,0.2222222222222222,0.0,0.2222222222222222,0.2222222222222222,0.2222222222222222,False,2023-24,2023,0.2222222222222222,2,1712,903.0,-94.0,0.14814814814814814,0.0,,324,38.0,65.73684210526316,18.263157894736842,7.315789473684211,7.7368421052631575,96.0,34.0,0.7024291497975709,0.14285714285714285,21.0,2024-25,True
Rico Lewis,England,"DF,MF",Manchester City,19,2004,28,21,1893,21.0,1,2,3,1,0,0,5,1,0.047619047619047616,0.09523809523809523,0.14285714285714285,0.047619047619047616,0.14285714285714285,False,2024-25,2024,0.14285714285714285,3,3605,809.0,1084.0,0.14462081128747795,0.2222222222222222,0.0,361,38.0,61.73684210526316,16.0,5.7105263157894735,9.31578947368421,72.0,44.0,0.6320166320166319,0.2222222222222222,4.5,2025-26,True
Rico Lewis,England,DF,Manchester City,20,2004,11,4,407,4.5,0,1,1,0,0,0,2,0,0.0,0.2222222222222222,0.2222222222222222,0.0,0.2222222222222222,False,2025-26,2025,0.2222222222222222,4,4012,1893.0,-1486.0,0.19635508524397413,0.14285714285714285,0.2222222222222222,400,38.0,60.6578947368421,15.657894736842104,5.394736842105263,9.710526315789474,77.0,35.0,0.617219917012448,,,,False
Rio Cardines,Trinidad & Tobago,MF,Crystal Palace,19,2006,1,1,90,1.0,0,0,0,0,0,0,0,0,0.0,0.0,0.0,0.0,0.0,False,2025-26,2025,0.0,1,90,,,0.0,,,361,38.0,45.89473684210526,11.631578947368421,3.710526315789474,11.710526315789474,41.0,51.0,0.49830890642615555,,,,False
Rio Ngumoha,England,MF,Liverpool,16,2008,19,5,560,6.2,2,1,3,2,0,0,0,0,0.3225806451612903,0.16129032258064516,0.48387096774193544,0.3225806451612903,0.48387096774193544,False,2025-26,2025,0.48387096774193544,1,560,,,0.48387096774193544,,,256,38.0,59.31578947368421,15.473684210526315,4.605263157894737,11.447368421052632,63.0,53.0,0.5747800586510264,,,,False
Riyad Mahrez,Algeria,FW,Manchester City,30,1991,28,15,1498,16.6,11,5,16,7,4,5,0,0,0.6626506024096385,0.3012048192771084,0.9638554216867469,0.4216867469879518,0.7228915662650601,False,2021-22,2021,0.9638554216867469,1,1498,,,0.9638554216867469,,,900,38.0,68.5,18.763157894736842,6.657894736842105,6.2368421052631575,99.0,26.0,0.7505263157894737,0.704225352112676,21.3,2022-23,True
Riyad Mahrez,Algeria,"MF,FW",Manchester City,31,1991,30,22,1920,21.3,5,10,15,4,1,1,2,0,0.2347417840375587,0.4694835680751174,0.704225352112676,0.18779342723004694,0.6572769953051643,False,2022-23,2022,0.704225352112676,2,3418,1498.0,422.0,0.7907687086373663,0.9638554216867469,,961,38.0,65.34210526315789,15.789473684210526,5.7631578947368425,7.7105263157894735,94.0,33.0,0.6718924972004479,,,,False
Rob Holding,England,DF,Arsenal,25,1995,15,9,845,9.4,1,0,1,1,0,0,4,1,0.10638297872340426,0.0,0.10638297872340426,0.10638297872340426,0.10638297872340426,False,2021-22,2021,0.10638297872340426,1,845,,,0.10638297872340426,,,625,38.0,53.18421052631579,15.473684210526315,5.157894736842105,11.18421052631579,61.0,48.0,0.5804540967423495,0.15873015873015872,6.3,2022-23,True
Rob Holding,England,DF,Arsenal,26,1995,14,6,566,6.3,1,0,1,1,0,0,0,0,0.15873015873015872,0.0,0.15873015873015872,0.15873015873015872,0.15873015873015872,False,2022-23,2022,0.15873015873015872,2,1411,845.0,-279.0,0.14128109872790723,0.10638297872340426,,676,38.0,59.94736842105263,15.605263157894736,5.368421052631579,8.973684210526315,88.0,43.0,0.6349036402569593,,,,False
Robert Sánchez,Spain,GK,Brighton,23,1997,37,37,3329,37.0,0,0,0,0,0,0,3,1,0.0,0.0,0.0,0.0,0.0,False,2021-22,2021,0.0,1,3329,,,0.0,,,529,38.0,54.73684210526316,12.868421052631579,4.0,12.526315789473685,42.0,44.0,0.5067357512953368,0.0,23.0,2022-23,True
Robert Sánchez,Spain,GK,Brighton,24,1997,23,23,2070,23.0,0,0,0,0,0,0,2,0,0.0,0.0,0.0,0.0,0.0,False,2022-23,2022,0.0,2,5399,3329.0,-1259.0,0.0,0.0,,576,38.0,60.526315789473685,16.105263157894736,6.078947368421052,10.210526315789474,72.0,53.0,0.612,0.0,15.9,2023-24,True
Robert Sánchez,Spain,GK,Chelsea,25,1997,16,16,1433,15.9,0,0,0,0,0,0,2,0,0.0,0.0,0.0,0.0,0.0,False,2023-24,2023,0.0,3,6832,2070.0,-637.0,0.0,0.0,0.0,625,38.0,59.0,14.421052631578947,5.657894736842105,14.631578947368421,77.0,63.0,0.4963768115942029,0.0,32.0,2024-25,True
Robert Sánchez,Spain,GK,Chelsea,26,1997,32,32,2880,32.0,0,0,0,0,0,0,5,0,0.0,0.0,0.0,0.0,0.0,False,2024-25,2024,0.0,4,9712,1433.0,1447.0,0.0,0.0,0.0,676,38.0,57.3421052631579,15.657894736842104,5.7368421052631575,10.447368421052632,64.0,43.0,0.5997983870967741,0.02958579881656805,33.8,2025-26,True
Robert Sánchez,Spain,GK,Chelsea,27,1997,35,35,3039,33.8,0,1,1,0,0,0,3,1,0.0,0.02958579881656805,0.02958579881656805,0.0,0.02958579881656805,False,2025-26,2025,0.02958579881656805,5,12751,2880.0,159.0,0.01972386587771203,0.0,0.0,729,38.0,57.73684210526316,13.394736842105264,4.368421052631579,10.947368421052632,58.0,52.0,0.5502702702702702,,,,False
Roberto Firmino,Brazil,FW,Liverpool,29,1991,20,10,990,11.0,5,4,9,5,0,0,3,0,0.45454545454545453,0.36363636363636365,0.8181818181818182,0.45454545454545453,0.8181818181818182,False,2021-22,2021,0.8181818181818182,1,990,,,0.8181818181818182,,,841,38.0,63.3421052631579,19.18421052631579,6.7631578947368425,7.7894736842105265,94.0,26.0,0.7112195121951219,1.1111111111111112,13.5,2022-23,True
Roberto Firmino,Brazil,FW,Liverpool,30,1991,25,13,1213,13.5,11,4,15,11,0,0,0,0,0.8148148148148148,0.2962962962962963,1.1111111111111112,0.8148148148148148,1.1111111111111112,False,2022-23,2022,1.1111111111111112,2,2203,990.0,223.0,1.0134680134680134,0.8181818181818182,,900,38.0,61.10526315789474,15.921052631578947,5.578947368421052,9.710526315789474,75.0,47.0,0.6211498973305954,,,,False
Robin Koch,Germany,"MF,DF",Leeds United,25,1996,20,17,1574,17.5,0,0,0,0,0,0,3,0,0.0,0.0,0.0,0.0,0.0,False,2021-22,2021,0.0,1,1574,,,0.0,,,625,38.0,52.473684210526315,12.736842105263158,4.052631578947368,15.289473684210526,42.0,79.0,0.4544600938967136,0.0,35.3,2022-23,True
Robin Koch,Germany,DF,Leeds United,26,1996,36,36,3175,35.3,0,0,0,0,0,0,7,0,0.0,0.0,0.0,0.0,0.0,False,2022-23,2022,0.0,2,4749,1574.0,1601.0,0.0,0.0,,676,38.0,46.94736842105263,12.157894736842104,3.8157894736842106,13.868421052631579,48.0,78.0,0.4671385237613751,,,,False
Robin Olsen,Sweden,GK,Aston Villa,31,1990,1,1,90,1.0,0,0,0,0,0,0,0,0,0.0,0.0,0.0,0.0,0.0,False,2021-22,2021,0.0,1,90,,,0.0,,,961,38.0,46.473684210526315,12.210526315789474,4.2631578947368425,12.552631578947368,52.0,54.0,0.49309245483528164,0.0,3.1,2022-23,True
Robin Olsen,Sweden,GK,Aston Villa,32,1990,4,2,281,3.1,0,0,0,0,0,0,0,0,0.0,0.0,0.0,0.0,0.0,False,2022-23,2022,0.0,2,371,90.0,191.0,0.0,0.0,,1024,38.0,49.44736842105263,11.31578947368421,3.973684210526316,11.289473684210526,51.0,46.0,0.5005820721769499,0.0,4.5,2023-24,True
Robin Olsen,Sweden,GK,Aston Villa,33,1990,5,4,405,4.5,0,0,0,0,0,0,0,0,0.0,0.0,0.0,0.0,0.0,False,2023-24,2023,0.0,3,776,281.0,124.0,0.0,0.0,0.0,1089,38.0,53.421052631578945,13.5,5.0,11.947368421052632,76.0,61.0,0.5305067218200621,0.0,2.5,2024-25,False
Robin Olsen,Sweden,GK,Aston Villa,34,1990,4,1,226,2.5,0,0,0,0,0,0,0,0,0.0,0.0,0.0,0.0,0.0,False,2024-25,2024,0.0,4,1002,405.0,-179.0,0.0,0.0,0.0,1156,38.0,50.71052631578947,12.736842105263158,4.473684210526316,12.18421052631579,58.0,51.0,0.5110876451953538,,,,False
Robin Roefs,Netherlands,GK,Sunderland,22,2003,35,35,3150,35.0,0,0,0,0,0,0,4,0,0.0,0.0,0.0,0.0,0.0,False,2025-26,2025,0.0,1,3150,,,0.0,,,484,38.0,44.89473684210526,10.421052631578947,3.4210526315789473,14.210526315789474,42.0,48.0,0.4230769230769231,,,,False
Rodri,Spain,MF,Manchester City,25,1996,33,33,2884,32.0,7,2,9,7,0,0,5,0,0.21875,0.0625,0.28125,0.21875,0.28125,False,2021-22,2021,0.28125,1,2884,,,0.28125,,,625,38.0,68.5,18.763157894736842,6.657894736842105,6.2368421052631575,99.0,26.0,0.7505263157894737,0.24767801857585142,32.3,2022-23,True
Rodri,Spain,"MF,DF",Manchester City,26,1996,36,34,2911,32.3,2,6,8,2,0,0,5,0,0.061919504643962855,0.18575851393188855,0.24767801857585142,0.061919504643962855,0.24767801857585142,False,2022-23,2022,0.24767801857585142,2,5795,2884.0,27.0,0.2588686790505676,0.28125,,676,38.0,65.34210526315789,15.789473684210526,5.7631578947368425,7.7105263157894735,94.0,33.0,0.6718924972004479,0.5214723926380368,32.6,2023-24,True
Rodri,Spain,"MF,DF",Manchester City,27,1996,34,34,2931,32.6,8,9,17,8,0,0,8,1,0.24539877300613497,0.2760736196319018,0.5214723926380368,0.24539877300613497,0.5214723926380368,False,2023-24,2023,0.5214723926380368,3,8726,2911.0,20.0,0.4339378214422137,0.24767801857585142,0.28125,729,38.0,65.73684210526316,18.263157894736842,7.315789473684211,7.7368421052631575,96.0,34.0,0.7024291497975709,0.0,0.8,2024-25,False
Rodri,Spain,MF,Manchester City,28,1996,3,1,73,0.8,0,0,0,0,0,0,0,0,0.0,0.0,0.0,0.0,0.0,False,2024-25,2024,0.0,4,8799,2931.0,-2858.0,0.14464594048073792,0.5214723926380368,0.24767801857585142,784,38.0,61.73684210526316,16.0,5.7105263157894735,9.31578947368421,72.0,44.0,0.6320166320166319,0.05952380952380952,16.8,2025-26,True
Rodri,Spain,MF,Manchester City,29,1996,21,17,1511,16.8,1,0,1,1,0,0,3,0,0.05952380952380952,0.0,0.05952380952380952,0.05952380952380952,0.05952380952380952,False,2025-26,2025,0.05952380952380952,5,10310,73.0,1438.0,0.08789785317611899,0.0,0.5214723926380368,841,38.0,60.6578947368421,15.657894736842104,5.394736842105263,9.710526315789474,77.0,35.0,0.617219917012448,,,,False
Rodrigo,Spain,"MF,FW",Leeds United,30,1991,31,27,2265,25.2,6,1,7,5,1,1,9,0,0.2380952380952381,0.03968253968253968,0.2777777777777778,0.19841269841269843,0.2380952380952381,False,2021-22,2021,0.2777777777777778,1,2265,,,0.2777777777777778,,,900,38.0,52.473684210526315,12.736842105263158,4.052631578947368,15.289473684210526,42.0,79.0,0.4544600938967136,0.6511627906976745,21.5,2022-23,True
Rodrigo,Spain,"FW,MF",Leeds United,31,1991,31,23,1935,21.5,13,1,14,12,1,1,6,0,0.6046511627906976,0.046511627906976744,0.6511627906976745,0.5581395348837209,0.6046511627906977,False,2022-23,2022,0.6511627906976745,2,4200,2265.0,-330.0,0.5267011197243755,0.2777777777777778,,961,38.0,46.94736842105263,12.157894736842104,3.8157894736842106,13.868421052631579,48.0,78.0,0.4671385237613751,,,,False
Rodrigo Bentancur,Uruguay,MF,Tottenham,24,1997,17,16,1361,15.1,0,4,4,0,0,0,5,0,0.0,0.26490066225165565,0.26490066225165565,0.0,0.26490066225165565,False,2021-22,2021,0.26490066225165565,1,1361,,,0.26490066225165565,,,576,38.0,52.0,12.921052631578947,5.184210526315789,12.921052631578947,69.0,40.0,0.5,0.4191616766467066,16.7,2022-23,True
Rodrigo Bentancur,Uruguay,MF,Tottenham,25,1997,18,17,1500,16.7,5,2,7,5,0,0,8,0,0.29940119760479045,0.11976047904191617,0.4191616766467066,0.29940119760479045,0.4191616766467066,False,2022-23,2022,0.4191616766467066,2,2861,1361.0,139.0,0.36774133851502294,0.26490066225165565,,625,38.0,49.94736842105263,13.68421052631579,5.2631578947368425,13.68421052631579,70.0,63.0,0.5,0.17857142857142858,11.2,2023-24,True
Rodrigo Bentancur,Uruguay,MF,Tottenham,26,1997,23,13,1005,11.2,1,1,2,1,0,0,7,0,0.08928571428571429,0.08928571428571429,0.17857142857142858,0.08928571428571429,0.17857142857142858,False,2023-24,2023,0.17857142857142858,3,3866,1500.0,-495.0,0.24162806521929336,0.4191616766467066,0.26490066225165565,676,38.0,62.05263157894737,15.31578947368421,5.631578947368421,12.789473684210526,74.0,61.0,0.5449438202247191,0.1092896174863388,18.3,2024-25,True
Rodrigo Bentancur,Uruguay,MF,Tottenham,27,1997,26,21,1645,18.3,2,0,2,2,0,0,9,0,0.1092896174863388,0.0,0.1092896174863388,0.1092896174863388,0.1092896174863388,False,2024-25,2024,0.1092896174863388,4,5511,1005.0,640.0,0.15340243339732365,0.17857142857142858,0.4191616766467066,729,38.0,54.76315789473684,13.078947368421053,4.868421052631579,13.736842105263158,64.0,65.0,0.4877330716388616,0.09569377990430622,20.9,2025-26,True
Rodrigo Bentancur,Uruguay,MF,Tottenham,28,1997,26,23,1883,20.9,1,1,2,1,0,0,7,0,0.04784688995215311,0.04784688995215311,0.09569377990430622,0.04784688995215311,0.09569377990430622,False,2025-26,2025,0.09569377990430622,5,7394,1645.0,238.0,0.11492999773531204,0.1092896174863388,0.17857142857142858,784,38.0,50.421052631578945,11.447368421052632,3.8421052631578947,12.289473684210526,48.0,57.0,0.4822616407982262,,,,False
Rodrigo Gomes,Portugal,MF,Wolves,21,2003,25,7,810,9.0,2,0,2,2,0,0,0,0,0.2222222222222222,0.0,0.2222222222222222,0.2222222222222222,0.2222222222222222,False,2024-25,2024,0.2222222222222222,1,810,,,0.2222222222222222,,,441,,,,,,,,,0.28037383177570097,10.7,2025-26,True
Rodrigo Gomes,Portugal,"MF,FW",Wolves,22,2003,22,9,960,10.7,3,0,3,3,0,0,0,0,0.28037383177570097,0.0,0.28037383177570097,0.28037383177570097,0.28037383177570097,False,2025-26,2025,0.28037383177570097,2,1770,810.0,150.0,0.2609899619245414,0.2222222222222222,,484,,,,,,,,,,,,False
Rodrigo Muniz,Brazil,FW,Fulham,22,2001,26,18,1593,17.7,9,1,10,9,0,0,1,0,0.5084745762711864,0.05649717514124294,0.5649717514124294,0.5084745762711864,0.5649717514124294,False,2023-24,2023,0.5649717514124294,1,1593,,,0.5649717514124294,,,484,38.0,50.73684210526316,13.157894736842104,4.7105263157894735,13.763157894736842,55.0,61.0,0.4887585532746823,0.8411214953271029,10.7,2024-25,True
Rodrigo Muniz,Brazil,FW,Fulham,23,2001,31,8,964,10.7,8,1,9,8,0,0,1,0,0.7476635514018692,0.09345794392523366,0.8411214953271029,0.7476635514018692,0.8411214953271029,False,2024-25,2024,0.8411214953271029,2,2557,1593.0,-629.0,0.7490715806888784,0.5649717514124294,,529,38.0,52.473684210526315,13.710526315789474,4.552631578947368,11.368421052631579,54.0,54.0,0.5466946484784889,0.1801801801801802,11.1,2025-26,True
Rodrigo Muniz,Brazil,FW,Fulham,24,2001,21,10,1000,11.1,1,1,2,1,0,0,2,0,0.0900900900900901,0.0900900900900901,0.1801801801801802,0.0900900900900901,0.1801801801801802,False,2025-26,2025,0.1801801801801802,3,3557,964.0,36.0,0.369810647016413,0.8411214953271029,0.5649717514124294,576,38.0,51.73684210526316,12.657894736842104,3.6315789473684212,11.789473684210526,47.0,51.0,0.5177610333692142,,,,False
Rodrigo Ribeiro,Portugal,FW,Nottingham,18,2005,4,0,17,0.2,0,0,0,0,0,0,0,0,0.0,0.0,0.0,0.0,0.0,False,2023-24,2023,0.0,1,17,,,0.0,,,324,38.0,40.21052631578947,11.868421052631579,3.8947368421052633,13.421052631578947,49.0,67.0,0.46930280957336107,,,,False
Romain Esse,England,MF,Crystal Palace,19,2005,7,1,138,1.5,1,1,2,1,0,0,0,0,0.6666666666666666,0.6666666666666666,1.3333333333333333,0.6666666666666666,1.3333333333333333,False,2024-25,2024,1.3333333333333333,1,138,,,1.3333333333333333,,,361,38.0,42.5,13.552631578947368,4.894736842105263,12.710526315789474,51.0,51.0,0.5160320641282565,0.0,0.5,2025-26,False
Romain Esse,England,MF,Crystal Palace,20,2005,4,0,44,0.5,0,0,0,0,0,0,0,0,0.0,0.0,0.0,0.0,0.0,False,2025-26,2025,0.0,2,182,138.0,-94.0,0.4444444444444445,1.3333333333333333,,400,38.0,45.89473684210526,11.631578947368421,3.710526315789474,11.710526315789474,41.0,51.0,0.49830890642615555,,,,False
Romain Faivre,France,MF,Bournemouth,25,1998,5,0,41,0.5,0,0,0,0,0,0,1,0,0.0,0.0,0.0,0.0,0.0,False,2023-24,2023,0.0,1,41,,,0.0,,,625,38.0,44.05263157894737,14.263157894736842,4.868421052631579,13.973684210526315,54.0,67.0,0.5051258154706431,,,,False
Romain Perraud,France,"DF,MF",Southampton,23,1997,20,18,1623,18.0,0,1,1,0,0,0,3,0,0.0,0.05555555555555555,0.05555555555555555,0.0,0.05555555555555555,False,2021-22,2021,0.05555555555555555,1,1623,,,0.05555555555555555,,,529,,,,,,,,,0.19607843137254904,20.4,2022-23,True
Romain Perraud,France,DF,Southampton,24,1997,29,22,1835,20.4,2,2,4,2,0,0,4,0,0.09803921568627452,0.09803921568627452,0.19607843137254904,0.09803921568627452,0.19607843137254904,False,2022-23,2022,0.19607843137254904,2,3458,1623.0,212.0,0.14923747276688454,0.05555555555555555,,576,,,,,,,,,,,,False
Romain Saïss,Morocco,DF,Wolves,31,1990,31,31,2705,30.1,2,0,2,2,0,0,6,0,0.06644518272425248,0.0,0.06644518272425248,0.06644518272425248,0.06644518272425248,False,2021-22,2021,0.06644518272425248,1,2705,,,0.06644518272425248,,,961,,,,,,,,,,,,False
Romaine Mundle,England,MF,Sunderland,22,2003,14,2,411,4.6,0,0,0,0,0,0,1,0,0.0,0.0,0.0,0.0,0.0,False,2025-26,2025,0.0,1,411,,,0.0,,,484,38.0,44.89473684210526,10.421052631578947,3.4210526315789473,14.210526315789474,42.0,48.0,0.4230769230769231,,,,False
Roman Dixon,England,DF,Everton,19,2004,1,1,90,1.0,0,0,0,0,0,0,0,0,0.0,0.0,0.0,0.0,0.0,False,2024-25,2024,0.0,1,90,,,0.0,,,361,38.0,40.63157894736842,10.657894736842104,3.763157894736842,12.605263157894736,42.0,44.0,0.4581447963800905,,,,False
Romelle Donovan,England,FW,Brentford,18,2006,4,0,41,0.5,0,0,0,0,0,0,0,0,0.0,0.0,0.0,0.0,0.0,False,2025-26,2025,0.0,1,41,,,0.0,,,324,38.0,47.5,10.657894736842104,3.8684210526315788,13.263157894736842,55.0,52.0,0.44554455445544555,,,,False
Romelu Lukaku,Belgium,FW,Chelsea,28,1993,26,16,1589,17.7,8,0,8,7,1,1,1,0,0.4519774011299435,0.0,0.4519774011299435,0.3954802259887006,0.3954802259887006,False,2021-22,2021,0.4519774011299435,1,1589,,,0.4519774011299435,,,784,38.0,62.3421052631579,15.578947368421053,5.552631578947368,8.921052631578947,76.0,33.0,0.635875402792696,,,,False
Roméo Lavia,Belgium,MF,Southampton,18,2004,29,26,2221,24.7,1,0,1,1,0,0,9,0,0.04048582995951417,0.0,0.04048582995951417,0.04048582995951417,0.04048582995951417,False,2022-23,2022,0.04048582995951417,1,2221,,,0.04048582995951417,,,324,,,,,,,,,0.0,0.4,2023-24,False
Roméo Lavia,Belgium,MF,Chelsea,19,2004,1,0,33,0.4,0,0,0,0,0,0,0,0,0.0,0.0,0.0,0.0,0.0,False,2023-24,2023,0.0,2,2254,2221.0,-2188.0,0.013495276653171392,0.04048582995951417,,361,38.0,59.0,14.421052631578947,5.657894736842105,14.631578947368421,77.0,63.0,0.4963768115942029,0.11235955056179775,8.9,2024-25,True
Roméo Lavia,Belgium,MF,Chelsea,20,2004,16,11,797,8.9,0,1,1,0,0,0,4,0,0.0,0.11235955056179775,0.11235955056179775,0.0,0.11235955056179775,False,2024-25,2024,0.11235955056179775,3,3051,33.0,764.0,0.07940479259225562,0.0,0.04048582995951417,400,38.0,57.3421052631579,15.657894736842104,5.7368421052631575,10.447368421052632,64.0,43.0,0.5997983870967741,0.0,4.2,2025-26,True
Roméo Lavia,Belgium,MF,Chelsea,21,2004,12,4,382,4.2,0,0,0,0,0,0,0,0,0.0,0.0,0.0,0.0,0.0,False,2025-26,2025,0.0,4,3433,797.0,-415.0,0.026468264197418545,0.11235955056179775,0.0,441,38.0,57.73684210526316,13.394736842105264,4.368421052631579,10.947368421052632,58.0,52.0,0.5502702702702702,,,,False
Ronnie Edwards,England,DF,Southampton,21,2003,1,0,12,0.1,0,0,0,0,0,0,0,0,0.0,0.0,0.0,0.0,0.0,False,2024-25,2024,0.0,1,12,,,0.0,,,441,,,,,,,,,,,,False
Ross Barkley,England,MF,Chelsea,27,1993,6,1,179,2.0,1,0,1,1,0,0,0,0,0.5,0.0,0.5,0.5,0.5,False,2021-22,2021,0.5,1,179,,,0.5,,,729,38.0,62.3421052631579,15.578947368421053,5.552631578947368,8.921052631578947,76.0,33.0,0.635875402792696,0.30927835051546393,29.1,2023-24,True
Ross Barkley,England,MF,Luton Town,29,1993,32,30,2618,29.1,5,4,9,5,0,0,6,0,0.1718213058419244,0.1374570446735395,0.30927835051546393,0.1718213058419244,0.30927835051546393,False,2023-24,2023,0.30927835051546393,2,2797,179.0,2439.0,0.37285223367697595,0.5,,841,,,,,,,,,0.6153846153846154,6.5,2024-25,True
Ross Barkley,England,MF,Aston Villa,30,1993,20,3,581,6.5,3,1,4,3,0,0,3,0,0.46153846153846156,0.15384615384615385,0.6153846153846154,0.46153846153846156,0.6153846153846154,False,2024-25,2024,0.6153846153846154,3,3378,2618.0,-2037.0,0.5345404881487356,0.30927835051546393,0.5,900,38.0,50.71052631578947,12.736842105263158,4.473684210526316,12.18421052631579,58.0,51.0,0.5110876451953538,0.42105263157894735,9.5,2025-26,True
Ross Barkley,England,MF,Aston Villa,31,1993,21,7,857,9.5,3,1,4,3,0,0,1,0,0.3157894736842105,0.10526315789473684,0.42105263157894735,0.3157894736842105,0.42105263157894735,False,2025-26,2025,0.42105263157894735,4,4235,581.0,276.0,0.4588819171022101,0.6153846153846154,0.30927835051546393,961,38.0,53.6578947368421,12.710526315789474,4.473684210526316,12.894736842105264,56.0,49.0,0.4964028776978417,,,,False
Ross Stewart,Scotland,FW,Southampton,28,1996,12,4,389,4.3,1,0,1,1,0,0,1,0,0.23255813953488372,0.0,0.23255813953488372,0.23255813953488372,0.23255813953488372,False,2024-25,2024,0.23255813953488372,1,389,,,0.23255813953488372,,,784,,,,,,,,,,,,False
Ruben Loftus-Cheek,England,MF,Chelsea,25,1996,24,13,1394,15.5,0,2,2,0,0,0,1,0,0.0,0.12903225806451613,0.12903225806451613,0.0,0.12903225806451613,False,2021-22,2021,0.12903225806451613,1,1394,,,0.12903225806451613,,,625,38.0,62.3421052631579,15.578947368421053,5.552631578947368,8.921052631578947,76.0,33.0,0.635875402792696,0.05847953216374269,17.1,2022-23,True
Ruben Loftus-Cheek,England,MF,Chelsea,26,1996,25,19,1536,17.1,0,1,1,0,0,0,1,0,0.0,0.05847953216374269,0.05847953216374269,0.0,0.05847953216374269,False,2022-23,2022,0.05847953216374269,2,2930,1394.0,142.0,0.0819971074640005,0.12903225806451613,,676,38.0,59.026315789473685,12.736842105263158,4.157894736842105,11.526315789473685,38.0,47.0,0.5249457700650759,,,,False
Ryan Bertrand,England,DF,Leicester City,31,1989,4,4,337,3.7,0,0,0,0,0,0,1,0,0.0,0.0,0.0,0.0,0.0,False,2021-22,2021,0.0,1,337,,,0.0,,,961,,,,,,,,,,,,False
Ryan Christie,Scotland,MF,Bournemouth,27,1995,32,22,1834,20.4,1,1,2,1,0,0,2,0,0.04901960784313726,0.04901960784313726,0.09803921568627452,0.04901960784313726,0.09803921568627452,False,2022-23,2022,0.09803921568627452,1,1834,,,0.09803921568627452,,,729,38.0,40.078947368421055,9.394736842105264,3.5,16.473684210526315,37.0,71.0,0.3631739572736521,0.15479876160990713,32.3,2023-24,True
Ryan Christie,Scotland,MF,Bournemouth,28,1995,37,35,2907,32.3,0,5,5,0,0,0,6,0,0.0,0.15479876160990713,0.15479876160990713,0.0,0.15479876160990713,False,2023-24,2023,0.15479876160990713,2,4741,1834.0,1073.0,0.13587891296869625,0.09803921568627452,,784,38.0,44.05263157894737,14.263157894736842,4.868421052631579,13.973684210526315,54.0,67.0,0.5051258154706431,0.2127659574468085,23.5,2024-25,True
Ryan Christie,Scotland,MF,Bournemouth,29,1995,29,27,2117,23.5,2,3,5,2,0,0,9,0,0.0851063829787234,0.1276595744680851,0.2127659574468085,0.0851063829787234,0.2127659574468085,False,2024-25,2024,0.2127659574468085,3,6858,2907.0,-790.0,0.18713694262077107,0.15479876160990713,0.09803921568627452,841,38.0,48.578947368421055,15.263157894736842,5.315789473684211,12.842105263157896,58.0,46.0,0.5430711610486891,0.18181818181818182,11.0,2025-26,True
Ryan Christie,Scotland,MF,Bournemouth,30,1995,26,9,994,11.0,2,0,2,2,0,0,3,1,0.18181818181818182,0.0,0.18181818181818182,0.18181818181818182,0.18181818181818182,False,2025-26,2025,0.18181818181818182,4,7852,2117.0,-1123.0,0.18359110208571158,0.2127659574468085,0.15479876160990713,900,38.0,50.078947368421055,13.842105263157896,4.684210526315789,12.631578947368421,58.0,54.0,0.5228628230616302,,,,False
Ryan Fraser,Scotland,"FW,MF",Newcastle,27,1994,27,18,1465,16.3,2,3,5,2,0,0,3,0,0.12269938650306748,0.18404907975460122,0.3067484662576687,0.12269938650306748,0.3067484662576687,False,2021-22,2021,0.3067484662576687,1,1465,,,0.3067484662576687,,,729,38.0,39.94736842105263,11.789473684210526,3.8947368421052633,13.894736842105264,44.0,62.0,0.45901639344262296,0.0,3.5,2022-23,True
Ryan Fraser,Scotland,FW,Newcastle,28,1994,8,3,313,3.5,0,0,0,0,0,0,1,0,0.0,0.0,0.0,0.0,0.0,False,2022-23,2022,0.0,2,1778,1465.0,-1152.0,0.10224948875255625,0.3067484662576687,,784,38.0,52.44736842105263,15.026315789473685,5.184210526315789,10.18421052631579,68.0,33.0,0.5960334029227558,0.0,3.4,2024-25,True
Ryan Fraser,Scotland,"MF,DF",Southampton,30,1994,8,4,306,3.4,0,0,0,0,0,0,0,1,0.0,0.0,0.0,0.0,0.0,False,2024-25,2024,0.0,3,2084,313.0,-7.0,0.034083162917518756,0.0,0.3067484662576687,900,,,,,,,,,,,,False
Ryan Fredericks,England,DF,West Ham,28,1992,7,3,307,3.4,0,0,0,0,0,0,1,0,0.0,0.0,0.0,0.0,0.0,False,2021-22,2021,0.0,1,307,,,0.0,,,784,,,,,,,,,0.0,5.9,2022-23,True
Ryan Fredericks,England,DF,Bournemouth,29,1992,12,5,533,5.9,0,0,0,0,0,0,1,0,0.0,0.0,0.0,0.0,0.0,False,2022-23,2022,0.0,2,840,307.0,226.0,0.0,0.0,,841,38.0,40.078947368421055,9.394736842105264,3.5,16.473684210526315,37.0,71.0,0.3631739572736521,,,,False
Ryan Giles,England,"MF,DF",Luton Town,23,2000,11,5,503,5.6,0,0,0,0,0,0,0,0,0.0,0.0,0.0,0.0,0.0,False,2023-24,2023,0.0,1,503,,,0.0,,,529,,,,,,,,,,,,False
Ryan Gravenberch,Netherlands,MF,Liverpool,21,2002,26,12,1121,12.5,1,0,1,1,0,0,0,0,0.08,0.0,0.08,0.08,0.08,False,2023-24,2023,0.08,1,1121,,,0.08,,,441,38.0,61.78947368421053,20.789473684210527,7.2894736842105265,10.894736842105264,86.0,41.0,0.6561461794019934,0.11396011396011396,35.1,2024-25,True
Ryan Gravenberch,Netherlands,MF,Liverpool,22,2002,37,37,3160,35.1,0,4,4,0,0,0,6,1,0.0,0.11396011396011396,0.11396011396011396,0.0,0.11396011396011396,False,2024-25,2024,0.11396011396011396,2,4281,1121.0,2039.0,0.10264007597340931,0.08,,484,38.0,58.078947368421055,17.026315789473685,6.078947368421052,10.18421052631579,86.0,41.0,0.625725338491296,0.24096385542168672,33.2,2025-26,True
Ryan Gravenberch,Netherlands,MF,Liverpool,23,2002,36,34,2992,33.2,5,3,8,5,0,0,5,0,0.1506024096385542,0.09036144578313252,0.24096385542168672,0.1506024096385542,0.24096385542168672,False,2025-26,2025,0.24096385542168672,3,7273,3160.0,-168.0,0.1948559289389276,0.11396011396011396,0.08,529,38.0,59.31578947368421,15.473684210526315,4.605263157894737,11.447368421052632,63.0,53.0,0.5747800586510264,,,,False
Ryan Manning,Ireland,"DF,MF",Southampton,28,1996,24,18,1462,16.2,0,1,1,0,0,0,2,0,0.0,0.0617283950617284,0.0617283950617284,0.0,0.0617283950617284,False,2024-25,2024,0.0617283950617284,1,1462,,,0.0617283950617284,,,784,,,,,,,,,,,,False
Ryan One,Scotland,MF,Sheffield United,17,2006,1,0,8,0.1,0,0,0,0,0,0,0,0,0.0,0.0,0.0,0.0,0.0,False,2023-24,2023,0.0,1,8,,,0.0,,,289,,,,,,,,,,,,False
Ryan Sessegnon,England,MF,Tottenham,21,2000,15,13,1047,11.6,0,2,2,0,0,0,2,0,0.0,0.1724137931034483,0.1724137931034483,0.0,0.1724137931034483,False,2021-22,2021,0.1724137931034483,1,1047,,,0.1724137931034483,,,441,38.0,52.0,12.921052631578947,5.184210526315789,12.921052631578947,69.0,40.0,0.5,0.2222222222222222,9.0,2022-23,True
Ryan Sessegnon,England,"MF,DF",Tottenham,22,2000,17,9,813,9.0,2,0,2,2,0,0,4,0,0.2222222222222222,0.0,0.2222222222222222,0.2222222222222222,0.2222222222222222,False,2022-23,2022,0.2222222222222222,2,1860,1047.0,-234.0,0.20561941251596424,0.1724137931034483,,484,38.0,49.94736842105263,13.68421052631579,5.2631578947368425,13.68421052631579,70.0,63.0,0.5,0.9375,6.4,2024-25,True
Ryan Sessegnon,England,"MF,DF",Fulham,24,2000,16,7,580,6.4,4,2,6,4,0,0,1,0,0.625,0.3125,0.9375,0.625,0.9375,False,2024-25,2024,0.9375,3,2440,813.0,-233.0,0.6935398041719881,0.2222222222222222,0.1724137931034483,576,38.0,52.473684210526315,13.710526315789474,4.552631578947368,11.368421052631579,54.0,54.0,0.5466946484784889,0.19704433497536944,20.3,2025-26,True
Ryan Sessegnon,England,"DF,MF",Fulham,25,2000,27,20,1823,20.3,3,1,4,3,0,0,0,0,0.14778325123152708,0.04926108374384236,0.19704433497536944,0.14778325123152708,0.19704433497536944,False,2025-26,2025,0.19704433497536944,4,4263,580.0,1243.0,0.3625428247075757,0.9375,0.2222222222222222,625,38.0,51.73684210526316,12.657894736842104,3.6315789473684212,11.789473684210526,47.0,51.0,0.5177610333692142,,,,False
Ryan Trevitt,England,MF,Brentford,21,2003,1,0,4,0.0,0,0,0,0,0,0,0,0,0.0,0.0,0.0,0.0,0.0,False,2024-25,2024,0.0,1,4,,,0.0,,,441,38.0,47.81578947368421,11.578947368421053,4.842105263157895,17.026315789473685,66.0,57.0,0.40478380864765406,,,,False
Ryan Yates,England,MF,Nottingham,24,1997,26,21,1837,20.4,0,2,2,0,0,0,5,0,0.0,0.09803921568627452,0.09803921568627452,0.0,0.09803921568627452,False,2022-23,2022,0.09803921568627452,1,1837,,,0.09803921568627452,,,576,38.0,37.21052631578947,9.68421052631579,3.1052631578947367,14.657894736842104,38.0,68.0,0.3978378378378378,0.09049773755656108,22.1,2023-24,True
Ryan Yates,England,MF,Nottingham,25,1997,35,21,1992,22.1,1,1,2,1,0,0,6,0,0.04524886877828054,0.04524886877828054,0.09049773755656108,0.04524886877828054,0.09049773755656108,False,2023-24,2023,0.09049773755656108,2,3829,1837.0,155.0,0.0930115635997989,0.09803921568627452,,625,38.0,40.21052631578947,11.868421052631579,3.8947368421052633,13.421052631578947,49.0,67.0,0.46930280957336107,0.14084507042253522,21.3,2024-25,True
Ryan Yates,England,MF,Nottingham,26,1997,35,18,1915,21.3,2,1,3,2,0,0,10,0,0.09389671361502347,0.046948356807511735,0.14084507042253522,0.09389671361502347,0.14084507042253522,False,2024-25,2024,0.14084507042253522,3,5744,1992.0,-77.0,0.12490056814828977,0.09049773755656108,0.09803921568627452,676,38.0,40.921052631578945,12.18421052631579,4.368421052631579,13.973684210526315,58.0,46.0,0.4657947686116701,0.2898550724637681,6.9,2025-26,True
Ryan Yates,England,MF,Nottingham,27,1997,22,2,617,6.9,0,2,2,0,0,0,3,0,0.0,0.2898550724637681,0.2898550724637681,0.0,0.2898550724637681,False,2025-26,2025,0.2898550724637681,4,6361,1915.0,-1298.0,0.234870237691942,0.14084507042253522,0.09049773755656108,729,38.0,46.8421052631579,12.526315789473685,4.105263157894737,13.289473684210526,48.0,51.0,0.48521916411824667,,,,False
Rúben Dias,Portugal,DF,Manchester City,24,1997,29,27,2402,26.7,2,4,6,2,0,0,5,0,0.0749063670411985,0.149812734082397,0.2247191011235955,0.0749063670411985,0.2247191011235955,False,2021-22,2021,0.2247191011235955,1,2402,,,0.2247191011235955,,,576,38.0,68.5,18.763157894736842,6.657894736842105,6.2368421052631575,99.0,26.0,0.7505263157894737,0.0,22.2,2022-23,True
Rúben Dias,Portugal,"DF,MF",Manchester City,25,1997,26,22,1998,22.2,0,0,0,0,0,0,3,0,0.0,0.0,0.0,0.0,0.0,False,2022-23,2022,0.0,2,4400,2402.0,-404.0,0.0749063670411985,0.2247191011235955,,625,38.0,65.34210526315789,15.789473684210526,5.7631578947368425,7.7105263157894735,94.0,33.0,0.6718924972004479,0.0,28.4,2023-24,True
Rúben Dias,Portugal,"DF,MF",Manchester City,26,1997,30,28,2559,28.4,0,0,0,0,0,0,0,0,0.0,0.0,0.0,0.0,0.0,False,2023-24,2023,0.0,3,6959,1998.0,561.0,0.024968789013732836,0.0,0.2247191011235955,676,38.0,65.73684210526316,18.263157894736842,7.315789473684211,7.7368421052631575,96.0,34.0,0.7024291497975709,0.0,25.2,2024-25,True
Rúben Dias,Portugal,"DF,MF",Manchester City,27,1997,27,25,2271,25.2,0,0,0,0,0,0,4,0,0.0,0.0,0.0,0.0,0.0,False,2024-25,2024,0.0,4,9230,2559.0,-288.0,0.00832292967124428,0.0,0.0,729,38.0,61.73684210526316,16.0,5.7105263157894735,9.31578947368421,72.0,44.0,0.6320166320166319,0.08403361344537814,23.8,2025-26,True
Rúben Dias,Portugal,DF,Manchester City,28,1997,26,24,2141,23.8,2,0,2,2,0,0,3,0,0.08403361344537814,0.0,0.08403361344537814,0.08403361344537814,0.08403361344537814,False,2025-26,2025,0.08403361344537814,5,11371,2271.0,-130.0,0.05879671885400019,0.0,0.0,784,38.0,60.6578947368421,15.657894736842104,5.394736842105263,9.710526315789474,77.0,35.0,0.617219917012448,,,,False
Rúben Neves,Portugal,MF,Wolves,24,1997,33,31,2661,29.6,4,2,6,4,0,0,9,0,0.13513513513513511,0.06756756756756756,0.2027027027027027,0.13513513513513511,0.2027027027027027,False,2021-22,2021,0.2027027027027027,1,2661,,,0.2027027027027027,,,576,,,,,,,,,0.208955223880597,33.5,2022-23,True
Rúben Neves,Portugal,MF,Wolves,25,1997,35,33,3019,33.5,6,1,7,3,3,3,12,0,0.1791044776119403,0.029850746268656716,0.208955223880597,0.08955223880597014,0.11940298507462686,False,2022-23,2022,0.208955223880597,2,5680,2661.0,358.0,0.20687105015463222,0.2027027027027027,,625,,,,,,,,,,,,False
Rúben Vinagre,Portugal,"DF,MF",Everton,23,1999,2,0,26,0.3,0,0,0,0,0,0,0,0,0.0,0.0,0.0,0.0,0.0,False,2022-23,2022,0.0,1,26,,,0.0,,,529,38.0,42.578947368421055,11.289473684210526,4.0,15.105263157894736,34.0,57.0,0.42771684945164506,,,,False
Sadio Mané,Senegal,FW,Liverpool,29,1992,34,32,2819,31.3,16,2,18,16,0,0,5,0,0.5111821086261981,0.06389776357827476,0.5750798722044729,0.5111821086261981,0.5750798722044729,False,2021-22,2021,0.5750798722044729,1,2819,,,0.5750798722044729,,,841,38.0,63.3421052631579,19.18421052631579,6.7631578947368425,7.7894736842105265,94.0,26.0,0.7112195121951219,,,,False
Salomón Rondón,Venezuela,FW,Everton,31,1989,20,8,790,8.8,1,1,2,1,0,0,3,1,0.11363636363636363,0.11363636363636363,0.22727272727272727,0.11363636363636363,0.22727272727272727,False,2021-22,2021,0.22727272727272727,1,790,,,0.22727272727272727,,,961,38.0,39.68421052631579,11.526315789473685,3.6315789473684212,13.710526315789474,43.0,66.0,0.45672575599582904,0.0,1.2,2022-23,False
Salomón Rondón,Venezuela,FW,Everton,32,1989,7,1,109,1.2,0,0,0,0,0,0,0,0,0.0,0.0,0.0,0.0,0.0,False,2022-23,2022,0.0,2,899,790.0,-681.0,0.07575757575757576,0.22727272727272727,,1024,38.0,42.578947368421055,11.289473684210526,4.0,15.105263157894736,34.0,57.0,0.42771684945164506,,,,False
Sam Byram,England,DF,Norwich City,27,1993,15,11,1027,11.4,0,0,0,0,0,0,3,0,0.0,0.0,0.0,0.0,0.0,False,2021-22,2021,0.0,1,1027,,,0.0,,,729,,,,,,,,,0.0,0.1,2025-26,False
Sam Byram,England,"DF,MF",Leeds United,31,1993,2,0,9,0.1,0,0,0,0,0,0,0,0,0.0,0.0,0.0,0.0,0.0,False,2025-26,2025,0.0,2,1036,1027.0,-1018.0,0.0,0.0,,961,38.0,45.73684210526316,12.552631578947368,3.973684210526316,12.526315789473685,49.0,56.0,0.5005246589716683,,,,False
Sam Curtis,Ireland,DF,Sheffield United,17,2005,1,0,28,0.3,0,0,0,0,0,0,0,0,0.0,0.0,0.0,0.0,0.0,False,2023-24,2023,0.0,1,28,,,0.0,,,289,,,,,,,,,,,,False
Sam Greenwood,England,MF,Leeds United,19,2002,7,1,237,2.6,0,2,2,0,0,0,0,0,0.0,0.7692307692307692,0.7692307692307692,0.0,0.7692307692307692,False,2021-22,2021,0.7692307692307692,1,237,,,0.7692307692307692,,,361,38.0,52.473684210526315,12.736842105263158,4.052631578947368,15.289473684210526,42.0,79.0,0.4544600938967136,0.6382978723404255,4.7,2022-23,True
Sam Greenwood,England,MF,Leeds United,20,2002,18,3,424,4.7,1,2,3,1,0,0,1,0,0.2127659574468085,0.425531914893617,0.6382978723404255,0.2127659574468085,0.6382978723404255,False,2022-23,2022,0.6382978723404255,2,661,237.0,187.0,0.6819421713038734,0.7692307692307692,,400,38.0,46.94736842105263,12.157894736842104,3.8157894736842106,13.868421052631579,48.0,78.0,0.4671385237613751,,,,False
Sam Johnstone,England,GK,Crystal Palace,29,1993,9,9,810,9.0,0,0,0,0,0,0,1,0,0.0,0.0,0.0,0.0,0.0,False,2022-23,2022,0.0,1,810,,,0.0,,,841,38.0,46.13157894736842,11.18421052631579,3.5789473684210527,12.0,40.0,49.0,0.48240635641316687,0.0,20.0,2023-24,True
Sam Johnstone,England,GK,Crystal Palace,30,1993,20,20,1796,20.0,0,0,0,0,0,0,1,0,0.0,0.0,0.0,0.0,0.0,False,2023-24,2023,0.0,2,2606,810.0,986.0,0.0,0.0,,900,38.0,42.1578947368421,12.0,4.447368421052632,12.078947368421053,57.0,58.0,0.4983606557377049,0.0,7.0,2024-25,True
Sam Johnstone,England,GK,Wolves,31,1993,7,7,630,7.0,0,0,0,0,0,0,0,0,0.0,0.0,0.0,0.0,0.0,False,2024-25,2024,0.0,3,3236,1796.0,-1166.0,0.0,0.0,0.0,961,,,,,,,,,0.0,12.0,2025-26,True
Sam Johnstone,England,GK,Wolves,32,1993,12,12,1080,12.0,0,0,0,0,0,0,0,0,0.0,0.0,0.0,0.0,0.0,False,2025-26,2025,0.0,4,4316,630.0,450.0,0.0,0.0,0.0,1024,,,,,,,,,,,,False
Sam Morsy,Egypt,MF,Ipswich Town,32,1991,33,31,2751,30.6,1,1,2,1,0,0,10,0,0.032679738562091505,0.032679738562091505,0.06535947712418301,0.032679738562091505,0.06535947712418301,False,2024-25,2024,0.06535947712418301,1,2751,,,0.06535947712418301,,,1024,38.0,40.39473684210526,9.894736842105264,3.3421052631578947,15.973684210526315,36.0,82.0,0.38250254323499494,,,,False
Sam Surridge,England,FW,Nottingham,24,1998,20,1,323,3.6,1,0,1,1,0,0,2,0,0.2777777777777778,0.0,0.2777777777777778,0.2777777777777778,0.2777777777777778,False,2022-23,2022,0.2777777777777778,1,323,,,0.2777777777777778,,,576,38.0,37.21052631578947,9.68421052631579,3.1052631578947367,14.657894736842104,38.0,68.0,0.3978378378378378,,,,False
Saman Ghoddos,Iran,"FW,MF",Brentford,27,1993,17,4,536,6.0,1,1,2,1,0,0,2,0,0.16666666666666666,0.16666666666666666,0.3333333333333333,0.16666666666666666,0.3333333333333333,False,2021-22,2021,0.3333333333333333,1,536,,,0.3333333333333333,,,729,38.0,44.5,11.631578947368421,4.052631578947368,13.210526315789474,48.0,56.0,0.4682203389830508,0.0,1.5,2022-23,False
Saman Ghoddos,Iran,"FW,MF",Brentford,28,1993,15,0,139,1.5,0,0,0,0,0,0,0,0,0.0,0.0,0.0,0.0,0.0,False,2022-23,2022,0.0,2,675,536.0,-397.0,0.11111111111111112,0.3333333333333333,,784,38.0,43.39473684210526,10.710526315789474,4.2631578947368425,14.763157894736842,58.0,46.0,0.42045454545454547,0.12195121951219513,8.2,2023-24,True
Saman Ghoddos,Iran,"DF,MF",Brentford,29,1993,19,7,739,8.2,1,0,1,1,0,0,5,0,0.12195121951219513,0.0,0.12195121951219513,0.12195121951219513,0.12195121951219513,False,2023-24,2023,0.12195121951219513,3,1414,139.0,600.0,0.11833785004516711,0.0,0.3333333333333333,841,38.0,44.973684210526315,12.447368421052632,4.526315789473684,14.421052631578947,56.0,65.0,0.4632713026444662,,,,False
Samir Santos,Brazil,DF,Watford,26,1994,19,19,1673,18.6,0,0,0,0,0,0,4,0,0.0,0.0,0.0,0.0,0.0,False,2021-22,2021,0.0,1,1673,,,0.0,,,676,,,,,,,,,,,,False
Sammie Szmodics,Ireland,MF,Ipswich Town,28,1995,20,13,992,11.0,4,0,4,4,0,0,2,0,0.36363636363636365,0.0,0.36363636363636365,0.36363636363636365,0.36363636363636365,False,2024-25,2024,0.36363636363636365,1,992,,,0.36363636363636365,,,784,38.0,40.39473684210526,9.894736842105264,3.3421052631578947,15.973684210526315,36.0,82.0,0.38250254323499494,,,,False
Samuel Amo-Ameyaw,England,"FW,MF",Southampton,16,2006,1,0,4,0.0,0,0,0,0,0,0,0,0,0.0,0.0,0.0,0.0,0.0,False,2022-23,2022,0.0,1,4,,,0.0,,,256,,,,,,,,,0.0,0.3,2024-25,False
Samuel Amo-Ameyaw,England,"FW,MF",Southampton,18,2006,2,0,28,0.3,0,0,0,0,0,0,1,0,0.0,0.0,0.0,0.0,0.0,False,2024-25,2024,0.0,2,32,4.0,24.0,0.0,0.0,,324,,,,,,,,,,,,False
Samuel Chukwueze,Nigeria,MF,Fulham,26,1999,23,10,1079,12.0,3,4,7,3,0,0,0,0,0.25,0.3333333333333333,0.5833333333333334,0.25,0.5833333333333334,False,2025-26,2025,0.5833333333333334,1,1079,,,0.5833333333333334,,,676,38.0,51.73684210526316,12.657894736842104,3.6315789473684212,11.789473684210526,47.0,51.0,0.5177610333692142,,,,False
Samuel Edozie,England,"MF,FW",Southampton,19,2003,17,5,567,6.3,0,0,0,0,0,0,0,0,0.0,0.0,0.0,0.0,0.0,False,2022-23,2022,0.0,1,567,,,0.0,,,361,,,,,,,,,0.0,0.7,2024-25,False
Samuel Edozie,England,"FW,MF",Southampton,21,2003,2,0,65,0.7,0,0,0,0,0,0,1,0,0.0,0.0,0.0,0.0,0.0,False,2024-25,2024,0.0,2,632,567.0,-502.0,0.0,0.0,,441,,,,,,,,,,,,False
Samuel Kalu,Nigeria,FW,Watford,23,1997,4,2,222,2.5,0,0,0,0,0,0,0,0,0.0,0.0,0.0,0.0,0.0,False,2021-22,2021,0.0,1,222,,,0.0,,,529,,,,,,,,,,,,False
Sander Berge,Norway,MF,Burnley,25,1998,37,34,3005,33.4,1,2,3,1,0,0,10,1,0.029940119760479042,0.059880239520958084,0.08982035928143713,0.029940119760479042,0.08982035928143713,False,2023-24,2023,0.08982035928143713,1,3005,,,0.08982035928143713,,,625,,,,,,,,,0.0,24.7,2024-25,True
Sander Berge,Norway,MF,Fulham,26,1998,31,26,2224,24.7,0,0,0,0,0,0,6,0,0.0,0.0,0.0,0.0,0.0,False,2024-25,2024,0.0,2,5229,3005.0,-781.0,0.029940119760479045,0.08982035928143713,,676,38.0,52.473684210526315,13.710526315789474,4.552631578947368,11.368421052631579,54.0,54.0,0.5466946484784889,0.030959752321981428,32.3,2025-26,True
Sander Berge,Norway,MF,Fulham,27,1998,35,34,2905,32.3,0,1,1,0,0,0,5,0,0.0,0.030959752321981428,0.030959752321981428,0.0,0.030959752321981428,False,2025-26,2025,0.030959752321981428,3,8134,2224.0,681.0,0.03061987480148063,0.0,0.08982035928143713,729,38.0,51.73684210526316,12.657894736842104,3.6315789473684212,11.789473684210526,47.0,51.0,0.5177610333692142,,,,False
Sandro Tonali,Italy,MF,Newcastle,23,2000,8,5,438,4.9,1,0,1,1,0,0,2,0,0.2040816326530612,0.0,0.2040816326530612,0.2040816326530612,0.2040816326530612,False,2023-24,2023,0.2040816326530612,1,438,,,0.2040816326530612,,,529,38.0,52.21052631578947,14.5,5.605263157894737,14.052631578947368,85.0,62.0,0.5078341013824884,0.20547945205479454,29.2,2024-25,True
Sandro Tonali,Italy,MF,Newcastle,24,2000,36,28,2630,29.2,4,2,6,4,0,0,5,0,0.136986301369863,0.0684931506849315,0.20547945205479454,0.136986301369863,0.20547945205479454,False,2024-25,2024,0.20547945205479454,2,3068,438.0,2192.0,0.20501351225421677,0.2040816326530612,,576,38.0,51.05263157894737,13.789473684210526,4.578947368421052,12.447368421052632,68.0,47.0,0.5255767301905717,0.07092198581560284,28.2,2025-26,True
Sandro Tonali,Italy,MF,Newcastle,25,2000,35,31,2534,28.2,0,2,2,0,0,0,4,0,0.0,0.07092198581560284,0.07092198581560284,0.0,0.07092198581560284,False,2025-26,2025,0.07092198581560284,3,5602,2630.0,-96.0,0.11561916129514083,0.20547945205479454,0.2040816326530612,625,38.0,52.473684210526315,12.947368421052632,4.631578947368421,12.342105263157896,53.0,55.0,0.5119667013527576,,,,False
Santiago Bueno,Uruguay,DF,Wolves,24,1998,12,9,822,9.1,0,0,0,0,0,0,1,0,0.0,0.0,0.0,0.0,0.0,False,2023-24,2023,0.0,1,822,,,0.0,,,576,,,,,,,,,0.0,18.7,2024-25,True
Santiago Bueno,Uruguay,DF,Wolves,25,1998,29,18,1687,18.7,0,0,0,0,0,0,2,0,0.0,0.0,0.0,0.0,0.0,False,2024-25,2024,0.0,2,2509,822.0,865.0,0.0,0.0,,625,,,,,,,,,0.14084507042253522,28.4,2025-26,True
Santiago Bueno,Uruguay,DF,Wolves,26,1998,29,28,2553,28.4,3,1,4,3,0,0,4,0,0.10563380281690142,0.035211267605633804,0.14084507042253522,0.10563380281690142,0.14084507042253522,False,2025-26,2025,0.14084507042253522,3,5062,1687.0,866.0,0.09389671361502347,0.0,0.0,676,,,,,,,,,,,,False
Saïd Benrahma,Algeria,MF,West Ham,25,1995,32,26,2168,24.1,8,6,14,8,0,0,0,0,0.33195020746887965,0.24896265560165973,0.5809128630705394,0.33195020746887965,0.5809128630705394,False,2021-22,2021,0.5809128630705394,1,2168,,,0.5809128630705394,,,625,,,,,,,,,0.391304347826087,23.0,2022-23,True
Saïd Benrahma,Algeria,"MF,FW",West Ham,26,1995,35,22,2069,23.0,6,3,9,2,4,4,0,0,0.2608695652173913,0.13043478260869565,0.391304347826087,0.08695652173913043,0.2173913043478261,False,2022-23,2022,0.391304347826087,2,4237,2168.0,-99.0,0.45450718624090447,0.5809128630705394,,676,,,,,,,,,0.14492753623188406,6.9,2023-24,True
Saïd Benrahma,Algeria,MF,West Ham,27,1995,13,5,620,6.9,0,1,1,0,0,1,1,0,0.0,0.14492753623188406,0.14492753623188406,0.0,0.14492753623188406,False,2023-24,2023,0.14492753623188406,3,4857,2069.0,-1449.0,0.24812075290155755,0.391304347826087,0.5809128630705394,729,,,,,,,,,,,,False
Saúl Ñíguez,Spain,MF,Chelsea,26,1994,10,5,480,5.3,0,0,0,0,0,0,1,0,0.0,0.0,0.0,0.0,0.0,False,2021-22,2021,0.0,1,480,,,0.0,,,676,38.0,62.3421052631579,15.578947368421053,5.552631578947368,8.921052631578947,76.0,33.0,0.635875402792696,,,,False
Saša Kalajdžić,Austria,FW,Wolves,25,1997,1,1,45,0.5,0,0,0,0,0,0,0,0,0.0,0.0,0.0,0.0,0.0,False,2022-23,2022,0.0,1,45,,,0.0,,,625,,,,,,,,,1.1111111111111112,1.8,2023-24,False
Saša Kalajdžić,Austria,FW,Wolves,26,1997,11,1,166,1.8,2,0,2,2,0,0,0,0,1.1111111111111112,0.0,1.1111111111111112,1.1111111111111112,1.1111111111111112,False,2023-24,2023,1.1111111111111112,2,211,45.0,121.0,0.7407407407407407,0.0,,676,,,,,,,,,0.0,0.2,2025-26,False
Saša Kalajdžić,Austria,"FW,MF",Wolves,28,1997,1,0,15,0.2,0,0,0,0,0,0,0,0,0.0,0.0,0.0,0.0,0.0,False,2025-26,2025,0.0,3,226,166.0,-151.0,0.2469135802469136,1.1111111111111112,0.0,784,,,,,,,,,,,,False
Saša Lukić,Serbia,MF,Fulham,25,1996,12,4,412,4.6,0,0,0,0,0,0,1,0,0.0,0.0,0.0,0.0,0.0,False,2022-23,2022,0.0,1,412,,,0.0,,,625,38.0,48.68421052631579,11.289473684210526,3.8947368421052633,13.289473684210526,55.0,53.0,0.45931477516059954,0.08,12.5,2023-24,True
Saša Lukić,Serbia,MF,Fulham,26,1996,24,13,1122,12.5,1,0,1,1,0,0,3,0,0.08,0.0,0.08,0.08,0.08,False,2023-24,2023,0.08,2,1534,412.0,710.0,0.05333333333333333,0.0,,676,38.0,50.73684210526316,13.157894736842104,4.7105263157894735,13.763157894736842,55.0,61.0,0.4887585532746823,0.07692307692307693,26.0,2024-25,True
Saša Lukić,Serbia,MF,Fulham,27,1996,30,28,2344,26.0,0,2,2,0,0,0,12,0,0.0,0.07692307692307693,0.07692307692307693,0.0,0.07692307692307693,False,2024-25,2024,0.07692307692307693,3,3878,1122.0,1222.0,0.06905982905982906,0.08,0.0,729,38.0,52.473684210526315,13.710526315789474,4.552631578947368,11.368421052631579,54.0,54.0,0.5466946484784889,0.15544041450777202,19.3,2025-26,True
Saša Lukić,Serbia,MF,Fulham,28,1996,26,20,1734,19.3,1,2,3,1,0,0,9,0,0.05181347150259067,0.10362694300518134,0.15544041450777202,0.05181347150259067,0.15544041450777202,False,2025-26,2025,0.15544041450777202,4,5612,2344.0,-610.0,0.12664688602512436,0.07692307692307693,0.08,784,38.0,51.73684210526316,12.657894736842104,3.6315789473684212,11.789473684210526,47.0,51.0,0.5177610333692142,,,,False
Scott McKenna,Scotland,DF,Nottingham,25,1996,20,19,1571,17.5,0,0,0,0,0,0,4,0,0.0,0.0,0.0,0.0,0.0,False,2022-23,2022,0.0,1,1571,,,0.0,,,625,38.0,37.21052631578947,9.68421052631579,3.1052631578947367,14.657894736842104,38.0,68.0,0.3978378378378378,0.0,4.6,2023-24,True
Scott McKenna,Scotland,DF,Nottingham,26,1996,5,5,416,4.6,0,0,0,0,0,0,0,0,0.0,0.0,0.0,0.0,0.0,False,2023-24,2023,0.0,2,1987,1571.0,-1155.0,0.0,0.0,,676,38.0,40.21052631578947,11.868421052631579,3.8947368421052633,13.421052631578947,49.0,67.0,0.46930280957336107,,,,False
Scott McTominay,Scotland,MF,Manchester Utd,24,1996,30,28,2387,26.5,1,1,2,1,0,0,9,0,0.03773584905660377,0.03773584905660377,0.07547169811320754,0.03773584905660377,0.07547169811320754,False,2021-22,2021,0.07547169811320754,1,2387,,,0.07547169811320754,,,576,38.0,52.921052631578945,13.368421052631579,4.921052631578948,13.447368421052632,57.0,57.0,0.4985279685966634,0.07751937984496124,12.9,2022-23,True
Scott McTominay,Scotland,MF,Manchester Utd,25,1996,24,10,1160,12.9,1,0,1,1,0,0,8,0,0.07751937984496124,0.0,0.07751937984496124,0.07751937984496124,0.07751937984496124,False,2022-23,2022,0.07751937984496124,2,3547,2387.0,-1227.0,0.07683681926771001,0.07547169811320754,,625,38.0,53.973684210526315,15.578947368421053,5.631578947368421,12.657894736842104,58.0,43.0,0.5517241379310345,0.3791469194312796,21.1,2023-24,True
Scott McTominay,Scotland,"MF,FW",Manchester Utd,26,1996,32,18,1901,21.1,7,1,8,7,0,0,2,0,0.33175355450236965,0.04739336492890995,0.3791469194312796,0.33175355450236965,0.3791469194312796,False,2023-24,2023,0.3791469194312796,3,5448,1160.0,741.0,0.2783768860434231,0.07751937984496124,0.07547169811320754,676,38.0,50.526315789473685,14.473684210526315,5.078947368421052,17.55263157894737,57.0,58.0,0.4519309778142974,0.0,0.2,2024-25,False
Scott McTominay,Scotland,MF,Manchester Utd,27,1996,2,0,19,0.2,0,0,0,0,0,0,0,0,0.0,0.0,0.0,0.0,0.0,False,2024-25,2024,0.0,4,5467,1901.0,-1882.0,0.09279229534780771,0.3791469194312796,0.07751937984496124,729,38.0,53.55263157894737,13.868421052631579,4.605263157894737,10.921052631578947,44.0,54.0,0.559447983014862,,,,False
Sead Kolašinac,Bosnia & Herezgovina,DF,Arsenal,28,1993,2,1,91,1.0,0,0,0,0,0,0,1,0,0.0,0.0,0.0,0.0,0.0,False,2021-22,2021,0.0,1,91,,,0.0,,,784,38.0,53.18421052631579,15.473684210526315,5.157894736842105,11.18421052631579,61.0,48.0,0.5804540967423495,,,,False
Sean Longstaff,England,MF,Newcastle,23,1997,24,15,1464,16.3,1,1,2,1,0,0,1,0,0.06134969325153374,0.06134969325153374,0.12269938650306748,0.06134969325153374,0.12269938650306748,False,2021-22,2021,0.12269938650306748,1,1464,,,0.12269938650306748,,,529,38.0,39.94736842105263,11.789473684210526,3.8947368421052633,13.894736842105264,44.0,62.0,0.45901639344262296,0.17857142857142858,28.0,2022-23,True
Sean Longstaff,England,MF,Newcastle,24,1997,33,28,2518,28.0,1,4,5,1,0,0,2,0,0.03571428571428571,0.14285714285714285,0.17857142857142858,0.03571428571428571,0.17857142857142858,False,2022-23,2022,0.17857142857142858,2,3982,1464.0,1054.0,0.15994741454864153,0.12269938650306748,,576,38.0,52.44736842105263,15.026315789473685,5.184210526315789,10.18421052631579,68.0,33.0,0.5960334029227558,0.26229508196721313,30.5,2023-24,True
Sean Longstaff,England,MF,Newcastle,25,1997,35,30,2747,30.5,6,2,8,6,0,0,7,0,0.19672131147540983,0.06557377049180328,0.26229508196721313,0.19672131147540983,0.26229508196721313,False,2023-24,2023,0.26229508196721313,3,6729,2518.0,229.0,0.22817919282768925,0.17857142857142858,0.12269938650306748,625,38.0,52.21052631578947,14.5,5.605263157894737,14.052631578947368,85.0,62.0,0.5078341013824884,0.0,8.9,2024-25,True
Sean Longstaff,England,MF,Newcastle,26,1997,25,8,798,8.9,0,0,0,0,0,0,2,0,0.0,0.0,0.0,0.0,0.0,False,2024-25,2024,0.0,4,7527,2747.0,-1949.0,0.07605973094256309,0.26229508196721313,0.17857142857142858,676,38.0,51.05263157894737,13.789473684210526,4.578947368421052,12.447368421052632,68.0,47.0,0.5255767301905717,0.35714285714285715,11.2,2025-26,True
Sean Longstaff,England,MF,Leeds United,27,1997,23,10,1011,11.2,2,2,4,2,0,0,2,0,0.17857142857142858,0.17857142857142858,0.35714285714285715,0.17857142857142858,0.35714285714285715,False,2025-26,2025,0.35714285714285715,5,8538,798.0,213.0,0.2634484817427591,0.0,0.26229508196721313,729,38.0,45.73684210526316,12.552631578947368,3.973684210526316,12.526315789473685,49.0,56.0,0.5005246589716683,,,,False
Sean Neave,England,FW,Newcastle,18,2007,1,0,14,0.2,0,0,0,0,0,0,0,0,0.0,0.0,0.0,0.0,0.0,False,2025-26,2025,0.0,1,14,,,0.0,,,324,38.0,52.473684210526315,12.947368421052632,4.631578947368421,12.342105263157896,53.0,55.0,0.5119667013527576,,,,False
Sebastiaan Bornauw,Belgium,DF,Leeds United,26,1999,12,5,429,4.8,0,0,0,0,0,0,1,0,0.0,0.0,0.0,0.0,0.0,False,2025-26,2025,0.0,1,429,,,0.0,,,676,38.0,45.73684210526316,12.552631578947368,3.973684210526316,12.526315789473685,49.0,56.0,0.5005246589716683,,,,False
Sekou Mara,France,FW,Southampton,20,2002,22,4,555,6.2,1,2,3,1,0,0,1,0,0.16129032258064516,0.3225806451612903,0.48387096774193544,0.16129032258064516,0.48387096774193544,False,2022-23,2022,0.48387096774193544,1,555,,,0.48387096774193544,,,400,,,,,,,,,,,,False
Senne Lammens,Belgium,GK,Manchester Utd,23,2002,32,32,2880,32.0,0,0,0,0,0,0,0,0,0.0,0.0,0.0,0.0,0.0,False,2025-26,2025,0.0,1,2880,,,0.0,,,529,38.0,51.921052631578945,15.657894736842104,5.657894736842105,11.578947368421053,69.0,50.0,0.5748792270531401,,,,False
Sepp van den Berg,Netherlands,DF,Brentford,22,2001,31,29,2586,28.7,0,0,0,0,0,0,3,0,0.0,0.0,0.0,0.0,0.0,False,2024-25,2024,0.0,1,2586,,,0.0,,,484,38.0,47.81578947368421,11.578947368421053,4.842105263157895,17.026315789473685,66.0,57.0,0.40478380864765406,0.06514657980456026,30.7,2025-26,True
Sepp van den Berg,Netherlands,DF,Brentford,23,2001,32,30,2763,30.7,0,2,2,0,0,0,2,0,0.0,0.06514657980456026,0.06514657980456026,0.0,0.06514657980456026,False,2025-26,2025,0.06514657980456026,2,5349,2586.0,177.0,0.04343105320304017,0.0,,529,38.0,47.5,10.657894736842104,3.8684210526315788,13.263157894736842,55.0,52.0,0.44554455445544555,,,,False
Serge Aurier,Ivory Coast,"DF,MF",Nottingham,29,1992,24,22,1943,21.6,1,0,1,1,0,0,2,0,0.046296296296296294,0.0,0.046296296296296294,0.046296296296296294,0.046296296296296294,False,2022-23,2022,0.046296296296296294,1,1943,,,0.046296296296296294,,,841,38.0,37.21052631578947,9.68421052631579,3.1052631578947367,14.657894736842104,38.0,68.0,0.3978378378378378,0.2150537634408602,9.3,2023-24,True
Serge Aurier,Ivory Coast,"DF,MF",Nottingham,30,1992,12,10,833,9.3,0,2,2,0,0,0,2,0,0.0,0.2150537634408602,0.2150537634408602,0.0,0.2150537634408602,False,2023-24,2023,0.2150537634408602,2,2776,1943.0,-1110.0,0.15880127439267222,0.046296296296296294,,900,38.0,40.21052631578947,11.868421052631579,3.8947368421052633,13.421052631578947,49.0,67.0,0.46930280957336107,,,,False
Sergi Canós,Spain,MF,Brentford,24,1997,31,25,2083,23.1,3,2,5,3,0,0,8,1,0.12987012987012986,0.08658008658008658,0.21645021645021645,0.12987012987012986,0.21645021645021645,False,2021-22,2021,0.21645021645021645,1,2083,,,0.21645021645021645,,,576,38.0,44.5,11.631578947368421,4.052631578947368,13.210526315789474,48.0,56.0,0.4682203389830508,0.0,0.9,2022-23,False
Sergi Canós,Spain,"FW,MF",Brentford,25,1997,5,0,77,0.9,0,0,0,0,0,0,0,0,0.0,0.0,0.0,0.0,0.0,False,2022-23,2022,0.0,2,2160,2083.0,-2006.0,0.07215007215007216,0.21645021645021645,,625,38.0,43.39473684210526,10.710526315789474,4.2631578947368425,14.763157894736842,58.0,46.0,0.42045454545454547,,,,False
Sergio Gómez,Spain,"MF,FW",Manchester City,21,2000,12,2,349,3.9,0,1,1,0,0,0,0,0,0.0,0.25641025641025644,0.25641025641025644,0.0,0.25641025641025644,False,2022-23,2022,0.25641025641025644,1,349,,,0.25641025641025644,,,441,38.0,65.34210526315789,15.789473684210526,5.7631578947368425,7.7105263157894735,94.0,33.0,0.6718924972004479,1.6666666666666667,0.6,2023-24,False
Sergio Gómez,Spain,"DF,MF",Manchester City,22,2000,6,0,53,0.6,0,1,1,0,0,0,0,0,0.0,1.6666666666666667,1.6666666666666667,0.0,1.6666666666666667,False,2023-24,2023,1.6666666666666667,2,402,349.0,-296.0,1.1965811965811965,0.25641025641025644,,484,38.0,65.73684210526316,18.263157894736842,7.315789473684211,7.7368421052631575,96.0,34.0,0.7024291497975709,,,,False
Sergio Reguilón,Spain,"MF,DF",Tottenham,24,1996,25,22,1916,21.3,2,3,5,2,0,0,4,0,0.09389671361502347,0.14084507042253522,0.2347417840375587,0.09389671361502347,0.2347417840375587,False,2021-22,2021,0.2347417840375587,1,1916,,,0.2347417840375587,,,576,38.0,52.0,12.921052631578947,5.184210526315789,12.921052631578947,69.0,40.0,0.5,0.0,2.2,2024-25,False
Sergio Reguilón,Spain,DF,Tottenham,27,1996,4,1,196,2.2,0,0,0,0,0,0,2,0,0.0,0.0,0.0,0.0,0.0,False,2024-25,2024,0.0,2,2112,1916.0,-1720.0,0.0782472613458529,0.2347417840375587,,729,38.0,54.76315789473684,13.078947368421053,4.868421052631579,13.736842105263158,64.0,65.0,0.4877330716388616,,,,False
Sergio ReguilónSergio Reguilón,Spain,"MF,DF",Manchester Utd,26,1996,25,18,1530,17.0,0,4,4,0,0,0,7,1,0.0,0.23529411764705882,0.23529411764705882,0.0,0.23529411764705882,False,2023-24,2023,0.23529411764705882,1,1530,,,0.23529411764705882,,,676,38.0,50.526315789473685,14.473684210526315,5.078947368421052,17.55263157894737,57.0,58.0,0.4519309778142974,,,,False
Shandon Baptiste,Grenada,MF,Brentford,23,1998,22,9,910,10.1,1,0,1,1,0,0,2,1,0.09900990099009901,0.0,0.09900990099009901,0.09900990099009901,0.09900990099009901,False,2021-22,2021,0.09900990099009901,1,910,,,0.09900990099009901,,,529,38.0,44.5,11.631578947368421,4.052631578947368,13.210526315789474,48.0,56.0,0.4682203389830508,0.14492753623188406,6.9,2022-23,True
Shandon Baptiste,Grenada,MF,Brentford,24,1998,23,4,618,6.9,0,1,1,0,0,0,3,1,0.0,0.14492753623188406,0.14492753623188406,0.0,0.14492753623188406,False,2022-23,2022,0.14492753623188406,2,1528,910.0,-292.0,0.1296216578179557,0.09900990099009901,,576,38.0,43.39473684210526,10.710526315789474,4.2631578947368425,14.763157894736842,58.0,46.0,0.42045454545454547,0.8,2.5,2023-24,False
Shandon Baptiste,Grenada,MF,Brentford,25,1998,10,2,229,2.5,1,1,2,1,0,0,1,0,0.4,0.4,0.8,0.4,0.8,False,2023-24,2023,0.8,3,1757,618.0,-389.0,0.5765405526059852,0.14492753623188406,0.09900990099009901,625,38.0,44.973684210526315,12.447368421052632,4.526315789473684,14.421052631578947,56.0,65.0,0.4632713026444662,,,,False
Shane Duffy,Ireland,DF,Brighton,29,1992,18,15,1436,16.0,1,0,1,1,0,0,7,0,0.0625,0.0,0.0625,0.0625,0.0625,False,2021-22,2021,0.0625,1,1436,,,0.0625,,,841,38.0,54.73684210526316,12.868421052631579,4.0,12.526315789473685,42.0,44.0,0.5067357512953368,0.0,0.2,2022-23,False
Shane Duffy,Ireland,"DF,MF",Fulham,30,1992,5,0,20,0.2,0,0,0,0,0,0,0,0,0.0,0.0,0.0,0.0,0.0,False,2022-23,2022,0.0,2,1456,1436.0,-1416.0,0.020833333333333336,0.0625,,900,38.0,48.68421052631579,11.289473684210526,3.8947368421052633,13.289473684210526,55.0,53.0,0.45931477516059954,,,,False
Shane Long,Ireland,FW,Southampton,34,1987,13,3,308,3.4,1,0,1,1,0,0,1,0,0.29411764705882354,0.0,0.29411764705882354,0.29411764705882354,0.29411764705882354,False,2021-22,2021,0.29411764705882354,1,308,,,0.29411764705882354,,,1156,,,,,,,,,,,,False
Shea Charles,Northern Ireland,"DF,MF",Manchester City,18,2003,1,0,28,0.3,0,0,0,0,0,0,0,0,0.0,0.0,0.0,0.0,0.0,False,2022-23,2022,0.0,1,28,,,0.0,,,324,38.0,65.34210526315789,15.789473684210526,5.7631578947368425,7.7105263157894735,94.0,33.0,0.6718924972004479,,,,False
Shea Lacey,England,FW,Manchester Utd,18,2007,3,0,43,0.5,0,0,0,0,0,0,0,0,0.0,0.0,0.0,0.0,0.0,False,2025-26,2025,0.0,1,43,,,0.0,,,324,38.0,51.921052631578945,15.657894736842104,5.657894736842105,11.578947368421053,69.0,50.0,0.5748792270531401,,,,False
Shola Shoretire,England,"FW,MF",Manchester Utd,17,2004,1,0,16,0.2,0,0,0,0,0,0,0,0,0.0,0.0,0.0,0.0,0.0,False,2021-22,2021,0.0,1,16,,,0.0,,,289,38.0,52.921052631578945,13.368421052631579,4.921052631578948,13.447368421052632,57.0,57.0,0.4985279685966634,,,,False
Shumaira Mheuka,England,FW,Chelsea,16,2007,1,0,1,0.0,0,0,0,0,0,0,0,0,0.0,0.0,0.0,0.0,0.0,False,2024-25,2024,0.0,1,1,,,0.0,,,256,38.0,57.3421052631579,15.657894736842104,5.7368421052631575,10.447368421052632,64.0,43.0,0.5997983870967741,0.0,0.0,2025-26,False
Shumaira Mheuka,England,FW,Chelsea,17,2007,1,0,2,0.0,0,0,0,0,0,0,0,0,0.0,0.0,0.0,0.0,0.0,False,2025-26,2025,0.0,2,3,1.0,1.0,0.0,0.0,,289,38.0,57.73684210526316,13.394736842105264,4.368421052631579,10.947368421052632,58.0,52.0,0.5502702702702702,,,,False
Simon Adingra,Ivory Coast,MF,Brighton,21,2002,31,25,2222,24.7,6,1,7,6,0,0,3,0,0.24291497975708504,0.04048582995951417,0.2834008097165992,0.24291497975708504,0.2834008097165992,False,2023-24,2023,0.2834008097165992,1,2222,,,0.2834008097165992,,,441,38.0,60.3421052631579,14.789473684210526,5.473684210526316,12.289473684210526,55.0,62.0,0.5461613216715258,0.3278688524590164,12.2,2024-25,True
Simon Adingra,Ivory Coast,MF,Brighton,22,2002,29,12,1097,12.2,2,2,4,2,0,0,0,0,0.1639344262295082,0.1639344262295082,0.3278688524590164,0.1639344262295082,0.3278688524590164,False,2024-25,2024,0.3278688524590164,2,3319,2222.0,-1125.0,0.31304617154487735,0.2834008097165992,,484,38.0,52.63157894736842,14.026315789473685,5.026315789473684,11.236842105263158,66.0,59.0,0.5552083333333333,0.136986301369863,7.3,2025-26,True
Simon Adingra,Ivory Coast,"MF,FW",Sunderland,23,2002,14,9,653,7.3,1,0,1,1,0,0,2,0,0.136986301369863,0.0,0.136986301369863,0.136986301369863,0.136986301369863,False,2025-26,2025,0.136986301369863,3,3972,1097.0,-444.0,0.19567292476153447,0.3278688524590164,0.2834008097165992,529,38.0,44.89473684210526,10.421052631578947,3.4210526315789473,14.210526315789474,42.0,48.0,0.4230769230769231,,,,False
Siriki Dembélé,Ivory Coast,"FW,MF",Bournemouth,25,1996,6,0,110,1.2,0,0,0,0,0,0,0,0,0.0,0.0,0.0,0.0,0.0,False,2022-23,2022,0.0,1,110,,,0.0,,,625,38.0,40.078947368421055,9.394736842105264,3.5,16.473684210526315,37.0,71.0,0.3631739572736521,,,,False
Sofyan Amrabat,Morocco,"MF,DF",Manchester Utd,26,1996,21,10,938,10.4,0,0,0,0,0,0,6,0,0.0,0.0,0.0,0.0,0.0,False,2023-24,2023,0.0,1,938,,,0.0,,,676,38.0,50.526315789473685,14.473684210526315,5.078947368421052,17.55263157894737,57.0,58.0,0.4519309778142974,,,,False
Solly March,England,MF,Brighton,27,1994,31,17,1746,19.4,0,2,2,0,0,0,1,0,0.0,0.10309278350515465,0.10309278350515465,0.0,0.10309278350515465,False,2021-22,2021,0.10309278350515465,1,1746,,,0.10309278350515465,,,729,38.0,54.73684210526316,12.868421052631579,4.0,12.526315789473685,42.0,44.0,0.5067357512953368,0.43046357615894043,30.2,2022-23,True
Solly March,England,MF,Brighton,28,1994,33,31,2715,30.2,6,7,13,6,0,0,2,0,0.19867549668874174,0.2317880794701987,0.43046357615894043,0.19867549668874174,0.43046357615894043,False,2022-23,2022,0.43046357615894043,2,4461,1746.0,969.0,0.3213399786076785,0.10309278350515465,,784,38.0,60.526315789473685,16.105263157894736,6.078947368421052,10.210526315789474,72.0,53.0,0.612,0.6451612903225806,6.2,2023-24,True
Solly March,England,"MF,DF",Brighton,29,1994,7,7,554,6.2,3,1,4,3,0,0,1,0,0.48387096774193544,0.16129032258064516,0.6451612903225806,0.48387096774193544,0.6451612903225806,False,2023-24,2023,0.6451612903225806,3,5015,2715.0,-2161.0,0.5372208530842799,0.43046357615894043,0.10309278350515465,841,38.0,60.3421052631579,14.789473684210526,5.473684210526316,12.289473684210526,55.0,62.0,0.5461613216715258,0.0,1.9,2024-25,False
Solly March,England,MF,Brighton,30,1994,8,1,168,1.9,0,0,0,0,0,0,2,0,0.0,0.0,0.0,0.0,0.0,False,2024-25,2024,0.0,4,5183,554.0,-386.0,0.17907361769476,0.6451612903225806,0.43046357615894043,900,38.0,52.63157894736842,14.026315789473685,5.026315789473684,11.236842105263158,66.0,59.0,0.5552083333333333,0.0,0.5,2025-26,False
Solly March,England,MF,Brighton,31,1994,4,0,41,0.5,0,0,0,0,0,0,0,0,0.0,0.0,0.0,0.0,0.0,False,2025-26,2025,0.0,5,5224,168.0,-127.0,0.05969120589825334,0.0,0.6451612903225806,961,38.0,53.94736842105263,13.0,4.631578947368421,11.68421052631579,52.0,46.0,0.5266524520255864,,,,False
Son Heung-min,South Korea,"MF,FW",Tottenham,29,1992,35,35,3006,33.4,23,7,30,23,0,0,2,0,0.688622754491018,0.2095808383233533,0.8982035928143713,0.688622754491018,0.8982035928143713,False,2021-22,2021,0.8982035928143713,1,3006,,,0.8982035928143713,,,841,38.0,52.0,12.921052631578947,5.184210526315789,12.921052631578947,69.0,40.0,0.5,0.4984423676012461,32.1,2022-23,True
Son Heung-min,South Korea,"MF,FW",Tottenham,30,1992,36,33,2888,32.1,10,6,16,10,0,0,2,0,0.3115264797507788,0.18691588785046728,0.4984423676012461,0.3115264797507788,0.4984423676012461,False,2022-23,2022,0.4984423676012461,2,5894,3006.0,-118.0,0.6316961093389546,0.8982035928143713,,900,38.0,49.94736842105263,13.68421052631579,5.2631578947368425,13.68421052631579,70.0,63.0,0.5,0.8282208588957055,32.6,2023-24,True
Son Heung-min,South Korea,"FW,MF",Tottenham,31,1992,35,34,2934,32.6,17,10,27,15,2,2,1,0,0.5214723926380368,0.3067484662576687,0.8282208588957055,0.460122699386503,0.7668711656441718,False,2023-24,2023,0.8282208588957055,3,8828,2888.0,46.0,0.7627126090434552,0.4984423676012461,0.8982035928143713,961,38.0,62.05263157894737,15.31578947368421,5.631578947368421,12.789473684210526,74.0,61.0,0.5449438202247191,0.6837606837606838,23.4,2024-25,True
Son Heung-min,South Korea,"FW,MF",Tottenham,32,1992,30,24,2110,23.4,7,9,16,6,1,2,1,0,0.29914529914529914,0.38461538461538464,0.6837606837606838,0.25641025641025644,0.6410256410256411,False,2024-25,2024,0.6837606837606838,4,10938,2934.0,-824.0,0.7100779921882743,0.8282208588957055,0.4984423676012461,1024,38.0,54.76315789473684,13.078947368421053,4.868421052631579,13.736842105263158,64.0,65.0,0.4877330716388616,,,,False
Sonny Perkins,England,"FW,MF",West Ham,17,2004,1,0,4,0.0,0,0,0,0,0,0,0,0,0.0,0.0,0.0,0.0,0.0,False,2021-22,2021,0.0,1,4,,,0.0,,,289,,,,,,,,,,,,False
Soungoutou Magassa,France,MF,West Ham,21,2003,22,11,981,10.9,1,0,1,1,0,0,4,0,0.09174311926605504,0.0,0.09174311926605504,0.09174311926605504,0.09174311926605504,False,2025-26,2025,0.09174311926605504,1,981,,,0.09174311926605504,,,441,,,,,,,,,,,,False
Souza,Brazil,MF,Tottenham,19,2006,4,2,144,1.6,0,0,0,0,0,0,1,0,0.0,0.0,0.0,0.0,0.0,False,2025-26,2025,0.0,1,144,,,0.0,,,361,38.0,50.421052631578945,11.447368421052632,3.8421052631578947,12.289473684210526,48.0,57.0,0.4822616407982262,,,,False
Stefan Bajcetic,Spain,MF,Liverpool,17,2004,11,6,526,5.8,1,0,1,1,0,0,2,0,0.1724137931034483,0.0,0.1724137931034483,0.1724137931034483,0.1724137931034483,False,2022-23,2022,0.1724137931034483,1,526,,,0.1724137931034483,,,289,38.0,61.10526315789474,15.921052631578947,5.578947368421052,9.710526315789474,75.0,47.0,0.6211498973305954,0.0,0.3,2023-24,False
Stefan Bajcetic,Spain,MF,Liverpool,18,2004,1,0,26,0.3,0,0,0,0,0,0,0,0,0.0,0.0,0.0,0.0,0.0,False,2023-24,2023,0.0,2,552,526.0,-500.0,0.057471264367816105,0.1724137931034483,,324,38.0,61.78947368421053,20.789473684210527,7.2894736842105265,10.894736842105264,86.0,41.0,0.6561461794019934,,,,False
Stefan Ortega,Germany,GK,Manchester City,29,1992,3,3,270,3.0,0,0,0,0,0,0,0,0,0.0,0.0,0.0,0.0,0.0,False,2022-23,2022,0.0,1,270,,,0.0,,,841,38.0,65.34210526315789,15.789473684210526,5.7631578947368425,7.7105263157894735,94.0,33.0,0.6718924972004479,0.0,7.1,2023-24,True
Stefan Ortega,Germany,GK,Manchester City,30,1992,9,5,635,7.1,0,0,0,0,0,0,0,0,0.0,0.0,0.0,0.0,0.0,False,2023-24,2023,0.0,2,905,270.0,365.0,0.0,0.0,,900,38.0,65.73684210526316,18.263157894736842,7.315789473684211,7.7368421052631575,96.0,34.0,0.7024291497975709,0.0,12.2,2024-25,True
Stefan Ortega,Germany,GK,Manchester City,31,1992,13,12,1100,12.2,0,0,0,0,0,0,1,0,0.0,0.0,0.0,0.0,0.0,False,2024-25,2024,0.0,3,2005,635.0,465.0,0.0,0.0,0.0,961,38.0,61.73684210526316,16.0,5.7105263157894735,9.31578947368421,72.0,44.0,0.6320166320166319,0.0,3.0,2025-26,True
Stefan Ortega,Germany,GK,Nottingham,32,1992,3,3,270,3.0,0,0,0,0,0,0,0,0,0.0,0.0,0.0,0.0,0.0,False,2025-26,2025,0.0,4,2275,1100.0,-830.0,0.0,0.0,0.0,1024,38.0,46.8421052631579,12.526315789473685,4.105263157894737,13.289473684210526,48.0,51.0,0.48521916411824667,,,,False
Stefanos Tzimas,Greece,FW,Brighton,19,2006,9,1,139,1.5,1,1,2,1,0,0,0,0,0.6666666666666666,0.6666666666666666,1.3333333333333333,0.6666666666666666,1.3333333333333333,False,2025-26,2025,1.3333333333333333,1,139,,,1.3333333333333333,,,361,38.0,53.94736842105263,13.0,4.631578947368421,11.68421052631579,52.0,46.0,0.5266524520255864,,,,False
Stephy Mavididi,England,MF,Leicester City,26,1998,30,16,1615,17.9,4,1,5,4,0,0,2,0,0.223463687150838,0.0558659217877095,0.2793296089385475,0.223463687150838,0.2793296089385475,False,2024-25,2024,0.2793296089385475,1,1615,,,0.2793296089385475,,,676,,,,,,,,,,,,False
Steve Cook,England,DF,Nottingham,31,1991,12,11,957,10.6,0,0,0,0,0,0,4,0,0.0,0.0,0.0,0.0,0.0,False,2022-23,2022,0.0,1,957,,,0.0,,,961,38.0,37.21052631578947,9.68421052631579,3.1052631578947367,14.657894736842104,38.0,68.0,0.3978378378378378,,,,False
Steven Alzate,Colombia,MF,Brighton,22,1998,9,5,404,4.5,0,0,0,0,0,0,0,0,0.0,0.0,0.0,0.0,0.0,False,2021-22,2021,0.0,1,404,,,0.0,,,484,38.0,54.73684210526316,12.868421052631579,4.0,12.526315789473685,42.0,44.0,0.5067357512953368,,,,False
Steven Bergwijn,Netherlands,"MF,FW",Tottenham,23,1997,25,4,565,6.3,3,1,4,3,0,0,1,0,0.4761904761904762,0.15873015873015872,0.6349206349206349,0.4761904761904762,0.6349206349206349,False,2021-22,2021,0.6349206349206349,1,565,,,0.6349206349206349,,,529,38.0,52.0,12.921052631578947,5.184210526315789,12.921052631578947,69.0,40.0,0.5,,,,False
Stuart Armstrong,Scotland,"MF,FW",Southampton,29,1992,25,15,1473,16.4,2,0,2,2,0,0,1,0,0.12195121951219513,0.0,0.12195121951219513,0.12195121951219513,0.12195121951219513,False,2021-22,2021,0.12195121951219513,1,1473,,,0.12195121951219513,,,841,,,,,,,,,0.19230769230769232,15.6,2022-23,True
Stuart Armstrong,Scotland,MF,Southampton,30,1992,32,14,1408,15.6,2,1,3,2,0,0,6,0,0.12820512820512822,0.06410256410256411,0.19230769230769232,0.12820512820512822,0.19230769230769232,False,2022-23,2022,0.19230769230769232,2,2881,1473.0,-65.0,0.16885553470919323,0.12195121951219513,,900,,,,,,,,,,,,False
Stuart Dallas,Northern Ireland,"DF,MF",Leeds United,30,1991,34,34,2919,32.4,1,1,2,1,0,0,5,0,0.0308641975308642,0.0308641975308642,0.0617283950617284,0.0308641975308642,0.0617283950617284,False,2021-22,2021,0.0617283950617284,1,2919,,,0.0617283950617284,,,900,38.0,52.473684210526315,12.736842105263158,4.052631578947368,15.289473684210526,42.0,79.0,0.4544600938967136,,,,False
Stuart McKinstry,Scotland,MF,Leeds United,18,2002,1,0,4,0.0,0,0,0,0,0,0,0,0,0.0,0.0,0.0,0.0,0.0,False,2021-22,2021,0.0,1,4,,,0.0,,,324,38.0,52.473684210526315,12.736842105263158,4.052631578947368,15.289473684210526,42.0,79.0,0.4544600938967136,,,,False
Sven Botman,Netherlands,DF,Newcastle,22,2000,36,35,3127,34.7,0,0,0,0,0,0,2,0,0.0,0.0,0.0,0.0,0.0,False,2022-23,2022,0.0,1,3127,,,0.0,,,484,38.0,52.44736842105263,15.026315789473685,5.184210526315789,10.18421052631579,68.0,33.0,0.5960334029227558,0.26143790849673204,15.3,2023-24,True
Sven Botman,Netherlands,DF,Newcastle,23,2000,17,15,1377,15.3,2,2,4,2,0,0,2,0,0.13071895424836602,0.13071895424836602,0.26143790849673204,0.13071895424836602,0.26143790849673204,False,2023-24,2023,0.26143790849673204,2,4504,3127.0,-1750.0,0.17429193899782136,0.0,,529,38.0,52.21052631578947,14.5,5.605263157894737,14.052631578947368,85.0,62.0,0.5078341013824884,0.0,4.6,2024-25,True
Sven Botman,Netherlands,DF,Newcastle,24,2000,8,6,412,4.6,0,0,0,0,0,0,1,0,0.0,0.0,0.0,0.0,0.0,False,2024-25,2024,0.0,3,4916,1377.0,-965.0,0.058097312999273794,0.26143790849673204,0.0,576,38.0,51.05263157894737,13.789473684210526,4.578947368421052,12.447368421052632,68.0,47.0,0.5255767301905717,0.09803921568627452,20.4,2025-26,True
Sven Botman,Netherlands,DF,Newcastle,25,2000,25,21,1835,20.4,1,1,2,1,0,0,2,0,0.04901960784313726,0.04901960784313726,0.09803921568627452,0.04901960784313726,0.09803921568627452,False,2025-26,2025,0.09803921568627452,4,6751,412.0,1423.0,0.08472524812394094,0.0,0.26143790849673204,625,38.0,52.473684210526315,12.947368421052632,4.631578947368421,12.342105263157896,53.0,55.0,0.5119667013527576,,,,False
Sydie Peck,England,MF,Sheffield United,18,2004,1,0,10,0.1,0,0,0,0,0,0,0,0,0.0,0.0,0.0,0.0,0.0,False,2023-24,2023,0.0,1,10,,,0.0,,,324,,,,,,,,,,,,False
Sávio,Brazil,"MF,FW",Manchester City,20,2004,29,21,1766,19.6,1,8,9,1,0,0,3,0,0.0510204081632653,0.4081632653061224,0.4591836734693877,0.0510204081632653,0.4591836734693877,False,2024-25,2024,0.4591836734693877,1,1766,,,0.4591836734693877,,,400,38.0,61.73684210526316,16.0,5.7105263157894735,9.31578947368421,72.0,44.0,0.6320166320166319,0.2150537634408602,9.3,2025-26,True
Sávio,Brazil,MF,Manchester City,21,2004,24,7,833,9.3,1,1,2,1,0,0,2,0,0.1075268817204301,0.1075268817204301,0.2150537634408602,0.1075268817204301,0.2150537634408602,False,2025-26,2025,0.2150537634408602,2,2599,1766.0,-933.0,0.29643040011703603,0.4591836734693877,,441,38.0,60.6578947368421,15.657894736842104,5.394736842105263,9.710526315789474,77.0,35.0,0.617219917012448,,,,False
Séamus Coleman,Ireland,"DF,MF",Everton,32,1988,30,30,2656,29.5,1,0,1,1,0,0,4,0,0.03389830508474576,0.0,0.03389830508474576,0.03389830508474576,0.03389830508474576,False,2021-22,2021,0.03389830508474576,1,2656,,,0.03389830508474576,,,1024,38.0,39.68421052631579,11.526315789473685,3.6315789473684212,13.710526315789474,43.0,66.0,0.45672575599582904,0.05434782608695653,18.4,2022-23,True
Séamus Coleman,Ireland,"DF,MF",Everton,33,1988,23,20,1656,18.4,1,0,1,1,0,0,1,0,0.05434782608695653,0.0,0.05434782608695653,0.05434782608695653,0.05434782608695653,False,2022-23,2022,0.05434782608695653,2,4312,2656.0,-1000.0,0.0475313190862196,0.03389830508474576,,1089,38.0,42.578947368421055,11.289473684210526,4.0,15.105263157894736,34.0,57.0,0.42771684945164506,0.0,7.4,2023-24,True
Séamus Coleman,Ireland,DF,Everton,34,1988,12,7,665,7.4,0,0,0,0,0,0,0,0,0.0,0.0,0.0,0.0,0.0,False,2023-24,2023,0.0,3,4977,1656.0,-991.0,0.01584377302873987,0.05434782608695653,0.03389830508474576,1156,38.0,40.73684210526316,13.342105263157896,4.2631578947368425,14.157894736842104,40.0,51.0,0.4851674641148326,0.0,2.4,2024-25,False
Séamus Coleman,Ireland,DF,Everton,35,1988,5,3,215,2.4,0,0,0,0,0,0,1,0,0.0,0.0,0.0,0.0,0.0,False,2024-25,2024,0.0,4,5192,665.0,-450.0,0.005281257676246624,0.0,0.05434782608695653,1225,38.0,40.63157894736842,10.657894736842104,3.763157894736842,12.605263157894736,42.0,44.0,0.4581447963800905,0.0,0.2,2025-26,False
Séamus Coleman,Ireland,DF,Everton,36,1988,5,1,21,0.2,0,0,0,0,0,0,0,0,0.0,0.0,0.0,0.0,0.0,False,2025-26,2025,0.0,5,5213,215.0,-194.0,0.0017604192254155415,0.0,0.0,1296,38.0,43.76315789473684,11.105263157894736,3.736842105263158,13.973684210526315,47.0,50.0,0.4428121720881427,,,,False
Tahith Chong,Curacao,"MF,FW",Luton Town,23,1999,33,20,1982,22.0,4,0,4,4,0,0,4,0,0.18181818181818182,0.0,0.18181818181818182,0.18181818181818182,0.18181818181818182,False,2023-24,2023,0.18181818181818182,1,1982,,,0.18181818181818182,,,529,,,,,,,,,,,,False
Taiwo Awoniyi,Nigeria,FW,Nottingham,24,1997,27,17,1404,15.6,10,1,11,10,0,0,2,0,0.6410256410256411,0.06410256410256411,0.7051282051282052,0.6410256410256411,0.7051282051282052,False,2022-23,2022,0.7051282051282052,1,1404,,,0.7051282051282052,,,576,38.0,37.21052631578947,9.68421052631579,3.1052631578947367,14.657894736842104,38.0,68.0,0.3978378378378378,0.7758620689655172,11.6,2023-24,True
Taiwo Awoniyi,Nigeria,FW,Nottingham,25,1997,20,12,1042,11.6,6,3,9,6,0,0,2,0,0.5172413793103449,0.25862068965517243,0.7758620689655172,0.5172413793103449,0.7758620689655172,False,2023-24,2023,0.7758620689655172,2,2446,1404.0,-362.0,0.7522841143530798,0.7051282051282052,,625,38.0,40.21052631578947,11.868421052631579,3.8947368421052633,13.421052631578947,49.0,67.0,0.46930280957336107,0.2173913043478261,4.6,2024-25,True
Taiwo Awoniyi,Nigeria,FW,Nottingham,26,1997,26,3,416,4.6,1,0,1,1,0,0,0,0,0.2173913043478261,0.0,0.2173913043478261,0.2173913043478261,0.2173913043478261,False,2024-25,2024,0.2173913043478261,3,2862,1042.0,-626.0,0.39568890768291076,0.7758620689655172,0.7051282051282052,676,38.0,40.921052631578945,12.18421052631579,4.368421052631579,13.973684210526315,58.0,46.0,0.4657947686116701,0.9090909090909091,5.5,2025-26,True
Taiwo Awoniyi,Nigeria,FW,Nottingham,27,1997,17,3,494,5.5,4,1,5,4,0,0,2,0,0.7272727272727273,0.18181818181818182,0.9090909090909091,0.7272727272727273,0.9090909090909091,False,2025-26,2025,0.9090909090909091,4,3356,416.0,78.0,0.7379569086215763,0.2173913043478261,0.7758620689655172,729,38.0,46.8421052631579,12.526315789473685,4.105263157894737,13.289473684210526,48.0,51.0,0.48521916411824667,,,,False
Takehiro Tomiyasu,Japan,DF,Arsenal,22,1998,21,20,1679,18.7,0,1,1,0,0,0,2,0,0.0,0.053475935828877004,0.053475935828877004,0.0,0.053475935828877004,False,2021-22,2021,0.053475935828877004,1,1679,,,0.053475935828877004,,,484,38.0,53.18421052631579,15.473684210526315,5.157894736842105,11.18421052631579,61.0,48.0,0.5804540967423495,0.13513513513513511,7.4,2022-23,True
Takehiro Tomiyasu,Japan,DF,Arsenal,23,1998,21,6,663,7.4,0,1,1,0,0,0,2,0,0.0,0.13513513513513511,0.13513513513513511,0.0,0.13513513513513511,False,2022-23,2022,0.13513513513513511,2,2342,1679.0,-1016.0,0.10791540203304907,0.053475935828877004,,529,38.0,59.94736842105263,15.605263157894736,5.368421052631579,8.973684210526315,88.0,43.0,0.6349036402569593,0.234375,12.8,2023-24,True
Takehiro Tomiyasu,Japan,DF,Arsenal,24,1998,22,10,1149,12.8,2,1,3,2,0,0,2,1,0.15625,0.078125,0.234375,0.15625,0.234375,False,2023-24,2023,0.234375,3,3491,663.0,486.0,0.19222180067768302,0.13513513513513511,0.053475935828877004,576,38.0,58.63157894736842,17.263157894736842,5.973684210526316,8.473684210526315,91.0,29.0,0.6707566462167689,0.0,0.1,2024-25,False
Takehiro Tomiyasu,Japan,DF,Arsenal,25,1998,1,0,7,0.1,0,0,0,0,0,0,0,0,0.0,0.0,0.0,0.0,0.0,False,2024-25,2024,0.0,4,3498,1149.0,-1142.0,0.06407393355922768,0.234375,0.13513513513513511,625,38.0,57.18421052631579,14.394736842105264,4.947368421052632,9.526315789473685,69.0,34.0,0.6017601760176018,,,,False
Takumi Minamino,Japan,FW,Liverpool,26,1995,11,1,186,2.1,3,0,3,3,0,0,1,0,1.4285714285714286,0.0,1.4285714285714286,1.4285714285714286,1.4285714285714286,False,2021-22,2021,1.4285714285714286,1,186,,,1.4285714285714286,,,676,38.0,63.3421052631579,19.18421052631579,6.7631578947368425,7.7894736842105265,94.0,26.0,0.7112195121951219,,,,False
Tammy Abraham,England,FW,Aston Villa,27,1997,12,2,286,3.2,2,0,2,2,0,0,0,0,0.625,0.0,0.625,0.625,0.625,False,2025-26,2025,0.625,1,286,,,0.625,,,729,38.0,53.6578947368421,12.710526315789474,4.473684210526316,12.894736842105264,56.0,49.0,0.4964028776978417,,,,False
Tanguy Ndombele,France,MF,Tottenham,24,1996,9,6,484,5.4,1,1,2,1,0,0,1,0,0.18518518518518517,0.18518518518518517,0.37037037037037035,0.18518518518518517,0.37037037037037035,False,2021-22,2021,0.37037037037037035,1,484,,,0.37037037037037035,,,576,38.0,52.0,12.921052631578947,5.184210526315789,12.921052631578947,69.0,40.0,0.5,,,,False
Tariq Lamptey,Ghana,"MF,DF",Brighton,20,2000,30,16,1561,17.3,0,2,2,0,0,0,4,0,0.0,0.11560693641618497,0.11560693641618497,0.0,0.11560693641618497,False,2021-22,2021,0.11560693641618497,1,1561,,,0.11560693641618497,,,400,38.0,54.73684210526316,12.868421052631579,4.0,12.526315789473685,42.0,44.0,0.5067357512953368,0.0,5.0,2022-23,True
Tariq Lamptey,Ghana,"DF,MF",Brighton,21,2000,20,3,453,5.0,0,0,0,0,0,0,1,0,0.0,0.0,0.0,0.0,0.0,False,2022-23,2022,0.0,2,2014,1561.0,-1108.0,0.03853564547206166,0.11560693641618497,,441,38.0,60.526315789473685,16.105263157894736,6.078947368421052,10.210526315789474,72.0,53.0,0.612,0.29411764705882354,10.2,2023-24,True
Tariq Lamptey,Ghana,"DF,MF",Brighton,22,2000,19,10,914,10.2,0,3,3,0,0,0,3,0,0.0,0.29411764705882354,0.29411764705882354,0.0,0.29411764705882354,False,2023-24,2023,0.29411764705882354,3,2928,453.0,461.0,0.20892364652990292,0.0,0.11560693641618497,484,38.0,60.3421052631579,14.789473684210526,5.473684210526316,12.289473684210526,55.0,62.0,0.5461613216715258,0.4166666666666667,9.6,2024-25,True
Tariq Lamptey,Ghana,"DF,MF",Brighton,23,2000,15,10,860,9.6,2,2,4,2,0,0,0,0,0.20833333333333334,0.20833333333333334,0.4166666666666667,0.20833333333333334,0.4166666666666667,False,2024-25,2024,0.4166666666666667,4,3788,914.0,-54.0,0.34741899328774545,0.29411764705882354,0.0,529,38.0,52.63157894736842,14.026315789473685,5.026315789473684,11.236842105263158,66.0,59.0,0.5552083333333333,,,,False
Tariqe Fosu,Ghana,"FW,MF",Brentford,25,1995,1,0,17,0.2,0,0,0,0,0,0,0,0,0.0,0.0,0.0,0.0,0.0,False,2021-22,2021,0.0,1,17,,,0.0,,,625,38.0,44.5,11.631578947368421,4.052631578947368,13.210526315789474,48.0,56.0,0.4682203389830508,,,,False
Tawanda Chirewa,Zimbabwe,FW,Wolves,19,2003,8,1,145,1.6,0,0,0,0,0,0,1,0,0.0,0.0,0.0,0.0,0.0,False,2023-24,2023,0.0,1,145,,,0.0,,,361,,,,,,,,,0.0,0.3,2025-26,False
Tawanda Chirewa,Zimbabwe,MF,Wolves,21,2003,2,0,27,0.3,0,0,0,0,0,0,0,0,0.0,0.0,0.0,0.0,0.0,False,2025-26,2025,0.0,2,172,145.0,-118.0,0.0,0.0,,441,,,,,,,,,,,,False
Taylor Harwood-Bellis,England,DF,Southampton,22,2002,34,32,2825,31.4,1,0,1,1,0,0,9,0,0.03184713375796178,0.0,0.03184713375796178,0.03184713375796178,0.03184713375796178,False,2024-25,2024,0.03184713375796178,1,2825,,,0.03184713375796178,,,484,,,,,,,,,,,,False
Taylor Richards,England,MF,Brighton,20,2000,2,0,25,0.3,0,0,0,0,0,0,0,0,0.0,0.0,0.0,0.0,0.0,False,2021-22,2021,0.0,1,25,,,0.0,,,400,38.0,54.73684210526316,12.868421052631579,4.0,12.526315789473685,42.0,44.0,0.5067357512953368,,,,False
Teden Mengi,England,DF,Luton Town,21,2002,30,28,2469,27.4,1,0,1,1,0,0,3,0,0.03649635036496351,0.0,0.03649635036496351,0.03649635036496351,0.03649635036496351,False,2023-24,2023,0.03649635036496351,1,2469,,,0.03649635036496351,,,441,,,,,,,,,,,,False
Teemu Pukki,Finland,FW,Norwich City,31,1990,37,37,3253,36.1,11,3,14,8,3,3,4,0,0.3047091412742382,0.08310249307479224,0.38781163434903043,0.22160664819944598,0.3047091412742382,False,2021-22,2021,0.38781163434903043,1,3253,,,0.38781163434903043,,,961,,,,,,,,,,,,False
Tetê,Brazil,"MF,FW",Leicester City,22,2000,13,9,734,8.2,1,0,1,1,0,0,0,0,0.12195121951219513,0.0,0.12195121951219513,0.12195121951219513,0.12195121951219513,False,2022-23,2022,0.12195121951219513,1,734,,,0.12195121951219513,,,484,,,,,,,,,,,,False
Theo Walcott,England,MF,Southampton,32,1989,9,5,379,4.2,0,0,0,0,0,0,0,0,0.0,0.0,0.0,0.0,0.0,False,2021-22,2021,0.0,1,379,,,0.0,,,1024,,,,,,,,,0.32,12.5,2022-23,True
Theo Walcott,England,"MF,FW",Southampton,33,1989,20,13,1129,12.5,2,2,4,2,0,0,1,0,0.16,0.16,0.32,0.16,0.32,False,2022-23,2022,0.32,2,1508,379.0,750.0,0.21333333333333332,0.0,,1089,,,,,,,,,,,,False
Thiago Alcántara,Spain,MF,Liverpool,30,1991,25,17,1534,17.0,1,4,5,1,0,0,2,0,0.058823529411764705,0.23529411764705882,0.29411764705882354,0.058823529411764705,0.29411764705882354,False,2021-22,2021,0.29411764705882354,1,1534,,,0.29411764705882354,,,900,38.0,63.3421052631579,19.18421052631579,6.7631578947368425,7.7894736842105265,94.0,26.0,0.7112195121951219,0.0,13.9,2022-23,True
Thiago Alcántara,Spain,MF,Liverpool,31,1991,18,14,1254,13.9,0,0,0,0,0,0,2,0,0.0,0.0,0.0,0.0,0.0,False,2022-23,2022,0.0,2,2788,1534.0,-280.0,0.09803921568627452,0.29411764705882354,,961,38.0,61.10526315789474,15.921052631578947,5.578947368421052,9.710526315789474,75.0,47.0,0.6211498973305954,0.0,0.1,2023-24,False
Thiago Alcántara,Spain,MF,Liverpool,32,1991,1,0,6,0.1,0,0,0,0,0,0,0,0,0.0,0.0,0.0,0.0,0.0,False,2023-24,2023,0.0,3,2794,1254.0,-1248.0,0.03267973856209151,0.0,0.29411764705882354,1024,38.0,61.78947368421053,20.789473684210527,7.2894736842105265,10.894736842105264,86.0,41.0,0.6561461794019934,,,,False
Thiago Silva,Brazil,DF,Chelsea,36,1984,32,28,2650,29.4,3,0,3,3,0,0,2,0,0.10204081632653061,0.0,0.10204081632653061,0.10204081632653061,0.10204081632653061,False,2021-22,2021,0.10204081632653061,1,2650,,,0.10204081632653061,,,1296,38.0,62.3421052631579,15.578947368421053,5.552631578947368,8.921052631578947,76.0,33.0,0.635875402792696,0.07662835249042145,26.1,2022-23,True
Thiago Silva,Brazil,DF,Chelsea,37,1984,27,26,2352,26.1,0,2,2,0,0,0,2,0,0.0,0.07662835249042145,0.07662835249042145,0.0,0.07662835249042145,False,2022-23,2022,0.07662835249042145,2,5002,2650.0,-298.0,0.08509917376912451,0.10204081632653061,,1369,38.0,59.026315789473685,12.736842105263158,4.157894736842105,11.526315789473685,38.0,47.0,0.5249457700650759,0.14234875444839856,28.1,2023-24,True
Thiago Silva,Brazil,DF,Chelsea,38,1984,31,28,2527,28.1,3,1,4,3,0,0,4,0,0.10676156583629892,0.03558718861209964,0.14234875444839856,0.10676156583629892,0.14234875444839856,False,2023-24,2023,0.14234875444839856,3,7529,2352.0,175.0,0.12326556088864055,0.07662835249042145,0.10204081632653061,1444,38.0,59.0,14.421052631578947,5.657894736842105,14.631578947368421,77.0,63.0,0.4963768115942029,,,,False
Thierno Barry,France,FW,Everton,22,2002,38,21,1914,21.3,8,0,8,8,0,0,3,0,0.3755868544600939,0.0,0.3755868544600939,0.3755868544600939,0.3755868544600939,False,2025-26,2025,0.3755868544600939,1,1914,,,0.3755868544600939,,,484,38.0,43.76315789473684,11.105263157894736,3.736842105263158,13.973684210526315,47.0,50.0,0.4428121720881427,,,,False
Thilo Kehrer,Germany,DF,West Ham,25,1996,27,25,2230,24.8,0,2,2,0,0,0,4,0,0.0,0.08064516129032258,0.08064516129032258,0.0,0.08064516129032258,False,2022-23,2022,0.08064516129032258,1,2230,,,0.08064516129032258,,,625,,,,,,,,,0.0,0.2,2023-24,False
Thilo Kehrer,Germany,DF,West Ham,26,1996,4,0,22,0.2,0,0,0,0,0,0,2,0,0.0,0.0,0.0,0.0,0.0,False,2023-24,2023,0.0,2,2252,2230.0,-2208.0,0.02688172043010753,0.08064516129032258,,676,,,,,,,,,,,,False
Thomas Kaminski,Belgium,GK,Luton Town,30,1992,38,38,3405,37.8,0,0,0,0,0,0,3,0,0.0,0.0,0.0,0.0,0.0,False,2023-24,2023,0.0,1,3405,,,0.0,,,900,,,,,,,,,,,,False
Thomas Partey,Ghana,MF,Arsenal,28,1993,24,23,2028,22.5,2,1,3,2,0,0,6,0,0.08888888888888889,0.044444444444444446,0.13333333333333333,0.08888888888888889,0.13333333333333333,False,2021-22,2021,0.13333333333333333,1,2028,,,0.13333333333333333,,,784,38.0,53.18421052631579,15.473684210526315,5.157894736842105,11.18421052631579,61.0,48.0,0.5804540967423495,0.10869565217391304,27.6,2022-23,True
Thomas Partey,Ghana,MF,Arsenal,29,1993,33,28,2483,27.6,3,0,3,3,0,0,5,0,0.10869565217391304,0.0,0.10869565217391304,0.10869565217391304,0.10869565217391304,False,2022-23,2022,0.10869565217391304,2,4511,2028.0,455.0,0.11690821256038647,0.13333333333333333,,841,38.0,59.94736842105263,15.605263157894736,5.368421052631579,8.973684210526315,88.0,43.0,0.6349036402569593,0.0,8.8,2023-24,True
Thomas Partey,Ghana,"MF,DF",Arsenal,30,1993,14,9,788,8.8,0,0,0,0,0,0,3,0,0.0,0.0,0.0,0.0,0.0,False,2023-24,2023,0.0,3,5299,2483.0,-1695.0,0.038969404186795495,0.10869565217391304,0.13333333333333333,900,38.0,58.63157894736842,17.263157894736842,5.973684210526316,8.473684210526315,91.0,29.0,0.6707566462167689,0.19292604501607716,31.1,2024-25,True
Thomas Partey,Ghana,"MF,DF",Arsenal,31,1993,35,31,2797,31.1,4,2,6,4,0,0,4,0,0.12861736334405144,0.06430868167202572,0.19292604501607716,0.12861736334405144,0.19292604501607716,False,2024-25,2024,0.19292604501607716,4,8096,788.0,2009.0,0.14160716473964993,0.0,0.10869565217391304,961,38.0,57.18421052631579,14.394736842105264,4.947368421052632,9.526315789473685,69.0,34.0,0.6017601760176018,,,,False
Thomas Strakosha,Albania,GK,Brentford,28,1995,2,1,135,1.5,0,0,0,0,0,0,0,0,0.0,0.0,0.0,0.0,0.0,False,2023-24,2023,0.0,1,135,,,0.0,,,784,38.0,44.973684210526315,12.447368421052632,4.526315789473684,14.421052631578947,56.0,65.0,0.4632713026444662,,,,False
Tijjani Reijnders,Netherlands,MF,Manchester City,27,1998,28,19,1631,18.1,5,2,7,5,0,0,2,0,0.2762430939226519,0.11049723756906077,0.38674033149171266,0.2762430939226519,0.38674033149171266,False,2025-26,2025,0.38674033149171266,1,1631,,,0.38674033149171266,,,729,38.0,60.6578947368421,15.657894736842104,5.394736842105263,9.710526315789474,77.0,35.0,0.617219917012448,,,,False
Tim Iroegbunam,England,MF,Aston Villa,18,2003,3,1,92,1.0,0,0,0,0,0,0,1,0,0.0,0.0,0.0,0.0,0.0,False,2021-22,2021,0.0,1,92,,,0.0,,,324,38.0,46.473684210526315,12.210526315789474,4.2631578947368425,12.552631578947368,52.0,54.0,0.49309245483528164,0.0,1.8,2023-24,False
Tim Iroegbunam,England,MF,Aston Villa,20,2003,9,1,164,1.8,0,0,0,0,0,0,0,0,0.0,0.0,0.0,0.0,0.0,False,2023-24,2023,0.0,2,256,92.0,72.0,0.0,0.0,,400,38.0,53.421052631578945,13.5,5.0,11.947368421052632,76.0,61.0,0.5305067218200621,0.15625,6.4,2024-25,True
Tim Iroegbunam,England,MF,Everton,21,2003,18,5,574,6.4,0,1,1,0,0,0,4,0,0.0,0.15625,0.15625,0.0,0.15625,False,2024-25,2024,0.15625,3,830,164.0,410.0,0.10416666666666666,0.0,0.0,441,38.0,40.63157894736842,10.657894736842104,3.763157894736842,12.605263157894736,42.0,44.0,0.4581447963800905,0.12121212121212122,16.5,2025-26,True
Tim Iroegbunam,England,MF,Everton,22,2003,29,17,1487,16.5,0,2,2,0,0,0,9,0,0.0,0.12121212121212122,0.12121212121212122,0.0,0.12121212121212122,False,2025-26,2025,0.12121212121212122,4,2317,574.0,913.0,0.11553030303030302,0.15625,0.0,484,38.0,43.76315789473684,11.105263157894736,3.736842105263158,13.973684210526315,47.0,50.0,0.4428121720881427,,,,False
Tim Krul,Netherlands,GK,Norwich City,33,1988,29,29,2610,29.0,0,0,0,0,0,0,1,0,0.0,0.0,0.0,0.0,0.0,False,2021-22,2021,0.0,1,2610,,,0.0,,,1089,,,,,,,,,,,,False
Tim Ream,USA,DF,Fulham,34,1987,33,33,2897,32.2,1,0,1,1,0,0,2,0,0.03105590062111801,0.0,0.03105590062111801,0.03105590062111801,0.03105590062111801,False,2022-23,2022,0.03105590062111801,1,2897,,,0.03105590062111801,,,1156,38.0,48.68421052631579,11.289473684210526,3.8947368421052633,13.289473684210526,55.0,53.0,0.45931477516059954,0.059880239520958084,16.7,2023-24,True
Tim Ream,USA,DF,Fulham,35,1987,18,17,1503,16.7,1,0,1,1,0,0,4,1,0.059880239520958084,0.0,0.059880239520958084,0.059880239520958084,0.059880239520958084,False,2023-24,2023,0.059880239520958084,2,4400,2897.0,-1394.0,0.05027212655434472,0.03105590062111801,,1225,38.0,50.73684210526316,13.157894736842104,4.7105263157894735,13.763157894736842,55.0,61.0,0.4887585532746823,,,,False
Timo Werner,Germany,"FW,MF",Chelsea,25,1996,21,15,1283,14.3,4,1,5,4,0,0,1,0,0.2797202797202797,0.06993006993006992,0.34965034965034963,0.2797202797202797,0.34965034965034963,False,2021-22,2021,0.34965034965034963,1,1283,,,0.34965034965034963,,,625,38.0,62.3421052631579,15.578947368421053,5.552631578947368,8.921052631578947,76.0,33.0,0.635875402792696,0.5555555555555556,9.0,2023-24,True
Timo Werner,Germany,"MF,FW",Tottenham,27,1996,13,10,809,9.0,2,3,5,2,0,0,1,0,0.2222222222222222,0.3333333333333333,0.5555555555555556,0.2222222222222222,0.5555555555555556,False,2023-24,2023,0.5555555555555556,2,2092,1283.0,-474.0,0.4869204869204869,0.34965034965034963,,729,38.0,62.05263157894737,15.31578947368421,5.631578947368421,12.789473684210526,74.0,61.0,0.5449438202247191,0.5263157894736842,5.7,2024-25,True
Timo Werner,Germany,"FW,MF",Tottenham,28,1996,18,4,516,5.7,0,3,3,0,0,0,0,0,0.0,0.5263157894736842,0.5263157894736842,0.0,0.5263157894736842,False,2024-25,2024,0.5263157894736842,3,2608,809.0,-293.0,0.5131840219559518,0.5555555555555556,0.34965034965034963,784,38.0,54.76315789473684,13.078947368421053,4.868421052631579,13.736842105263158,64.0,65.0,0.4877330716388616,,,,False
Timothy Castagne,Belgium,"DF,MF",Leicester City,25,1995,27,22,2127,23.6,1,0,1,1,0,0,1,0,0.0423728813559322,0.0,0.0423728813559322,0.0423728813559322,0.0423728813559322,False,2021-22,2021,0.0423728813559322,1,2127,,,0.0423728813559322,,,625,,,,,,,,,0.13812154696132595,36.2,2022-23,True
Timothy Castagne,Belgium,"DF,MF",Leicester City,26,1995,37,36,3254,36.2,2,3,5,2,0,0,3,0,0.055248618784530384,0.08287292817679558,0.13812154696132595,0.055248618784530384,0.13812154696132595,False,2022-23,2022,0.13812154696132595,2,5381,2127.0,1127.0,0.10620532509286137,0.0423728813559322,,676,,,,,,,,,0.13651877133105803,29.3,2023-24,True
Timothy Castagne,Belgium,DF,Fulham,27,1995,34,29,2634,29.3,1,3,4,1,0,0,3,0,0.034129692832764506,0.10238907849829351,0.13651877133105803,0.034129692832764506,0.13651877133105803,False,2023-24,2023,0.13651877133105803,3,8015,3254.0,-620.0,0.12641428925165915,0.13812154696132595,0.0423728813559322,729,38.0,50.73684210526316,13.157894736842104,4.7105263157894735,13.763157894736842,55.0,61.0,0.4887585532746823,0.0546448087431694,18.3,2024-25,True
Timothy Castagne,Belgium,"DF,MF",Fulham,28,1995,24,17,1649,18.3,0,1,1,0,0,0,1,0,0.0,0.0546448087431694,0.0546448087431694,0.0,0.0546448087431694,False,2024-25,2024,0.0546448087431694,4,9664,2634.0,-985.0,0.07856796891266599,0.13651877133105803,0.13812154696132595,784,38.0,52.473684210526315,13.710526315789474,4.552631578947368,11.368421052631579,54.0,54.0,0.5466946484784889,0.0,20.5,2025-26,True
Timothy Castagne,Belgium,"DF,MF",Fulham,29,1995,30,20,1845,20.5,0,0,0,0,0,0,4,0,0.0,0.0,0.0,0.0,0.0,False,2025-26,2025,0.0,5,11509,1649.0,196.0,0.026189322970888666,0.0546448087431694,0.13651877133105803,841,38.0,51.73684210526316,12.657894736842104,3.6315789473684212,11.789473684210526,47.0,51.0,0.5177610333692142,,,,False
Tino Livramento,England,DF,Southampton,18,2002,28,25,2202,24.5,1,1,2,1,0,0,2,0,0.04081632653061224,0.04081632653061224,0.08163265306122448,0.04081632653061224,0.08163265306122448,False,2021-22,2021,0.08163265306122448,1,2202,,,0.08163265306122448,,,324,,,,,,,,,0.0,0.3,2022-23,False
Tino Livramento,England,"DF,MF",Southampton,19,2002,2,0,28,0.3,0,0,0,0,0,0,0,0,0.0,0.0,0.0,0.0,0.0,False,2022-23,2022,0.0,2,2230,2202.0,-2174.0,0.0272108843537415,0.08163265306122448,,361,,,,,,,,,0.0684931506849315,14.6,2023-24,True
Tino Livramento,England,DF,Newcastle,20,2002,26,12,1314,14.6,1,0,1,1,0,0,1,0,0.0684931506849315,0.0,0.0684931506849315,0.0684931506849315,0.0684931506849315,False,2023-24,2023,0.0684931506849315,3,3544,28.0,1286.0,0.054732395241201506,0.0,0.08163265306122448,400,38.0,52.21052631578947,14.5,5.605263157894737,14.052631578947368,85.0,62.0,0.5078341013824884,0.03164556962025316,31.6,2024-25,True
Tino Livramento,England,DF,Newcastle,21,2002,37,32,2840,31.6,0,1,1,0,0,0,1,0,0.0,0.03164556962025316,0.03164556962025316,0.0,0.03164556962025316,False,2024-25,2024,0.03164556962025316,4,6384,1314.0,1526.0,0.03934117816056928,0.0684931506849315,0.0,441,38.0,51.05263157894737,13.789473684210526,4.578947368421052,12.447368421052632,68.0,47.0,0.5255767301905717,0.06756756756756756,14.8,2025-26,True
Tino Livramento,England,DF,Newcastle,22,2002,17,14,1328,14.8,0,1,1,0,0,0,1,0,0.0,0.06756756756756756,0.06756756756756756,0.0,0.06756756756756756,False,2025-26,2025,0.06756756756756756,5,7712,2840.0,-1512.0,0.05815877109856813,0.03164556962025316,0.0684931506849315,484,38.0,52.473684210526315,12.947368421052632,4.631578947368421,12.342105263157896,53.0,55.0,0.5119667013527576,,,,False
Toby Collyer,England,MF,Manchester Utd,20,2004,6,0,179,2.0,0,0,0,0,0,0,0,0,0.0,0.0,0.0,0.0,0.0,False,2024-25,2024,0.0,1,179,,,0.0,,,400,38.0,53.55263157894737,13.868421052631579,4.605263157894737,10.921052631578947,44.0,54.0,0.559447983014862,,,,False
Todd Cantwell,England,"FW,MF",Norwich City,23,1998,8,5,441,4.9,0,0,0,0,0,0,2,0,0.0,0.0,0.0,0.0,0.0,False,2021-22,2021,0.0,1,441,,,0.0,,,529,,,,,,,,,,,,False
Tolu Arokodare,Nigeria,FW,Wolves,24,2000,33,13,1419,15.8,3,1,4,3,0,1,1,0,0.18987341772151897,0.06329113924050632,0.2531645569620253,0.18987341772151897,0.2531645569620253,False,2025-26,2025,0.2531645569620253,1,1419,,,0.2531645569620253,,,576,,,,,,,,,,,,False
Tom Cairney,Scotland,MF,Fulham,31,1991,33,6,988,11.0,2,0,2,2,0,0,2,0,0.18181818181818182,0.0,0.18181818181818182,0.18181818181818182,0.18181818181818182,False,2022-23,2022,0.18181818181818182,1,988,,,0.18181818181818182,,,961,38.0,48.68421052631579,11.289473684210526,3.8947368421052633,13.289473684210526,55.0,53.0,0.45931477516059954,0.30303030303030304,16.5,2023-24,True
Tom Cairney,Scotland,MF,Fulham,32,1991,34,14,1488,16.5,1,4,5,1,0,0,3,0,0.06060606060606061,0.24242424242424243,0.30303030303030304,0.06060606060606061,0.30303030303030304,False,2023-24,2023,0.30303030303030304,2,2476,988.0,500.0,0.26262626262626265,0.18181818181818182,,1024,38.0,50.73684210526316,13.157894736842104,4.7105263157894735,13.763157894736842,55.0,61.0,0.4887585532746823,0.2857142857142857,7.0,2024-25,True
Tom Cairney,Scotland,MF,Fulham,33,1991,25,3,628,7.0,2,0,2,2,0,0,3,1,0.2857142857142857,0.0,0.2857142857142857,0.2857142857142857,0.2857142857142857,False,2024-25,2024,0.2857142857142857,3,3104,1488.0,-860.0,0.27801827801827805,0.30303030303030304,0.18181818181818182,1089,38.0,52.473684210526315,13.710526315789474,4.552631578947368,11.368421052631579,54.0,54.0,0.5466946484784889,0.23255813953488372,8.6,2025-26,True
Tom Cairney,Scotland,MF,Fulham,34,1991,24,6,775,8.6,2,0,2,2,0,0,3,0,0.23255813953488372,0.0,0.23255813953488372,0.23255813953488372,0.23255813953488372,False,2025-26,2025,0.23255813953488372,4,3879,628.0,147.0,0.24771151902934851,0.2857142857142857,0.30303030303030304,1156,38.0,51.73684210526316,12.657894736842104,3.6315789473684212,11.789473684210526,47.0,51.0,0.5177610333692142,,,,False
Tom Cannon,Ireland,FW,Everton,19,2002,2,0,25,0.3,0,0,0,0,0,0,0,0,0.0,0.0,0.0,0.0,0.0,False,2022-23,2022,0.0,1,25,,,0.0,,,361,38.0,42.578947368421055,11.289473684210526,4.0,15.105263157894736,34.0,57.0,0.42771684945164506,0.0,0.0,2023-24,False
Tom Cannon,Ireland,FW,Everton,20,2002,1,0,1,0.0,0,0,0,0,0,0,0,0,0.0,0.0,0.0,0.0,0.0,False,2023-24,2023,0.0,2,26,25.0,-24.0,0.0,0.0,,400,38.0,40.73684210526316,13.342105263157896,4.2631578947368425,14.157894736842104,40.0,51.0,0.4851674641148326,,,,False
Tom Cleverley,England,MF,Watford,31,1989,28,20,1616,18.0,0,2,2,0,0,0,2,0,0.0,0.1111111111111111,0.1111111111111111,0.0,0.1111111111111111,False,2021-22,2021,0.1111111111111111,1,1616,,,0.1111111111111111,,,961,,,,,,,,,,,,False
Tom Davies,England,MF,Everton,23,1998,6,2,234,2.6,1,0,1,1,0,0,1,0,0.3846153846153846,0.0,0.3846153846153846,0.3846153846153846,0.3846153846153846,False,2021-22,2021,0.3846153846153846,1,234,,,0.3846153846153846,,,529,38.0,39.68421052631579,11.526315789473685,3.6315789473684212,13.710526315789474,43.0,66.0,0.45672575599582904,0.0,6.0,2022-23,True
Tom Davies,England,MF,Everton,24,1998,19,4,538,6.0,0,0,0,0,0,0,3,0,0.0,0.0,0.0,0.0,0.0,False,2022-23,2022,0.0,2,772,234.0,304.0,0.12820512820512822,0.3846153846153846,,576,38.0,42.578947368421055,11.289473684210526,4.0,15.105263157894736,34.0,57.0,0.42771684945164506,0.0,2.5,2023-24,False
Tom Davies,England,MF,Sheffield United,25,1998,9,2,221,2.5,0,0,0,0,0,0,2,0,0.0,0.0,0.0,0.0,0.0,False,2023-24,2023,0.0,3,993,538.0,-317.0,0.04273504273504274,0.0,0.3846153846153846,625,,,,,,,,,,,,False
Tom Edozie,England,MF,Wolves,19,2006,3,0,14,0.2,1,0,1,1,0,0,0,0,5.0,0.0,5.0,5.0,5.0,False,2025-26,2025,5.0,1,14,,,5.0,,,361,,,,,,,,,,,,False
Tom King,Wales,GK,Wolves,29,1995,1,0,1,0.0,0,0,0,0,0,0,0,0,0.0,0.0,0.0,0.0,0.0,False,2024-25,2024,0.0,1,1,,,0.0,,,841,,,,,,,,,,,,False
Tom Lockyer,Wales,DF,Luton Town,28,1994,14,14,1169,13.0,1,1,2,1,0,0,4,0,0.07692307692307693,0.07692307692307693,0.15384615384615385,0.07692307692307693,0.15384615384615385,False,2023-24,2023,0.15384615384615385,1,1169,,,0.15384615384615385,,,784,,,,,,,,,,,,False
Tom Watson,England,MF,Brighton,19,2006,6,0,62,0.7,0,0,0,0,0,0,1,0,0.0,0.0,0.0,0.0,0.0,False,2025-26,2025,0.0,1,62,,,0.0,,,361,38.0,53.94736842105263,13.0,4.631578947368421,11.68421052631579,52.0,46.0,0.5266524520255864,,,,False
Tommy Doyle,England,MF,Wolves,21,2001,26,11,1222,13.6,0,0,0,0,0,0,2,0,0.0,0.0,0.0,0.0,0.0,False,2023-24,2023,0.0,1,1222,,,0.0,,,441,,,,,,,,,0.18518518518518517,5.4,2024-25,True
Tommy Doyle,England,MF,Wolves,22,2001,24,3,488,5.4,0,1,1,0,0,0,1,0,0.0,0.18518518518518517,0.18518518518518517,0.0,0.18518518518518517,False,2024-25,2024,0.18518518518518517,2,1710,1222.0,-734.0,0.12345679012345678,0.0,,484,,,,,,,,,,,,False
Tomáš Souček,Czechia,MF,West Ham,26,1995,35,34,3062,34.0,5,1,6,5,0,0,3,0,0.14705882352941177,0.029411764705882353,0.17647058823529413,0.14705882352941177,0.17647058823529413,False,2021-22,2021,0.17647058823529413,1,3062,,,0.17647058823529413,,,676,,,,,,,,,0.1597444089456869,31.3,2022-23,True
Tomáš Souček,Czechia,MF,West Ham,27,1995,36,32,2815,31.3,2,3,5,2,0,0,3,0,0.06389776357827476,0.09584664536741214,0.1597444089456869,0.06389776357827476,0.1597444089456869,False,2022-23,2022,0.1597444089456869,2,5877,3062.0,-247.0,0.16531980204222263,0.17647058823529413,,729,,,,,,,,,0.2821316614420063,31.9,2023-24,True
Tomáš Souček,Czechia,MF,West Ham,28,1995,37,34,2870,31.9,7,2,9,7,0,0,7,0,0.219435736677116,0.06269592476489029,0.2821316614420063,0.219435736677116,0.2821316614420063,False,2023-24,2023,0.2821316614420063,3,8747,2815.0,55.0,0.24319437497541174,0.1597444089456869,0.17647058823529413,784,,,,,,,,,0.3508771929824561,28.5,2024-25,True
Tomáš Souček,Czechia,MF,West Ham,29,1995,35,30,2567,28.5,9,1,10,9,0,0,8,0,0.3157894736842105,0.03508771929824561,0.3508771929824561,0.3157894736842105,0.3508771929824561,False,2024-25,2024,0.3508771929824561,4,11314,2870.0,-303.0,0.31498292031344133,0.2821316614420063,0.1597444089456869,841,,,,,,,,,0.20491803278688525,24.4,2025-26,True
Tomáš Souček,Czechia,MF,West Ham,30,1995,35,24,2200,24.4,5,0,5,5,0,0,3,1,0.20491803278688525,0.0,0.20491803278688525,0.20491803278688525,0.20491803278688525,False,2025-26,2025,0.20491803278688525,5,13514,2567.0,-367.0,0.2416063286290706,0.3508771929824561,0.2821316614420063,900,,,,,,,,,,,,False
Tony Springett,Ireland,MF,Norwich City,18,2002,3,1,141,1.6,0,0,0,0,0,0,1,0,0.0,0.0,0.0,0.0,0.0,False,2021-22,2021,0.0,1,141,,,0.0,,,324,,,,,,,,,,,,False
Tosin Adarabioyo,England,DF,Fulham,24,1997,25,23,2085,23.2,1,0,1,1,0,0,4,0,0.04310344827586207,0.0,0.04310344827586207,0.04310344827586207,0.04310344827586207,False,2022-23,2022,0.04310344827586207,1,2085,,,0.04310344827586207,,,576,38.0,48.68421052631579,11.289473684210526,3.8947368421052633,13.289473684210526,55.0,53.0,0.45931477516059954,0.1111111111111111,18.0,2023-24,True
Tosin Adarabioyo,England,DF,Fulham,25,1997,20,18,1617,18.0,2,0,2,2,0,0,2,0,0.1111111111111111,0.0,0.1111111111111111,0.1111111111111111,0.1111111111111111,False,2023-24,2023,0.1111111111111111,2,3702,2085.0,-468.0,0.0884418901660281,0.04310344827586207,,625,38.0,50.73684210526316,13.157894736842104,4.7105263157894735,13.763157894736842,55.0,61.0,0.4887585532746823,0.12738853503184713,15.7,2024-25,True
Tosin Adarabioyo,England,DF,Chelsea,26,1997,22,15,1409,15.7,1,1,2,1,0,0,4,0,0.06369426751592357,0.06369426751592357,0.12738853503184713,0.06369426751592357,0.12738853503184713,False,2024-25,2024,0.12738853503184713,3,5111,1617.0,-208.0,0.11440632007657411,0.1111111111111111,0.04310344827586207,676,38.0,57.3421052631579,15.657894736842104,5.7368421052631575,10.447368421052632,64.0,43.0,0.5997983870967741,0.0,8.8,2025-26,True
Tosin Adarabioyo,England,DF,Chelsea,27,1997,16,8,795,8.8,0,0,0,0,0,0,2,0,0.0,0.0,0.0,0.0,0.0,False,2025-26,2025,0.0,4,5906,1409.0,-614.0,0.03813544002552471,0.12738853503184713,0.1111111111111111,729,38.0,57.73684210526316,13.394736842105264,4.368421052631579,10.947368421052632,58.0,52.0,0.5502702702702702,,,,False
Toti Gomes,Portugal,DF,Wolves,22,1999,4,4,360,4.0,0,0,0,0,0,0,1,0,0.0,0.0,0.0,0.0,0.0,False,2021-22,2021,0.0,1,360,,,0.0,,,484,,,,,,,,,0.09174311926605504,10.9,2022-23,True
Toti Gomes,Portugal,DF,Wolves,23,1999,17,10,984,10.9,1,0,1,1,0,0,6,0,0.09174311926605504,0.0,0.09174311926605504,0.09174311926605504,0.09174311926605504,False,2022-23,2022,0.09174311926605504,2,1344,360.0,624.0,0.061162079510703356,0.0,,529,,,,,,,,,0.12987012987012986,30.8,2023-24,True
Toti Gomes,Portugal,DF,Wolves,24,1999,35,31,2772,30.8,1,3,4,1,0,0,7,0,0.032467532467532464,0.09740259740259741,0.12987012987012986,0.032467532467532464,0.12987012987012986,False,2023-24,2023,0.12987012987012986,3,4116,984.0,1788.0,0.10696744641698769,0.09174311926605504,0.0,576,,,,,,,,,0.034482758620689655,29.0,2024-25,True
Toti Gomes,Portugal,DF,Wolves,25,1999,31,30,2614,29.0,0,1,1,0,0,0,7,0,0.0,0.034482758620689655,0.034482758620689655,0.0,0.034482758620689655,False,2024-25,2024,0.034482758620689655,4,6730,2772.0,-158.0,0.05864432121945567,0.12987012987012986,0.09174311926605504,625,,,,,,,,,0.0,15.8,2025-26,True
Toti Gomes,Portugal,DF,Wolves,26,1999,19,17,1424,15.8,0,0,0,0,0,0,2,1,0.0,0.0,0.0,0.0,0.0,False,2025-26,2025,0.0,5,8154,2614.0,-1190.0,0.019548107073151893,0.034482758620689655,0.12987012987012986,676,,,,,,,,,,,,False
Trai Hume,Northern Ireland,"DF,MF",Sunderland,23,2002,38,34,3036,33.7,2,1,3,2,0,0,9,0,0.05934718100890207,0.029673590504451036,0.08902077151335311,0.05934718100890207,0.08902077151335311,False,2025-26,2025,0.08902077151335311,1,3036,,,0.08902077151335311,,,529,38.0,44.89473684210526,10.421052631578947,3.4210526315789473,14.210526315789474,42.0,48.0,0.4230769230769231,,,,False
Trent Alexander-Arnold,England,DF,Liverpool,22,1998,32,32,2853,31.7,2,12,14,2,0,0,2,0,0.06309148264984227,0.37854889589905366,0.44164037854889593,0.06309148264984227,0.44164037854889593,False,2021-22,2021,0.44164037854889593,1,2853,,,0.44164037854889593,,,484,38.0,63.3421052631579,19.18421052631579,6.7631578947368425,7.7894736842105265,94.0,26.0,0.7112195121951219,0.3384615384615385,32.5,2022-23,True
Trent Alexander-Arnold,England,DF,Liverpool,23,1998,37,34,2923,32.5,2,9,11,2,0,0,5,0,0.06153846153846154,0.27692307692307694,0.3384615384615385,0.06153846153846154,0.3384615384615385,False,2022-23,2022,0.3384615384615385,2,5776,2853.0,70.0,0.37285448515732433,0.44164037854889593,,529,38.0,61.10526315789474,15.921052631578947,5.578947368421052,9.710526315789474,75.0,47.0,0.6211498973305954,0.29288702928870297,23.9,2023-24,True
Trent Alexander-Arnold,England,DF,Liverpool,24,1998,28,25,2155,23.9,3,4,7,3,0,0,6,0,0.12552301255230125,0.1673640167364017,0.29288702928870297,0.12552301255230125,0.29288702928870297,False,2023-24,2023,0.29288702928870297,3,7931,2923.0,-768.0,0.3195428479115767,0.3384615384615385,0.44164037854889593,576,38.0,61.78947368421053,20.789473684210527,7.2894736842105265,10.894736842105264,86.0,41.0,0.6561461794019934,0.34220532319391633,26.3,2024-25,True
Trent Alexander-Arnold,England,DF,Liverpool,25,1998,33,28,2365,26.3,3,6,9,3,0,0,5,0,0.11406844106463879,0.22813688212927757,0.34220532319391633,0.11406844106463879,0.34220532319391633,False,2024-25,2024,0.34220532319391633,4,10296,2155.0,210.0,0.33465116476646983,0.29288702928870297,0.3384615384615385,625,38.0,58.078947368421055,17.026315789473685,6.078947368421052,10.18421052631579,86.0,41.0,0.625725338491296,,,,False
Trevoh Chalobah,England,DF,Chelsea,22,1999,20,17,1449,16.1,3,1,4,3,0,0,2,0,0.18633540372670807,0.06211180124223602,0.24844720496894407,0.18633540372670807,0.24844720496894407,False,2021-22,2021,0.24844720496894407,1,1449,,,0.24844720496894407,,,484,38.0,62.3421052631579,15.578947368421053,5.552631578947368,8.921052631578947,76.0,33.0,0.635875402792696,0.0,17.9,2022-23,True
Trevoh Chalobah,England,DF,Chelsea,23,1999,25,18,1608,17.9,0,0,0,0,0,0,4,0,0.0,0.0,0.0,0.0,0.0,False,2022-23,2022,0.0,2,3057,1449.0,159.0,0.08281573498964803,0.24844720496894407,,529,38.0,59.026315789473685,12.736842105263158,4.157894736842105,11.526315789473685,38.0,47.0,0.5249457700650759,0.09433962264150944,10.6,2023-24,True
Trevoh Chalobah,England,DF,Chelsea,24,1999,13,10,952,10.6,1,0,1,1,0,0,1,0,0.09433962264150944,0.0,0.09433962264150944,0.09433962264150944,0.09433962264150944,False,2023-24,2023,0.09433962264150944,3,4009,1608.0,-656.0,0.09049832675755563,0.0,0.24844720496894407,576,38.0,59.0,14.421052631578947,5.657894736842105,14.631578947368421,77.0,63.0,0.4963768115942029,0.0970873786407767,30.9,2025-26,True
Trevoh Chalobah,England,DF,Chelsea,26,1999,34,31,2783,30.9,3,0,3,3,0,0,3,1,0.0970873786407767,0.0,0.0970873786407767,0.0970873786407767,0.0970873786407767,False,2025-26,2025,0.0970873786407767,4,6792,952.0,1831.0,0.09489102801303634,0.09433962264150944,0.0,676,38.0,57.73684210526316,13.394736842105264,4.368421052631579,10.947368421052632,58.0,52.0,0.5502702702702702,,,,False
Trevoh ChalobahTrevoh Chalobah,England,DF,Crystal Palace,25,1999,25,23,1970,21.9,3,1,4,3,0,0,3,0,0.13698630136986303,0.04566210045662101,0.18264840182648404,0.13698630136986303,0.18264840182648404,False,2024-25,2024,0.18264840182648404,1,1970,,,0.18264840182648404,,,625,38.0,42.5,13.552631578947368,4.894736842105263,12.710526315789474,51.0,51.0,0.5160320641282565,,,,False
Trey Nyoni,England,MF,Liverpool,18,2007,6,0,24,0.3,0,0,0,0,0,0,0,0,0.0,0.0,0.0,0.0,0.0,False,2025-26,2025,0.0,1,24,,,0.0,,,324,38.0,59.31578947368421,15.473684210526315,4.605263157894737,11.447368421052632,63.0,53.0,0.5747800586510264,,,,False
Troy Deeney,England,FW,Watford,33,1988,2,0,25,0.3,0,0,0,0,0,0,0,0,0.0,0.0,0.0,0.0,0.0,False,2021-22,2021,0.0,1,25,,,0.0,,,1089,,,,,,,,,,,,False
Trézéguet,Egypt,"FW,MF",Aston Villa,26,1994,1,0,11,0.1,0,0,0,0,0,0,0,0,0.0,0.0,0.0,0.0,0.0,False,2021-22,2021,0.0,1,11,,,0.0,,,676,38.0,46.473684210526315,12.210526315789474,4.2631578947368425,12.552631578947368,52.0,54.0,0.49309245483528164,,,,False
Tyler Adams,USA,MF,Leeds United,23,1999,24,24,2156,24.0,0,0,0,0,0,0,6,1,0.0,0.0,0.0,0.0,0.0,False,2022-23,2022,0.0,1,2156,,,0.0,,,529,38.0,46.94736842105263,12.157894736842104,3.8157894736842106,13.868421052631579,48.0,78.0,0.4671385237613751,0.0,1.3,2023-24,False
Tyler Adams,USA,MF,Bournemouth,24,1999,3,1,121,1.3,0,0,0,0,0,0,0,0,0.0,0.0,0.0,0.0,0.0,False,2023-24,2023,0.0,2,2277,2156.0,-2035.0,0.0,0.0,,576,38.0,44.05263157894737,14.263157894736842,4.868421052631579,13.973684210526315,54.0,67.0,0.5051258154706431,0.13761467889908258,21.8,2024-25,True
Tyler Adams,USA,MF,Bournemouth,25,1999,28,21,1965,21.8,0,3,3,0,0,0,7,0,0.0,0.13761467889908258,0.13761467889908258,0.0,0.13761467889908258,False,2024-25,2024,0.13761467889908258,3,4242,121.0,1844.0,0.09174311926605505,0.0,0.0,625,38.0,48.578947368421055,15.263157894736842,5.315789473684211,12.842105263157896,58.0,46.0,0.5430711610486891,0.20304568527918782,19.7,2025-26,True
Tyler Adams,USA,MF,Bournemouth,26,1999,25,21,1772,19.7,2,2,4,2,0,0,8,0,0.10152284263959391,0.10152284263959391,0.20304568527918782,0.10152284263959391,0.20304568527918782,False,2025-26,2025,0.20304568527918782,4,6014,1965.0,-193.0,0.1659448299414769,0.13761467889908258,0.0,676,38.0,50.078947368421055,13.842105263157896,4.684210526315789,12.631578947368421,58.0,54.0,0.5228628230616302,,,,False
Tyler Dibling,England,"MF,FW",Southampton,18,2006,33,20,1874,20.8,2,0,2,2,0,0,6,0,0.09615384615384615,0.0,0.09615384615384615,0.09615384615384615,0.09615384615384615,False,2024-25,2024,0.09615384615384615,1,1874,,,0.09615384615384615,,,324,,,,,,,,,0.0,4.0,2025-26,True
Tyler Dibling,England,MF,Everton,19,2006,14,4,358,4.0,0,0,0,0,0,0,2,0,0.0,0.0,0.0,0.0,0.0,False,2025-26,2025,0.0,2,2232,1874.0,-1516.0,0.032051282051282055,0.09615384615384615,,361,38.0,43.76315789473684,11.105263157894736,3.736842105263158,13.973684210526315,47.0,50.0,0.4428121720881427,,,,False
Tyler Fletcher,Scotland,MF,Manchester Utd,18,2007,2,0,18,0.2,0,0,0,0,0,0,0,0,0.0,0.0,0.0,0.0,0.0,False,2025-26,2025,0.0,1,18,,,0.0,,,324,38.0,51.921052631578945,15.657894736842104,5.657894736842105,11.578947368421053,69.0,50.0,0.5748792270531401,,,,False
Tyler Fredricson,England,DF,Manchester Utd,19,2005,2,2,165,1.8,0,0,0,0,0,0,0,0,0.0,0.0,0.0,0.0,0.0,False,2024-25,2024,0.0,1,165,,,0.0,,,361,38.0,53.55263157894737,13.868421052631579,4.605263157894737,10.921052631578947,44.0,54.0,0.559447983014862,0.0,0.0,2025-26,False
Tyler Fredricson,England,DF,Manchester Utd,20,2005,1,0,3,0.0,0,0,0,0,0,0,0,0,0.0,0.0,0.0,0.0,0.0,False,2025-26,2025,0.0,2,168,165.0,-162.0,0.0,0.0,,400,38.0,51.921052631578945,15.657894736842104,5.657894736842105,11.578947368421053,69.0,50.0,0.5748792270531401,,,,False
Tyler Morton,England,MF,Liverpool,18,2002,2,1,66,0.7,0,0,0,0,0,0,1,0,0.0,0.0,0.0,0.0,0.0,False,2021-22,2021,0.0,1,66,,,0.0,,,324,38.0,63.3421052631579,19.18421052631579,6.7631578947368425,7.7894736842105265,94.0,26.0,0.7112195121951219,,,,False
Tyler Onyango,England,MF,Everton,18,2003,3,0,28,0.3,0,0,0,0,0,0,0,0,0.0,0.0,0.0,0.0,0.0,False,2021-22,2021,0.0,1,28,,,0.0,,,324,38.0,39.68421052631579,11.526315789473685,3.6315789473684212,13.710526315789474,43.0,66.0,0.45672575599582904,0.0,0.0,2023-24,False
Tyler Onyango,England,MF,Everton,20,2003,1,0,1,0.0,0,0,0,0,0,0,0,0,0.0,0.0,0.0,0.0,0.0,False,2023-24,2023,0.0,2,29,28.0,-27.0,0.0,0.0,,400,38.0,40.73684210526316,13.342105263157896,4.2631578947368425,14.157894736842104,40.0,51.0,0.4851674641148326,,,,False
Tyler Roberts,Wales,"MF,FW",Leeds United,22,1999,23,7,987,11.0,1,1,2,1,0,0,5,0,0.09090909090909091,0.09090909090909091,0.18181818181818182,0.09090909090909091,0.18181818181818182,False,2021-22,2021,0.18181818181818182,1,987,,,0.18181818181818182,,,484,38.0,52.473684210526315,12.736842105263158,4.052631578947368,15.289473684210526,42.0,79.0,0.4544600938967136,,,,False
Tyrell Malacia,Netherlands,DF,Manchester Utd,22,1999,22,14,1396,15.5,0,0,0,0,0,0,6,0,0.0,0.0,0.0,0.0,0.0,False,2022-23,2022,0.0,1,1396,,,0.0,,,484,38.0,53.973684210526315,15.578947368421053,5.631578947368421,12.657894736842104,58.0,43.0,0.5517241379310345,0.0,1.1,2024-25,False
Tyrell Malacia,Netherlands,MF,Manchester Utd,24,1999,3,2,100,1.1,0,0,0,0,0,0,1,0,0.0,0.0,0.0,0.0,0.0,False,2024-25,2024,0.0,2,1496,1396.0,-1296.0,0.0,0.0,,576,38.0,53.55263157894737,13.868421052631579,4.605263157894737,10.921052631578947,44.0,54.0,0.559447983014862,0.0,0.2,2025-26,False
Tyrell Malacia,Netherlands,DF,Manchester Utd,25,1999,3,0,18,0.2,0,0,0,0,0,0,0,0,0.0,0.0,0.0,0.0,0.0,False,2025-26,2025,0.0,3,1514,100.0,-82.0,0.0,0.0,0.0,625,38.0,51.921052631578945,15.657894736842104,5.657894736842105,11.578947368421053,69.0,50.0,0.5748792270531401,,,,False
Tyrese Francois,Australia,MF,Fulham,22,2000,1,0,1,0.0,0,0,0,0,0,0,0,0,0.0,0.0,0.0,0.0,0.0,False,2022-23,2022,0.0,1,1,,,0.0,,,484,38.0,48.68421052631579,11.289473684210526,3.8947368421052633,13.289473684210526,55.0,53.0,0.45931477516059954,,,,False
Tyrick Mitchell,England,DF,Crystal Palace,21,1999,36,35,3101,34.5,0,2,2,0,0,0,1,0,0.0,0.057971014492753624,0.057971014492753624,0.0,0.057971014492753624,False,2021-22,2021,0.057971014492753624,1,3101,,,0.057971014492753624,,,441,38.0,50.94736842105263,10.81578947368421,3.8684210526315788,11.657894736842104,50.0,46.0,0.48126463700234196,0.06230529595015576,32.1,2022-23,True
Tyrick Mitchell,England,DF,Crystal Palace,22,1999,36,34,2891,32.1,0,2,2,0,0,0,5,1,0.0,0.06230529595015576,0.06230529595015576,0.0,0.06230529595015576,False,2022-23,2022,0.06230529595015576,2,5992,3101.0,-210.0,0.06086053546435505,0.057971014492753624,,484,38.0,46.13157894736842,11.18421052631579,3.5789473684210527,12.0,40.0,49.0,0.48240635641316687,0.14044943820224717,35.6,2023-24,True
Tyrick Mitchell,England,"DF,MF",Crystal Palace,23,1999,37,37,3204,35.6,2,3,5,2,0,0,6,0,0.056179775280898875,0.08426966292134831,0.14044943820224717,0.056179775280898875,0.14044943820224717,False,2023-24,2023,0.14044943820224717,3,9196,2891.0,313.0,0.11391980395628312,0.06230529595015576,0.057971014492753624,529,38.0,42.1578947368421,12.0,4.447368421052632,12.078947368421053,57.0,58.0,0.4983606557377049,0.14534883720930233,34.4,2024-25,True
Tyrick Mitchell,England,MF,Crystal Palace,24,1999,37,37,3092,34.4,0,5,5,0,0,0,2,0,0.0,0.14534883720930233,0.14534883720930233,0.0,0.14534883720930233,False,2024-25,2024,0.14534883720930233,4,12288,3204.0,-112.0,0.13487249279162927,0.14044943820224717,0.06230529595015576,576,38.0,42.5,13.552631578947368,4.894736842105263,12.710526315789474,51.0,51.0,0.5160320641282565,0.08310249307479224,36.1,2025-26,True
Tyrick Mitchell,England,MF,Crystal Palace,25,1999,38,36,3251,36.1,1,2,3,1,0,0,6,0,0.027700831024930747,0.055401662049861494,0.08310249307479224,0.027700831024930747,0.08310249307479224,False,2025-26,2025,0.08310249307479224,5,15539,3092.0,159.0,0.10035915964707126,0.14534883720930233,0.14044943820224717,625,38.0,45.89473684210526,11.631578947368421,3.710526315789474,11.710526315789474,41.0,51.0,0.49830890642615555,,,,False
Tyrique George,England,FW,Chelsea,18,2006,8,1,183,2.0,1,1,2,1,0,0,1,0,0.5,0.5,1.0,0.5,1.0,False,2024-25,2024,1.0,1,183,,,1.0,,,324,38.0,57.3421052631579,15.657894736842104,5.7368421052631575,10.447368421052632,64.0,43.0,0.5997983870967741,,,,False
Tyrique GeorgeTyrique George,England,FW,Everton,19,2006,15,1,363,4.0,0,0,0,0,0,0,2,0,0.0,0.0,0.0,0.0,0.0,False,2025-26,2025,0.0,1,363,,,0.0,,,361,38.0,43.76315789473684,11.105263157894736,3.736842105263158,13.973684210526315,47.0,50.0,0.4428121720881427,,,,False
Tyrone Mings,England,DF,Aston Villa,28,1993,36,35,3189,35.4,1,3,4,1,0,0,11,0,0.02824858757062147,0.08474576271186442,0.11299435028248588,0.02824858757062147,0.11299435028248588,False,2021-22,2021,0.11299435028248588,1,3189,,,0.11299435028248588,,,784,38.0,46.473684210526315,12.210526315789474,4.2631578947368425,12.552631578947368,52.0,54.0,0.49309245483528164,0.08571428571428572,35.0,2022-23,True
Tyrone Mings,England,DF,Aston Villa,29,1993,35,35,3150,35.0,1,2,3,1,0,0,7,0,0.02857142857142857,0.05714285714285714,0.08571428571428572,0.02857142857142857,0.08571428571428572,False,2022-23,2022,0.08571428571428572,2,6339,3189.0,-39.0,0.09480764057035243,0.11299435028248588,,841,38.0,49.44736842105263,11.31578947368421,3.973684210526316,11.289473684210526,51.0,46.0,0.5005820721769499,0.0,0.3,2023-24,False
Tyrone Mings,England,DF,Aston Villa,30,1993,1,1,30,0.3,0,0,0,0,0,0,0,0,0.0,0.0,0.0,0.0,0.0,False,2023-24,2023,0.0,3,6369,3150.0,-3120.0,0.031602546856784146,0.08571428571428572,0.11299435028248588,900,38.0,53.421052631578945,13.5,5.0,11.947368421052632,76.0,61.0,0.5305067218200621,0.0,12.4,2024-25,True
Tyrone Mings,England,DF,Aston Villa,31,1993,14,12,1120,12.4,0,0,0,0,0,0,1,0,0.0,0.0,0.0,0.0,0.0,False,2024-25,2024,0.0,4,7489,30.0,1090.0,0.010534182285594716,0.0,0.08571428571428572,961,38.0,50.71052631578947,12.736842105263158,4.473684210526316,12.18421052631579,58.0,51.0,0.5110876451953538,0.0,14.7,2025-26,True
Tyrone Mings,England,DF,Aston Villa,32,1993,17,15,1324,14.7,0,0,0,0,0,0,1,0,0.0,0.0,0.0,0.0,0.0,False,2025-26,2025,0.0,5,8813,1120.0,204.0,0.003511394095198239,0.0,0.0,1024,38.0,53.6578947368421,12.710526315789474,4.473684210526316,12.894736842105264,56.0,49.0,0.4964028776978417,,,,False
Valentín Barco,Argentina,DF,Brighton,19,2004,6,3,307,3.4,0,0,0,0,0,0,1,0,0.0,0.0,0.0,0.0,0.0,False,2023-24,2023,0.0,1,307,,,0.0,,,361,38.0,60.3421052631579,14.789473684210526,5.473684210526316,12.289473684210526,55.0,62.0,0.5461613216715258,,,,False
Valentín Castellanos,Argentina,FW,West Ham,26,1998,18,17,1384,15.4,6,0,6,6,0,0,6,0,0.38961038961038963,0.0,0.38961038961038963,0.38961038961038963,0.38961038961038963,False,2025-26,2025,0.38961038961038963,1,1384,,,0.38961038961038963,,,676,,,,,,,,,,,,False
Veljko Milosavljević,Serbia,DF,Bournemouth,18,2007,7,4,368,4.1,0,0,0,0,0,0,0,0,0.0,0.0,0.0,0.0,0.0,False,2025-26,2025,0.0,1,368,,,0.0,,,324,38.0,50.078947368421055,13.842105263157896,4.684210526315789,12.631578947368421,58.0,54.0,0.5228628230616302,,,,False
Vicente Guaita,Spain,GK,Crystal Palace,34,1987,30,30,2655,29.5,0,0,0,0,0,0,2,0,0.0,0.0,0.0,0.0,0.0,False,2021-22,2021,0.0,1,2655,,,0.0,,,1156,38.0,50.94736842105263,10.81578947368421,3.8684210526315788,11.657894736842104,50.0,46.0,0.48126463700234196,0.0,27.0,2022-23,True
Vicente Guaita,Spain,GK,Crystal Palace,35,1987,27,27,2430,27.0,0,0,0,0,0,0,1,0,0.0,0.0,0.0,0.0,0.0,False,2022-23,2022,0.0,2,5085,2655.0,-225.0,0.0,0.0,,1225,38.0,46.13157894736842,11.18421052631579,3.5789473684210527,12.0,40.0,49.0,0.48240635641316687,,,,False
Victor Bernth Kristiansen,Denmark,DF,Leicester City,19,2002,12,11,892,9.9,0,1,1,0,0,0,2,0,0.0,0.10101010101010101,0.10101010101010101,0.0,0.10101010101010101,False,2022-23,2022,0.10101010101010101,1,892,,,0.10101010101010101,,,361,,,,,,,,,0.036231884057971016,27.6,2024-25,True
Victor Bernth Kristiansen,Denmark,"DF,MF",Leicester City,21,2002,30,29,2482,27.6,0,1,1,0,0,0,1,0,0.0,0.036231884057971016,0.036231884057971016,0.0,0.036231884057971016,False,2024-25,2024,0.036231884057971016,2,3374,892.0,1590.0,0.057824623042014356,0.10101010101010101,,441,,,,,,,,,,,,False
Victor Lindelöf,Sweden,DF,Manchester Utd,27,1994,28,26,2355,26.2,0,2,2,0,0,0,4,0,0.0,0.07633587786259542,0.07633587786259542,0.0,0.07633587786259542,False,2021-22,2021,0.07633587786259542,1,2355,,,0.07633587786259542,,,729,38.0,52.921052631578945,13.368421052631579,4.921052631578948,13.447368421052632,57.0,57.0,0.4985279685966634,0.0,15.2,2022-23,True
Victor Lindelöf,Sweden,DF,Manchester Utd,28,1994,20,14,1365,15.2,0,0,0,0,0,0,1,0,0.0,0.0,0.0,0.0,0.0,False,2022-23,2022,0.0,2,3720,2355.0,-990.0,0.025445292620865142,0.07633587786259542,,784,38.0,53.973684210526315,15.578947368421053,5.631578947368421,12.657894736842104,58.0,43.0,0.5517241379310345,0.13513513513513511,14.8,2023-24,True
Victor Lindelöf,Sweden,DF,Manchester Utd,29,1994,19,14,1328,14.8,1,1,2,1,0,0,2,0,0.06756756756756756,0.06756756756756756,0.13513513513513511,0.06756756756756756,0.13513513513513511,False,2023-24,2023,0.13513513513513511,3,5048,1365.0,-37.0,0.09857185429704513,0.0,0.07633587786259542,841,38.0,50.526315789473685,14.473684210526315,5.078947368421052,17.55263157894737,57.0,58.0,0.4519309778142974,0.0,7.8,2024-25,True
Victor Lindelöf,Sweden,DF,Manchester Utd,30,1994,16,6,704,7.8,0,0,0,0,0,0,1,0,0.0,0.0,0.0,0.0,0.0,False,2024-25,2024,0.0,4,5752,1328.0,-624.0,0.03285728476568171,0.13513513513513511,0.0,900,38.0,53.55263157894737,13.868421052631579,4.605263157894737,10.921052631578947,44.0,54.0,0.559447983014862,0.09523809523809523,10.5,2025-26,True
Victor Lindelöf,Sweden,"DF,MF",Aston Villa,31,1994,17,11,948,10.5,0,1,1,0,0,0,0,0,0.0,0.09523809523809523,0.09523809523809523,0.0,0.09523809523809523,False,2025-26,2025,0.09523809523809523,5,6700,704.0,244.0,0.07444449174729073,0.0,0.13513513513513511,961,38.0,53.6578947368421,12.710526315789474,4.473684210526316,12.894736842105264,56.0,49.0,0.4964028776978417,,,,False
Viktor Gyökeres,Sweden,FW,Arsenal,27,1998,36,26,2224,24.7,14,1,15,11,3,3,5,0,0.5668016194331984,0.04048582995951417,0.6072874493927126,0.4453441295546559,0.4858299595141701,False,2025-26,2025,0.6072874493927126,1,2224,,,0.6072874493927126,,,729,38.0,56.44736842105263,14.526315789473685,4.894736842105263,8.157894736842104,71.0,27.0,0.640371229698376,,,,False
Vinicius Souza,Brazil,MF,Sheffield United,24,1999,36,29,2668,29.6,1,0,1,1,0,0,3,0,0.03378378378378378,0.0,0.03378378378378378,0.03378378378378378,0.03378378378378378,False,2023-24,2023,0.03378378378378378,1,2668,,,0.03378378378378378,,,576,,,,,,,,,,,,False
Virgil van Dijk,Netherlands,DF,Liverpool,30,1991,34,34,3060,34.0,3,1,4,3,0,0,3,0,0.08823529411764706,0.029411764705882353,0.11764705882352941,0.08823529411764706,0.11764705882352941,False,2021-22,2021,0.11764705882352941,1,3060,,,0.11764705882352941,,,900,38.0,63.3421052631579,19.18421052631579,6.7631578947368425,7.7894736842105265,94.0,26.0,0.7112195121951219,0.12698412698412698,31.5,2022-23,True
Virgil van Dijk,Netherlands,DF,Liverpool,31,1991,32,32,2835,31.5,3,1,4,3,0,0,3,0,0.09523809523809523,0.031746031746031744,0.12698412698412698,0.09523809523809523,0.12698412698412698,False,2022-23,2022,0.12698412698412698,2,5895,3060.0,-225.0,0.12387177093059445,0.11764705882352941,,961,38.0,61.10526315789474,15.921052631578947,5.578947368421052,9.710526315789474,75.0,47.0,0.6211498973305954,0.113314447592068,35.3,2023-24,True
Virgil van Dijk,Netherlands,DF,Liverpool,32,1991,36,36,3177,35.3,2,2,4,2,0,0,3,1,0.056657223796034,0.056657223796034,0.113314447592068,0.056657223796034,0.113314447592068,False,2023-24,2023,0.113314447592068,3,9072,2835.0,342.0,0.11683355537157683,0.12698412698412698,0.11764705882352941,1024,38.0,61.78947368421053,20.789473684210527,7.2894736842105265,10.894736842105264,86.0,41.0,0.6561461794019934,0.10810810810810811,37.0,2024-25,True
Virgil van Dijk,Netherlands,DF,Liverpool,33,1991,37,37,3330,37.0,3,1,4,3,0,0,5,0,0.08108108108108109,0.02702702702702703,0.10810810810810811,0.08108108108108109,0.10810810810810811,False,2024-25,2024,0.10810810810810811,4,12402,3177.0,153.0,0.11101659052926435,0.113314447592068,0.12698412698412698,1089,38.0,58.078947368421055,17.026315789473685,6.078947368421052,10.18421052631579,86.0,41.0,0.625725338491296,0.15789473684210525,38.0,2025-26,True
Virgil van Dijk,Netherlands,DF,Liverpool,34,1991,38,38,3420,38.0,6,0,6,6,0,0,4,0,0.15789473684210525,0.0,0.15789473684210525,0.15789473684210525,0.15789473684210525,False,2025-26,2025,0.15789473684210525,5,15822,3330.0,90.0,0.14226868807115828,0.10810810810810811,0.113314447592068,1156,38.0,59.31578947368421,15.473684210526315,4.605263157894737,11.447368421052632,63.0,53.0,0.5747800586510264,,,,False
Vitaliy Mykolenko,Ukraine,"DF,MF",Everton,22,1999,13,12,1055,11.7,1,0,1,1,0,0,0,0,0.08547008547008547,0.0,0.08547008547008547,0.08547008547008547,0.08547008547008547,False,2021-22,2021,0.08547008547008547,1,1055,,,0.08547008547008547,,,484,38.0,39.68421052631579,11.526315789473685,3.6315789473684212,13.710526315789474,43.0,66.0,0.45672575599582904,0.0,29.5,2022-23,True
Vitaliy Mykolenko,Ukraine,"DF,MF",Everton,23,1999,34,30,2655,29.5,0,0,0,0,0,0,4,0,0.0,0.0,0.0,0.0,0.0,False,2022-23,2022,0.0,2,3710,1055.0,1600.0,0.028490028490028494,0.08547008547008547,,529,38.0,42.578947368421055,11.289473684210526,4.0,15.105263157894736,34.0,57.0,0.42771684945164506,0.07299270072992702,27.4,2023-24,True
Vitaliy Mykolenko,Ukraine,DF,Everton,24,1999,28,28,2469,27.4,2,0,2,2,0,0,1,0,0.07299270072992702,0.0,0.07299270072992702,0.07299270072992702,0.07299270072992702,False,2023-24,2023,0.07299270072992702,3,6179,2655.0,-186.0,0.05815847664996084,0.0,0.08547008547008547,576,38.0,40.73684210526316,13.342105263157896,4.2631578947368425,14.157894736842104,40.0,51.0,0.4851674641148326,0.08771929824561403,34.2,2024-25,True
Vitaliy Mykolenko,Ukraine,DF,Everton,25,1999,35,35,3082,34.2,1,2,3,1,0,0,4,0,0.029239766081871343,0.05847953216374269,0.08771929824561403,0.029239766081871343,0.08771929824561403,False,2024-25,2024,0.08771929824561403,4,9261,2469.0,613.0,0.07786569104706297,0.07299270072992702,0.0,625,38.0,40.63157894736842,10.657894736842104,3.763157894736842,12.605263157894736,42.0,44.0,0.4581447963800905,0.030395136778115502,32.9,2025-26,True
Vitaliy Mykolenko,Ukraine,DF,Everton,26,1999,33,33,2958,32.9,0,1,1,0,0,0,6,0,0.0,0.030395136778115502,0.030395136778115502,0.0,0.030395136778115502,False,2025-26,2025,0.030395136778115502,5,12219,3082.0,-124.0,0.046218654867764664,0.08771929824561403,0.07299270072992702,676,38.0,43.76315789473684,11.105263157894736,3.736842105263158,13.973684210526315,47.0,50.0,0.4428121720881427,,,,False
Vitaly Janelt,Germany,MF,Brentford,23,1998,31,27,2298,25.5,4,0,4,4,0,0,3,0,0.1568627450980392,0.0,0.1568627450980392,0.1568627450980392,0.1568627450980392,False,2021-22,2021,0.1568627450980392,1,2298,,,0.1568627450980392,,,529,38.0,44.5,11.631578947368421,4.052631578947368,13.210526315789474,48.0,56.0,0.4682203389830508,0.16326530612244897,24.5,2022-23,True
Vitaly Janelt,Germany,MF,Brentford,24,1998,35,24,2208,24.5,3,1,4,3,0,0,3,0,0.12244897959183673,0.04081632653061224,0.16326530612244897,0.12244897959183673,0.16326530612244897,False,2022-23,2022,0.16326530612244897,2,4506,2298.0,-90.0,0.16113111911431238,0.1568627450980392,,576,38.0,43.39473684210526,10.710526315789474,4.2631578947368425,14.763157894736842,58.0,46.0,0.42045454545454547,0.11799410029498525,33.9,2023-24,True
Vitaly Janelt,Germany,"MF,DF",Brentford,25,1998,38,37,3054,33.9,1,3,4,1,0,0,8,0,0.029498525073746312,0.08849557522123894,0.11799410029498525,0.029498525073746312,0.11799410029498525,False,2023-24,2023,0.11799410029498525,3,7560,2208.0,846.0,0.1323731065680943,0.16326530612244897,0.1568627450980392,625,38.0,44.973684210526315,12.447368421052632,4.526315789473684,14.421052631578947,56.0,65.0,0.4632713026444662,0.16,25.0,2024-25,True
Vitaly Janelt,Germany,MF,Brentford,26,1998,32,27,2254,25.0,1,3,4,1,0,0,3,0,0.04,0.12,0.16,0.04,0.16,False,2024-25,2024,0.16,4,9814,3054.0,-800.0,0.1507910355226981,0.11799410029498525,0.16326530612244897,676,38.0,47.81578947368421,11.578947368421053,4.842105263157895,17.026315789473685,66.0,57.0,0.40478380864765406,0.3125,16.0,2025-26,True
Vitaly Janelt,Germany,MF,Brentford,27,1998,25,15,1443,16.0,1,4,5,1,0,0,8,0,0.0625,0.25,0.3125,0.0625,0.3125,False,2025-26,2025,0.3125,5,11257,2254.0,-811.0,0.25859701184089934,0.16,0.11799410029498525,729,38.0,47.5,10.657894736842104,3.8684210526315788,13.263157894736842,55.0,52.0,0.44554455445544555,,,,False
Vitezslav Jaros,Czechia,GK,Liverpool,23,2001,1,0,12,0.1,0,0,0,0,0,0,0,0,0.0,0.0,0.0,0.0,0.0,False,2024-25,2024,0.0,1,12,,,0.0,,,529,38.0,58.078947368421055,17.026315789473685,6.078947368421052,10.18421052631579,86.0,41.0,0.625725338491296,,,,False
Vitinho,Brazil,"DF,MF",Burnley,24,1999,32,26,2314,25.7,0,2,2,0,0,0,1,0,0.0,0.07782101167315175,0.07782101167315175,0.0,0.07782101167315175,False,2023-24,2023,0.07782101167315175,1,2314,,,0.07782101167315175,,,576,,,,,,,,,,,,False
Vitor Reis,Brazil,DF,Manchester City,18,2006,1,0,1,0.0,0,0,0,0,0,0,0,0,0.0,0.0,0.0,0.0,0.0,False,2024-25,2024,0.0,1,1,,,0.0,,,324,38.0,61.73684210526316,16.0,5.7105263157894735,9.31578947368421,72.0,44.0,0.6320166320166319,,,,False
Vladimír Coufal,Czechia,DF,West Ham,28,1992,28,25,2209,24.5,0,4,4,0,0,0,5,1,0.0,0.16326530612244897,0.16326530612244897,0.0,0.16326530612244897,False,2021-22,2021,0.16326530612244897,1,2209,,,0.16326530612244897,,,784,,,,,,,,,0.04219409282700422,23.7,2022-23,True
Vladimír Coufal,Czechia,"DF,MF",West Ham,29,1992,27,24,2136,23.7,0,1,1,0,0,0,5,0,0.0,0.04219409282700422,0.04219409282700422,0.0,0.04219409282700422,False,2022-23,2022,0.04219409282700422,2,4345,2209.0,-73.0,0.08255116392548581,0.16326530612244897,,841,,,,,,,,,0.20114942528735633,34.8,2023-24,True
Vladimír Coufal,Czechia,DF,West Ham,30,1992,36,36,3132,34.8,0,7,7,0,0,0,7,1,0.0,0.20114942528735633,0.20114942528735633,0.0,0.20114942528735633,False,2023-24,2023,0.20114942528735633,3,7477,2136.0,996.0,0.16161667150006614,0.04219409282700422,0.16326530612244897,900,,,,,,,,,0.0,11.9,2024-25,True
Vladimír Coufal,Czechia,"DF,MF",West Ham,31,1992,22,11,1067,11.9,0,0,0,0,0,0,5,0,0.0,0.0,0.0,0.0,0.0,False,2024-25,2024,0.0,4,8544,3132.0,-2065.0,0.05387222383335539,0.20114942528735633,0.04219409282700422,961,,,,,,,,,,,,False
Walter Benítez,Argentina,GK,Crystal Palace,32,1993,1,1,90,1.0,0,0,0,0,0,0,0,0,0.0,0.0,0.0,0.0,0.0,False,2025-26,2025,0.0,1,90,,,0.0,,,1024,38.0,45.89473684210526,11.631578947368421,3.710526315789474,11.710526315789474,41.0,51.0,0.49830890642615555,,,,False
Wataru Endo,Japan,MF,Liverpool,30,1993,29,20,1722,19.1,1,0,1,1,0,0,10,0,0.05235602094240837,0.0,0.05235602094240837,0.05235602094240837,0.05235602094240837,False,2023-24,2023,0.05235602094240837,1,1722,,,0.05235602094240837,,,900,38.0,61.78947368421053,20.789473684210527,7.2894736842105265,10.894736842105264,86.0,41.0,0.6561461794019934,0.0,3.0,2024-25,True
Wataru Endo,Japan,MF,Liverpool,31,1993,20,1,273,3.0,0,0,0,0,0,0,0,0,0.0,0.0,0.0,0.0,0.0,False,2024-25,2024,0.0,2,1995,1722.0,-1449.0,0.017452006980802792,0.05235602094240837,,961,38.0,58.078947368421055,17.026315789473685,6.078947368421052,10.18421052631579,86.0,41.0,0.625725338491296,0.5263157894736842,1.9,2025-26,False
Wataru Endo,Japan,DF,Liverpool,32,1993,8,1,175,1.9,0,1,1,0,0,0,1,0,0.0,0.5263157894736842,0.5263157894736842,0.0,0.5263157894736842,False,2025-26,2025,0.5263157894736842,3,2170,273.0,-98.0,0.3566945286427237,0.0,0.05235602094240837,1024,38.0,59.31578947368421,15.473684210526315,4.605263157894737,11.447368421052632,63.0,53.0,0.5747800586510264,,,,False
Wayne Hennessey,Wales,GK,Burnley,34,1987,2,2,180,2.0,0,0,0,0,0,0,0,0,0.0,0.0,0.0,0.0,0.0,False,2021-22,2021,0.0,1,180,,,0.0,,,1156,,,,,,,,,0.0,3.0,2022-23,True
Wayne Hennessey,Wales,GK,Nottingham,35,1987,4,3,271,3.0,0,0,0,0,0,0,0,0,0.0,0.0,0.0,0.0,0.0,False,2022-23,2022,0.0,2,451,180.0,91.0,0.0,0.0,,1225,38.0,37.21052631578947,9.68421052631579,3.1052631578947367,14.657894736842104,38.0,68.0,0.3978378378378378,,,,False
Welington,Brazil,"MF,DF",Southampton,23,2001,10,6,482,5.4,0,0,0,0,0,0,1,0,0.0,0.0,0.0,0.0,0.0,False,2024-25,2024,0.0,1,482,,,0.0,,,529,,,,,,,,,,,,False
Wes Burns,Wales,MF,Ipswich Town,29,1994,18,12,926,10.3,0,1,1,0,0,0,1,0,0.0,0.0970873786407767,0.0970873786407767,0.0,0.0970873786407767,False,2024-25,2024,0.0970873786407767,1,926,,,0.0970873786407767,,,841,38.0,40.39473684210526,9.894736842105264,3.3421052631578947,15.973684210526315,36.0,82.0,0.38250254323499494,,,,False
Wes Foderingham,England,GK,Sheffield United,32,1991,30,29,2649,29.4,0,0,0,0,0,0,2,0,0.0,0.0,0.0,0.0,0.0,False,2023-24,2023,0.0,1,2649,,,0.0,,,1024,,,,,,,,,,,,False
Wesley Fofana,France,DF,Leicester City,20,2000,7,7,630,7.0,0,0,0,0,0,0,2,0,0.0,0.0,0.0,0.0,0.0,False,2021-22,2021,0.0,1,630,,,0.0,,,400,,,,,,,,,0.0,13.0,2024-25,True
Wesley Fofana,France,DF,Chelsea,23,2000,14,14,1172,13.0,0,0,0,0,0,0,7,0,0.0,0.0,0.0,0.0,0.0,False,2024-25,2024,0.0,2,1802,630.0,542.0,0.0,0.0,,529,38.0,57.3421052631579,15.657894736842104,5.7368421052631575,10.447368421052632,64.0,43.0,0.5997983870967741,0.05235602094240837,19.1,2025-26,True
Wesley Fofana,France,DF,Chelsea,24,2000,25,20,1722,19.1,0,1,1,0,0,0,9,2,0.0,0.05235602094240837,0.05235602094240837,0.0,0.05235602094240837,False,2025-26,2025,0.05235602094240837,3,3524,1172.0,550.0,0.03490401396160558,0.0,0.0,576,38.0,57.73684210526316,13.394736842105264,4.368421052631579,10.947368421052632,58.0,52.0,0.5502702702702702,,,,False
Wesley FofanaWesley Fofana,France,DF,Leicester City,21,2000,17,14,1363,15.1,1,0,1,1,0,0,4,0,0.06622516556291391,0.0,0.06622516556291391,0.06622516556291391,0.06622516556291391,False,2022-23,2022,0.06622516556291391,1,1363,,,0.06622516556291391,,,441,,,,,,,,,,,,False
Wesley Moraes,Brazil,FW,Aston Villa,24,1996,1,0,1,0.0,0,0,0,0,0,0,0,0,0.0,0.0,0.0,0.0,0.0,False,2021-22,2021,0.0,1,1,,,0.0,,,576,38.0,46.473684210526315,12.210526315789474,4.2631578947368425,12.552631578947368,52.0,54.0,0.49309245483528164,,,,False
Weston McKennie,USA,MF,Leeds United,23,1998,19,16,1437,16.0,0,1,1,0,0,0,7,0,0.0,0.0625,0.0625,0.0,0.0625,False,2022-23,2022,0.0625,1,1437,,,0.0625,,,529,38.0,46.94736842105263,12.157894736842104,3.8157894736842106,13.868421052631579,48.0,78.0,0.4671385237613751,,,,False
Wilfred Ndidi,Nigeria,"MF,DF",Leicester City,24,1996,19,18,1618,18.0,0,0,0,0,0,0,4,0,0.0,0.0,0.0,0.0,0.0,False,2021-22,2021,0.0,1,1618,,,0.0,,,576,,,,,,,,,0.0,18.7,2022-23,True
Wilfred Ndidi,Nigeria,"MF,DF",Leicester City,25,1996,27,19,1679,18.7,0,0,0,0,0,0,4,0,0.0,0.0,0.0,0.0,0.0,False,2022-23,2022,0.0,2,3297,1618.0,61.0,0.0,0.0,,625,,,,,,,,,0.19379844961240308,25.8,2024-25,True
Wilfred Ndidi,Nigeria,MF,Leicester City,27,1996,28,28,2324,25.8,0,5,5,0,0,0,8,0,0.0,0.19379844961240308,0.19379844961240308,0.0,0.19379844961240308,False,2024-25,2024,0.19379844961240308,3,5621,1679.0,645.0,0.12919896640826872,0.0,0.0,729,,,,,,,,,,,,False
Wilfried Gnonto,Italy,"MF,FW",Leeds United,18,2003,24,14,1354,15.0,2,4,6,2,0,0,7,0,0.13333333333333333,0.26666666666666666,0.4,0.13333333333333333,0.4,False,2022-23,2022,0.4,1,1354,,,0.4,,,324,38.0,46.94736842105263,12.157894736842104,3.8157894736842106,13.868421052631579,48.0,78.0,0.4671385237613751,0.16666666666666666,6.0,2025-26,True
Wilfried Gnonto,Italy,FW,Leeds United,21,2003,23,4,537,6.0,0,1,1,0,0,0,3,0,0.0,0.16666666666666666,0.16666666666666666,0.0,0.16666666666666666,False,2025-26,2025,0.16666666666666666,2,1891,1354.0,-817.0,0.24444444444444446,0.4,,441,38.0,45.73684210526316,12.552631578947368,3.973684210526316,12.526315789473685,49.0,56.0,0.5005246589716683,,,,False
Wilfried Zaha,Ivory Coast,"FW,MF",Crystal Palace,28,1992,33,31,2760,30.7,14,1,15,9,5,7,6,1,0.45602605863192186,0.03257328990228013,0.48859934853420195,0.2931596091205212,0.3257328990228013,False,2021-22,2021,0.48859934853420195,1,2760,,,0.48859934853420195,,,784,38.0,50.94736842105263,10.81578947368421,3.8684210526315788,11.657894736842104,50.0,46.0,0.48126463700234196,0.35433070866141736,25.4,2022-23,True
Wilfried Zaha,Ivory Coast,"FW,MF",Crystal Palace,29,1992,27,27,2288,25.4,7,2,9,7,0,2,5,0,0.2755905511811024,0.07874015748031496,0.35433070866141736,0.2755905511811024,0.35433070866141736,False,2022-23,2022,0.35433070866141736,2,5048,2760.0,-472.0,0.3990869219523456,0.48859934853420195,,841,38.0,46.13157894736842,11.18421052631579,3.5789473684210527,12.0,40.0,49.0,0.48240635641316687,,,,False
Will Alves,England,MF,Leicester City,19,2005,1,0,1,0.0,0,0,0,0,0,0,0,0,0.0,0.0,0.0,0.0,0.0,False,2024-25,2024,0.0,1,1,,,0.0,,,361,,,,,,,,,,,,False
Will Hughes,England,MF,Crystal Palace,26,1995,16,13,1053,11.7,0,1,1,0,0,0,6,0,0.0,0.08547008547008547,0.08547008547008547,0.0,0.08547008547008547,False,2021-22,2021,0.08547008547008547,1,1053,,,0.08547008547008547,,,676,38.0,50.94736842105263,10.81578947368421,3.8684210526315788,11.657894736842104,50.0,46.0,0.48126463700234196,0.2127659574468085,9.4,2022-23,True
Will Hughes,England,MF,Crystal Palace,27,1995,27,7,842,9.4,1,1,2,1,0,0,4,0,0.10638297872340426,0.10638297872340426,0.2127659574468085,0.10638297872340426,0.2127659574468085,False,2022-23,2022,0.2127659574468085,2,1895,1053.0,-211.0,0.17033400012123415,0.08547008547008547,,729,38.0,46.13157894736842,11.18421052631579,3.5789473684210527,12.0,40.0,49.0,0.48240635641316687,0.047619047619047616,21.0,2023-24,True
Will Hughes,England,MF,Crystal Palace,28,1995,30,23,1891,21.0,0,1,1,0,0,0,6,0,0.0,0.047619047619047616,0.047619047619047616,0.0,0.047619047619047616,False,2023-24,2023,0.047619047619047616,3,3786,842.0,1049.0,0.08852403178644314,0.2127659574468085,0.08547008547008547,784,38.0,42.1578947368421,12.0,4.447368421052632,12.078947368421053,57.0,58.0,0.4983606557377049,0.12820512820512822,23.4,2024-25,True
Will Hughes,England,MF,Crystal Palace,29,1995,33,24,2108,23.4,0,3,3,0,0,0,11,0,0.0,0.12820512820512822,0.12820512820512822,0.0,0.12820512820512822,False,2024-25,2024,0.12820512820512822,4,5894,1891.0,217.0,0.11497809606556653,0.047619047619047616,0.2127659574468085,841,38.0,42.5,13.552631578947368,4.894736842105263,12.710526315789474,51.0,51.0,0.5160320641282565,0.0,17.5,2025-26,True
Will Hughes,England,MF,Crystal Palace,30,1995,31,19,1571,17.5,0,0,0,0,0,0,7,0,0.0,0.0,0.0,0.0,0.0,False,2025-26,2025,0.0,5,7465,2108.0,-537.0,0.03832603202185551,0.12820512820512822,0.047619047619047616,900,38.0,45.89473684210526,11.631578947368421,3.710526315789474,11.710526315789474,41.0,51.0,0.49830890642615555,,,,False
Will Lankshear,England,FW,Tottenham,19,2005,3,0,11,0.1,0,0,0,0,0,0,0,0,0.0,0.0,0.0,0.0,0.0,False,2024-25,2024,0.0,1,11,,,0.0,,,361,38.0,54.76315789473684,13.078947368421053,4.868421052631579,13.736842105263158,64.0,65.0,0.4877330716388616,,,,False
William Osula,Denmark,FW,Sheffield United,19,2003,21,9,786,8.7,0,0,0,0,0,0,4,0,0.0,0.0,0.0,0.0,0.0,False,2023-24,2023,0.0,1,786,,,0.0,,,361,,,,,,,,,0.6666666666666666,1.5,2024-25,False
William Osula,Denmark,FW,Newcastle,20,2003,14,0,134,1.5,1,0,1,1,0,0,0,0,0.6666666666666666,0.0,0.6666666666666666,0.6666666666666666,0.6666666666666666,False,2024-25,2024,0.6666666666666666,2,920,786.0,-652.0,0.4444444444444444,0.0,,400,38.0,51.05263157894737,13.789473684210526,4.578947368421052,12.447368421052632,68.0,47.0,0.5255767301905717,0.7692307692307693,9.1,2025-26,True
William Osula,Denmark,FW,Newcastle,21,2003,24,8,819,9.1,7,0,7,7,0,0,0,0,0.7692307692307693,0.0,0.7692307692307693,0.7692307692307693,0.7692307692307693,False,2025-26,2025,0.7692307692307693,3,1739,134.0,685.0,0.6609686609686609,0.6666666666666666,0.0,441,38.0,52.473684210526315,12.947368421052632,4.631578947368421,12.342105263157896,53.0,55.0,0.5119667013527576,,,,False
William Saliba,France,DF,Arsenal,21,2001,27,27,2415,26.8,2,1,3,2,0,0,4,0,0.07462686567164178,0.03731343283582089,0.11194029850746269,0.07462686567164178,0.11194029850746269,False,2022-23,2022,0.11194029850746269,1,2415,,,0.11194029850746269,,,441,38.0,59.94736842105263,15.605263157894736,5.368421052631579,8.973684210526315,88.0,43.0,0.6349036402569593,0.07894736842105263,38.0,2023-24,True
William Saliba,France,DF,Arsenal,22,2001,38,38,3420,38.0,2,1,3,2,0,0,4,0,0.05263157894736842,0.02631578947368421,0.07894736842105263,0.05263157894736842,0.07894736842105263,False,2023-24,2023,0.07894736842105263,2,5835,2415.0,1005.0,0.08994501178318931,0.11194029850746269,,484,38.0,58.63157894736842,17.263157894736842,5.973684210526316,8.473684210526315,91.0,29.0,0.6707566462167689,0.0591715976331361,33.8,2024-25,True
William Saliba,France,DF,Arsenal,23,2001,35,35,3039,33.8,2,0,2,2,0,0,2,1,0.0591715976331361,0.0,0.0591715976331361,0.0591715976331361,0.0591715976331361,False,2024-25,2024,0.0591715976331361,3,8874,3420.0,-381.0,0.06942940234982051,0.07894736842105263,0.11194029850746269,529,38.0,57.18421052631579,14.394736842105264,4.947368421052632,9.526315789473685,69.0,34.0,0.6017601760176018,0.034482758620689655,29.0,2025-26,True
William Saliba,France,DF,Arsenal,24,2001,31,30,2614,29.0,1,0,1,1,0,0,2,0,0.034482758620689655,0.0,0.034482758620689655,0.034482758620689655,0.034482758620689655,False,2025-26,2025,0.034482758620689655,4,11488,3039.0,-425.0,0.046131639863733274,0.0591715976331361,0.07894736842105263,576,38.0,56.44736842105263,14.526315789473685,4.894736842105263,8.157894736842104,71.0,27.0,0.640371229698376,,,,False
William Smallbone,Ireland,"MF,FW",Southampton,21,2000,4,2,133,1.5,0,0,0,0,0,0,0,0,0.0,0.0,0.0,0.0,0.0,False,2021-22,2021,0.0,1,133,,,0.0,,,441,,,,,,,,,0.12987012987012986,7.7,2024-25,True
William Smallbone,Ireland,MF,Southampton,24,2000,18,6,690,7.7,1,0,1,1,0,0,1,0,0.12987012987012986,0.0,0.12987012987012986,0.12987012987012986,0.12987012987012986,False,2024-25,2024,0.12987012987012986,2,823,133.0,557.0,0.08658008658008656,0.0,,576,,,,,,,,,,,,False
William Troost-Ekong,Nigeria,DF,Watford,27,1993,17,15,1390,15.4,0,0,0,0,0,0,3,0,0.0,0.0,0.0,0.0,0.0,False,2021-22,2021,0.0,1,1390,,,0.0,,,729,,,,,,,,,,,,False
Willian,Brazil,MF,Fulham,33,1988,27,25,2126,23.6,5,5,10,5,0,0,2,0,0.211864406779661,0.211864406779661,0.423728813559322,0.211864406779661,0.423728813559322,False,2022-23,2022,0.423728813559322,1,2126,,,0.423728813559322,,,1089,38.0,48.68421052631579,11.289473684210526,3.8947368421052633,13.289473684210526,55.0,53.0,0.45931477516059954,0.2631578947368421,22.8,2023-24,True
Willian,Brazil,"MF,FW",Fulham,34,1988,31,24,2053,22.8,4,2,6,2,2,2,1,0,0.17543859649122806,0.08771929824561403,0.2631578947368421,0.08771929824561403,0.17543859649122806,False,2023-24,2023,0.2631578947368421,2,4179,2126.0,-73.0,0.31668153434433544,0.423728813559322,,1156,38.0,50.73684210526316,13.157894736842104,4.7105263157894735,13.763157894736842,55.0,61.0,0.4887585532746823,0.0,2.9,2024-25,False
Willian,Brazil,"MF,FW",Fulham,35,1988,10,2,257,2.9,0,0,0,0,0,0,0,0,0.0,0.0,0.0,0.0,0.0,False,2024-25,2024,0.0,3,4436,2053.0,-1796.0,0.10556051144811182,0.2631578947368421,0.423728813559322,1225,38.0,52.473684210526315,13.710526315789474,4.552631578947368,11.368421052631579,54.0,54.0,0.5466946484784889,,,,False
Willy Boly,Ivory Coast,DF,Wolves,30,1991,10,10,900,10.0,0,0,0,0,0,0,1,0,0.0,0.0,0.0,0.0,0.0,False,2021-22,2021,0.0,1,900,,,0.0,,,900,,,,,,,,,0.13157894736842105,7.6,2022-23,True
Willy Boly,Ivory Coast,DF,Nottingham,31,1991,11,9,685,7.6,0,1,1,0,0,0,2,0,0.0,0.13157894736842105,0.13157894736842105,0.0,0.13157894736842105,False,2022-23,2022,0.13157894736842105,2,1585,900.0,-215.0,0.08771929824561403,0.0,,961,38.0,37.21052631578947,9.68421052631579,3.1052631578947367,14.657894736842104,38.0,68.0,0.3978378378378378,0.1875,16.0,2023-24,True
Willy Boly,Ivory Coast,DF,Nottingham,32,1991,20,18,1438,16.0,2,1,3,2,0,0,3,1,0.125,0.0625,0.1875,0.125,0.1875,False,2023-24,2023,0.1875,3,3023,685.0,753.0,0.15423976608187134,0.13157894736842105,0.0,1024,38.0,40.21052631578947,11.868421052631579,3.8947368421052633,13.421052631578947,49.0,67.0,0.46930280957336107,0.0,1.7,2024-25,False
Willy Boly,Ivory Coast,DF,Nottingham,33,1991,6,1,150,1.7,0,0,0,0,0,0,1,0,0.0,0.0,0.0,0.0,0.0,False,2024-25,2024,0.0,4,3173,1438.0,-1288.0,0.051413255360623786,0.1875,0.13157894736842105,1089,38.0,40.921052631578945,12.18421052631579,4.368421052631579,13.973684210526315,58.0,46.0,0.4657947686116701,,,,False
Willy Caballero,Argentina,GK,Southampton,39,1981,2,2,180,2.0,0,0,0,0,0,0,1,0,0.0,0.0,0.0,0.0,0.0,False,2021-22,2021,0.0,1,180,,,0.0,,,1521,,,,,,,,,,,,False
Willy Kambwala,France,DF,Manchester Utd,18,2004,8,3,330,3.7,0,0,0,0,0,0,1,0,0.0,0.0,0.0,0.0,0.0,False,2023-24,2023,0.0,1,330,,,0.0,,,324,38.0,50.526315789473685,14.473684210526315,5.078947368421052,17.55263157894737,57.0,58.0,0.4519309778142974,,,,False
Wilson Isidor,Haiti,FW,Sunderland,24,2000,32,11,1165,12.9,6,0,6,6,0,0,1,0,0.46511627906976744,0.0,0.46511627906976744,0.46511627906976744,0.46511627906976744,False,2025-26,2025,0.46511627906976744,1,1165,,,0.46511627906976744,,,576,38.0,44.89473684210526,10.421052631578947,3.4210526315789473,14.210526315789474,42.0,48.0,0.4230769230769231,,,,False
Wilson Odobert,France,"MF,FW",Burnley,18,2004,29,25,2098,23.3,3,2,5,3,0,0,3,0,0.12875536480686695,0.08583690987124463,0.2145922746781116,0.12875536480686695,0.2145922746781116,False,2023-24,2023,0.2145922746781116,1,2098,,,0.2145922746781116,,,324,,,,,,,,,0.10638297872340426,9.4,2024-25,True
Wilson Odobert,France,"FW,MF",Tottenham,19,2004,16,9,850,9.4,1,0,1,1,0,0,0,0,0.10638297872340426,0.0,0.10638297872340426,0.10638297872340426,0.10638297872340426,False,2024-25,2024,0.10638297872340426,2,2948,2098.0,-1248.0,0.14245274404164004,0.2145922746781116,,361,38.0,54.76315789473684,13.078947368421053,4.868421052631579,13.736842105263158,64.0,65.0,0.4877330716388616,0.18348623853211007,10.9,2025-26,True
Wilson Odobert,France,"MF,FW",Tottenham,20,2004,24,10,985,10.9,0,2,2,0,0,0,0,0,0.0,0.18348623853211007,0.18348623853211007,0.0,0.18348623853211007,False,2025-26,2025,0.18348623853211007,3,3933,850.0,135.0,0.16980840703528674,0.10638297872340426,0.2145922746781116,400,38.0,50.421052631578945,11.447368421052632,3.8421052631578947,12.289473684210526,48.0,57.0,0.4822616407982262,,,,False
Wout Faes,Belgium,DF,Leicester City,24,1998,31,31,2786,31.0,1,2,3,1,0,0,6,1,0.03225806451612903,0.06451612903225806,0.0967741935483871,0.03225806451612903,0.0967741935483871,False,2022-23,2022,0.0967741935483871,1,2786,,,0.0967741935483871,,,576,,,,,,,,,0.03194888178913738,31.3,2024-25,True
Wout Faes,Belgium,DF,Leicester City,26,1998,34,30,2815,31.3,1,0,1,1,0,0,4,0,0.03194888178913738,0.0,0.03194888178913738,0.03194888178913738,0.03194888178913738,False,2024-25,2024,0.03194888178913738,2,5601,2786.0,29.0,0.05355731904222062,0.0967741935483871,,676,,,,,,,,,,,,False
Wout Weghorst,Netherlands,FW,Burnley,28,1992,20,17,1450,16.1,2,3,5,2,0,0,3,0,0.12422360248447203,0.18633540372670807,0.3105590062111801,0.12422360248447203,0.3105590062111801,False,2021-22,2021,0.3105590062111801,1,1450,,,0.3105590062111801,,,784,,,,,,,,,0.11235955056179775,8.9,2022-23,True
Wout Weghorst,Netherlands,"FW,MF",Manchester Utd,29,1992,17,10,797,8.9,0,1,1,0,0,0,1,0,0.0,0.11235955056179775,0.11235955056179775,0.0,0.11235955056179775,False,2022-23,2022,0.11235955056179775,2,2247,1450.0,-653.0,0.17842603577825855,0.3105590062111801,,841,38.0,53.973684210526315,15.578947368421053,5.631578947368421,12.657894736842104,58.0,43.0,0.5517241379310345,,,,False
Woyo Coulibaly,Mali,DF,Leicester City,25,1999,4,1,109,1.2,0,0,0,0,0,0,1,0,0.0,0.0,0.0,0.0,0.0,False,2024-25,2024,0.0,1,109,,,0.0,,,625,,,,,,,,,,,,False
Xavi Simons,Netherlands,"MF,FW",Tottenham,22,2003,28,19,1755,19.5,2,5,7,2,0,0,5,1,0.10256410256410256,0.2564102564102564,0.358974358974359,0.10256410256410256,0.358974358974359,False,2025-26,2025,0.358974358974359,1,1755,,,0.358974358974359,,,484,38.0,50.421052631578945,11.447368421052632,3.8421052631578947,12.289473684210526,48.0,57.0,0.4822616407982262,,,,False
Yan Valery,Tunisia,DF,Southampton,22,1999,5,3,370,4.1,0,0,0,0,0,0,0,0,0.0,0.0,0.0,0.0,0.0,False,2021-22,2021,0.0,1,370,,,0.0,,,484,,,,,,,,,0.0,0.5,2022-23,False
Yan Valery,Tunisia,DF,Southampton,23,1999,1,1,45,0.5,0,0,0,0,0,0,0,0,0.0,0.0,0.0,0.0,0.0,False,2022-23,2022,0.0,2,415,370.0,-325.0,0.0,0.0,,529,,,,,,,,,,,,False
Yankuba Minteh,Gambian,MF,Brighton,20,2004,32,20,1838,20.4,6,4,10,6,0,0,6,0,0.29411764705882354,0.19607843137254904,0.4901960784313726,0.29411764705882354,0.4901960784313726,False,2024-25,2024,0.4901960784313726,1,1838,,,0.4901960784313726,,,400,38.0,52.63157894736842,14.026315789473685,5.026315789473684,11.236842105263158,66.0,59.0,0.5552083333333333,0.2631578947368421,26.6,2025-26,True
Yankuba Minteh,Gambian,MF,Brighton,21,2004,34,26,2391,26.6,3,4,7,3,0,0,3,0,0.11278195488721804,0.15037593984962405,0.2631578947368421,0.11278195488721804,0.2631578947368421,False,2025-26,2025,0.2631578947368421,2,4229,1838.0,553.0,0.3388372893016856,0.4901960784313726,,441,38.0,53.94736842105263,13.0,4.631578947368421,11.68421052631579,52.0,46.0,0.5266524520255864,,,,False
Yasin Ayari,Sweden,MF,Brighton,18,2003,3,1,67,0.7,0,0,0,0,0,0,0,0,0.0,0.0,0.0,0.0,0.0,False,2022-23,2022,0.0,1,67,,,0.0,,,324,38.0,60.526315789473685,16.105263157894736,6.078947368421052,10.210526315789474,72.0,53.0,0.612,0.13761467889908258,21.8,2024-25,True
Yasin Ayari,Sweden,MF,Brighton,20,2003,34,22,1965,21.8,2,1,3,2,0,0,3,0,0.09174311926605504,0.04587155963302752,0.13761467889908258,0.09174311926605504,0.13761467889908258,False,2024-25,2024,0.13761467889908258,2,2032,67.0,1898.0,0.09174311926605505,0.0,,400,38.0,52.63157894736842,14.026315789473685,5.026315789473684,11.236842105263158,66.0,59.0,0.5552083333333333,0.28037383177570097,21.4,2025-26,True
Yasin Ayari,Sweden,MF,Brighton,21,2003,29,20,1929,21.4,3,3,6,3,0,0,1,0,0.14018691588785048,0.14018691588785048,0.28037383177570097,0.14018691588785048,0.28037383177570097,False,2025-26,2025,0.28037383177570097,3,3961,1965.0,-36.0,0.217496927605819,0.13761467889908258,0.0,441,38.0,53.94736842105263,13.0,4.631578947368421,11.68421052631579,52.0,46.0,0.5266524520255864,,,,False
Yasser Larouci,Algeria,MF,Sheffield United,22,2001,11,6,531,5.9,0,0,0,0,0,0,1,0,0.0,0.0,0.0,0.0,0.0,False,2023-24,2023,0.0,1,531,,,0.0,,,484,,,,,,,,,,,,False
Yehor Yarmoliuk,Ukraine,MF,Brentford,19,2004,27,6,688,7.6,0,0,0,0,0,0,2,0,0.0,0.0,0.0,0.0,0.0,False,2023-24,2023,0.0,1,688,,,0.0,,,361,38.0,44.973684210526315,12.447368421052632,4.526315789473684,14.421052631578947,56.0,65.0,0.4632713026444662,0.0,16.1,2024-25,True
Yehor Yarmoliuk,Ukraine,MF,Brentford,20,2004,31,15,1450,16.1,0,0,0,0,0,0,6,0,0.0,0.0,0.0,0.0,0.0,False,2024-25,2024,0.0,2,2138,688.0,762.0,0.0,0.0,,400,38.0,47.81578947368421,11.578947368421053,4.842105263157895,17.026315789473685,66.0,57.0,0.40478380864765406,0.1016949152542373,29.5,2025-26,True
Yehor Yarmoliuk,Ukraine,MF,Brentford,21,2004,37,30,2659,29.5,1,2,3,1,0,0,7,0,0.03389830508474576,0.06779661016949153,0.1016949152542373,0.03389830508474576,0.1016949152542373,False,2025-26,2025,0.1016949152542373,3,4797,1450.0,1209.0,0.06779661016949153,0.0,0.0,441,38.0,47.5,10.657894736842104,3.8684210526315788,13.263157894736842,55.0,52.0,0.44554455445544555,,,,False
Yerry Mina,Colombia,DF,Everton,26,1994,13,11,846,9.4,0,0,0,0,0,0,3,0,0.0,0.0,0.0,0.0,0.0,False,2021-22,2021,0.0,1,846,,,0.0,,,676,38.0,39.68421052631579,11.526315789473685,3.6315789473684212,13.710526315789474,43.0,66.0,0.45672575599582904,0.30303030303030304,6.6,2022-23,True
Yerry Mina,Colombia,DF,Everton,27,1994,7,7,594,6.6,2,0,2,2,0,0,2,0,0.30303030303030304,0.0,0.30303030303030304,0.30303030303030304,0.30303030303030304,False,2022-23,2022,0.30303030303030304,2,1440,846.0,-252.0,0.20202020202020202,0.0,,729,38.0,42.578947368421055,11.289473684210526,4.0,15.105263157894736,34.0,57.0,0.42771684945164506,,,,False
Yerson Mosquera,Colombia,DF,Wolves,23,2001,5,5,441,4.9,0,0,0,0,0,0,2,0,0.0,0.0,0.0,0.0,0.0,False,2024-25,2024,0.0,1,441,,,0.0,,,529,,,,,,,,,0.0,23.7,2025-26,True
Yerson Mosquera,Colombia,DF,Wolves,24,2001,27,24,2136,23.7,0,0,0,0,0,0,12,0,0.0,0.0,0.0,0.0,0.0,False,2025-26,2025,0.0,2,2577,441.0,1695.0,0.0,0.0,,576,,,,,,,,,,,,False
Yoane Wissa,DR Congo,FW,Brentford,24,1996,30,12,1284,14.3,7,1,8,7,0,0,0,0,0.4895104895104895,0.06993006993006992,0.5594405594405594,0.4895104895104895,0.5594405594405594,False,2021-22,2021,0.5594405594405594,1,1284,,,0.5594405594405594,,,576,38.0,44.5,11.631578947368421,4.052631578947368,13.210526315789474,48.0,56.0,0.4682203389830508,0.5617977528089887,17.8,2022-23,True
Yoane Wissa,DR Congo,FW,Brentford,25,1996,38,16,1606,17.8,7,3,10,7,0,0,3,0,0.3932584269662921,0.16853932584269662,0.5617977528089887,0.3932584269662921,0.5617977528089887,False,2022-23,2022,0.5617977528089887,2,2890,1284.0,322.0,0.5610120216861789,0.5594405594405594,,625,38.0,43.39473684210526,10.710526315789474,4.2631578947368425,14.763157894736842,58.0,46.0,0.42045454545454547,0.5415162454873647,27.7,2023-24,True
Yoane Wissa,DR Congo,FW,Brentford,26,1996,34,29,2493,27.7,12,3,15,12,0,0,7,0,0.4332129963898917,0.10830324909747292,0.5415162454873647,0.4332129963898917,0.5415162454873647,False,2023-24,2023,0.5415162454873647,3,5383,1606.0,887.0,0.5480148375536361,0.5617977528089887,0.5594405594405594,676,38.0,44.973684210526315,12.447368421052632,4.526315789473684,14.421052631578947,56.0,65.0,0.4632713026444662,0.7098765432098766,32.4,2024-25,True
Yoane Wissa,DR Congo,FW,Brentford,27,1996,35,34,2919,32.4,19,4,23,19,0,0,5,0,0.5864197530864198,0.1234567901234568,0.7098765432098766,0.5864197530864198,0.7098765432098766,False,2024-25,2024,0.7098765432098766,4,8302,2493.0,426.0,0.6559226413244631,0.5415162454873647,0.5617977528089887,729,38.0,47.81578947368421,11.578947368421053,4.842105263157895,17.026315789473685,66.0,57.0,0.40478380864765406,0.3389830508474576,5.9,2025-26,True
Yoane Wissa,DR Congo,FW,Newcastle,28,1996,19,4,531,5.9,1,1,2,1,0,0,3,0,0.1694915254237288,0.1694915254237288,0.3389830508474576,0.1694915254237288,0.3389830508474576,False,2025-26,2025,0.3389830508474576,5,8833,2919.0,-2388.0,0.44462958100645944,0.7098765432098766,0.5415162454873647,784,38.0,52.473684210526315,12.947368421052632,4.631578947368421,12.342105263157896,53.0,55.0,0.5119667013527576,,,,False
Youri Tielemans,Belgium,MF,Leicester City,24,1997,32,29,2631,29.2,6,4,10,4,2,2,3,0,0.20547945205479454,0.136986301369863,0.3424657534246575,0.136986301369863,0.273972602739726,False,2021-22,2021,0.3424657534246575,1,2631,,,0.3424657534246575,,,576,,,,,,,,,0.19230769230769232,26.0,2022-23,True
Youri Tielemans,Belgium,MF,Leicester City,25,1997,31,27,2344,26.0,3,2,5,2,1,2,4,0,0.11538461538461539,0.07692307692307693,0.19230769230769232,0.07692307692307693,0.15384615384615385,False,2022-23,2022,0.19230769230769232,2,4975,2631.0,-287.0,0.2423603793466807,0.3424657534246575,,625,,,,,,,,,0.4444444444444444,18.0,2023-24,True
Youri Tielemans,Belgium,"MF,FW",Aston Villa,26,1997,32,17,1622,18.0,2,6,8,2,0,0,3,0,0.1111111111111111,0.3333333333333333,0.4444444444444444,0.1111111111111111,0.4444444444444444,False,2023-24,2023,0.4444444444444444,3,6597,2344.0,-722.0,0.37708308941185653,0.19230769230769232,0.3424657534246575,676,38.0,53.421052631578945,13.5,5.0,11.947368421052632,76.0,61.0,0.5305067218200621,0.2976190476190476,33.6,2024-25,True
Youri Tielemans,Belgium,MF,Aston Villa,27,1997,36,35,3026,33.6,3,7,10,3,0,1,4,0,0.08928571428571429,0.20833333333333331,0.2976190476190476,0.08928571428571429,0.2976190476190476,False,2024-25,2024,0.2976190476190476,4,9623,1622.0,1404.0,0.3241070615499839,0.4444444444444444,0.19230769230769232,729,38.0,50.71052631578947,12.736842105263158,4.473684210526316,12.18421052631579,58.0,51.0,0.5110876451953538,0.1932367149758454,20.7,2025-26,True
Youri Tielemans,Belgium,MF,Aston Villa,28,1997,25,21,1862,20.7,0,4,4,0,0,0,0,0,0.0,0.1932367149758454,0.1932367149758454,0.0,0.1932367149758454,False,2025-26,2025,0.1932367149758454,5,11485,3026.0,-1164.0,0.23686016383389158,0.2976190476190476,0.4444444444444444,784,38.0,53.6578947368421,12.710526315789474,4.473684210526316,12.894736842105264,56.0,49.0,0.4964028776978417,,,,False
Youssef Chermiti,Portugal,FW,Everton,19,2004,18,1,208,2.3,0,0,0,0,0,0,3,0,0.0,0.0,0.0,0.0,0.0,False,2023-24,2023,0.0,1,208,,,0.0,,,361,38.0,40.73684210526316,13.342105263157896,4.2631578947368425,14.157894736842104,40.0,51.0,0.4851674641148326,0.0,0.5,2024-25,False
Youssef Chermiti,Portugal,FW,Everton,20,2004,4,0,45,0.5,0,0,0,0,0,0,1,0,0.0,0.0,0.0,0.0,0.0,False,2024-25,2024,0.0,2,253,208.0,-163.0,0.0,0.0,,400,38.0,40.63157894736842,10.657894736842104,3.763157894736842,12.605263157894736,42.0,44.0,0.4581447963800905,,,,False
Yukinari Sugawara,Japan,"MF,DF",Southampton,24,2000,30,16,1557,17.3,1,1,2,1,0,0,4,0,0.057803468208092484,0.057803468208092484,0.11560693641618497,0.057803468208092484,0.11560693641618497,False,2024-25,2024,0.11560693641618497,1,1557,,,0.11560693641618497,,,576,,,,,,,,,,,,False
Yunus Emre Konak,Turkey,MF,Brentford,18,2006,10,0,42,0.5,0,0,0,0,0,0,0,0,0.0,0.0,0.0,0.0,0.0,False,2024-25,2024,0.0,1,42,,,0.0,,,324,38.0,47.81578947368421,11.578947368421053,4.842105263157895,17.026315789473685,66.0,57.0,0.40478380864765406,,,,False
Yves Bissouma,Mali,MF,Brighton,24,1996,26,25,2111,23.5,1,2,3,1,0,0,10,0,0.0425531914893617,0.0851063829787234,0.1276595744680851,0.0425531914893617,0.1276595744680851,False,2021-22,2021,0.1276595744680851,1,2111,,,0.1276595744680851,,,576,38.0,54.73684210526316,12.868421052631579,4.0,12.526315789473685,42.0,44.0,0.5067357512953368,0.0,11.2,2022-23,True
Yves Bissouma,Mali,MF,Tottenham,25,1996,23,10,1010,11.2,0,0,0,0,0,0,6,0,0.0,0.0,0.0,0.0,0.0,False,2022-23,2022,0.0,2,3121,2111.0,-1101.0,0.0425531914893617,0.1276595744680851,,625,38.0,49.94736842105263,13.68421052631579,5.2631578947368425,13.68421052631579,70.0,63.0,0.5,0.0,23.0,2023-24,True
Yves Bissouma,Mali,MF,Tottenham,26,1996,28,26,2068,23.0,0,0,0,0,0,0,10,2,0.0,0.0,0.0,0.0,0.0,False,2023-24,2023,0.0,3,5189,1010.0,1058.0,0.014184397163120569,0.0,0.1276595744680851,676,38.0,62.05263157894737,15.31578947368421,5.631578947368421,12.789473684210526,74.0,61.0,0.5449438202247191,0.12820512820512822,15.6,2024-25,True
Yves Bissouma,Mali,MF,Tottenham,27,1996,28,16,1408,15.6,2,0,2,2,0,0,7,0,0.12820512820512822,0.0,0.12820512820512822,0.12820512820512822,0.12820512820512822,False,2024-25,2024,0.12820512820512822,4,6597,2068.0,-660.0,0.09019821785779233,0.0,0.0,729,38.0,54.76315789473684,13.078947368421053,4.868421052631579,13.736842105263158,64.0,65.0,0.4877330716388616,0.0,6.7,2025-26,True
Yves Bissouma,Mali,MF,Tottenham,28,1996,11,7,603,6.7,0,0,0,0,0,0,4,0,0.0,0.0,0.0,0.0,0.0,False,2025-26,2025,0.0,5,7200,1408.0,-805.0,0.030066072619264115,0.12820512820512822,0.0,784,38.0,50.421052631578945,11.447368421052632,3.8421052631578947,12.289473684210526,48.0,57.0,0.4822616407982262,,,,False
Yéremy Pino,Spain,"MF,FW",Crystal Palace,22,2002,34,26,2080,23.1,2,2,4,2,0,0,4,0,0.08658008658008658,0.08658008658008658,0.17316017316017315,0.08658008658008658,0.17316017316017315,False,2025-26,2025,0.17316017316017315,1,2080,,,0.17316017316017315,,,484,38.0,45.89473684210526,11.631578947368421,3.710526315789474,11.710526315789474,41.0,51.0,0.49830890642615555,,,,False
Zach Abbott,England,DF,Nottingham,19,2006,3,2,164,1.8,0,0,0,0,0,0,0,0,0.0,0.0,0.0,0.0,0.0,False,2025-26,2025,0.0,1,164,,,0.0,,,361,38.0,46.8421052631579,12.526315789473685,4.105263157894737,13.289473684210526,48.0,51.0,0.48521916411824667,,,,False
Zack Nelson,England,MF,Luton Town,18,2005,2,0,7,0.1,0,0,0,0,0,0,0,0,0.0,0.0,0.0,0.0,0.0,False,2023-24,2023,0.0,1,7,,,0.0,,,324,,,,,,,,,,,,False
Zack Steffen,USA,GK,Manchester City,26,1995,1,1,90,1.0,0,0,0,0,0,0,0,0,0.0,0.0,0.0,0.0,0.0,False,2021-22,2021,0.0,1,90,,,0.0,,,676,38.0,68.5,18.763157894736842,6.657894736842105,6.2368421052631575,99.0,26.0,0.7505263157894737,,,,False
Zain Silcott-Duberry,Montserrat,MF,Bournemouth,19,2005,1,0,1,0.0,0,0,0,0,0,0,0,0,0.0,0.0,0.0,0.0,0.0,False,2024-25,2024,0.0,1,1,,,0.0,,,361,38.0,48.578947368421055,15.263157894736842,5.315789473684211,12.842105263157896,58.0,46.0,0.5430711610486891,,,,False
Zeki Amdouni,Switzerland,FW,Burnley,22,2000,34,27,1953,21.7,5,1,6,4,1,1,2,0,0.2304147465437788,0.04608294930875576,0.2764976958525346,0.18433179723502305,0.23041474654377883,False,2023-24,2023,0.2764976958525346,1,1953,,,0.2764976958525346,,,484,,,,,,,,,0.0,0.8,2025-26,False
Zeki Amdouni,Switzerland,"FW,MF",Burnley,24,2000,4,0,73,0.8,0,0,0,0,0,0,0,0,0.0,0.0,0.0,0.0,0.0,False,2025-26,2025,0.0,2,2026,1953.0,-1880.0,0.09216589861751154,0.2764976958525346,,576,,,,,,,,,,,,False
Zian Flemming,Netherlands,FW,Burnley,26,1998,29,21,1769,19.7,11,0,11,9,2,2,5,0,0.5583756345177665,0.0,0.5583756345177665,0.4568527918781726,0.4568527918781726,False,2025-26,2025,0.5583756345177665,1,1769,,,0.5583756345177665,,,676,,,,,,,,,,,,False
Álex Jiménez,Spain,"DF,MF",Bournemouth,20,2005,31,26,2317,25.7,1,0,1,1,0,0,10,0,0.038910505836575876,0.0,0.038910505836575876,0.038910505836575876,0.038910505836575876,False,2025-26,2025,0.038910505836575876,1,2317,,,0.038910505836575876,,,400,38.0,50.078947368421055,13.842105263157896,4.684210526315789,12.631578947368421,58.0,54.0,0.5228628230616302,,,,False
Álex Moreno,Spain,DF,Aston Villa,29,1993,19,14,1329,14.8,0,3,3,0,0,0,3,0,0.0,0.2027027027027027,0.2027027027027027,0.0,0.2027027027027027,False,2022-23,2022,0.2027027027027027,1,1329,,,0.2027027027027027,,,841,38.0,49.44736842105263,11.31578947368421,3.973684210526316,11.289473684210526,51.0,46.0,0.5005820721769499,0.17391304347826086,11.5,2023-24,True
Álex Moreno,Spain,DF,Aston Villa,30,1993,21,11,1031,11.5,2,0,2,2,0,0,2,0,0.17391304347826086,0.0,0.17391304347826086,0.17391304347826086,0.17391304347826086,False,2023-24,2023,0.17391304347826086,2,2360,1329.0,-298.0,0.1835095965530748,0.2027027027027027,,900,38.0,53.421052631578945,13.5,5.0,11.947368421052632,76.0,61.0,0.5305067218200621,0.09433962264150944,10.6,2024-25,True
Álex Moreno,Spain,DF,Nottingham,31,1993,15,11,955,10.6,0,1,1,0,0,0,2,0,0.0,0.09433962264150944,0.09433962264150944,0.0,0.09433962264150944,False,2024-25,2024,0.09433962264150944,3,3315,1031.0,-76.0,0.1240629472786979,0.17391304347826086,0.2027027027027027,961,38.0,40.921052631578945,12.18421052631579,4.368421052631579,13.973684210526315,58.0,46.0,0.4657947686116701,,,,False
Álvaro Fernández,Spain,GK,Brentford,23,1998,12,12,1080,12.0,0,0,0,0,0,0,0,0,0.0,0.0,0.0,0.0,0.0,False,2021-22,2021,0.0,1,1080,,,0.0,,,529,38.0,44.5,11.631578947368421,4.052631578947368,13.210526315789474,48.0,56.0,0.4682203389830508,,,,False
Çağlar Söyüncü,Turkey,DF,Leicester City,25,1996,28,28,2497,27.7,1,0,1,1,0,0,5,0,0.036101083032490974,0.0,0.036101083032490974,0.036101083032490974,0.036101083032490974,False,2021-22,2021,0.036101083032490974,1,2497,,,0.036101083032490974,,,625,,,,,,,,,0.1694915254237288,5.9,2022-23,True
Çağlar Söyüncü,Turkey,DF,Leicester City,26,1996,7,6,529,5.9,1,0,1,1,0,0,2,0,0.1694915254237288,0.0,0.1694915254237288,0.1694915254237288,0.1694915254237288,False,2022-23,2022,0.1694915254237288,2,3026,2497.0,-1968.0,0.12502804462664951,0.036101083032490974,,676,,,,,,,,,,,,False
Édouard Mendy,Senegal,GK,Chelsea,29,1992,34,34,3060,34.0,0,0,0,0,0,0,3,0,0.0,0.0,0.0,0.0,0.0,False,2021-22,2021,0.0,1,3060,,,0.0,,,841,38.0,62.3421052631579,15.578947368421053,5.552631578947368,8.921052631578947,76.0,33.0,0.635875402792696,0.0,9.5,2022-23,True
Édouard Mendy,Senegal,GK,Chelsea,30,1992,10,9,855,9.5,0,0,0,0,0,0,1,0,0.0,0.0,0.0,0.0,0.0,False,2022-23,2022,0.0,2,3915,3060.0,-2205.0,0.0,0.0,,900,38.0,59.026315789473685,12.736842105263158,4.157894736842105,11.526315789473685,38.0,47.0,0.5249457700650759,,,,False
Đorđe Petrović,Serbia,GK,Chelsea,23,1999,23,22,1987,22.1,0,0,0,0,0,0,2,0,0.0,0.0,0.0,0.0,0.0,False,2023-24,2023,0.0,1,1987,,,0.0,,,529,38.0,59.0,14.421052631578947,5.657894736842105,14.631578947368421,77.0,63.0,0.4963768115942029,0.0,38.0,2025-26,True
Đorđe Petrović,Serbia,GK,Bournemouth,25,1999,38,38,3420,38.0,0,0,0,0,0,0,3,0,0.0,0.0,0.0,0.0,0.0,False,2025-26,2025,0.0,2,5407,1987.0,1433.0,0.0,0.0,,625,38.0,50.078947368421055,13.842105263157896,4.684210526315789,12.631578947368421,58.0,54.0,0.5228628230616302,,,,False
İlkay Gündoğan,Germany,MF,Manchester City,30,1990,27,20,1857,20.6,8,4,12,8,0,0,1,0,0.3883495145631068,0.1941747572815534,0.5825242718446602,0.3883495145631068,0.5825242718446602,False,2021-22,2021,0.5825242718446602,1,1857,,,0.5825242718446602,,,900,38.0,68.5,18.763157894736842,6.657894736842105,6.2368421052631575,99.0,26.0,0.7505263157894737,0.45977011494252873,26.1,2022-23,True
İlkay Gündoğan,Germany,MF,Manchester City,31,1990,31,27,2353,26.1,8,4,12,8,0,1,0,0,0.3065134099616858,0.1532567049808429,0.45977011494252873,0.3065134099616858,0.45977011494252873,False,2022-23,2022,0.45977011494252873,2,4210,1857.0,496.0,0.5006881672432392,0.5825242718446602,,961,38.0,65.34210526315789,15.789473684210526,5.7631578947368425,7.7105263157894735,94.0,33.0,0.6718924972004479,0.2834008097165992,24.7,2024-25,True
İlkay Gündoğan,Germany,MF,Manchester City,33,1990,33,25,2223,24.7,1,6,7,1,0,0,1,0,0.04048582995951417,0.24291497975708504,0.2834008097165992,0.04048582995951417,0.2834008097165992,False,2024-25,2024,0.2834008097165992,3,6433,2353.0,-130.0,0.3558299288921459,0.45977011494252873,0.5825242718446602,1089,38.0,61.73684210526316,16.0,5.7105263157894735,9.31578947368421,72.0,44.0,0.6320166320166319,,,,False
Łukasz Fabiański,Poland,GK,West Ham,36,1985,37,37,3330,37.0,0,0,0,0,0,0,2,0,0.0,0.0,0.0,0.0,0.0,False,2021-22,2021,0.0,1,3330,,,0.0,,,1296,,,,,,,,,0.0,34.6,2022-23,True
Łukasz Fabiański,Poland,GK,West Ham,37,1985,36,36,3111,34.6,0,0,0,0,0,0,1,0,0.0,0.0,0.0,0.0,0.0,False,2022-23,2022,0.0,2,6441,3330.0,-219.0,0.0,0.0,,1369,,,,,,,,,0.0,8.0,2023-24,True
Łukasz Fabiański,Poland,GK,West Ham,38,1985,10,7,721,8.0,0,0,0,0,0,0,0,0,0.0,0.0,0.0,0.0,0.0,False,2023-24,2023,0.0,3,7162,3111.0,-2390.0,0.0,0.0,0.0,1444,,,,,,,,,0.0,12.9,2024-25,True
Łukasz Fabiański,Poland,GK,West Ham,39,1985,14,13,1160,12.9,0,0,0,0,0,0,2,0,0.0,0.0,0.0,0.0,0.0,False,2024-25,2024,0.0,4,8322,721.0,439.0,0.0,0.0,0.0,1521,,,,,,,,,,,,False
