Player,Nation,Position,Squad,Age,Born,Matches Played,Starts,Minutes Played,90s,Goals Scored,Assists,Goals + Assists,Non-Penalty Goals,Penalty Goals,Penalty Attempts,Yellow Card,Red Cards,Gls/90,Ast/90,G+A /90,G-PK /90,G+A-PK /90,multi_club_season,Season,season_start_year,prev_ga90,career_seasons_so_far,cum_minutes,minutes_prev_season,minutes_trend,ga90_ewm,ga90_prev_season,ga90_2_seasons_ago,age_sq,matches,avg_possession,avg_shots_for,avg_sot_for,avg_shots_against,goals_for,goals_against,shot_share,target_next_ga90,target_next_90s,target_season,has_target
Aaron Cresswell,England,DF,West Ham,31,1989,31,31,2726,30.3,2,3,5,2,0,0,3,0,0.066006600660066,0.099009900990099,0.16501650165016502,0.066006600660066,0.16501650165016502,False,2021-22,2021,0.16501650165016502,1,2726,,,0.16501650165016502,,,961,,,,,,,,,0.04032258064516129,24.8,2022-23,True
Aaron Cresswell,England,DF,West Ham,32,1989,28,24,2235,24.8,0,1,1,0,0,0,3,0,0.0,0.04032258064516129,0.04032258064516129,0.0,0.04032258064516129,False,2022-23,2022,0.04032258064516129,2,4961,2726.0,-491.0,0.08188722098016255,0.16501650165016502,,1024,,,,,,,,,0.0,4.8,2023-24,True
Aaron Cresswell,England,DF,West Ham,33,1989,11,4,436,4.8,0,0,0,0,0,0,1,0,0.0,0.0,0.0,0.0,0.0,False,2023-24,2023,0.0,3,5397,2235.0,-1799.0,0.02729574032672085,0.04032258064516129,0.16501650165016502,1089,,,,,,,,,0.0,9.2,2024-25,True
Aaron Hickey,Scotland,DF,Brentford,20,2002,26,23,1916,21.3,0,1,1,0,0,0,7,0,0.0,0.046948356807511735,0.046948356807511735,0.0,0.046948356807511735,False,2022-23,2022,0.046948356807511735,1,1916,,,0.046948356807511735,,,400,38.0,43.39473684210526,10.710526315789474,4.2631578947368425,14.763157894736842,58.0,46.0,0.42045454545454547,0.0,7.9,2023-24,True
Aaron Hickey,Scotland,"DF,MF",Brentford,21,2002,9,9,713,7.9,0,0,0,0,0,0,5,0,0.0,0.0,0.0,0.0,0.0,False,2023-24,2023,0.0,2,2629,1916.0,-1203.0,0.01564945226917058,0.046948356807511735,,441,38.0,44.973684210526315,12.447368421052632,4.526315789473684,14.421052631578947,56.0,65.0,0.4632713026444662,0.0,7.7,2025-26,True
Aaron Ramsdale,England,GK,Arsenal,23,1998,34,34,3060,34.0,0,0,0,0,0,0,1,0,0.0,0.0,0.0,0.0,0.0,False,2021-22,2021,0.0,1,3060,,,0.0,,,529,38.0,53.18421052631579,15.473684210526315,5.157894736842105,11.18421052631579,61.0,48.0,0.5804540967423495,0.0,38.0,2022-23,True
Aaron Ramsdale,England,GK,Arsenal,24,1998,38,38,3420,38.0,0,0,0,0,0,0,1,0,0.0,0.0,0.0,0.0,0.0,False,2022-23,2022,0.0,2,6480,3060.0,360.0,0.0,0.0,,576,38.0,59.94736842105263,15.605263157894736,5.368421052631579,8.973684210526315,88.0,43.0,0.6349036402569593,0.0,6.0,2023-24,True
Aaron Ramsdale,England,GK,Arsenal,25,1998,6,6,540,6.0,0,0,0,0,0,0,0,0,0.0,0.0,0.0,0.0,0.0,False,2023-24,2023,0.0,3,7020,3420.0,-2880.0,0.0,0.0,0.0,625,38.0,58.63157894736842,17.263157894736842,5.973684210526316,8.473684210526315,91.0,29.0,0.6707566462167689,0.0,30.0,2024-25,True
Aaron Ramsdale,England,GK,Southampton,26,1998,30,30,2700,30.0,0,0,0,0,0,0,2,0,0.0,0.0,0.0,0.0,0.0,False,2024-25,2024,0.0,4,9720,540.0,2160.0,0.0,0.0,0.0,676,,,,,,,,,0.0,11.2,2025-26,True
Aaron Wan-Bissaka,DR Congo,"DF,MF",Manchester Utd,23,1997,20,20,1793,19.9,0,0,0,0,0,0,2,0,0.0,0.0,0.0,0.0,0.0,False,2021-22,2021,0.0,1,1793,,,0.0,,,529,38.0,52.921052631578945,13.368421052631579,4.921052631578948,13.447368421052632,57.0,57.0,0.4985279685966634,0.0,15.9,2022-23,True
Aaron Wan-Bissaka,DR Congo,DF,Manchester Utd,24,1997,19,16,1435,15.9,0,0,0,0,0,0,2,0,0.0,0.0,0.0,0.0,0.0,False,2022-23,2022,0.0,2,3228,1793.0,-358.0,0.0,0.0,,576,38.0,53.973684210526315,15.578947368421053,5.631578947368421,12.657894736842104,58.0,43.0,0.5517241379310345,0.10101010101010101,19.8,2023-24,True
Aaron Wan-Bissaka,DR Congo,DF,Manchester Utd,25,1997,22,20,1780,19.8,0,2,2,0,0,0,4,0,0.0,0.10101010101010101,0.10101010101010101,0.0,0.10101010101010101,False,2023-24,2023,0.10101010101010101,3,5008,1435.0,345.0,0.06734006734006734,0.0,0.0,625,38.0,50.526315789473685,14.473684210526315,5.078947368421052,17.55263157894737,57.0,58.0,0.4519309778142974,0.2,35.0,2024-25,True
Aaron Wan-Bissaka,DR Congo,"DF,MF",West Ham,26,1997,36,35,3154,35.0,2,5,7,2,0,0,1,0,0.05714285714285714,0.14285714285714285,0.2,0.05714285714285714,0.2,False,2024-25,2024,0.2,4,8162,1780.0,1374.0,0.15578002244668912,0.10101010101010101,0.0,676,,,,,,,,,0.08658008658008658,23.1,2025-26,True
Abdoulaye Doucouré,Mali,MF,Everton,28,1993,30,29,2537,28.2,2,4,6,2,0,0,6,0,0.07092198581560284,0.14184397163120568,0.2127659574468085,0.07092198581560284,0.2127659574468085,False,2021-22,2021,0.2127659574468085,1,2537,,,0.2127659574468085,,,784,38.0,39.68421052631579,11.526315789473685,3.6315789473684212,13.710526315789474,43.0,66.0,0.45672575599582904,0.4117647058823529,17.0,2022-23,True
Abdoulaye Doucouré,Mali,MF,Everton,29,1993,25,17,1533,17.0,5,2,7,5,0,0,6,1,0.29411764705882354,0.11764705882352941,0.4117647058823529,0.29411764705882354,0.4117647058823529,False,2022-23,2022,0.4117647058823529,2,4070,2537.0,-1004.0,0.3454317897371714,0.2127659574468085,,841,38.0,42.578947368421055,11.289473684210526,4.0,15.105263157894736,34.0,57.0,0.42771684945164506,0.273972602739726,29.2,2023-24,True
Abdoulaye Doucouré,Mali,MF,Everton,30,1993,32,32,2629,29.2,7,1,8,7,0,0,7,0,0.2397260273972603,0.03424657534246575,0.273972602739726,0.2397260273972603,0.273972602739726,False,2023-24,2023,0.273972602739726,3,6699,1533.0,1096.0,0.2977923317388745,0.4117647058823529,0.2127659574468085,900,38.0,40.73684210526316,13.342105263157896,4.2631578947368425,14.157894736842104,40.0,51.0,0.4851674641148326,0.17543859649122806,28.5,2024-25,True
Abdukodir Khusanov,Uzbekistan,DF,Manchester City,20,2004,6,6,503,5.6,0,0,0,0,0,0,1,0,0.0,0.0,0.0,0.0,0.0,False,2024-25,2024,0.0,1,503,,,0.0,,,400,38.0,61.73684210526316,16.0,5.7105263157894735,9.31578947368421,72.0,44.0,0.6320166320166319,0.0,15.9,2025-26,True
Adam Armstrong,England,FW,Southampton,24,1997,23,17,1413,15.7,2,2,4,2,0,0,1,0,0.12738853503184713,0.12738853503184713,0.25477707006369427,0.12738853503184713,0.25477707006369427,False,2021-22,2021,0.25477707006369427,1,1413,,,0.25477707006369427,,,576,,,,,,,,,0.2027027027027027,14.8,2022-23,True
Adam Armstrong,England,"MF,FW",Southampton,25,1997,30,14,1335,14.8,2,1,3,2,0,0,2,0,0.13513513513513511,0.06756756756756756,0.2027027027027027,0.13513513513513511,0.2027027027027027,False,2022-23,2022,0.2027027027027027,2,2748,1413.0,-78.0,0.22006082515636655,0.25477707006369427,,625,,,,,,,,,0.28776978417266186,13.9,2024-25,True
Adam Armstrong,England,"FW,MF",Southampton,27,1997,20,15,1248,13.9,2,2,4,2,0,1,4,0,0.14388489208633093,0.14388489208633093,0.28776978417266186,0.14388489208633093,0.28776978417266186,False,2024-25,2024,0.28776978417266186,3,3996,1335.0,-87.0,0.26520013116723007,0.2027027027027027,0.25477707006369427,729,,,,,,,,,0.31496062992125984,12.7,2025-26,True
Adam Forshaw,England,MF,Leeds United,29,1991,22,17,1530,17.0,0,1,1,0,0,0,5,0,0.0,0.058823529411764705,0.058823529411764705,0.0,0.058823529411764705,False,2021-22,2021,0.058823529411764705,1,1530,,,0.058823529411764705,,,841,38.0,52.473684210526315,12.736842105263158,4.052631578947368,15.289473684210526,42.0,79.0,0.4544600938967136,0.0,5.3,2022-23,True
Adam Lallana,England,MF,Brighton,33,1988,24,18,1561,17.3,0,1,1,0,0,0,4,0,0.0,0.057803468208092484,0.057803468208092484,0.0,0.057803468208092484,False,2021-22,2021,0.057803468208092484,1,1561,,,0.057803468208092484,,,1089,38.0,54.73684210526316,12.868421052631579,4.0,12.526315789473685,42.0,44.0,0.5067357512953368,0.375,8.0,2022-23,True
Adam Lallana,England,MF,Brighton,34,1988,16,12,722,8.0,2,1,3,2,0,0,0,0,0.25,0.125,0.375,0.25,0.375,False,2022-23,2022,0.375,2,2283,1561.0,-839.0,0.26926782273603084,0.057803468208092484,,1156,38.0,60.526315789473685,16.105263157894736,6.078947368421052,10.210526315789474,72.0,53.0,0.612,0.10638297872340426,9.4,2023-24,True
Adam Lallana,England,MF,Brighton,35,1988,25,13,850,9.4,0,1,1,0,0,0,2,0,0.0,0.10638297872340426,0.10638297872340426,0.0,0.10638297872340426,False,2023-24,2023,0.10638297872340426,3,3133,722.0,128.0,0.1606779267276131,0.375,0.057803468208092484,1225,38.0,60.3421052631579,14.789473684210526,5.473684210526316,12.289473684210526,55.0,62.0,0.5461613216715258,0.5,4.0,2024-25,True
Adam Smith,England,DF,Bournemouth,31,1991,37,34,2943,32.7,0,1,1,0,0,0,11,0,0.0,0.030581039755351678,0.030581039755351678,0.0,0.030581039755351678,False,2022-23,2022,0.030581039755351678,1,2943,,,0.030581039755351678,,,961,38.0,40.078947368421055,9.394736842105264,3.5,16.473684210526315,37.0,71.0,0.3631739572736521,0.08368200836820085,23.9,2023-24,True
Adam Smith,England,DF,Bournemouth,32,1991,28,25,2150,23.9,0,2,2,0,0,0,6,0,0.0,0.08368200836820085,0.08368200836820085,0.0,0.08368200836820085,False,2023-24,2023,0.08368200836820085,2,5093,2943.0,-793.0,0.06598168549725113,0.030581039755351678,,1024,38.0,44.05263157894737,14.263157894736842,4.868421052631579,13.973684210526315,54.0,67.0,0.5051258154706431,0.0,17.7,2024-25,True
Adam Smith,England,DF,Bournemouth,33,1991,25,19,1590,17.7,0,0,0,0,0,0,7,0,0.0,0.0,0.0,0.0,0.0,False,2024-25,2024,0.0,3,6683,2150.0,-560.0,0.021993895165750378,0.08368200836820085,0.030581039755351678,1089,38.0,48.578947368421055,15.263157894736842,5.315789473684211,12.842105263157896,58.0,46.0,0.5430711610486891,0.16666666666666666,12.0,2025-26,True
Adam Webster,England,DF,Brighton,26,1995,22,16,1434,15.9,2,0,2,2,0,0,5,0,0.12578616352201258,0.0,0.12578616352201258,0.12578616352201258,0.12578616352201258,False,2021-22,2021,0.12578616352201258,1,1434,,,0.12578616352201258,,,676,38.0,54.73684210526316,12.868421052631579,4.0,12.526315789473685,42.0,44.0,0.5067357512953368,0.0,22.1,2022-23,True
Adam Webster,England,DF,Brighton,27,1995,27,23,1985,22.1,0,0,0,0,0,0,2,0,0.0,0.0,0.0,0.0,0.0,False,2022-23,2022,0.0,2,3419,1434.0,551.0,0.041928721174004195,0.12578616352201258,,729,38.0,60.526315789473685,16.105263157894736,6.078947368421052,10.210526315789474,72.0,53.0,0.612,0.0,12.7,2023-24,True
Adam Webster,England,DF,Brighton,28,1995,15,13,1144,12.7,0,0,0,0,0,0,2,0,0.0,0.0,0.0,0.0,0.0,False,2023-24,2023,0.0,3,4563,1985.0,-841.0,0.013976240391334733,0.0,0.12578616352201258,784,38.0,60.3421052631579,14.789473684210526,5.473684210526316,12.289473684210526,55.0,62.0,0.5461613216715258,0.0,9.9,2024-25,True
Adam Wharton,England,MF,Crystal Palace,19,2004,16,15,1297,14.4,0,3,3,0,0,0,2,0,0.0,0.20833333333333331,0.20833333333333331,0.0,0.20833333333333331,False,2023-24,2023,0.20833333333333331,1,1297,,,0.20833333333333331,,,361,38.0,42.1578947368421,12.0,4.447368421052632,12.078947368421053,57.0,58.0,0.4983606557377049,0.136986301369863,14.6,2024-25,True
Adam Wharton,England,MF,Crystal Palace,20,2004,20,16,1318,14.6,0,2,2,0,0,0,2,0,0.0,0.136986301369863,0.136986301369863,0.0,0.136986301369863,False,2024-25,2024,0.136986301369863,2,2615,1297.0,21.0,0.16076864535768645,0.20833333333333331,,400,38.0,42.5,13.552631578947368,4.894736842105263,12.710526315789474,51.0,51.0,0.5160320641282565,0.21126760563380284,28.4,2025-26,True
Adama Traoré,Spain,"FW,MF",Wolves,25,1996,20,10,1067,11.9,1,0,1,1,0,0,0,0,0.08403361344537814,0.0,0.08403361344537814,0.08403361344537814,0.08403361344537814,False,2021-22,2021,0.08403361344537814,1,1067,,,0.08403361344537814,,,625,,,,,,,,,0.18072289156626503,16.6,2022-23,True
Adama Traoré,Spain,"MF,FW",Wolves,26,1996,34,12,1496,16.6,2,1,3,2,0,0,2,0,0.12048192771084336,0.06024096385542168,0.18072289156626503,0.12048192771084336,0.18072289156626503,False,2022-23,2022,0.18072289156626503,2,2563,1067.0,429.0,0.14849313219263607,0.08403361344537814,,676,,,,,,,,,1.1904761904761905,4.2,2023-24,True
Adama Traoré,Spain,MF,Fulham,27,1996,17,1,377,4.2,2,3,5,2,0,0,2,0,0.47619047619047616,0.7142857142857143,1.1904761904761905,0.47619047619047616,1.1904761904761905,False,2023-24,2023,1.1904761904761905,3,2940,1496.0,-1119.0,0.8431485043816723,0.18072289156626503,0.08403361344537814,729,38.0,50.73684210526316,13.157894736842104,4.7105263157894735,13.763157894736842,55.0,61.0,0.4887585532746823,0.4568527918781726,19.7,2024-25,True
Ainsley Maitland-Niles,England,MF,Arsenal,23,1997,8,2,268,3.0,0,0,0,0,0,0,0,0,0.0,0.0,0.0,0.0,0.0,False,2021-22,2021,0.0,1,268,,,0.0,,,529,38.0,53.18421052631579,15.473684210526315,5.157894736842105,11.18421052631579,61.0,48.0,0.5804540967423495,0.0,15.6,2022-23,True
Albert Sambi Lokonga,Belgium,MF,Arsenal,21,1999,19,12,1134,12.6,0,0,0,0,0,0,5,0,0.0,0.0,0.0,0.0,0.0,False,2021-22,2021,0.0,1,1134,,,0.0,,,441,38.0,53.18421052631579,15.473684210526315,5.157894736842105,11.18421052631579,61.0,48.0,0.5804540967423495,0.27586206896551724,14.5,2023-24,True
Alejandro Garnacho,Argentina,MF,Manchester Utd,17,2004,2,0,13,0.1,0,0,0,0,0,0,0,0,0.0,0.0,0.0,0.0,0.0,False,2021-22,2021,0.0,1,13,,,0.0,,,289,38.0,52.921052631578945,13.368421052631579,4.921052631578948,13.447368421052632,57.0,57.0,0.4985279685966634,0.7936507936507937,6.3,2022-23,True
Alejandro Garnacho,Argentina,MF,Manchester Utd,18,2004,19,5,569,6.3,3,2,5,3,0,0,3,0,0.4761904761904762,0.31746031746031744,0.7936507936507937,0.4761904761904762,0.7936507936507937,False,2022-23,2022,0.7936507936507937,2,582,13.0,556.0,0.5291005291005291,0.0,,324,38.0,53.973684210526315,15.578947368421053,5.631578947368421,12.657894736842104,58.0,43.0,0.5517241379310345,0.38596491228070173,28.5,2023-24,True
Alejandro Garnacho,Argentina,MF,Manchester Utd,19,2004,36,30,2565,28.5,7,4,11,7,0,0,4,0,0.24561403508771928,0.14035087719298245,0.38596491228070173,0.24561403508771928,0.38596491228070173,False,2023-24,2023,0.38596491228070173,3,3147,569.0,1996.0,0.4336767845539775,0.7936507936507937,0.0,361,38.0,50.526315789473685,14.473684210526315,5.078947368421052,17.55263157894737,57.0,58.0,0.4519309778142974,0.3278688524590164,24.4,2024-25,True
Alejandro Garnacho,Argentina,MF,Manchester Utd,20,2004,36,23,2199,24.4,6,2,8,6,0,0,3,0,0.24590163934426232,0.0819672131147541,0.3278688524590164,0.24590163934426232,0.3278688524590164,False,2024-25,2024,0.3278688524590164,4,5346,2565.0,-366.0,0.3631381631573368,0.38596491228070173,0.7936507936507937,400,38.0,53.55263157894737,13.868421052631579,4.605263157894737,10.921052631578947,44.0,54.0,0.559447983014862,0.3546099290780142,14.1,2025-26,True
Alex Iwobi,Nigeria,"MF,DF",Everton,25,1996,28,22,2035,22.6,2,2,4,2,0,0,1,0,0.08849557522123894,0.08849557522123894,0.17699115044247787,0.08849557522123894,0.17699115044247787,False,2021-22,2021,0.17699115044247787,1,2035,,,0.17699115044247787,,,625,38.0,39.68421052631579,11.526315789473685,3.6315789473684212,13.710526315789474,43.0,66.0,0.45672575599582904,0.24,37.5,2022-23,True
Alex Iwobi,Nigeria,MF,Everton,26,1996,38,38,3378,37.5,2,7,9,2,0,0,2,0,0.05333333333333334,0.18666666666666668,0.24,0.05333333333333334,0.24,False,2022-23,2022,0.24,2,5413,2035.0,1343.0,0.2189970501474926,0.17699115044247787,,676,38.0,42.578947368421055,11.289473684210526,4.0,15.105263157894736,34.0,57.0,0.42771684945164506,0.45317220543806647,33.1,2024-25,True
Alex Iwobi,Nigeria,MF,Fulham,28,1996,38,35,2981,33.1,9,6,15,9,0,0,1,0,0.2719033232628399,0.18126888217522658,0.45317220543806647,0.2719033232628399,0.45317220543806647,False,2024-25,2024,0.45317220543806647,3,8394,3378.0,-397.0,0.3751138203412085,0.24,0.17699115044247787,784,38.0,52.473684210526315,13.710526315789474,4.552631578947368,11.368421052631579,54.0,54.0,0.5466946484784889,0.26022304832713755,26.9,2025-26,True
Alex McCarthy,England,GK,Southampton,31,1989,17,17,1530,17.0,0,0,0,0,0,0,1,0,0.0,0.0,0.0,0.0,0.0,False,2021-22,2021,0.0,1,1530,,,0.0,,,961,,,,,,,,,0.0,6.0,2022-23,True
Alex McCarthy,England,GK,Southampton,32,1989,6,6,540,6.0,0,0,0,0,0,0,0,0,0.0,0.0,0.0,0.0,0.0,False,2022-23,2022,0.0,2,2070,1530.0,-990.0,0.0,0.0,,1024,,,,,,,,,0.0,5.0,2024-25,True
Alex Oxlade-Chamberlain,England,"MF,FW",Liverpool,27,1993,17,9,785,8.7,2,1,3,2,0,0,0,0,0.2298850574712644,0.1149425287356322,0.3448275862068966,0.2298850574712644,0.3448275862068966,False,2021-22,2021,0.3448275862068966,1,785,,,0.3448275862068966,,,729,38.0,63.3421052631579,19.18421052631579,6.7631578947368425,7.7894736842105265,94.0,26.0,0.7112195121951219,0.27027027027027023,3.7,2022-23,True
Alex Scott,England,MF,Bournemouth,19,2003,23,11,1014,11.3,1,1,2,1,0,0,3,0,0.08849557522123894,0.08849557522123894,0.17699115044247787,0.08849557522123894,0.17699115044247787,False,2023-24,2023,0.17699115044247787,1,1014,,,0.17699115044247787,,,361,38.0,44.05263157894737,14.263157894736842,4.868421052631579,13.973684210526315,54.0,67.0,0.5051258154706431,0.0,8.4,2024-25,True
Alex Scott,England,MF,Bournemouth,20,2003,20,8,755,8.4,0,0,0,0,0,0,3,0,0.0,0.0,0.0,0.0,0.0,False,2024-25,2024,0.0,2,1769,1014.0,-259.0,0.05899705014749263,0.17699115044247787,,400,38.0,48.578947368421055,15.263157894736842,5.315789473684211,12.842105263157896,58.0,46.0,0.5430711610486891,0.12618296529968454,31.7,2025-26,True
Alexander Isak,Sweden,FW,Newcastle,22,1999,22,17,1522,16.9,10,1,11,8,2,2,3,0,0.591715976331361,0.0591715976331361,0.6508875739644971,0.4733727810650888,0.5325443786982249,False,2022-23,2022,0.6508875739644971,1,1522,,,0.6508875739644971,,,484,38.0,52.44736842105263,15.026315789473685,5.184210526315789,10.18421052631579,68.0,33.0,0.5960334029227558,0.9163346613545816,25.1,2023-24,True
Alexander Isak,Sweden,FW,Newcastle,23,1999,30,27,2255,25.1,21,2,23,16,5,6,1,0,0.8366533864541832,0.0796812749003984,0.9163346613545816,0.6374501992031872,0.7171314741035857,False,2023-24,2023,0.9163346613545816,2,3777,1522.0,733.0,0.82785229889122,0.6508875739644971,,529,38.0,52.21052631578947,14.5,5.605263157894737,14.052631578947368,85.0,62.0,0.5078341013824884,0.9477124183006536,30.6,2024-25,True
Alexander Isak,Sweden,FW,Newcastle,24,1999,34,34,2756,30.6,23,6,29,19,4,4,1,0,0.7516339869281046,0.19607843137254902,0.9477124183006536,0.6209150326797386,0.8169934640522876,False,2024-25,2024,0.9477124183006536,3,6533,2255.0,501.0,0.9077590451641757,0.9163346613545816,0.6508875739644971,576,38.0,51.05263157894737,13.789473684210526,4.578947368421052,12.447368421052632,68.0,47.0,0.5255767301905717,0.5128205128205129,7.8,2025-26,True
Alexis Mac Allister,Argentina,"MF,FW",Brighton,22,1998,33,22,2123,23.6,5,2,7,3,2,3,4,0,0.211864406779661,0.0847457627118644,0.2966101694915254,0.1271186440677966,0.211864406779661,False,2021-22,2021,0.2966101694915254,1,2123,,,0.2966101694915254,,,484,38.0,54.73684210526316,12.868421052631579,4.0,12.526315789473685,42.0,44.0,0.5067357512953368,0.37383177570093457,32.1,2022-23,True
Alexis Mac Allister,Argentina,MF,Brighton,23,1998,35,31,2886,32.1,10,2,12,4,6,6,8,0,0.3115264797507788,0.06230529595015576,0.37383177570093457,0.12461059190031153,0.18691588785046728,False,2022-23,2022,0.37383177570093457,2,5009,2123.0,763.0,0.34809124029779814,0.2966101694915254,,529,38.0,60.526315789473685,16.105263157894736,6.078947368421052,10.210526315789474,72.0,53.0,0.612,0.34602076124567477,28.9,2023-24,True
Alexis Mac Allister,Argentina,MF,Liverpool,24,1998,33,31,2599,28.9,5,5,10,4,1,1,7,1,0.17301038062283738,0.17301038062283738,0.34602076124567477,0.1384083044982699,0.31141868512110726,False,2023-24,2023,0.34602076124567477,3,7608,2886.0,-287.0,0.3467109209297159,0.37383177570093457,0.2966101694915254,576,38.0,61.78947368421053,20.789473684210527,7.2894736842105265,10.894736842105264,86.0,41.0,0.6561461794019934,0.34602076124567477,28.9,2024-25,True
Alexis Mac Allister,Argentina,MF,Liverpool,25,1998,35,30,2599,28.9,5,5,10,5,0,0,6,0,0.17301038062283738,0.17301038062283738,0.34602076124567477,0.17301038062283738,0.34602076124567477,False,2024-25,2024,0.34602076124567477,4,10207,2599.0,0.0,0.34625081447368844,0.34602076124567477,0.37383177570093457,625,38.0,58.078947368421055,17.026315789473685,6.078947368421052,10.18421052631579,86.0,41.0,0.625725338491296,0.2033898305084746,29.5,2025-26,True
Alisson,Brazil,GK,Liverpool,28,1992,36,36,3240,36.0,0,1,1,0,0,0,0,0,0.0,0.027777777777777776,0.027777777777777776,0.0,0.027777777777777776,False,2021-22,2021,0.027777777777777776,1,3240,,,0.027777777777777776,,,784,38.0,63.3421052631579,19.18421052631579,6.7631578947368425,7.7894736842105265,94.0,26.0,0.7112195121951219,0.02702702702702703,37.0,2022-23,True
Alisson,Brazil,GK,Liverpool,29,1992,37,37,3330,37.0,0,1,1,0,0,0,1,0,0.0,0.02702702702702703,0.02702702702702703,0.0,0.02702702702702703,False,2022-23,2022,0.02702702702702703,2,6570,3240.0,90.0,0.02727727727727728,0.027777777777777776,,841,38.0,61.10526315789474,15.921052631578947,5.578947368421052,9.710526315789474,75.0,47.0,0.6211498973305954,0.0,28.0,2023-24,True
Alisson,Brazil,GK,Liverpool,30,1992,28,28,2520,28.0,0,0,0,0,0,0,1,0,0.0,0.0,0.0,0.0,0.0,False,2023-24,2023,0.0,3,9090,3330.0,-810.0,0.009092425759092427,0.02702702702702703,0.027777777777777776,900,38.0,61.78947368421053,20.789473684210527,7.2894736842105265,10.894736842105264,86.0,41.0,0.6561461794019934,0.0,27.9,2024-25,True
Alisson,Brazil,GK,Liverpool,31,1992,28,28,2508,27.9,0,0,0,0,0,0,0,0,0.0,0.0,0.0,0.0,0.0,False,2024-25,2024,0.0,4,11598,2520.0,-12.0,0.003030808586364143,0.0,0.02702702702702703,961,38.0,58.078947368421055,17.026315789473685,6.078947368421052,10.18421052631579,86.0,41.0,0.625725338491296,0.0,26.0,2025-26,True
Allan Saint-Maximin,France,"FW,MF",Newcastle,24,1997,35,31,2804,31.2,5,5,10,5,0,0,6,0,0.16025641025641027,0.16025641025641027,0.32051282051282054,0.16025641025641027,0.32051282051282054,False,2021-22,2021,0.32051282051282054,1,2804,,,0.32051282051282054,,,576,38.0,39.94736842105263,11.789473684210526,3.8947368421052633,13.894736842105264,44.0,62.0,0.45901639344262296,0.48387096774193544,12.4,2022-23,True
Alphonse Areola,France,GK,West Ham,28,1993,1,1,90,1.0,0,0,0,0,0,0,0,0,0.0,0.0,0.0,0.0,0.0,False,2021-22,2021,0.0,1,90,,,0.0,,,784,,,,,,,,,0.0,3.4,2022-23,True
Alphonse Areola,France,GK,West Ham,29,1993,5,2,309,3.4,0,0,0,0,0,0,0,0,0.0,0.0,0.0,0.0,0.0,False,2022-23,2022,0.0,2,399,90.0,219.0,0.0,0.0,,841,,,,,,,,,0.0,30.0,2023-24,True
Alphonse Areola,France,GK,West Ham,30,1993,31,31,2699,30.0,0,0,0,0,0,0,1,0,0.0,0.0,0.0,0.0,0.0,False,2023-24,2023,0.0,3,3098,309.0,2390.0,0.0,0.0,0.0,900,,,,,,,,,0.0,25.1,2024-25,True
Alphonse Areola,France,GK,West Ham,31,1993,26,25,2260,25.1,0,0,0,0,0,0,0,0,0.0,0.0,0.0,0.0,0.0,False,2024-25,2024,0.0,4,5358,2699.0,-439.0,0.0,0.0,0.0,961,,,,,,,,,0.05,20.0,2025-26,True
Altay Bayındır,Turkey,GK,Manchester Utd,26,1998,4,4,360,4.0,0,0,0,0,0,0,0,0,0.0,0.0,0.0,0.0,0.0,False,2024-25,2024,0.0,1,360,,,0.0,,,676,38.0,53.55263157894737,13.868421052631579,4.605263157894737,10.921052631578947,44.0,54.0,0.559447983014862,0.0,6.0,2025-26,True
Amad Diallo,Ivory Coast,MF,Manchester Utd,21,2002,9,3,390,4.3,1,1,2,1,0,0,1,0,0.23255813953488372,0.23255813953488372,0.46511627906976744,0.23255813953488372,0.46511627906976744,False,2023-24,2023,0.46511627906976744,1,390,,,0.46511627906976744,,,441,38.0,50.526315789473685,14.473684210526315,5.078947368421052,17.55263157894737,57.0,58.0,0.4519309778142974,0.6635071090047393,21.1,2024-25,True
Amad Diallo,Ivory Coast,"MF,FW",Manchester Utd,22,2002,26,20,1901,21.1,8,6,14,8,0,0,5,0,0.3791469194312796,0.2843601895734597,0.6635071090047393,0.3791469194312796,0.6635071090047393,False,2024-25,2024,0.6635071090047393,2,2291,390.0,1511.0,0.5973768323597487,0.46511627906976744,,484,38.0,53.55263157894737,13.868421052631579,4.605263157894737,10.921052631578947,44.0,54.0,0.559447983014862,0.19230769230769232,26.0,2025-26,True
Amadou Onana,Belgium,MF,Everton,20,2001,33,29,2488,27.6,1,2,3,1,0,0,9,0,0.036231884057971016,0.07246376811594203,0.10869565217391304,0.036231884057971016,0.10869565217391304,False,2022-23,2022,0.10869565217391304,1,2488,,,0.10869565217391304,,,400,38.0,42.578947368421055,11.289473684210526,4.0,15.105263157894736,34.0,57.0,0.42771684945164506,0.08620689655172414,23.2,2023-24,True
Amadou Onana,Belgium,MF,Everton,21,2001,30,23,2091,23.2,2,0,2,2,0,0,5,0,0.08620689655172414,0.0,0.08620689655172414,0.08620689655172414,0.08620689655172414,False,2023-24,2023,0.08620689655172414,2,4579,2488.0,-397.0,0.09370314842578711,0.10869565217391304,,441,38.0,40.73684210526316,13.342105263157896,4.2631578947368425,14.157894736842104,40.0,51.0,0.4851674641148326,0.16666666666666666,18.0,2024-25,True
Amadou Onana,Belgium,MF,Aston Villa,22,2001,26,20,1617,18.0,3,0,3,3,0,0,4,0,0.16666666666666666,0.0,0.16666666666666666,0.16666666666666666,0.16666666666666666,False,2024-25,2024,0.16666666666666666,3,6196,2091.0,-474.0,0.1423454939197068,0.08620689655172414,0.10869565217391304,484,38.0,50.71052631578947,12.736842105263158,4.473684210526316,12.18421052631579,58.0,51.0,0.5110876451953538,0.10256410256410256,19.5,2025-26,True
Andreas Pereira,Brazil,MF,Fulham,26,1996,33,33,2692,29.9,4,6,10,3,1,1,8,0,0.13377926421404682,0.20066889632107024,0.33444816053511706,0.10033444816053512,0.3010033444816054,False,2022-23,2022,0.33444816053511706,1,2692,,,0.33444816053511706,,,676,38.0,48.68421052631579,11.289473684210526,3.8947368421052633,13.289473684210526,55.0,53.0,0.45931477516059954,0.3448275862068966,29.0,2023-24,True
Andreas Pereira,Brazil,MF,Fulham,27,1996,37,34,2613,29.0,3,7,10,3,0,0,6,0,0.10344827586206896,0.2413793103448276,0.3448275862068966,0.10344827586206896,0.3448275862068966,False,2023-24,2023,0.3448275862068966,2,5305,2692.0,-79.0,0.3413677776496367,0.33444816053511706,,729,38.0,50.73684210526316,13.157894736842104,4.7105263157894735,13.763157894736842,55.0,61.0,0.4887585532746823,0.26785714285714285,22.4,2024-25,True
Andrew Omobamidele,Ireland,DF,Norwich City,19,2002,5,4,382,4.2,1,0,1,1,0,0,1,0,0.23809523809523808,0.0,0.23809523809523808,0.23809523809523808,0.23809523809523808,False,2021-22,2021,0.23809523809523808,1,382,,,0.23809523809523808,,,361,,,,,,,,,0.0,8.7,2023-24,True
Andrey Santos,Brazil,MF,Nottingham,19,2004,1,0,8,0.1,0,0,0,0,0,0,0,0,0.0,0.0,0.0,0.0,0.0,False,2023-24,2023,0.0,1,8,,,0.0,,,361,38.0,40.21052631578947,11.868421052631579,3.8947368421052633,13.421052631578947,49.0,67.0,0.46930280957336107,0.07142857142857142,14.0,2025-26,True
Andros Townsend,England,MF,Everton,30,1991,21,17,1455,16.2,3,2,5,2,1,1,3,0,0.1851851851851852,0.1234567901234568,0.308641975308642,0.1234567901234568,0.24691358024691362,False,2021-22,2021,0.308641975308642,1,1455,,,0.308641975308642,,,900,38.0,39.68421052631579,11.526315789473685,3.6315789473684212,13.710526315789474,43.0,66.0,0.45672575599582904,0.29850746268656714,13.4,2023-24,True
André,Brazil,MF,Wolves,23,2001,33,31,2472,27.5,0,0,0,0,0,0,7,0,0.0,0.0,0.0,0.0,0.0,False,2024-25,2024,0.0,1,2472,,,0.0,,,529,,,,,,,,,0.03257328990228013,30.7,2025-26,True
André Gomes,Portugal,MF,Everton,28,1993,14,7,619,6.9,0,1,1,0,0,0,3,0,0.0,0.14492753623188406,0.14492753623188406,0.0,0.14492753623188406,False,2021-22,2021,0.14492753623188406,1,619,,,0.14492753623188406,,,784,38.0,39.68421052631579,11.526315789473685,3.6315789473684212,13.710526315789474,43.0,66.0,0.45672575599582904,0.17857142857142858,5.6,2023-24,True
André Onana,Cameroon,GK,Manchester Utd,27,1996,38,38,3420,38.0,0,0,0,0,0,0,5,0,0.0,0.0,0.0,0.0,0.0,False,2023-24,2023,0.0,1,3420,,,0.0,,,729,38.0,50.526315789473685,14.473684210526315,5.078947368421052,17.55263157894737,57.0,58.0,0.4519309778142974,0.0,34.0,2024-25,True
Andy Robertson,Scotland,DF,Liverpool,27,1994,29,29,2537,28.2,3,10,13,3,0,0,5,1,0.10638297872340426,0.3546099290780142,0.46099290780141844,0.10638297872340426,0.46099290780141844,False,2021-22,2021,0.46099290780141844,1,2537,,,0.46099290780141844,,,729,38.0,63.3421052631579,19.18421052631579,6.7631578947368425,7.7894736842105265,94.0,26.0,0.7112195121951219,0.2787456445993031,28.7,2022-23,True
Andy Robertson,Scotland,DF,Liverpool,28,1994,34,29,2583,28.7,0,8,8,0,0,0,3,0,0.0,0.2787456445993031,0.2787456445993031,0.0,0.2787456445993031,False,2022-23,2022,0.2787456445993031,2,5120,2537.0,46.0,0.3394947323333416,0.46099290780141844,,784,38.0,61.10526315789474,15.921052631578947,5.578947368421052,9.710526315789474,75.0,47.0,0.6211498973305954,0.26595744680851063,18.8,2023-24,True
Andy Robertson,Scotland,DF,Liverpool,29,1994,23,18,1693,18.8,3,2,5,3,0,0,2,0,0.15957446808510636,0.10638297872340426,0.26595744680851063,0.15957446808510636,0.26595744680851063,False,2023-24,2023,0.26595744680851063,3,6813,2583.0,-890.0,0.2904698753167876,0.2787456445993031,0.46099290780141844,841,38.0,61.78947368421053,20.789473684210527,7.2894736842105265,10.894736842105264,86.0,41.0,0.6561461794019934,0.036231884057971016,27.6,2024-25,True
Andy Robertson,Scotland,DF,Liverpool,30,1994,33,29,2482,27.6,0,1,1,0,0,0,3,1,0.0,0.036231884057971016,0.036231884057971016,0.0,0.036231884057971016,False,2024-25,2024,0.036231884057971016,4,9295,1693.0,789.0,0.12097788114424321,0.26595744680851063,0.2787456445993031,900,38.0,58.078947368421055,17.026315789473685,6.078947368421052,10.18421052631579,86.0,41.0,0.625725338491296,0.07633587786259542,13.1,2025-26,True
Angelo Ogbonna,Italy,DF,West Ham,33,1988,11,11,921,10.2,1,0,1,1,0,0,1,0,0.09803921568627452,0.0,0.09803921568627452,0.09803921568627452,0.09803921568627452,False,2021-22,2021,0.09803921568627452,1,921,,,0.09803921568627452,,,1089,,,,,,,,,0.0,13.7,2022-23,True
Angelo Ogbonna,Italy,DF,West Ham,34,1988,16,13,1237,13.7,0,0,0,0,0,0,0,0,0.0,0.0,0.0,0.0,0.0,False,2022-23,2022,0.0,2,2158,921.0,316.0,0.03267973856209151,0.09803921568627452,,1156,,,,,,,,,0.0,7.1,2023-24,True
Anthony Elanga,Sweden,MF,Manchester Utd,19,2002,21,14,1214,13.5,2,2,4,2,0,0,0,0,0.14814814814814814,0.14814814814814814,0.2962962962962963,0.14814814814814814,0.2962962962962963,False,2021-22,2021,0.2962962962962963,1,1214,,,0.2962962962962963,,,361,38.0,52.921052631578945,13.368421052631579,4.921052631578948,13.447368421052632,57.0,57.0,0.4985279685966634,0.2127659574468085,4.7,2022-23,True
Anthony Elanga,Sweden,MF,Manchester Utd,20,2002,16,5,426,4.7,0,1,1,0,0,0,0,0,0.0,0.2127659574468085,0.2127659574468085,0.0,0.2127659574468085,False,2022-23,2022,0.2127659574468085,2,1640,1214.0,-788.0,0.24060940372997108,0.2962962962962963,,400,38.0,53.973684210526315,15.578947368421053,5.631578947368421,12.657894736842104,58.0,43.0,0.5517241379310345,0.5185185185185185,27.0,2023-24,True
Anthony Elanga,Sweden,"MF,FW",Nottingham,21,2002,36,25,2433,27.0,5,9,14,5,0,0,1,0,0.18518518518518517,0.3333333333333333,0.5185185185185185,0.18518518518518517,0.5185185185185185,False,2023-24,2023,0.5185185185185185,3,4073,426.0,2007.0,0.42588214692233606,0.2127659574468085,0.2962962962962963,441,38.0,40.21052631578947,11.868421052631579,3.8947368421052633,13.421052631578947,49.0,67.0,0.46930280957336107,0.6115107913669064,27.8,2024-25,True
Anthony Elanga,Sweden,"MF,FW",Nottingham,22,2002,38,31,2501,27.8,6,11,17,6,0,0,1,0,0.2158273381294964,0.39568345323741005,0.6115107913669064,0.2158273381294964,0.6115107913669064,False,2024-25,2024,0.6115107913669064,4,6574,2433.0,68.0,0.5496345765520496,0.5185185185185185,0.2127659574468085,484,38.0,40.921052631578945,12.18421052631579,4.368421052631579,13.973684210526315,58.0,46.0,0.4657947686116701,0.06802721088435375,14.7,2025-26,True
Anthony Gordon,England,"MF,FW",Everton,20,2001,35,25,2285,25.4,4,2,6,4,0,0,4,0,0.15748031496062992,0.07874015748031496,0.2362204724409449,0.15748031496062992,0.2362204724409449,False,2021-22,2021,0.2362204724409449,1,2285,,,0.2362204724409449,,,400,38.0,39.68421052631579,11.526315789473685,3.6315789473684212,13.710526315789474,43.0,66.0,0.45672575599582904,0.6542056074766355,32.1,2023-24,True
Anthony Gordon,England,FW,Newcastle,22,2001,35,34,2890,32.1,11,10,21,10,1,1,12,1,0.3426791277258567,0.3115264797507788,0.6542056074766355,0.3115264797507788,0.6230529595015576,False,2023-24,2023,0.6542056074766355,2,5175,2285.0,605.0,0.5148772291314052,0.2362204724409449,,484,38.0,52.21052631578947,14.5,5.605263157894737,14.052631578947368,85.0,62.0,0.5078341013824884,0.4074074074074074,27.0,2024-25,True
Anthony Gordon,England,"FW,MF",Newcastle,23,2001,34,28,2434,27.0,6,5,11,5,1,2,2,0,0.2222222222222222,0.18518518518518517,0.4074074074074074,0.18518518518518517,0.37037037037037035,False,2024-25,2024,0.4074074074074074,3,7609,2890.0,-456.0,0.44323068131540666,0.6542056074766355,0.2362204724409449,529,38.0,51.05263157894737,13.789473684210526,4.578947368421052,12.447368421052632,68.0,47.0,0.5255767301905717,0.4020100502512563,19.9,2025-26,True
Anthony Martial,France,"MF,FW",Manchester Utd,25,1995,8,2,212,2.4,1,0,1,1,0,0,0,0,0.4166666666666667,0.0,0.4166666666666667,0.4166666666666667,0.4166666666666667,False,2021-22,2021,0.4166666666666667,1,212,,,0.4166666666666667,,,625,38.0,52.921052631578945,13.368421052631579,4.921052631578948,13.447368421052632,57.0,57.0,0.4985279685966634,0.7339449541284403,10.9,2022-23,True
Anthony Martial,France,FW,Manchester Utd,26,1995,21,11,978,10.9,6,2,8,5,1,1,0,0,0.5504587155963303,0.18348623853211007,0.7339449541284403,0.4587155963302752,0.6422018348623852,False,2022-23,2022,0.7339449541284403,2,1190,212.0,766.0,0.6281855249745157,0.4166666666666667,,676,38.0,53.973684210526315,15.578947368421053,5.631578947368421,12.657894736842104,58.0,43.0,0.5517241379310345,0.2,5.0,2023-24,True
Antoine Semenyo,Ghana,"MF,FW",Bournemouth,22,2000,11,2,258,2.9,1,0,1,1,0,0,0,0,0.3448275862068966,0.0,0.3448275862068966,0.3448275862068966,0.3448275862068966,False,2022-23,2022,0.3448275862068966,1,258,,,0.3448275862068966,,,484,38.0,40.078947368421055,9.394736842105264,3.5,16.473684210526315,37.0,71.0,0.3631739572736521,0.4273504273504274,23.4,2023-24,True
Antoine Semenyo,Ghana,MF,Bournemouth,23,2000,33,25,2105,23.4,8,2,10,8,0,0,6,0,0.3418803418803419,0.08547008547008547,0.4273504273504274,0.3418803418803419,0.4273504273504274,False,2023-24,2023,0.4273504273504274,2,2363,258.0,1847.0,0.3998428136359171,0.3448275862068966,,529,38.0,44.05263157894737,14.263157894736842,4.868421052631579,13.973684210526315,54.0,67.0,0.5051258154706431,0.449438202247191,35.6,2024-25,True
Antonee Robinson,USA,DF,Fulham,24,1997,35,35,3088,34.3,0,1,1,0,0,0,8,0,0.0,0.02915451895043732,0.02915451895043732,0.0,0.02915451895043732,False,2022-23,2022,0.02915451895043732,1,3088,,,0.02915451895043732,,,576,38.0,48.68421052631579,11.289473684210526,3.8947368421052633,13.289473684210526,55.0,53.0,0.45931477516059954,0.1652892561983471,36.3,2023-24,True
Antonee Robinson,USA,DF,Fulham,25,1997,37,37,3265,36.3,0,6,6,0,0,0,6,0,0.0,0.1652892561983471,0.1652892561983471,0.0,0.1652892561983471,False,2023-24,2023,0.1652892561983471,2,6353,3088.0,177.0,0.11991101044904384,0.02915451895043732,,625,38.0,50.73684210526316,13.157894736842104,4.7105263157894735,13.763157894736842,55.0,61.0,0.4887585532746823,0.28409090909090906,35.2,2024-25,True
Antonee Robinson,USA,"DF,MF",Fulham,26,1997,36,35,3167,35.2,0,10,10,0,0,0,8,0,0.0,0.28409090909090906,0.28409090909090906,0.0,0.28409090909090906,False,2024-25,2024,0.28409090909090906,3,9520,3265.0,-98.0,0.22936427621028732,0.1652892561983471,0.02915451895043732,676,38.0,52.473684210526315,13.710526315789474,4.552631578947368,11.368421052631579,54.0,54.0,0.5466946484784889,0.06024096385542168,16.6,2025-26,True
Antony,Brazil,MF,Manchester Utd,22,2000,25,23,1802,20.0,4,2,6,4,0,0,5,0,0.2,0.1,0.3,0.2,0.3,False,2022-23,2022,0.3,1,1802,,,0.3,,,484,38.0,53.973684210526315,15.578947368421053,5.631578947368421,12.657894736842104,58.0,43.0,0.5517241379310345,0.1360544217687075,14.7,2023-24,True
Antonín Kinský,Czechia,GK,Tottenham,21,2003,6,6,540,6.0,0,0,0,0,0,0,0,0,0.0,0.0,0.0,0.0,0.0,False,2024-25,2024,0.0,1,540,,,0.0,,,441,38.0,54.76315789473684,13.078947368421053,4.868421052631579,13.736842105263158,64.0,65.0,0.4877330716388616,0.0,7.0,2025-26,True
Archie Gray,England,"DF,MF",Tottenham,18,2006,28,19,1751,19.5,0,0,0,0,0,0,1,0,0.0,0.0,0.0,0.0,0.0,False,2024-25,2024,0.0,1,1751,,,0.0,,,324,38.0,54.76315789473684,13.078947368421053,4.868421052631579,13.736842105263158,64.0,65.0,0.4877330716388616,0.24390243902439027,16.4,2025-26,True
Arijanet Muric,Kosovo,GK,Burnley,24,1998,10,10,900,10.0,0,0,0,0,0,0,0,0,0.0,0.0,0.0,0.0,0.0,False,2023-24,2023,0.0,1,900,,,0.0,,,576,,,,,,,,,0.0,18.0,2024-25,True
Armando Broja,Albania,FW,Southampton,19,2001,32,21,1975,21.9,6,0,6,6,0,0,2,0,0.27397260273972607,0.0,0.27397260273972607,0.27397260273972607,0.27397260273972607,False,2021-22,2021,0.27397260273972607,1,1975,,,0.27397260273972607,,,361,,,,,,,,,0.30303030303030304,3.3,2022-23,True
Armando Broja,Albania,FW,Chelsea,20,2001,12,2,294,3.3,1,0,1,1,0,0,0,0,0.30303030303030304,0.0,0.30303030303030304,0.30303030303030304,0.30303030303030304,False,2022-23,2022,0.30303030303030304,2,2269,1975.0,-1681.0,0.29334440293344405,0.27397260273972607,,400,38.0,59.026315789473685,12.736842105263158,4.157894736842105,11.526315789473685,38.0,47.0,0.5249457700650759,0.0,3.7,2024-25,True
Armando Broja,Albania,FW,Everton,22,2001,10,4,334,3.7,0,0,0,0,0,0,1,0,0.0,0.0,0.0,0.0,0.0,False,2024-25,2024,0.0,3,2603,294.0,40.0,0.09778146764448135,0.30303030303030304,0.27397260273972607,484,38.0,40.63157894736842,10.657894736842104,3.763157894736842,12.605263157894736,42.0,44.0,0.4581447963800905,0.20833333333333334,9.6,2025-26,True
Armel Bella Kotchap,Germany,DF,Southampton,20,2001,24,24,1879,20.9,0,2,2,0,0,0,4,0,0.0,0.09569377990430622,0.09569377990430622,0.0,0.09569377990430622,False,2022-23,2022,0.09569377990430622,1,1879,,,0.09569377990430622,,,400,,,,,,,,,0.0,3.7,2024-25,True
Arnaut Danjuma,Netherlands,MF,Tottenham,25,1997,9,1,169,1.9,1,0,1,1,0,0,0,0,0.5263157894736842,0.0,0.5263157894736842,0.5263157894736842,0.5263157894736842,False,2022-23,2022,0.5263157894736842,1,169,,,0.5263157894736842,,,625,38.0,49.94736842105263,13.68421052631579,5.2631578947368425,13.68421052631579,70.0,63.0,0.5,0.15151515151515152,6.6,2023-24,True
Ashley Young,England,"DF,FW",Aston Villa,36,1985,24,10,1250,13.9,0,2,2,0,0,0,2,0,0.0,0.14388489208633093,0.14388489208633093,0.0,0.14388489208633093,False,2021-22,2021,0.14388489208633093,1,1250,,,0.14388489208633093,,,1296,38.0,46.473684210526315,12.210526315789474,4.2631578947368425,12.552631578947368,52.0,54.0,0.49309245483528164,0.04424778761061947,22.6,2022-23,True
Ashley Young,England,DF,Aston Villa,37,1985,29,23,2036,22.6,1,0,1,1,0,0,7,0,0.04424778761061947,0.0,0.04424778761061947,0.04424778761061947,0.04424778761061947,False,2022-23,2022,0.04424778761061947,2,3286,1250.0,786.0,0.07746015576918996,0.14388489208633093,,1369,38.0,49.44736842105263,11.31578947368421,3.973684210526316,11.289473684210526,51.0,46.0,0.5005820721769499,0.0,25.3,2023-24,True
Ashley Young,England,"DF,MF",Everton,38,1985,31,27,2280,25.3,0,0,0,0,0,0,7,1,0.0,0.0,0.0,0.0,0.0,False,2023-24,2023,0.0,3,5566,2036.0,244.0,0.025820051923063324,0.04424778761061947,0.14388489208633093,1444,38.0,40.73684210526316,13.342105263157896,4.2631578947368425,14.157894736842104,40.0,51.0,0.4851674641148326,0.1923076923076923,20.8,2024-25,True
Axel Disasi,France,DF,Chelsea,25,1998,31,29,2579,28.7,2,0,2,2,0,0,6,0,0.06968641114982578,0.0,0.06968641114982578,0.06968641114982578,0.06968641114982578,False,2023-24,2023,0.06968641114982578,1,2579,,,0.06968641114982578,,,625,38.0,59.0,14.421052631578947,5.657894736842105,14.631578947368421,77.0,63.0,0.4963768115942029,0.0,13.9,2025-26,True
Axel Tuanzebe,DR Congo,DF,Aston Villa,23,1997,9,6,508,5.6,0,0,0,0,0,0,1,0,0.0,0.0,0.0,0.0,0.0,False,2021-22,2021,0.0,1,508,,,0.0,,,529,38.0,46.473684210526315,12.210526315789474,4.2631578947368425,12.552631578947368,52.0,54.0,0.49309245483528164,0.05263157894736842,19.0,2024-25,True
Axel Tuanzebe,DR Congo,DF,Ipswich Town,26,1997,22,20,1710,19.0,0,1,1,0,0,0,5,1,0.0,0.05263157894736842,0.05263157894736842,0.0,0.05263157894736842,False,2024-25,2024,0.05263157894736842,2,2218,508.0,1202.0,0.03508771929824561,0.0,,676,38.0,40.39473684210526,9.894736842105264,3.3421052631578947,15.973684210526315,36.0,82.0,0.38250254323499494,0.07518796992481203,13.3,2025-26,True
Ayden Heaven,England,DF,Manchester Utd,17,2006,4,2,170,1.9,0,0,0,0,0,0,1,0,0.0,0.0,0.0,0.0,0.0,False,2024-25,2024,0.0,1,170,,,0.0,,,289,38.0,53.55263157894737,13.868421052631579,4.605263157894737,10.921052631578947,44.0,54.0,0.559447983014862,0.0970873786407767,10.3,2025-26,True
Aymeric Laporte,Spain,DF,Manchester City,27,1994,33,33,2828,31.4,4,0,4,4,0,0,5,1,0.12738853503184713,0.0,0.12738853503184713,0.12738853503184713,0.12738853503184713,False,2021-22,2021,0.12738853503184713,1,2828,,,0.12738853503184713,,,729,38.0,68.5,18.763157894736842,6.657894736842105,6.2368421052631575,99.0,26.0,0.7505263157894737,0.0,11.0,2022-23,True
Ayoze Pérez,Spain,MF,Leicester City,28,1993,14,6,445,4.9,2,3,5,2,0,0,0,1,0.4081632653061224,0.6122448979591836,1.0204081632653061,0.4081632653061224,1.0204081632653061,False,2021-22,2021,1.0204081632653061,1,445,,,1.0204081632653061,,,784,,,,,,,,,0.23809523809523808,4.2,2022-23,True
Bart Verbruggen,Netherlands,GK,Brighton,20,2002,21,21,1890,21.0,0,0,0,0,0,0,3,0,0.0,0.0,0.0,0.0,0.0,False,2023-24,2023,0.0,1,1890,,,0.0,,,400,38.0,60.3421052631579,14.789473684210526,5.473684210526316,12.289473684210526,55.0,62.0,0.5461613216715258,0.027777777777777776,36.0,2024-25,True
Bart Verbruggen,Netherlands,GK,Brighton,21,2002,36,36,3240,36.0,0,1,1,0,0,0,5,0,0.0,0.027777777777777776,0.027777777777777776,0.0,0.027777777777777776,False,2024-25,2024,0.027777777777777776,2,5130,1890.0,1350.0,0.018518518518518517,0.0,,441,38.0,52.63157894736842,14.026315789473685,5.026315789473684,11.236842105263158,66.0,59.0,0.5552083333333333,0.0,38.0,2025-26,True
Ben Brereton,Chile,"FW,MF",Sheffield United,24,1999,14,14,1105,12.3,6,1,7,5,1,1,3,0,0.4878048780487805,0.08130081300813008,0.5691056910569106,0.4065040650406504,0.4878048780487805,False,2023-24,2023,0.5691056910569106,1,1105,,,0.5691056910569106,,,576,,,,,,,,,0.0,5.0,2024-25,True
Ben Chilwell,England,MF,Chelsea,24,1996,7,6,542,6.0,3,1,4,3,0,0,0,0,0.5,0.16666666666666666,0.6666666666666666,0.5,0.6666666666666666,False,2021-22,2021,0.6666666666666666,1,542,,,0.6666666666666666,,,576,38.0,62.3421052631579,15.578947368421053,5.552631578947368,8.921052631578947,76.0,33.0,0.635875402792696,0.25641025641025644,15.6,2022-23,True
Ben Chilwell,England,"MF,DF",Chelsea,25,1996,23,15,1408,15.6,2,2,4,2,0,0,3,0,0.12820512820512822,0.12820512820512822,0.25641025641025644,0.12820512820512822,0.25641025641025644,False,2022-23,2022,0.25641025641025644,2,1950,542.0,866.0,0.3931623931623932,0.6666666666666666,,625,38.0,59.026315789473685,12.736842105263158,4.157894736842105,11.526315789473685,38.0,47.0,0.5249457700650759,0.11904761904761904,8.4,2023-24,True
Ben Davies,Wales,DF,Tottenham,28,1993,29,28,2538,28.2,1,1,2,1,0,0,6,0,0.03546099290780142,0.03546099290780142,0.07092198581560284,0.03546099290780142,0.07092198581560284,False,2021-22,2021,0.07092198581560284,1,2538,,,0.07092198581560284,,,784,38.0,52.0,12.921052631578947,5.184210526315789,12.921052631578947,69.0,40.0,0.5,0.15748031496062992,25.4,2022-23,True
Ben Davies,Wales,"DF,MF",Tottenham,29,1993,31,26,2288,25.4,2,2,4,2,0,0,4,0,0.07874015748031496,0.07874015748031496,0.15748031496062992,0.07874015748031496,0.15748031496062992,False,2022-23,2022,0.15748031496062992,2,4826,2538.0,-250.0,0.12862753857895423,0.07092198581560284,,841,38.0,49.94736842105263,13.68421052631579,5.2631578947368425,13.68421052631579,70.0,63.0,0.5,0.08264462809917356,12.1,2023-24,True
Ben Davies,Wales,DF,Tottenham,30,1993,17,12,1090,12.1,1,0,1,1,0,0,2,0,0.08264462809917356,0.0,0.08264462809917356,0.08264462809917356,0.08264462809917356,False,2023-24,2023,0.08264462809917356,3,5916,2288.0,-1198.0,0.09797226492576712,0.15748031496062992,0.07092198581560284,900,38.0,62.05263157894737,15.31578947368421,5.631578947368421,12.789473684210526,74.0,61.0,0.5449438202247191,0.0,14.8,2024-25,True
Ben Godfrey,England,DF,Everton,23,1998,23,23,2029,22.5,0,0,0,0,0,0,6,0,0.0,0.0,0.0,0.0,0.0,False,2021-22,2021,0.0,1,2029,,,0.0,,,529,38.0,39.68421052631579,11.526315789473685,3.6315789473684212,13.710526315789474,43.0,66.0,0.45672575599582904,0.11235955056179775,8.9,2022-23,True
Ben Godfrey,England,DF,Everton,24,1998,13,10,802,8.9,0,1,1,0,0,0,2,0,0.0,0.11235955056179775,0.11235955056179775,0.0,0.11235955056179775,False,2022-23,2022,0.11235955056179775,2,2831,2029.0,-1227.0,0.07490636704119849,0.0,,576,38.0,42.578947368421055,11.289473684210526,4.0,15.105263157894736,34.0,57.0,0.42771684945164506,0.0,12.4,2023-24,True
Ben Johnson,England,"DF,MF",West Ham,21,2000,20,16,1397,15.5,1,0,1,1,0,0,1,0,0.06451612903225806,0.0,0.06451612903225806,0.06451612903225806,0.06451612903225806,False,2021-22,2021,0.06451612903225806,1,1397,,,0.06451612903225806,,,441,,,,,,,,,0.0,9.6,2022-23,True
Ben Johnson,England,"DF,MF",West Ham,22,2000,17,9,866,9.6,0,0,0,0,0,0,0,0,0.0,0.0,0.0,0.0,0.0,False,2022-23,2022,0.0,2,2263,1397.0,-531.0,0.021505376344086023,0.06451612903225806,,484,,,,,,,,,0.0,6.0,2023-24,True
Ben Johnson,England,"MF,DF",West Ham,23,2000,14,4,544,6.0,0,0,0,0,0,0,1,0,0.0,0.0,0.0,0.0,0.0,False,2023-24,2023,0.0,3,2807,866.0,-322.0,0.007168458781362009,0.0,0.06451612903225806,529,,,,,,,,,0.2,15.0,2024-25,True
Ben Mee,England,DF,Burnley,31,1989,21,21,1839,20.4,3,0,3,3,0,0,3,0,0.14705882352941177,0.0,0.14705882352941177,0.14705882352941177,0.14705882352941177,False,2021-22,2021,0.14705882352941177,1,1839,,,0.14705882352941177,,,961,,,,,,,,,0.13774104683195593,36.3,2022-23,True
Ben Mee,England,DF,Brentford,32,1989,37,37,3269,36.3,3,2,5,3,0,0,2,0,0.08264462809917356,0.05509641873278237,0.13774104683195593,0.08264462809917356,0.13774104683195593,False,2022-23,2022,0.13774104683195593,2,5108,1839.0,1430.0,0.14084697239777455,0.14705882352941177,,1024,38.0,43.39473684210526,10.710526315789474,4.2631578947368425,14.763157894736842,58.0,46.0,0.42045454545454547,0.14184397163120568,14.1,2023-24,True
Ben White,England,DF,Arsenal,23,1997,32,32,2880,32.0,0,0,0,0,0,0,3,0,0.0,0.0,0.0,0.0,0.0,False,2021-22,2021,0.0,1,2880,,,0.0,,,529,38.0,53.18421052631579,15.473684210526315,5.157894736842105,11.18421052631579,61.0,48.0,0.5804540967423495,0.20648967551622419,33.9,2022-23,True
Ben White,England,DF,Arsenal,24,1997,38,36,3055,33.9,2,5,7,2,0,0,5,0,0.058997050147492625,0.14749262536873156,0.20648967551622419,0.058997050147492625,0.20648967551622419,False,2022-23,2022,0.20648967551622419,2,5935,2880.0,175.0,0.13765978367748277,0.0,,576,38.0,59.94736842105263,15.605263157894736,5.368421052631579,8.973684210526315,88.0,43.0,0.6349036402569593,0.24096385542168672,33.2,2023-24,True
Ben White,England,DF,Arsenal,25,1997,37,35,2988,33.2,4,4,8,4,0,0,8,0,0.12048192771084336,0.12048192771084336,0.24096385542168672,0.12048192771084336,0.24096385542168672,False,2023-24,2023,0.24096385542168672,3,8923,3055.0,-67.0,0.20652916484028538,0.20648967551622419,0.0,625,38.0,58.63157894736842,17.263157894736842,5.973684210526316,8.473684210526315,91.0,29.0,0.6707566462167689,0.15037593984962405,13.3,2024-25,True
Ben White,England,DF,Arsenal,26,1997,17,13,1198,13.3,0,2,2,0,0,0,2,0,0.0,0.15037593984962405,0.15037593984962405,0.0,0.15037593984962405,False,2024-25,2024,0.15037593984962405,4,10121,2988.0,-1790.0,0.16909368151317783,0.24096385542168672,0.20648967551622419,676,38.0,57.18421052631579,14.394736842105264,4.947368421052632,9.526315789473685,69.0,34.0,0.6017601760176018,0.12820512820512822,7.8,2025-26,True
Benoît Badiashile,France,DF,Chelsea,21,2001,11,10,905,10.1,1,0,1,1,0,0,2,0,0.09900990099009901,0.0,0.09900990099009901,0.09900990099009901,0.09900990099009901,False,2022-23,2022,0.09900990099009901,1,905,,,0.09900990099009901,,,441,38.0,59.026315789473685,12.736842105263158,4.157894736842105,11.526315789473685,38.0,47.0,0.5249457700650759,0.06711409395973154,14.9,2023-24,True
Benoît Badiashile,France,DF,Chelsea,22,2001,18,15,1338,14.9,0,1,1,0,0,0,3,0,0.0,0.06711409395973154,0.06711409395973154,0.0,0.06711409395973154,False,2023-24,2023,0.06711409395973154,2,2243,905.0,433.0,0.07774602963652069,0.09900990099009901,,484,38.0,59.0,14.421052631578947,5.657894736842105,14.631578947368421,77.0,63.0,0.4963768115942029,0.0,3.7,2024-25,True
Benoît Badiashile,France,DF,Chelsea,23,2001,5,3,334,3.7,0,0,0,0,0,0,0,0,0.0,0.0,0.0,0.0,0.0,False,2024-25,2024,0.0,3,2577,1338.0,-1004.0,0.025915343212173567,0.06711409395973154,0.09900990099009901,529,38.0,57.3421052631579,15.657894736842104,5.7368421052631575,10.447368421052632,64.0,43.0,0.5997983870967741,0.0,5.2,2025-26,True
Bernardo Silva,Portugal,"MF,FW",Manchester City,26,1994,35,33,2857,31.7,8,4,12,8,0,0,6,0,0.25236593059936907,0.12618296529968454,0.37854889589905366,0.25236593059936907,0.37854889589905366,False,2021-22,2021,0.37854889589905366,1,2857,,,0.37854889589905366,,,676,38.0,68.5,18.763157894736842,6.657894736842105,6.2368421052631575,99.0,26.0,0.7505263157894737,0.3673469387755102,24.5,2022-23,True
Bernardo Silva,Portugal,"MF,FW",Manchester City,27,1994,34,24,2205,24.5,4,5,9,4,0,0,5,0,0.16326530612244897,0.20408163265306123,0.3673469387755102,0.16326530612244897,0.3673469387755102,False,2022-23,2022,0.3673469387755102,2,5062,2857.0,-652.0,0.37108092448335805,0.37854889589905366,,729,38.0,65.34210526315789,15.789473684210526,5.7631578947368425,7.7105263157894735,94.0,33.0,0.6718924972004479,0.5244755244755245,28.6,2023-24,True
Bernardo Silva,Portugal,MF,Manchester City,28,1994,33,29,2578,28.6,6,9,15,6,0,0,8,0,0.2097902097902098,0.3146853146853147,0.5244755244755245,0.2097902097902098,0.5244755244755245,False,2023-24,2023,0.5244755244755245,3,7640,2205.0,373.0,0.4733439911448023,0.3673469387755102,0.37854889589905366,784,38.0,65.73684210526316,18.263157894736842,7.315789473684211,7.7368421052631575,96.0,34.0,0.7024291497975709,0.26936026936026936,29.7,2024-25,True
Bernardo Silva,Portugal,MF,Manchester City,29,1994,33,29,2670,29.7,4,4,8,4,0,0,7,0,0.13468013468013468,0.13468013468013468,0.26936026936026936,0.13468013468013468,0.26936026936026936,False,2024-25,2024,0.26936026936026936,4,10310,2578.0,92.0,0.337354843288447,0.5244755244755245,0.3673469387755102,841,38.0,61.73684210526316,16.0,5.7105263157894735,9.31578947368421,72.0,44.0,0.6320166320166319,0.18808777429467086,31.9,2025-26,True
Bernd Leno,Germany,GK,Arsenal,29,1992,4,4,360,4.0,0,0,0,0,0,0,0,0,0.0,0.0,0.0,0.0,0.0,False,2021-22,2021,0.0,1,360,,,0.0,,,841,38.0,53.18421052631579,15.473684210526315,5.157894736842105,11.18421052631579,61.0,48.0,0.5804540967423495,0.0,36.0,2022-23,True
Bernd Leno,Germany,GK,Fulham,30,1992,36,36,3240,36.0,0,0,0,0,0,0,3,0,0.0,0.0,0.0,0.0,0.0,False,2022-23,2022,0.0,2,3600,360.0,2880.0,0.0,0.0,,900,38.0,48.68421052631579,11.289473684210526,3.8947368421052633,13.289473684210526,55.0,53.0,0.45931477516059954,0.0,38.0,2023-24,True
Bernd Leno,Germany,GK,Fulham,31,1992,38,38,3420,38.0,0,0,0,0,0,0,3,0,0.0,0.0,0.0,0.0,0.0,False,2023-24,2023,0.0,3,7020,3240.0,180.0,0.0,0.0,0.0,961,38.0,50.73684210526316,13.157894736842104,4.7105263157894735,13.763157894736842,55.0,61.0,0.4887585532746823,0.02631578947368421,38.0,2024-25,True
Bernd Leno,Germany,GK,Fulham,32,1992,38,38,3420,38.0,0,1,1,0,0,0,5,0,0.0,0.02631578947368421,0.02631578947368421,0.0,0.02631578947368421,False,2024-25,2024,0.02631578947368421,4,10440,3420.0,0.0,0.017543859649122806,0.0,0.0,1024,38.0,52.473684210526315,13.710526315789474,4.552631578947368,11.368421052631579,54.0,54.0,0.5466946484784889,0.0,38.0,2025-26,True
Bertrand Traoré,Burkina Faso,"FW,MF",Aston Villa,27,1995,2,0,11,0.1,0,0,0,0,0,0,0,0,0.0,0.0,0.0,0.0,0.0,False,2023-24,2023,0.0,3,464,233.0,-222.0,0.17094017094017094,0.7692307692307692,0.0,729,38.0,53.421052631578945,13.5,5.0,11.947368421052632,76.0,61.0,0.5305067218200621,0.14285714285714285,7.0,2025-26,True
Beto,Guinea-Bissau,FW,Everton,25,1998,30,9,951,10.6,3,0,3,3,0,1,2,0,0.2830188679245283,0.0,0.2830188679245283,0.2830188679245283,0.2830188679245283,False,2023-24,2023,0.2830188679245283,1,951,,,0.2830188679245283,,,625,38.0,40.73684210526316,13.342105263157896,4.2631578947368425,14.157894736842104,40.0,51.0,0.4851674641148326,0.47058823529411764,17.0,2024-25,True
Beto,Guinea-Bissau,FW,Everton,26,1998,30,15,1534,17.0,8,0,8,8,0,0,2,0,0.47058823529411764,0.0,0.47058823529411764,0.47058823529411764,0.47058823529411764,False,2024-25,2024,0.47058823529411764,2,2485,951.0,583.0,0.40806511283758784,0.2830188679245283,,676,38.0,40.63157894736842,10.657894736842104,3.763157894736842,12.605263157894736,42.0,44.0,0.4581447963800905,0.574712643678161,17.4,2025-26,True
Billy Gilmour,Scotland,MF,Norwich City,20,2001,24,21,1855,20.6,0,1,1,0,0,0,2,0,0.0,0.04854368932038835,0.04854368932038835,0.0,0.04854368932038835,False,2021-22,2021,0.04854368932038835,1,1855,,,0.04854368932038835,,,400,,,,,,,,,0.17857142857142858,5.6,2022-23,True
Billy Gilmour,Scotland,MF,Brighton,21,2001,14,7,507,5.6,0,1,1,0,0,0,1,0,0.0,0.17857142857142858,0.17857142857142858,0.0,0.17857142857142858,False,2022-23,2022,0.17857142857142858,2,2362,1855.0,-1348.0,0.13522884882108183,0.04854368932038835,,441,38.0,60.526315789473685,16.105263157894736,6.078947368421052,10.210526315789474,72.0,53.0,0.612,0.0423728813559322,23.6,2023-24,True
Bobby De Cordova-Reid,Jamaica,"MF,DF",Fulham,29,1993,36,29,2475,27.5,4,1,5,4,0,0,8,0,0.14545454545454545,0.03636363636363636,0.18181818181818182,0.14545454545454545,0.18181818181818182,False,2022-23,2022,0.18181818181818182,1,2475,,,0.18181818181818182,,,841,38.0,48.68421052631579,11.289473684210526,3.8947368421052633,13.289473684210526,55.0,53.0,0.45931477516059954,0.5063291139240506,15.8,2023-24,True
Bobby De Cordova-Reid,Jamaica,"MF,FW",Fulham,30,1993,33,17,1423,15.8,6,2,8,6,0,0,4,0,0.37974683544303794,0.12658227848101264,0.5063291139240506,0.37974683544303794,0.5063291139240506,False,2023-24,2023,0.5063291139240506,2,3898,2475.0,-1052.0,0.3981588032220943,0.18181818181818182,,900,38.0,50.73684210526316,13.157894736842104,4.7105263157894735,13.763157894736842,55.0,61.0,0.4887585532746823,0.36144578313253006,8.3,2024-25,True
Boubacar Kamara,France,MF,Aston Villa,22,1999,24,21,1777,19.7,0,1,1,0,0,0,4,0,0.0,0.050761421319796954,0.050761421319796954,0.0,0.050761421319796954,False,2022-23,2022,0.050761421319796954,1,1777,,,0.050761421319796954,,,484,38.0,49.44736842105263,11.31578947368421,3.973684210526316,11.289473684210526,51.0,46.0,0.5005820721769499,0.05434782608695653,18.4,2023-24,True
Boubacar Kamara,France,MF,Aston Villa,23,1999,20,20,1652,18.4,0,1,1,0,0,0,7,1,0.0,0.05434782608695653,0.05434782608695653,0.0,0.05434782608695653,False,2023-24,2023,0.05434782608695653,2,3429,1777.0,-125.0,0.053152357831236674,0.050761421319796954,,529,38.0,53.421052631578945,13.5,5.0,11.947368421052632,76.0,61.0,0.5305067218200621,0.052083333333333336,19.2,2024-25,True
Boubacar Kamara,France,"MF,DF",Aston Villa,24,1999,26,20,1726,19.2,1,0,1,1,0,0,2,0,0.052083333333333336,0.0,0.052083333333333336,0.052083333333333336,0.052083333333333336,False,2024-25,2024,0.052083333333333336,3,5155,1652.0,74.0,0.05243967483263445,0.05434782608695653,0.050761421319796954,576,38.0,50.71052631578947,12.736842105263158,4.473684210526316,12.18421052631579,58.0,51.0,0.5110876451953538,0.25477707006369427,15.7,2025-26,True
Boubacar Traoré,Mali,MF,Wolves,20,2001,10,4,411,4.6,0,1,1,0,0,0,2,0,0.0,0.2173913043478261,0.2173913043478261,0.0,0.2173913043478261,False,2022-23,2022,0.2173913043478261,1,411,,,0.2173913043478261,,,400,,,,,,,,,0.0,9.1,2023-24,True
Boubakary Soumaré,France,MF,Leicester City,22,1999,19,12,1102,12.2,0,1,1,0,0,0,0,0,0.0,0.0819672131147541,0.0819672131147541,0.0,0.0819672131147541,False,2021-22,2021,0.0819672131147541,1,1102,,,0.0819672131147541,,,484,,,,,,,,,0.0,18.1,2022-23,True
Boubakary Soumaré,France,MF,Leicester City,23,1999,26,20,1629,18.1,0,0,0,0,0,0,9,0,0.0,0.0,0.0,0.0,0.0,False,2022-23,2022,0.0,2,2731,1102.0,527.0,0.027322404371584706,0.0819672131147541,,529,,,,,,,,,0.0,24.1,2024-25,True
Brajan Gruda,Germany,"MF,FW",Brighton,20,2004,21,8,687,7.6,1,4,5,1,0,0,0,0,0.13157894736842105,0.5263157894736842,0.6578947368421053,0.13157894736842105,0.6578947368421053,False,2024-25,2024,0.6578947368421053,1,687,,,0.6578947368421053,,,400,38.0,52.63157894736842,14.026315789473685,5.026315789473684,11.236842105263158,66.0,59.0,0.5552083333333333,0.25,8.0,2025-26,True
Brenden Aaronson,USA,MF,Leeds United,21,2000,36,28,2372,26.4,1,3,4,1,0,0,2,0,0.03787878787878788,0.11363636363636365,0.15151515151515152,0.03787878787878788,0.15151515151515152,False,2022-23,2022,0.15151515151515152,1,2372,,,0.15151515151515152,,,441,38.0,46.94736842105263,12.157894736842104,3.8157894736842106,13.868421052631579,48.0,78.0,0.4671385237613751,0.33088235294117646,27.2,2025-26,True
Brennan Johnson,Wales,"FW,MF",Nottingham,21,2001,38,33,2934,32.6,8,3,11,7,1,3,6,0,0.24539877300613497,0.09202453987730061,0.3374233128834356,0.21472392638036808,0.3067484662576687,False,2022-23,2022,0.3374233128834356,1,2934,,,0.3374233128834356,,,441,38.0,37.21052631578947,9.68421052631579,3.1052631578947367,14.657894736842104,38.0,68.0,0.3978378378378378,0.578512396694215,24.2,2024-25,True
Brennan JohnsonBrennan Johnson,Wales,"FW,MF",Tottenham,22,2001,35,26,2322,25.8,5,10,15,5,0,0,3,0,0.19379844961240308,0.38759689922480617,0.5813953488372093,0.19379844961240308,0.5813953488372093,False,2023-24,2023,0.5813953488372093,1,2322,,,0.5813953488372093,,,484,38.0,62.05263157894737,15.31578947368421,5.631578947368421,12.789473684210526,74.0,61.0,0.5449438202247191,0.15625,19.2,2025-26,True
Bruno Fernandes,Portugal,MF,Manchester Utd,26,1994,36,35,3111,34.6,10,6,16,10,0,2,10,0,0.2890173410404624,0.17341040462427745,0.4624277456647399,0.2890173410404624,0.4624277456647399,False,2021-22,2021,0.4624277456647399,1,3111,,,0.4624277456647399,,,676,38.0,52.921052631578945,13.368421052631579,4.921052631578948,13.447368421052632,57.0,57.0,0.4985279685966634,0.4347826086956522,36.8,2022-23,True
Bruno Fernandes,Portugal,MF,Manchester Utd,27,1994,37,37,3316,36.8,8,8,16,6,2,2,6,0,0.2173913043478261,0.2173913043478261,0.4347826086956522,0.16304347826086957,0.3804347826086957,False,2022-23,2022,0.4347826086956522,2,6427,3111.0,205.0,0.44399765435201477,0.4624277456647399,,729,38.0,53.973684210526315,15.578947368421053,5.631578947368421,12.657894736842104,58.0,43.0,0.5517241379310345,0.5202312138728323,34.6,2023-24,True
Bruno Fernandes,Portugal,MF,Manchester Utd,28,1994,35,35,3118,34.6,10,8,18,6,4,5,9,0,0.2890173410404624,0.23121387283236994,0.5202312138728323,0.17341040462427745,0.40462427745664736,False,2023-24,2023,0.5202312138728323,3,9545,3316.0,-198.0,0.49482002736589314,0.4347826086956522,0.4624277456647399,784,38.0,50.526315789473685,14.473684210526315,5.078947368421052,17.55263157894737,57.0,58.0,0.4519309778142974,0.5373134328358209,33.5,2024-25,True
Bruno Fernandes,Portugal,MF,Manchester Utd,29,1994,36,35,3018,33.5,8,10,18,5,3,3,5,2,0.23880597014925373,0.29850746268656714,0.5373134328358209,0.14925373134328357,0.44776119402985076,False,2024-25,2024,0.5373134328358209,4,12563,3118.0,-100.0,0.523148964345845,0.5202312138728323,0.4347826086956522,841,38.0,53.55263157894737,13.868421052631579,4.605263157894737,10.921052631578947,44.0,54.0,0.559447983014862,0.8823529411764706,34.0,2025-26,True
Bruno Guimarães,Brazil,MF,Newcastle,23,1997,17,11,1034,11.5,5,1,6,5,0,0,4,0,0.43478260869565216,0.08695652173913043,0.5217391304347826,0.43478260869565216,0.5217391304347826,False,2021-22,2021,0.5217391304347826,1,1034,,,0.5217391304347826,,,529,38.0,39.94736842105263,11.789473684210526,3.8947368421052633,13.894736842105264,44.0,62.0,0.45901639344262296,0.297029702970297,30.3,2022-23,True
Bruno Guimarães,Brazil,MF,Newcastle,24,1997,32,32,2726,30.3,4,5,9,4,0,0,7,0,0.132013201320132,0.16501650165016502,0.297029702970297,0.132013201320132,0.297029702970297,False,2022-23,2022,0.297029702970297,2,3760,1034.0,1692.0,0.3719328454584589,0.5217391304347826,,576,38.0,52.44736842105263,15.026315789473685,5.184210526315789,10.18421052631579,68.0,33.0,0.5960334029227558,0.4132231404958678,36.3,2023-24,True
Bruno Guimarães,Brazil,MF,Newcastle,25,1997,37,37,3263,36.3,7,8,15,7,0,0,9,0,0.1928374655647383,0.22038567493112948,0.4132231404958678,0.1928374655647383,0.4132231404958678,False,2023-24,2023,0.4132231404958678,3,7023,2726.0,537.0,0.3994597088167315,0.297029702970297,0.5217391304347826,625,38.0,52.21052631578947,14.5,5.605263157894737,14.052631578947368,85.0,62.0,0.5078341013824884,0.30303030303030304,36.3,2024-25,True
Bruno Guimarães,Brazil,MF,Newcastle,26,1997,38,38,3271,36.3,5,6,11,5,0,0,7,0,0.13774104683195593,0.1652892561983471,0.30303030303030304,0.13774104683195593,0.30303030303030304,False,2024-25,2024,0.30303030303030304,4,10294,3263.0,8.0,0.33517343829244584,0.4132231404958678,0.297029702970297,676,38.0,51.05263157894737,13.789473684210526,4.578947368421052,12.447368421052632,68.0,47.0,0.5255767301905717,0.5128205128205128,27.3,2025-26,True
Bryan Mbeumo,Cameroon,FW,Brentford,21,1999,35,34,2905,32.3,4,7,11,3,1,1,4,0,0.12383900928792571,0.21671826625387,0.3405572755417957,0.09287925696594428,0.30959752321981426,False,2021-22,2021,0.3405572755417957,1,2905,,,0.3405572755417957,,,441,38.0,44.5,11.631578947368421,4.052631578947368,13.210526315789474,48.0,56.0,0.4682203389830508,0.5263157894736843,32.3,2022-23,True
Bryan Mbeumo,Cameroon,FW,Brentford,22,1999,38,36,2906,32.3,9,8,17,8,1,1,5,0,0.2786377708978328,0.24767801857585142,0.5263157894736843,0.24767801857585142,0.49535603715170284,False,2022-23,2022,0.5263157894736843,2,5811,2905.0,1.0,0.4643962848297214,0.3405572755417957,,484,38.0,43.39473684210526,10.710526315789474,4.2631578947368425,14.763157894736842,58.0,46.0,0.42045454545454547,0.6880733944954128,21.8,2023-24,True
Bryan Mbeumo,Cameroon,FW,Brentford,23,1999,25,22,1960,21.8,9,6,15,6,3,3,2,0,0.4128440366972477,0.27522935779816515,0.6880733944954128,0.27522935779816515,0.5504587155963303,False,2023-24,2023,0.6880733944954128,3,7771,2906.0,-946.0,0.6135143579401824,0.5263157894736843,0.3405572755417957,529,38.0,44.973684210526315,12.447368421052632,4.526315789473684,14.421052631578947,56.0,65.0,0.4632713026444662,0.712401055408971,37.9,2024-25,True
Bryan Mbeumo,Cameroon,"MF,FW",Brentford,24,1999,38,38,3414,37.9,20,7,27,15,5,6,3,0,0.5277044854881267,0.18469656992084432,0.712401055408971,0.395778364116095,0.5804749340369394,False,2024-25,2024,0.712401055408971,4,11185,1960.0,1454.0,0.6794388229193749,0.6880733944954128,0.5263157894736843,576,38.0,47.81578947368421,11.578947368421053,4.842105263157895,17.026315789473685,66.0,57.0,0.40478380864765406,0.4827586206896552,29.0,2025-26,True
Bukayo Saka,England,"MF,FW",Arsenal,19,2001,38,36,2978,33.1,11,7,18,9,2,2,6,0,0.3323262839879154,0.21148036253776434,0.5438066465256798,0.2719033232628399,0.48338368580060426,False,2021-22,2021,0.5438066465256798,1,2978,,,0.5438066465256798,,,361,38.0,53.18421052631579,15.473684210526315,5.157894736842105,11.18421052631579,61.0,48.0,0.5804540967423495,0.708215297450425,35.3,2022-23,True
Bukayo Saka,England,"FW,MF",Arsenal,20,2001,38,37,3181,35.3,14,11,25,12,2,3,6,0,0.39660056657223797,0.311614730878187,0.708215297450425,0.33994334277620397,0.651558073654391,False,2022-23,2022,0.708215297450425,2,6159,2978.0,203.0,0.6534124138088433,0.5438066465256798,,400,38.0,59.94736842105263,15.605263157894736,5.368421052631579,8.973684210526315,88.0,43.0,0.6349036402569593,0.7716049382716049,32.4,2023-24,True
Bukayo Saka,England,FW,Arsenal,21,2001,35,35,2919,32.4,16,9,25,10,6,6,4,0,0.4938271604938272,0.2777777777777778,0.7716049382716049,0.308641975308642,0.5864197530864197,False,2023-24,2023,0.7716049382716049,3,9078,3181.0,-262.0,0.7322074301173511,0.708215297450425,0.5438066465256798,441,38.0,58.63157894736842,17.263157894736842,5.973684210526316,8.473684210526315,91.0,29.0,0.6707566462167689,0.8333333333333334,19.2,2024-25,True
Bukayo Saka,England,"FW,MF",Arsenal,22,2001,25,20,1729,19.2,6,10,16,5,1,1,3,0,0.3125,0.5208333333333334,0.8333333333333334,0.2604166666666667,0.78125,False,2024-25,2024,0.8333333333333334,4,10807,2919.0,-1190.0,0.799624698928006,0.7716049382716049,0.708215297450425,484,38.0,57.18421052631579,14.394736842105264,4.947368421052632,9.526315789473685,69.0,34.0,0.6017601760176018,0.4858299595141701,24.7,2025-26,True
Callum Hudson-Odoi,England,MF,Chelsea,20,2000,15,11,962,10.7,1,2,3,1,0,0,1,0,0.09345794392523366,0.1869158878504673,0.28037383177570097,0.09345794392523366,0.28037383177570097,False,2021-22,2021,0.28037383177570097,1,962,,,0.28037383177570097,,,400,38.0,62.3421052631579,15.578947368421053,5.552631578947368,8.921052631578947,76.0,33.0,0.635875402792696,0.4368932038834951,20.6,2023-24,True
Callum Hudson-Odoi,England,"MF,FW",Nottingham,22,2000,29,20,1854,20.6,8,1,9,8,0,0,0,0,0.3883495145631068,0.04854368932038835,0.4368932038834951,0.3883495145631068,0.4368932038834951,False,2023-24,2023,0.4368932038834951,2,2816,962.0,892.0,0.38472007984756373,0.28037383177570097,,484,38.0,40.21052631578947,11.868421052631579,3.8947368421052633,13.421052631578947,49.0,67.0,0.46930280957336107,0.2868852459016394,24.4,2024-25,True
Callum Hudson-Odoi,England,MF,Nottingham,23,2000,31,25,2194,24.4,5,2,7,5,0,0,2,0,0.20491803278688525,0.0819672131147541,0.2868852459016394,0.20491803278688525,0.2868852459016394,False,2024-25,2024,0.2868852459016394,3,5010,1854.0,340.0,0.31949685721694754,0.4368932038834951,0.28037383177570097,529,38.0,40.921052631578945,12.18421052631579,4.368421052631579,13.973684210526315,58.0,46.0,0.4657947686116701,0.34146341463414637,20.5,2025-26,True
Callum Wilson,England,FW,Newcastle,29,1992,18,16,1386,15.4,8,0,8,6,2,2,4,0,0.5194805194805194,0.0,0.5194805194805194,0.38961038961038963,0.3896103896103896,False,2021-22,2021,0.5194805194805194,1,1386,,,0.5194805194805194,,,841,38.0,39.94736842105263,11.789473684210526,3.8947368421052633,13.894736842105264,44.0,62.0,0.45901639344262296,1.1004784688995215,20.9,2022-23,True
Callum Wilson,England,FW,Newcastle,30,1992,31,21,1877,20.9,18,5,23,15,3,3,4,0,0.861244019138756,0.23923444976076558,1.1004784688995215,0.7177033492822967,0.9569377990430622,False,2022-23,2022,1.1004784688995215,2,3263,1386.0,491.0,0.9068124857598542,0.5194805194805194,,900,38.0,52.44736842105263,15.026315789473685,5.184210526315789,10.18421052631579,68.0,33.0,0.5960334029227558,0.9090909090909091,11.0,2023-24,True
Callum Wilson,England,FW,Newcastle,31,1992,20,9,991,11.0,9,1,10,7,2,2,3,0,0.8181818181818182,0.09090909090909091,0.9090909090909091,0.6363636363636364,0.7272727272727273,False,2023-24,2023,0.9090909090909091,3,4254,1877.0,-886.0,0.908331434647224,1.1004784688995215,0.5194805194805194,961,38.0,52.21052631578947,14.5,5.605263157894737,14.052631578947368,85.0,62.0,0.5078341013824884,0.0,4.1,2024-25,True
Callum Wilson,England,FW,Newcastle,32,1992,18,2,370,4.1,0,0,0,0,0,0,1,0,0.0,0.0,0.0,0.0,0.0,False,2024-25,2024,0.0,4,4624,991.0,-621.0,0.30277714488240803,0.9090909090909091,1.1004784688995215,1024,38.0,51.05263157894737,13.789473684210526,4.578947368421052,12.447368421052632,68.0,47.0,0.5255767301905717,0.5755395683453237,13.9,2025-26,True
Calvin Bassey,Nigeria,DF,Fulham,23,1999,29,25,2303,25.6,1,0,1,1,0,0,6,1,0.0390625,0.0,0.0390625,0.0390625,0.0390625,False,2023-24,2023,0.0390625,1,2303,,,0.0390625,,,529,38.0,50.73684210526316,13.157894736842104,4.7105263157894735,13.763157894736842,55.0,61.0,0.4887585532746823,0.029239766081871343,34.2,2024-25,True
Calvin Bassey,Nigeria,DF,Fulham,24,1999,35,34,3074,34.2,1,0,1,1,0,0,7,0,0.029239766081871343,0.0,0.029239766081871343,0.029239766081871343,0.029239766081871343,False,2024-25,2024,0.029239766081871343,2,5377,2303.0,771.0,0.032514010721247565,0.0390625,,576,38.0,52.473684210526315,13.710526315789474,4.552631578947368,11.368421052631579,54.0,54.0,0.5466946484784889,0.03546099290780142,28.2,2025-26,True
Cameron Archer,England,"FW,MF",Aston Villa,21,2001,6,0,49,0.5,0,0,0,0,0,0,0,0,0.0,0.0,0.0,0.0,0.0,False,2022-23,2022,0.0,2,76,27.0,22.0,0.0,0.0,,441,38.0,49.44736842105263,11.31578947368421,3.973684210526316,11.289473684210526,51.0,46.0,0.5005820721769499,0.125,16.0,2024-25,True
Caoimhín Kelleher,Ireland,GK,Liverpool,23,1998,1,1,90,1.0,0,0,0,0,0,0,0,0,0.0,0.0,0.0,0.0,0.0,False,2022-23,2022,0.0,2,270,180.0,-90.0,0.0,0.0,,529,38.0,61.10526315789474,15.921052631578947,5.578947368421052,9.710526315789474,75.0,47.0,0.6211498973305954,0.0,10.0,2023-24,True
Caoimhín Kelleher,Ireland,GK,Liverpool,24,1998,10,10,900,10.0,0,0,0,0,0,0,0,0,0.0,0.0,0.0,0.0,0.0,False,2023-24,2023,0.0,3,1170,90.0,810.0,0.0,0.0,0.0,576,38.0,61.78947368421053,20.789473684210527,7.2894736842105265,10.894736842105264,86.0,41.0,0.6561461794019934,0.0,10.0,2024-25,True
Caoimhín Kelleher,Ireland,GK,Liverpool,25,1998,10,10,900,10.0,0,0,0,0,0,0,0,0,0.0,0.0,0.0,0.0,0.0,False,2024-25,2024,0.0,4,2070,900.0,0.0,0.0,0.0,0.0,625,38.0,58.078947368421055,17.026315789473685,6.078947368421052,10.18421052631579,86.0,41.0,0.625725338491296,0.0,37.0,2025-26,True
Carlos Alcaraz,Argentina,"MF,FW",Southampton,19,2002,18,13,1029,11.4,4,2,6,4,0,0,3,0,0.3508771929824561,0.17543859649122806,0.5263157894736842,0.3508771929824561,0.5263157894736842,False,2022-23,2022,0.5263157894736842,1,1029,,,0.5263157894736842,,,361,,,,,,,,,0.12987012987012986,7.7,2025-26,True
Carlos Baleba,Cameroon,MF,Brighton,19,2004,27,15,1325,14.7,0,0,0,0,0,0,7,0,0.0,0.0,0.0,0.0,0.0,False,2023-24,2023,0.0,1,1325,,,0.0,,,361,38.0,60.3421052631579,14.789473684210526,5.473684210526316,12.289473684210526,55.0,62.0,0.5461613216715258,0.13513513513513511,29.6,2024-25,True
Carlos Baleba,Cameroon,MF,Brighton,20,2004,34,31,2661,29.6,3,1,4,3,0,0,8,1,0.10135135135135134,0.03378378378378378,0.13513513513513511,0.10135135135135134,0.13513513513513511,False,2024-25,2024,0.13513513513513511,2,3986,1325.0,1336.0,0.09009009009009007,0.0,,400,38.0,52.63157894736842,14.026315789473685,5.026315789473684,11.236842105263158,66.0,59.0,0.5552083333333333,0.0,18.4,2025-26,True
Carlos Vinícius,Brazil,FW,Fulham,27,1995,28,11,1109,12.3,5,2,7,5,0,0,3,0,0.4065040650406504,0.16260162601626016,0.5691056910569106,0.4065040650406504,0.5691056910569106,False,2022-23,2022,0.5691056910569106,1,1109,,,0.5691056910569106,,,729,38.0,48.68421052631579,11.289473684210526,3.8947368421052633,13.289473684210526,55.0,53.0,0.45931477516059954,0.5714285714285714,3.5,2023-24,True
Carney Chukwuemeka,Austria,MF,Aston Villa,17,2003,12,2,301,3.3,0,1,1,0,0,0,0,0,0.0,0.30303030303030304,0.30303030303030304,0.0,0.30303030303030304,False,2021-22,2021,0.30303030303030304,1,301,,,0.30303030303030304,,,289,38.0,46.473684210526315,12.210526315789474,4.2631578947368425,12.552631578947368,52.0,54.0,0.49309245483528164,0.0,3.9,2022-23,True
Casemiro,Brazil,MF,Manchester Utd,30,1992,28,24,2124,23.6,4,3,7,4,0,0,7,2,0.1694915254237288,0.1271186440677966,0.2966101694915254,0.1694915254237288,0.2966101694915254,False,2022-23,2022,0.2966101694915254,1,2124,,,0.2966101694915254,,,900,38.0,53.973684210526315,15.578947368421053,5.631578947368421,12.657894736842104,58.0,43.0,0.5517241379310345,0.13636363636363635,22.0,2023-24,True
Casemiro,Brazil,"MF,DF",Manchester Utd,31,1992,25,24,1982,22.0,1,2,3,1,0,0,7,0,0.045454545454545456,0.09090909090909091,0.13636363636363635,0.045454545454545456,0.13636363636363635,False,2023-24,2023,0.13636363636363635,2,4106,2124.0,-142.0,0.18977914740626606,0.2966101694915254,,961,38.0,50.526315789473685,14.473684210526315,5.078947368421052,17.55263157894737,57.0,58.0,0.4519309778142974,0.06024096385542168,16.6,2024-25,True
Casemiro,Brazil,MF,Manchester Utd,32,1992,24,18,1494,16.6,1,0,1,1,0,0,5,0,0.06024096385542168,0.0,0.06024096385542168,0.06024096385542168,0.06024096385542168,False,2024-25,2024,0.06024096385542168,3,5600,1982.0,-488.0,0.10342035837236982,0.13636363636363635,0.2966101694915254,1024,38.0,53.55263157894737,13.868421052631579,4.605263157894737,10.921052631578947,44.0,54.0,0.559447983014862,0.3846153846153846,28.6,2025-26,True
Chadi Riad,Morocco,DF,Crystal Palace,21,2003,1,1,90,1.0,0,0,0,0,0,0,0,0,0.0,0.0,0.0,0.0,0.0,False,2024-25,2024,0.0,1,90,,,0.0,,,441,38.0,42.5,13.552631578947368,4.894736842105263,12.710526315789474,51.0,51.0,0.5160320641282565,0.1639344262295082,6.1,2025-26,True
Charlie Taylor,England,DF,Burnley,27,1993,31,30,2731,30.3,0,3,3,0,0,0,3,0,0.0,0.099009900990099,0.099009900990099,0.0,0.099009900990099,False,2021-22,2021,0.099009900990099,1,2731,,,0.099009900990099,,,729,,,,,,,,,0.07722007722007722,25.9,2023-24,True
Charlie Taylor,England,DF,Burnley,29,1993,28,25,2331,25.9,1,1,2,1,0,0,8,0,0.03861003861003861,0.03861003861003861,0.07722007722007722,0.03861003861003861,0.07722007722007722,False,2023-24,2023,0.07722007722007722,2,5062,2731.0,-400.0,0.08448335181008448,0.099009900990099,,841,,,,,,,,,0.0,4.0,2024-25,True
Cheick Doucouré,Mali,MF,Crystal Palace,22,2000,34,34,2769,30.8,0,3,3,0,0,0,10,1,0.0,0.09740259740259741,0.09740259740259741,0.0,0.09740259740259741,False,2022-23,2022,0.09740259740259741,1,2769,,,0.09740259740259741,,,484,38.0,46.13157894736842,11.18421052631579,3.5789473684210527,12.0,40.0,49.0,0.48240635641316687,0.0,10.2,2023-24,True
Cheick Doucouré,Mali,MF,Crystal Palace,23,2000,11,11,919,10.2,0,0,0,0,0,0,2,0,0.0,0.0,0.0,0.0,0.0,False,2023-24,2023,0.0,2,3688,2769.0,-1850.0,0.03246753246753247,0.09740259740259741,,529,38.0,42.1578947368421,12.0,4.447368421052632,12.078947368421053,57.0,58.0,0.4983606557377049,0.0,5.0,2024-25,True
Cheikhou Kouyaté,Senegal,MF,Crystal Palace,31,1989,27,23,1974,21.9,0,1,1,0,0,0,3,0,0.0,0.04566210045662101,0.04566210045662101,0.0,0.04566210045662101,False,2021-22,2021,0.04566210045662101,1,1974,,,0.04566210045662101,,,961,38.0,50.94736842105263,10.81578947368421,3.8684210526315788,11.657894736842104,50.0,46.0,0.48126463700234196,0.1020408163265306,9.8,2022-23,True
Chris Mepham,Wales,DF,Bournemouth,24,1997,26,24,2199,24.4,0,0,0,0,0,0,7,0,0.0,0.0,0.0,0.0,0.0,False,2022-23,2022,0.0,1,2199,,,0.0,,,576,38.0,40.078947368421055,9.394736842105264,3.5,16.473684210526315,37.0,71.0,0.3631739572736521,0.14492753623188406,6.9,2023-24,True
Chris Richards,USA,DF,Crystal Palace,22,2000,9,4,447,5.0,0,0,0,0,0,0,0,0,0.0,0.0,0.0,0.0,0.0,False,2022-23,2022,0.0,1,447,,,0.0,,,484,38.0,46.13157894736842,11.18421052631579,3.5789473684210527,12.0,40.0,49.0,0.48240635641316687,0.08583690987124463,23.3,2023-24,True
Chris Richards,USA,"DF,MF",Crystal Palace,23,2000,26,23,2094,23.3,1,1,2,1,0,0,3,0,0.04291845493562232,0.04291845493562232,0.08583690987124463,0.04291845493562232,0.08583690987124463,False,2023-24,2023,0.08583690987124463,2,2541,447.0,1647.0,0.05722460658082976,0.0,,529,38.0,42.1578947368421,12.0,4.447368421052632,12.078947368421053,57.0,58.0,0.4983606557377049,0.04672897196261683,21.4,2024-25,True
Chris Richards,USA,DF,Crystal Palace,24,2000,24,22,1922,21.4,1,0,1,1,0,0,4,1,0.04672897196261683,0.0,0.04672897196261683,0.04672897196261683,0.04672897196261683,False,2024-25,2024,0.04672897196261683,3,4463,2094.0,-172.0,0.05022751683535447,0.08583690987124463,0.0,576,38.0,42.5,13.552631578947368,4.894736842105263,12.710526315789474,51.0,51.0,0.5160320641282565,0.03184713375796178,31.4,2025-26,True
Chris Wood,New Zealand,FW,Nottingham,31,1991,31,20,1812,20.1,14,1,15,14,0,0,0,0,0.6965174129353233,0.04975124378109452,0.7462686567164178,0.6965174129353233,0.7462686567164178,False,2023-24,2023,0.7462686567164178,1,1812,,,0.7462686567164178,,,961,38.0,40.21052631578947,11.868421052631579,3.8947368421052633,13.421052631578947,49.0,67.0,0.46930280957336107,0.6990881458966566,32.9,2024-25,True
Chris Wood,New Zealand,FW,Nottingham,32,1991,36,35,2959,32.9,20,3,23,17,3,3,1,0,0.60790273556231,0.0911854103343465,0.6990881458966566,0.5167173252279635,0.6079027355623101,False,2024-25,2024,0.6990881458966566,2,4771,1812.0,1147.0,0.714814982836577,0.7462686567164178,,1024,38.0,40.921052631578945,12.18421052631579,4.368421052631579,13.973684210526315,58.0,46.0,0.4657947686116701,0.3,10.0,2025-26,True
Chris WoodChris Wood,New Zealand,FW,Newcastle,29,1991,34,32,2694,29.9,5,0,5,4,1,1,1,0,0.16722408026755853,0.0,0.16722408026755853,0.13377926421404682,0.13377926421404682,False,2021-22,2021,0.16722408026755853,1,2694,,,0.16722408026755853,,,841,38.0,39.94736842105263,11.789473684210526,3.8947368421052633,13.894736842105264,44.0,62.0,0.45901639344262296,0.32967032967032966,9.1,2022-23,True
Christian Eriksen,Denmark,MF,Brentford,29,1992,11,10,939,10.4,1,4,5,1,0,0,1,0,0.09615384615384615,0.3846153846153846,0.4807692307692307,0.09615384615384615,0.4807692307692307,False,2021-22,2021,0.4807692307692307,1,939,,,0.4807692307692307,,,841,38.0,44.5,11.631578947368421,4.052631578947368,13.210526315789474,48.0,56.0,0.4682203389830508,0.39473684210526316,22.8,2022-23,True
Christian Eriksen,Denmark,MF,Manchester Utd,30,1992,28,25,2048,22.8,1,8,9,1,0,0,3,0,0.043859649122807015,0.3508771929824561,0.39473684210526316,0.043859649122807015,0.39473684210526316,False,2022-23,2022,0.39473684210526316,2,2987,939.0,1109.0,0.4234143049932524,0.4807692307692307,,900,38.0,53.973684210526315,15.578947368421053,5.631578947368421,12.657894736842104,58.0,43.0,0.5517241379310345,0.2362204724409449,12.7,2023-24,True
Christian Eriksen,Denmark,MF,Manchester Utd,31,1992,22,12,1141,12.7,1,2,3,1,0,0,1,0,0.07874015748031496,0.15748031496062992,0.2362204724409449,0.07874015748031496,0.2362204724409449,False,2023-24,2023,0.2362204724409449,3,4128,2048.0,-907.0,0.2986184166250474,0.39473684210526316,0.4807692307692307,961,38.0,50.526315789473685,14.473684210526315,5.078947368421052,17.55263157894737,57.0,58.0,0.4519309778142974,0.2542372881355932,11.8,2024-25,True
Christian Nørgaard,Denmark,MF,Brentford,27,1994,35,35,3054,33.9,3,4,7,3,0,0,8,0,0.08849557522123894,0.11799410029498525,0.20648967551622419,0.08849557522123894,0.20648967551622419,False,2021-22,2021,0.20648967551622419,1,3054,,,0.20648967551622419,,,729,38.0,44.5,11.631578947368421,4.052631578947368,13.210526315789474,48.0,56.0,0.4682203389830508,0.2040816326530612,19.6,2022-23,True
Christian Nørgaard,Denmark,MF,Brentford,28,1994,22,21,1763,19.6,1,3,4,1,0,0,6,0,0.0510204081632653,0.1530612244897959,0.2040816326530612,0.0510204081632653,0.2040816326530612,False,2022-23,2022,0.2040816326530612,2,4817,3054.0,-1291.0,0.20488431360744885,0.20648967551622419,,784,38.0,43.39473684210526,10.710526315789474,4.2631578947368425,14.763157894736842,58.0,46.0,0.42045454545454547,0.1079136690647482,27.8,2023-24,True
Christian Nørgaard,Denmark,MF,Brentford,29,1994,31,30,2505,27.8,2,1,3,2,0,0,8,0,0.07194244604316546,0.03597122302158273,0.1079136690647482,0.07194244604316546,0.1079136690647482,False,2023-24,2023,0.1079136690647482,3,7322,1763.0,742.0,0.14023721724564842,0.2040816326530612,0.20648967551622419,841,38.0,44.973684210526315,12.447368421052632,4.526315789473684,14.421052631578947,56.0,65.0,0.4632713026444662,0.28753993610223644,31.3,2024-25,True
Christian Pulisic,USA,"MF,FW",Chelsea,22,1998,22,13,1290,14.3,6,2,8,6,0,0,2,0,0.4195804195804196,0.13986013986013984,0.5594405594405594,0.4195804195804196,0.5594405594405594,False,2021-22,2021,0.5594405594405594,1,1290,,,0.5594405594405594,,,484,38.0,62.3421052631579,15.578947368421053,5.552631578947368,8.921052631578947,76.0,33.0,0.635875402792696,0.21978021978021978,9.1,2022-23,True
Christopher Nkunku,France,"MF,FW",Chelsea,25,1997,11,2,443,4.9,3,0,3,3,0,0,0,0,0.6122448979591836,0.0,0.6122448979591836,0.6122448979591836,0.6122448979591836,False,2023-24,2023,0.6122448979591836,1,443,,,0.6122448979591836,,,625,38.0,59.0,14.421052631578947,5.657894736842105,14.631578947368421,77.0,63.0,0.4963768115942029,0.4901960784313726,10.2,2024-25,True
Ché Adams,Scotland,FW,Southampton,25,1996,30,23,2039,22.7,7,3,10,7,0,0,0,0,0.30837004405286345,0.13215859030837004,0.4405286343612335,0.30837004405286345,0.4405286343612335,False,2021-22,2021,0.4405286343612335,1,2039,,,0.4405286343612335,,,625,,,,,,,,,0.36199095022624433,22.1,2022-23,True
Clément Lenglet,France,DF,Tottenham,27,1995,26,24,2019,22.4,0,2,2,0,0,0,4,0,0.0,0.08928571428571429,0.08928571428571429,0.0,0.08928571428571429,False,2022-23,2022,0.08928571428571429,1,2019,,,0.08928571428571429,,,729,38.0,49.94736842105263,13.68421052631579,5.2631578947368425,13.68421052631579,70.0,63.0,0.5,0.078125,12.8,2023-24,True
Cody Gakpo,Netherlands,FW,Liverpool,23,1999,21,17,1458,16.2,7,2,9,7,0,0,0,0,0.4320987654320988,0.1234567901234568,0.5555555555555556,0.4320987654320988,0.5555555555555556,False,2022-23,2022,0.5555555555555556,1,1458,,,0.5555555555555556,,,529,38.0,61.10526315789474,15.921052631578947,5.578947368421052,9.710526315789474,75.0,47.0,0.6211498973305954,0.7103825136612022,18.3,2023-24,True
Cody Gakpo,Netherlands,"FW,MF",Liverpool,24,1999,35,17,1649,18.3,8,5,13,8,0,0,1,0,0.4371584699453552,0.27322404371584696,0.7103825136612022,0.4371584699453552,0.7103825136612022,False,2023-24,2023,0.7103825136612022,2,3107,1458.0,191.0,0.6587735276259866,0.5555555555555556,,576,38.0,61.78947368421053,20.789473684210527,7.2894736842105265,10.894736842105264,86.0,41.0,0.6561461794019934,0.6511627906976745,21.5,2024-25,True
Cody Gakpo,Netherlands,MF,Liverpool,25,1999,35,23,1935,21.5,10,4,14,10,0,0,5,0,0.46511627906976744,0.18604651162790697,0.6511627906976745,0.46511627906976744,0.6511627906976745,False,2024-25,2024,0.6511627906976745,3,5042,1649.0,286.0,0.6536997030071119,0.7103825136612022,0.5555555555555556,625,38.0,58.078947368421055,17.026315789473685,6.078947368421052,10.18421052631579,86.0,41.0,0.625725338491296,0.39473684210526316,30.4,2025-26,True
Cole Palmer,England,FW,Manchester City,19,2002,4,1,123,1.4,0,0,0,0,0,0,0,0,0.0,0.0,0.0,0.0,0.0,False,2021-22,2021,0.0,1,123,,,0.0,,,361,38.0,68.5,18.763157894736842,6.657894736842105,6.2368421052631575,99.0,26.0,0.7505263157894737,0.24390243902439027,4.1,2022-23,True
Cole Palmer,England,"MF,FW",Manchester City,20,2002,14,2,370,4.1,0,1,1,0,0,0,1,0,0.0,0.24390243902439027,0.24390243902439027,0.0,0.24390243902439027,False,2022-23,2022,0.24390243902439027,2,493,123.0,247.0,0.16260162601626016,0.0,,400,38.0,65.34210526315789,15.789473684210526,5.7631578947368425,7.7105263157894735,94.0,33.0,0.6718924972004479,0.647887323943662,35.5,2024-25,True
Cole Palmer,England,MF,Chelsea,22,2002,37,36,3191,35.5,15,8,23,11,4,5,7,0,0.4225352112676056,0.22535211267605634,0.647887323943662,0.30985915492957744,0.5352112676056339,False,2024-25,2024,0.647887323943662,3,3684,370.0,2821.0,0.48612542463452807,0.24390243902439027,0.0,484,38.0,57.3421052631579,15.657894736842104,5.7368421052631575,10.447368421052632,64.0,43.0,0.5997983870967741,0.5069124423963134,21.7,2025-26,True
Connor Roberts,Wales,DF,Burnley,25,1995,21,19,1692,18.8,1,1,2,1,0,0,2,0,0.05319148936170213,0.05319148936170213,0.10638297872340426,0.05319148936170213,0.10638297872340426,False,2021-22,2021,0.10638297872340426,1,1692,,,0.10638297872340426,,,625,,,,,,,,,0.10989010989010989,9.1,2023-24,True
Conor Bradley,Northern Ireland,DF,Liverpool,20,2003,11,10,753,8.4,1,3,4,1,0,0,2,0,0.11904761904761904,0.35714285714285715,0.47619047619047616,0.11904761904761904,0.47619047619047616,False,2023-24,2023,0.47619047619047616,1,753,,,0.47619047619047616,,,400,38.0,61.78947368421053,20.789473684210527,7.2894736842105265,10.894736842105264,86.0,41.0,0.6561461794019934,0.23809523809523808,8.4,2024-25,True
Conor Bradley,Northern Ireland,DF,Liverpool,21,2003,19,7,754,8.4,0,2,2,0,0,0,4,0,0.0,0.23809523809523808,0.23809523809523808,0.0,0.23809523809523808,False,2024-25,2024,0.23809523809523808,2,1507,753.0,1.0,0.31746031746031744,0.47619047619047616,,441,38.0,58.078947368421055,17.026315789473685,6.078947368421052,10.18421052631579,86.0,41.0,0.625725338491296,0.0970873786407767,10.3,2025-26,True
Conor Coady,England,DF,Wolves,28,1993,38,38,3361,37.3,4,0,4,4,0,0,4,0,0.10723860589812333,0.0,0.10723860589812333,0.10723860589812333,0.10723860589812333,False,2021-22,2021,0.10723860589812333,1,3361,,,0.10723860589812333,,,784,,,,,,,,,0.08583690987124463,23.3,2022-23,True
Conor Coady,England,DF,Everton,29,1993,24,23,2096,23.3,1,1,2,1,0,0,2,0,0.04291845493562232,0.04291845493562232,0.08583690987124463,0.04291845493562232,0.08583690987124463,False,2022-23,2022,0.08583690987124463,2,5457,3361.0,-1265.0,0.09297080854687087,0.10723860589812333,,841,38.0,42.578947368421055,11.289473684210526,4.0,15.105263157894736,34.0,57.0,0.42771684945164506,0.05263157894736842,19.0,2024-25,True
Conor Gallagher,England,MF,Crystal Palace,21,2000,34,33,2845,31.6,8,3,11,8,0,0,10,0,0.2531645569620253,0.09493670886075949,0.3481012658227848,0.2531645569620253,0.3481012658227848,False,2021-22,2021,0.3481012658227848,1,2845,,,0.3481012658227848,,,441,38.0,50.94736842105263,10.81578947368421,3.8684210526315788,11.657894736842104,50.0,46.0,0.48126463700234196,0.2222222222222222,18.0,2022-23,True
Conor Gallagher,England,MF,Chelsea,22,2000,35,18,1621,18.0,3,1,4,3,0,0,11,1,0.16666666666666666,0.05555555555555555,0.2222222222222222,0.16666666666666666,0.2222222222222222,False,2022-23,2022,0.2222222222222222,2,4466,2845.0,-1224.0,0.26418190342240977,0.3481012658227848,,484,38.0,59.026315789473685,12.736842105263158,4.157894736842105,11.526315789473685,38.0,47.0,0.5249457700650759,0.3448275862068966,34.8,2023-24,True
Conor Gallagher,England,MF,Chelsea,23,2000,37,37,3128,34.8,5,7,12,5,0,0,9,1,0.14367816091954025,0.20114942528735633,0.3448275862068966,0.14367816091954025,0.3448275862068966,False,2023-24,2023,0.3448275862068966,3,7594,1621.0,1507.0,0.31794569194540095,0.2222222222222222,0.3481012658227848,529,38.0,59.0,14.421052631578947,5.657894736842105,14.631578947368421,77.0,63.0,0.4963768115942029,0.15151515151515152,13.2,2025-26,True
Craig Dawson,England,DF,West Ham,31,1990,34,30,2754,30.6,2,2,4,2,0,0,5,1,0.06535947712418301,0.06535947712418301,0.13071895424836602,0.06535947712418301,0.13071895424836602,False,2021-22,2021,0.13071895424836602,1,2754,,,0.13071895424836602,,,961,,,,,,,,,0.08163265306122448,24.5,2023-24,True
Craig Dawson,England,DF,Wolves,33,1990,25,25,2209,24.5,1,1,2,1,0,0,7,0,0.04081632653061224,0.04081632653061224,0.08163265306122448,0.04081632653061224,0.08163265306122448,False,2023-24,2023,0.08163265306122448,2,4963,2754.0,-545.0,0.09799475345693834,0.13071895424836602,,1089,,,,,,,,,0.0,10.8,2024-25,True
Cristian Romero,Argentina,DF,Tottenham,23,1998,22,21,1844,20.5,1,0,1,1,0,0,8,0,0.04878048780487805,0.0,0.04878048780487805,0.04878048780487805,0.04878048780487805,False,2021-22,2021,0.04878048780487805,1,1844,,,0.04878048780487805,,,529,38.0,52.0,12.921052631578947,5.184210526315789,12.921052631578947,69.0,40.0,0.5,0.03802281368821293,26.3,2022-23,True
Cristian Romero,Argentina,DF,Tottenham,24,1998,27,26,2364,26.3,0,1,1,0,0,0,11,1,0.0,0.03802281368821293,0.03802281368821293,0.0,0.03802281368821293,False,2022-23,2022,0.03802281368821293,2,4208,1844.0,520.0,0.04160870506043464,0.04878048780487805,,576,38.0,49.94736842105263,13.68421052631579,5.2631578947368425,13.68421052631579,70.0,63.0,0.5,0.16129032258064516,31.0,2023-24,True
Cristian Romero,Argentina,DF,Tottenham,25,1998,33,33,2790,31.0,5,0,5,5,0,0,7,1,0.16129032258064516,0.0,0.16129032258064516,0.16129032258064516,0.16129032258064516,False,2023-24,2023,0.16129032258064516,3,6998,2364.0,426.0,0.12139645007390831,0.03802281368821293,0.04878048780487805,625,38.0,62.05263157894737,15.31578947368421,5.631578947368421,12.789473684210526,74.0,61.0,0.5449438202247191,0.06369426751592357,15.7,2024-25,True
Cristian Romero,Argentina,DF,Tottenham,26,1998,18,18,1416,15.7,1,0,1,1,0,0,3,0,0.06369426751592357,0.0,0.06369426751592357,0.06369426751592357,0.06369426751592357,False,2024-25,2024,0.06369426751592357,4,8414,2790.0,-1374.0,0.08292832836858516,0.16129032258064516,0.03802281368821293,676,38.0,54.76315789473684,13.078947368421053,4.868421052631579,13.736842105263158,64.0,65.0,0.4877330716388616,0.24038461538461536,20.8,2025-26,True
Cristiano Ronaldo,Portugal,FW,Manchester Utd,36,1985,30,27,2456,27.3,18,3,21,15,3,3,8,0,0.6593406593406593,0.10989010989010989,0.7692307692307692,0.5494505494505494,0.6593406593406592,False,2021-22,2021,0.7692307692307692,1,2456,,,0.7692307692307692,,,1296,38.0,52.921052631578945,13.368421052631579,4.921052631578948,13.447368421052632,57.0,57.0,0.4985279685966634,0.1724137931034483,5.8,2022-23,True
Crysencio Summerville,Netherlands,"FW,MF",Leeds United,19,2001,6,0,130,1.4,0,0,0,0,0,0,0,0,0.0,0.0,0.0,0.0,0.0,False,2021-22,2021,0.0,1,130,,,0.0,,,361,38.0,52.473684210526315,12.736842105263158,4.052631578947368,15.289473684210526,42.0,79.0,0.4544600938967136,0.37974683544303794,15.8,2022-23,True
Crysencio Summerville,Netherlands,"MF,FW",Leeds United,20,2001,28,12,1426,15.8,4,2,6,4,0,0,4,0,0.2531645569620253,0.12658227848101264,0.37974683544303794,0.2531645569620253,0.37974683544303794,False,2022-23,2022,0.37974683544303794,2,1556,130.0,1296.0,0.2531645569620253,0.0,,400,38.0,46.94736842105263,12.157894736842104,3.8157894736842106,13.868421052631579,48.0,78.0,0.4671385237613751,0.2298850574712644,8.7,2024-25,True
Crysencio Summerville,Netherlands,"MF,FW",West Ham,22,2001,19,7,786,8.7,1,1,2,1,0,0,2,0,0.1149425287356322,0.1149425287356322,0.2298850574712644,0.1149425287356322,0.2298850574712644,False,2024-25,2024,0.2298850574712644,3,2342,1426.0,-640.0,0.23764489063485136,0.37974683544303794,0.0,484,,,,,,,,,0.25547445255474455,27.4,2025-26,True
Curtis Jones,England,MF,Liverpool,20,2001,15,10,851,9.5,1,1,2,1,0,0,0,0,0.10526315789473684,0.10526315789473684,0.21052631578947367,0.10526315789473684,0.21052631578947367,False,2021-22,2021,0.21052631578947367,1,851,,,0.21052631578947367,,,400,38.0,63.3421052631579,19.18421052631579,6.7631578947368425,7.7894736842105265,94.0,26.0,0.7112195121951219,0.34782608695652173,11.5,2022-23,True
Curtis Jones,England,MF,Liverpool,21,2001,18,12,1035,11.5,3,1,4,3,0,0,2,0,0.2608695652173913,0.08695652173913043,0.34782608695652173,0.2608695652173913,0.34782608695652173,False,2022-23,2022,0.34782608695652173,2,1886,851.0,184.0,0.3020594965675057,0.21052631578947367,,441,38.0,61.10526315789474,15.921052631578947,5.578947368421052,9.710526315789474,75.0,47.0,0.6211498973305954,0.15384615384615385,13.0,2023-24,True
Curtis Jones,England,MF,Liverpool,22,2001,23,14,1167,13.0,1,1,2,1,0,0,3,1,0.07692307692307693,0.07692307692307693,0.15384615384615385,0.07692307692307693,0.15384615384615385,False,2023-24,2023,0.15384615384615385,3,3053,1035.0,132.0,0.20325060141993778,0.34782608695652173,0.21052631578947367,484,38.0,61.78947368421053,20.789473684210527,7.2894736842105265,10.894736842105264,86.0,41.0,0.6561461794019934,0.3157894736842105,19.0,2024-25,True
Curtis Jones,England,"MF,DF",Liverpool,23,2001,33,19,1712,19.0,3,3,6,3,0,0,3,1,0.15789473684210525,0.15789473684210525,0.3157894736842105,0.15789473684210525,0.3157894736842105,False,2024-25,2024,0.3157894736842105,4,4765,1167.0,545.0,0.27827651626278627,0.15384615384615385,0.34782608695652173,529,38.0,58.078947368421055,17.026315789473685,6.078947368421052,10.18421052631579,86.0,41.0,0.625725338491296,0.13953488372093023,21.5,2025-26,True
César Azpilicueta,Spain,"DF,MF",Chelsea,31,1989,27,24,2070,23.0,1,2,3,1,0,0,3,0,0.043478260869565216,0.08695652173913043,0.13043478260869565,0.043478260869565216,0.13043478260869565,False,2021-22,2021,0.13043478260869565,1,2070,,,0.13043478260869565,,,961,38.0,62.3421052631579,15.578947368421053,5.552631578947368,8.921052631578947,76.0,33.0,0.635875402792696,0.0,17.0,2022-23,True
Daichi Kamada,Japan,MF,Crystal Palace,27,1996,34,15,1564,17.4,0,0,0,0,0,0,4,1,0.0,0.0,0.0,0.0,0.0,False,2024-25,2024,0.0,1,1564,,,0.0,,,729,38.0,42.5,13.552631578947368,4.894736842105263,12.710526315789474,51.0,51.0,0.5160320641282565,0.0,21.1,2025-26,True
Dan Burn,England,DF,Newcastle,30,1992,38,35,3111,34.6,1,0,1,1,0,0,5,0,0.028901734104046242,0.0,0.028901734104046242,0.028901734104046242,0.028901734104046242,False,2022-23,2022,0.028901734104046242,1,3111,,,0.028901734104046242,,,900,38.0,52.44736842105263,15.026315789473685,5.184210526315789,10.18421052631579,68.0,33.0,0.5960334029227558,0.132013201320132,30.3,2023-24,True
Dan Burn,England,DF,Newcastle,31,1992,33,32,2726,30.3,2,2,4,2,0,0,4,0,0.066006600660066,0.066006600660066,0.132013201320132,0.066006600660066,0.132013201320132,False,2023-24,2023,0.132013201320132,2,5837,3111.0,-385.0,0.09764271224810342,0.028901734104046242,,961,38.0,52.21052631578947,14.5,5.605263157894737,14.052631578947368,85.0,62.0,0.5078341013824884,0.05405405405405406,37.0,2024-25,True
Dan Burn,England,DF,Newcastle,32,1992,37,37,3330,37.0,1,1,2,1,0,0,11,0,0.02702702702702703,0.02702702702702703,0.05405405405405406,0.02702702702702703,0.05405405405405406,False,2024-25,2024,0.05405405405405406,3,9167,2726.0,604.0,0.06858360678540384,0.132013201320132,0.028901734104046242,1024,38.0,51.05263157894737,13.789473684210526,4.578947368421052,12.447368421052632,68.0,47.0,0.5255767301905717,0.12295081967213116,24.4,2025-26,True
Dango Ouattara,Burkina Faso,MF,Bournemouth,20,2002,19,15,1241,13.8,1,3,4,1,0,0,1,0,0.07246376811594203,0.21739130434782608,0.2898550724637681,0.07246376811594203,0.2898550724637681,False,2022-23,2022,0.2898550724637681,1,1241,,,0.2898550724637681,,,400,38.0,40.078947368421055,9.394736842105264,3.5,16.473684210526315,37.0,71.0,0.3631739572736521,0.21897810218978103,13.7,2023-24,True
Dango Ouattara,Burkina Faso,"DF,MF",Bournemouth,21,2002,30,12,1229,13.7,1,2,3,1,0,0,3,0,0.07299270072992702,0.14598540145985403,0.21897810218978103,0.07299270072992702,0.21897810218978103,False,2023-24,2023,0.21897810218978103,2,2470,1241.0,-12.0,0.24260375894777672,0.2898550724637681,,441,38.0,44.05263157894737,14.263157894736842,4.868421052631579,13.973684210526315,54.0,67.0,0.5051258154706431,0.49327354260089684,22.3,2024-25,True
Dango Ouattara,Burkina Faso,"MF,FW",Bournemouth,22,2002,32,21,2005,22.3,7,4,11,7,0,0,3,0,0.3139013452914798,0.17937219730941703,0.49327354260089684,0.3139013452914798,0.49327354260089684,False,2024-25,2024,0.49327354260089684,3,4475,1229.0,776.0,0.4097169480498568,0.21897810218978103,0.2898550724637681,484,38.0,48.578947368421055,15.263157894736842,5.315789473684211,12.842105263157896,58.0,46.0,0.5430711610486891,0.3952569169960474,25.3,2025-26,True
Daniel Amartey,Ghana,DF,Leicester City,26,1994,28,23,2123,23.6,0,0,0,0,0,0,4,0,0.0,0.0,0.0,0.0,0.0,False,2021-22,2021,0.0,1,2123,,,0.0,,,676,,,,,,,,,0.0,17.9,2022-23,True
Daniel Bentley,England,GK,Wolves,29,1993,2,2,180,2.0,0,0,0,0,0,0,0,0,0.0,0.0,0.0,0.0,0.0,False,2022-23,2022,0.0,1,180,,,0.0,,,841,,,,,,,,,0.0,4.3,2023-24,True
Daniel Bentley,England,GK,Wolves,31,1993,2,2,180,2.0,0,0,0,0,0,0,0,0,0.0,0.0,0.0,0.0,0.0,False,2024-25,2024,0.0,3,743,383.0,-203.0,0.0,0.0,0.0,961,,,,,,,,,0.0,3.0,2025-26,True
Daniel JamesDaniel James,Wales,"FW,MF",Manchester Utd,23,1997,34,31,2492,27.7,4,4,8,4,0,0,7,1,0.1444043321299639,0.1444043321299639,0.2888086642599278,0.1444043321299639,0.2888086642599278,False,2021-22,2021,0.2888086642599278,1,2492,,,0.2888086642599278,,,529,38.0,52.921052631578945,13.368421052631579,4.921052631578948,13.447368421052632,57.0,57.0,0.4985279685966634,0.3296703296703296,9.100000000000001,2022-23,True
Daniel Muñoz,Colombia,"MF,DF",Crystal Palace,27,1996,16,16,1439,16.0,0,4,4,0,0,0,4,0,0.0,0.25,0.25,0.0,0.25,False,2023-24,2023,0.25,1,1439,,,0.25,,,729,38.0,42.1578947368421,12.0,4.447368421052632,12.078947368421053,57.0,58.0,0.4983606557377049,0.25069637883008355,35.9,2024-25,True
Daniel Muñoz,Colombia,MF,Crystal Palace,28,1996,37,37,3228,35.9,4,5,9,4,0,0,10,0,0.11142061281337048,0.1392757660167131,0.25069637883008355,0.11142061281337048,0.25069637883008355,False,2024-25,2024,0.25069637883008355,2,4667,1439.0,1789.0,0.250464252553389,0.25,,784,38.0,42.5,13.552631578947368,4.894736842105263,12.710526315789474,51.0,51.0,0.5160320641282565,0.2621722846441948,26.7,2025-26,True
Daniel Podence,Portugal,"FW,MF",Wolves,25,1995,26,15,1484,16.5,2,3,5,2,0,0,2,0,0.12121212121212122,0.18181818181818182,0.30303030303030304,0.12121212121212122,0.30303030303030304,False,2021-22,2021,0.30303030303030304,1,1484,,,0.30303030303030304,,,625,,,,,,,,,0.30456852791878175,19.7,2022-23,True
Danilo Santos,Brazil,MF,Nottingham,21,2001,13,12,976,10.8,3,2,5,3,0,0,1,0,0.27777777777777773,0.18518518518518517,0.4629629629629629,0.27777777777777773,0.4629629629629629,False,2022-23,2022,0.4629629629629629,1,976,,,0.4629629629629629,,,441,38.0,37.21052631578947,9.68421052631579,3.1052631578947367,14.657894736842104,38.0,68.0,0.3978378378378378,0.20100502512562815,19.9,2023-24,True
Danilo Santos,Brazil,MF,Nottingham,22,2001,29,20,1792,19.9,2,2,4,2,0,0,4,0,0.10050251256281408,0.10050251256281408,0.20100502512562815,0.10050251256281408,0.20100502512562815,False,2023-24,2023,0.20100502512562815,2,2768,976.0,816.0,0.2883243377380731,0.4629629629629629,,484,38.0,40.21052631578947,11.868421052631579,3.8947368421052633,13.421052631578947,49.0,67.0,0.46930280957336107,0.0,3.1,2024-25,True
Danny Ings,England,FW,Aston Villa,29,1992,30,22,1898,21.1,7,6,13,6,1,1,4,0,0.33175355450236965,0.2843601895734597,0.6161137440758293,0.2843601895734597,0.5687203791469193,False,2021-22,2021,0.6161137440758293,1,1898,,,0.6161137440758293,,,841,38.0,46.473684210526315,12.210526315789474,4.2631578947368425,12.552631578947368,52.0,54.0,0.49309245483528164,0.2222222222222222,4.5,2023-24,True
Danny Ings,England,"FW,MF",West Ham,31,1992,20,3,404,4.5,1,0,1,1,0,0,1,0,0.2222222222222222,0.0,0.2222222222222222,0.2222222222222222,0.2222222222222222,False,2023-24,2023,0.2222222222222222,2,2302,1898.0,-1494.0,0.3535193961734246,0.6161137440758293,,961,,,,,,,,,0.9375,3.2,2024-25,True
Danny Ward,Wales,GK,Leicester City,28,1993,1,1,90,1.0,0,0,0,0,0,0,0,0,0.0,0.0,0.0,0.0,0.0,False,2021-22,2021,0.0,1,90,,,0.0,,,784,,,,,,,,,0.0,26.0,2022-23,True
Danny Welbeck,England,"FW,MF",Brighton,30,1990,25,15,1478,16.4,6,2,8,6,0,0,0,0,0.3658536585365854,0.12195121951219513,0.48780487804878053,0.3658536585365854,0.48780487804878053,False,2021-22,2021,0.48780487804878053,1,1478,,,0.48780487804878053,,,900,38.0,54.73684210526316,12.868421052631579,4.0,12.526315789473685,42.0,44.0,0.5067357512953368,0.4368932038834951,20.6,2022-23,True
Danny Welbeck,England,FW,Brighton,31,1990,31,21,1854,20.6,6,3,9,6,0,0,0,0,0.2912621359223301,0.14563106796116504,0.4368932038834951,0.2912621359223301,0.4368932038834951,False,2022-23,2022,0.4368932038834951,2,3332,1478.0,376.0,0.45386376193859024,0.48780487804878053,,961,38.0,60.526315789473685,16.105263157894736,6.078947368421052,10.210526315789474,72.0,53.0,0.612,0.3191489361702127,18.8,2023-24,True
Danny Welbeck,England,"FW,MF",Brighton,32,1990,29,21,1693,18.8,5,1,6,5,0,0,4,0,0.26595744680851063,0.05319148936170213,0.3191489361702127,0.26595744680851063,0.3191489361702127,False,2023-24,2023,0.3191489361702127,3,5025,1854.0,-161.0,0.36405387809300527,0.4368932038834951,0.48780487804878053,1024,38.0,60.3421052631579,14.789473684210526,5.473684210526316,12.289473684210526,55.0,62.0,0.5461613216715258,0.5957446808510638,23.5,2024-25,True
Danny Welbeck,England,FW,Brighton,33,1990,30,24,2115,23.5,10,4,14,9,1,1,5,0,0.425531914893617,0.1702127659574468,0.5957446808510638,0.3829787234042553,0.5531914893617021,False,2024-25,2024,0.5957446808510638,4,7140,1693.0,422.0,0.5185144132650443,0.3191489361702127,0.4368932038834951,1089,38.0,52.63157894736842,14.026315789473685,5.026315789473684,11.236842105263158,66.0,59.0,0.5552083333333333,0.5577689243027888,25.1,2025-26,True
Dara O'Shea,Ireland,DF,Burnley,24,1999,33,32,2892,32.1,3,4,7,3,0,0,5,1,0.09345794392523364,0.12461059190031153,0.21806853582554517,0.09345794392523364,0.21806853582554517,False,2023-24,2023,0.21806853582554517,1,2892,,,0.21806853582554517,,,576,,,,,,,,,0.05763688760806916,34.7,2024-25,True
Darwin Núñez,Uruguay,FW,Liverpool,23,1999,29,19,1695,18.8,9,3,12,9,0,0,1,1,0.4787234042553191,0.15957446808510636,0.6382978723404255,0.4787234042553191,0.6382978723404255,False,2022-23,2022,0.6382978723404255,1,1695,,,0.6382978723404255,,,529,38.0,61.10526315789474,15.921052631578947,5.578947368421052,9.710526315789474,75.0,47.0,0.6211498973305954,0.8370044052863437,22.7,2023-24,True
Darwin Núñez,Uruguay,FW,Liverpool,24,1999,36,22,2047,22.7,11,8,19,11,0,1,9,0,0.4845814977973568,0.3524229074889868,0.8370044052863437,0.4845814977973568,0.8370044052863437,False,2023-24,2023,0.8370044052863437,2,3742,1695.0,352.0,0.7707688943043709,0.6382978723404255,,576,38.0,61.78947368421053,20.789473684210527,7.2894736842105265,10.894736842105264,86.0,41.0,0.6561461794019934,0.5555555555555556,12.6,2024-25,True
David Brooks,Wales,MF,Bournemouth,25,1997,6,2,173,1.9,0,0,0,0,0,0,1,0,0.0,0.0,0.0,0.0,0.0,False,2022-23,2022,0.0,1,173,,,0.0,,,625,38.0,40.078947368421055,9.394736842105264,3.5,16.473684210526315,37.0,71.0,0.3631739572736521,0.6451612903225806,3.1,2023-24,True
David Brooks,Wales,MF,Bournemouth,26,1997,13,2,282,3.1,1,1,2,1,0,0,1,0,0.3225806451612903,0.3225806451612903,0.6451612903225806,0.3225806451612903,0.6451612903225806,False,2023-24,2023,0.6451612903225806,2,455,173.0,109.0,0.4301075268817204,0.0,,676,38.0,44.05263157894737,14.263157894736842,4.868421052631579,13.973684210526315,54.0,67.0,0.5051258154706431,0.1869158878504673,10.7,2024-25,True
David Brooks,Wales,MF,Bournemouth,27,1997,29,9,960,10.7,2,0,2,2,0,0,3,0,0.1869158878504673,0.0,0.1869158878504673,0.1869158878504673,0.1869158878504673,False,2024-25,2024,0.1869158878504673,3,1415,282.0,678.0,0.2679797675275517,0.6451612903225806,0.0,729,38.0,48.578947368421055,15.263157894736842,5.315789473684211,12.842105263157896,58.0,46.0,0.5430711610486891,0.29850746268656714,13.4,2025-26,True
David Datro Fofana,Ivory Coast,FW,Chelsea,19,2002,3,1,70,0.8,0,0,0,0,0,0,0,0,0.0,0.0,0.0,0.0,0.0,False,2022-23,2022,0.0,1,70,,,0.0,,,361,38.0,59.026315789473685,12.736842105263158,4.157894736842105,11.526315789473685,38.0,47.0,0.5249457700650759,0.5102040816326531,9.8,2023-24,True
David Raya,Spain,GK,Brentford,25,1995,24,24,2160,24.0,0,0,0,0,0,0,1,0,0.0,0.0,0.0,0.0,0.0,False,2021-22,2021,0.0,1,2160,,,0.0,,,625,38.0,44.5,11.631578947368421,4.052631578947368,13.210526315789474,48.0,56.0,0.4682203389830508,0.0,38.0,2022-23,True
David Raya,Spain,GK,Brentford,26,1995,38,38,3420,38.0,0,0,0,0,0,0,1,0,0.0,0.0,0.0,0.0,0.0,False,2022-23,2022,0.0,2,5580,2160.0,1260.0,0.0,0.0,,676,38.0,43.39473684210526,10.710526315789474,4.2631578947368425,14.763157894736842,58.0,46.0,0.42045454545454547,0.0,32.0,2023-24,True
David Raya,Spain,GK,Arsenal,27,1995,32,32,2880,32.0,0,0,0,0,0,0,2,0,0.0,0.0,0.0,0.0,0.0,False,2023-24,2023,0.0,3,8460,3420.0,-540.0,0.0,0.0,0.0,729,38.0,58.63157894736842,17.263157894736842,5.973684210526316,8.473684210526315,91.0,29.0,0.6707566462167689,0.0,38.0,2024-25,True
David Raya,Spain,GK,Arsenal,28,1995,38,38,3420,38.0,0,0,0,0,0,0,3,0,0.0,0.0,0.0,0.0,0.0,False,2024-25,2024,0.0,4,11880,2880.0,540.0,0.0,0.0,0.0,784,38.0,57.18421052631579,14.394736842105264,4.947368421052632,9.526315789473685,69.0,34.0,0.6017601760176018,0.0,37.0,2025-26,True
David de Gea,Spain,GK,Manchester Utd,30,1990,38,38,3420,38.0,0,0,0,0,0,0,0,0,0.0,0.0,0.0,0.0,0.0,False,2021-22,2021,0.0,1,3420,,,0.0,,,900,38.0,52.921052631578945,13.368421052631579,4.921052631578948,13.447368421052632,57.0,57.0,0.4985279685966634,0.0,38.0,2022-23,True
Davinson Sánchez,Colombia,DF,Tottenham,25,1996,23,17,1631,18.1,2,0,2,2,0,0,4,0,0.11049723756906077,0.0,0.11049723756906077,0.11049723756906077,0.11049723756906077,False,2021-22,2021,0.11049723756906077,1,1631,,,0.11049723756906077,,,625,38.0,52.0,12.921052631578947,5.184210526315789,12.921052631578947,69.0,40.0,0.5,0.0,9.5,2022-23,True
Dean Henderson,England,GK,Nottingham,25,1997,18,18,1620,18.0,0,0,0,0,0,0,2,0,0.0,0.0,0.0,0.0,0.0,False,2022-23,2022,0.0,1,1620,,,0.0,,,625,38.0,37.21052631578947,9.68421052631579,3.1052631578947367,14.657894736842104,38.0,68.0,0.3978378378378378,0.0,18.0,2023-24,True
Dean Henderson,England,GK,Crystal Palace,26,1997,18,18,1620,18.0,0,0,0,0,0,0,2,0,0.0,0.0,0.0,0.0,0.0,False,2023-24,2023,0.0,2,3240,1620.0,0.0,0.0,0.0,,676,38.0,42.1578947368421,12.0,4.447368421052632,12.078947368421053,57.0,58.0,0.4983606557377049,0.0,38.0,2024-25,True
Dean Henderson,England,GK,Crystal Palace,27,1997,38,38,3420,38.0,0,0,0,0,0,0,3,0,0.0,0.0,0.0,0.0,0.0,False,2024-25,2024,0.0,3,6660,1620.0,1800.0,0.0,0.0,0.0,729,38.0,42.5,13.552631578947368,4.894736842105263,12.710526315789474,51.0,51.0,0.5160320641282565,0.0,37.0,2025-26,True
Declan Rice,England,MF,West Ham,22,1999,36,35,3179,35.3,1,4,5,1,0,0,8,0,0.028328611898017,0.113314447592068,0.141643059490085,0.028328611898017,0.141643059490085,False,2021-22,2021,0.141643059490085,1,3179,,,0.141643059490085,,,484,,,,,,,,,0.16483516483516483,36.4,2022-23,True
Declan Rice,England,MF,West Ham,23,1999,37,36,3273,36.4,4,2,6,4,0,1,5,0,0.10989010989010989,0.054945054945054944,0.16483516483516483,0.10989010989010989,0.16483516483516483,False,2022-23,2022,0.16483516483516483,2,6452,3179.0,94.0,0.15710446305347156,0.141643059490085,,529,,,,,,,,,0.4189944134078213,35.8,2023-24,True
Declan Rice,England,MF,Arsenal,24,1999,38,37,3225,35.8,7,8,15,7,0,0,5,0,0.19553072625698326,0.223463687150838,0.4189944134078213,0.19553072625698326,0.4189944134078213,False,2023-24,2023,0.4189944134078213,3,9677,3273.0,-48.0,0.33169776328970474,0.16483516483516483,0.141643059490085,576,38.0,58.63157894736842,17.263157894736842,5.973684210526316,8.473684210526315,91.0,29.0,0.6707566462167689,0.35031847133757965,31.4,2024-25,True
Declan Rice,England,MF,Arsenal,25,1999,35,33,2825,31.4,4,7,11,4,0,0,7,1,0.12738853503184713,0.2229299363057325,0.35031847133757965,0.12738853503184713,0.35031847133757965,False,2024-25,2024,0.35031847133757965,4,12502,3225.0,-400.0,0.3441115686549547,0.4189944134078213,0.16483516483516483,625,38.0,57.18421052631579,14.394736842105264,4.947368421052632,9.526315789473685,69.0,34.0,0.6017601760176018,0.2616279069767442,34.4,2025-26,True
Dejan Kulusevski,Sweden,"MF,FW",Tottenham,21,2000,18,14,1261,14.0,5,8,13,5,0,0,3,0,0.35714285714285715,0.5714285714285714,0.9285714285714286,0.35714285714285715,0.9285714285714286,False,2021-22,2021,0.9285714285714286,1,1261,,,0.9285714285714286,,,441,38.0,52.0,12.921052631578947,5.184210526315789,12.921052631578947,69.0,40.0,0.5,0.391304347826087,23.0,2022-23,True
Dejan Kulusevski,Sweden,"MF,FW",Tottenham,22,2000,30,23,2067,23.0,2,7,9,2,0,0,2,0,0.08695652173913043,0.30434782608695654,0.391304347826087,0.08695652173913043,0.391304347826087,False,2022-23,2022,0.391304347826087,2,3328,1261.0,806.0,0.5703933747412009,0.9285714285714286,,484,38.0,49.94736842105263,13.68421052631579,5.2631578947368425,13.68421052631579,70.0,63.0,0.5,0.3583061889250814,30.7,2023-24,True
Dejan Kulusevski,Sweden,"MF,FW",Tottenham,23,2000,36,31,2762,30.7,8,3,11,8,0,0,7,0,0.26058631921824105,0.09771986970684039,0.3583061889250814,0.26058631921824105,0.3583061889250814,False,2023-24,2023,0.3583061889250814,3,6090,2067.0,695.0,0.4290019175304546,0.391304347826087,0.9285714285714286,529,38.0,62.05263157894737,15.31578947368421,5.631578947368421,12.789473684210526,74.0,61.0,0.5449438202247191,0.41509433962264153,26.5,2024-25,True
Demarai Gray,Jamaica,"MF,FW",Everton,25,1996,34,28,2338,26.0,5,4,9,5,0,0,3,0,0.19230769230769232,0.15384615384615385,0.34615384615384615,0.19230769230769232,0.34615384615384615,False,2021-22,2021,0.34615384615384615,1,2338,,,0.34615384615384615,,,625,38.0,39.68421052631579,11.526315789473685,3.6315789473684212,13.710526315789474,43.0,66.0,0.45672575599582904,0.17921146953405018,27.9,2022-23,True
Destiny Udogie,Italy,DF,Tottenham,20,2002,28,28,2391,26.6,2,3,5,2,0,0,7,1,0.07518796992481203,0.11278195488721804,0.18796992481203006,0.07518796992481203,0.18796992481203006,False,2023-24,2023,0.18796992481203006,1,2391,,,0.18796992481203006,,,400,38.0,62.05263157894737,15.31578947368421,5.631578947368421,12.789473684210526,74.0,61.0,0.5449438202247191,0.04672897196261683,21.4,2024-25,True
Destiny Udogie,Italy,DF,Tottenham,21,2002,25,24,1924,21.4,0,1,1,0,0,0,2,0,0.0,0.04672897196261683,0.04672897196261683,0.0,0.04672897196261683,False,2024-25,2024,0.04672897196261683,2,4315,2391.0,-467.0,0.09380928957908792,0.18796992481203006,,441,38.0,54.76315789473684,13.078947368421053,4.868421052631579,13.736842105263158,64.0,65.0,0.4877330716388616,0.06711409395973154,14.9,2025-26,True
Diego Carlos,Brazil,DF,Aston Villa,29,1993,3,2,205,2.3,0,0,0,0,0,0,0,0,0.0,0.0,0.0,0.0,0.0,False,2022-23,2022,0.0,1,205,,,0.0,,,841,38.0,49.44736842105263,11.31578947368421,3.973684210526316,11.289473684210526,51.0,46.0,0.5005820721769499,0.0,20.2,2023-24,True
Diego Carlos,Brazil,DF,Aston Villa,30,1993,27,20,1816,20.2,0,0,0,0,0,0,4,0,0.0,0.0,0.0,0.0,0.0,False,2023-24,2023,0.0,2,2021,205.0,1611.0,0.0,0.0,,900,38.0,53.421052631578945,13.5,5.0,11.947368421052632,76.0,61.0,0.5305067218200621,0.0,9.2,2024-25,True
Diego Gómez,Paraguay,MF,Brighton,21,2003,16,4,516,5.7,1,0,1,1,0,0,0,0,0.17543859649122806,0.0,0.17543859649122806,0.17543859649122806,0.17543859649122806,False,2024-25,2024,0.17543859649122806,1,516,,,0.17543859649122806,,,441,38.0,52.63157894736842,14.026315789473685,5.026315789473684,11.236842105263158,66.0,59.0,0.5552083333333333,0.2542372881355932,23.6,2025-26,True
Diego Llorente,Spain,DF,Leeds United,27,1993,28,28,2340,26.0,3,0,3,3,0,0,7,0,0.11538461538461539,0.0,0.11538461538461539,0.11538461538461539,0.11538461538461539,False,2021-22,2021,0.11538461538461539,1,2340,,,0.11538461538461539,,,729,38.0,52.473684210526315,12.736842105263158,4.052631578947368,15.289473684210526,42.0,79.0,0.4544600938967136,0.0,7.2,2022-23,True
Diogo Dalot,Portugal,DF,Manchester Utd,22,1999,24,19,1801,20.0,0,0,0,0,0,0,4,0,0.0,0.0,0.0,0.0,0.0,False,2021-22,2021,0.0,1,1801,,,0.0,,,484,38.0,52.921052631578945,13.368421052631579,4.921052631578948,13.447368421052632,57.0,57.0,0.4985279685966634,0.12552301255230125,23.9,2022-23,True
Diogo Dalot,Portugal,DF,Manchester Utd,23,1999,26,24,2154,23.9,1,2,3,1,0,0,6,0,0.041841004184100423,0.08368200836820085,0.12552301255230125,0.041841004184100423,0.12552301255230125,False,2022-23,2022,0.12552301255230125,2,3955,1801.0,353.0,0.08368200836820083,0.0,,529,38.0,53.973684210526315,15.578947368421053,5.631578947368421,12.657894736842104,58.0,43.0,0.5517241379310345,0.141643059490085,35.3,2023-24,True
Diogo Dalot,Portugal,DF,Manchester Utd,24,1999,36,35,3174,35.3,2,3,5,2,0,0,6,1,0.056657223796034,0.08498583569405099,0.141643059490085,0.056657223796034,0.141643059490085,False,2023-24,2023,0.141643059490085,3,7129,2154.0,1020.0,0.1223227091161236,0.12552301255230125,0.0,576,38.0,50.526315789473685,14.473684210526315,5.078947368421052,17.55263157894737,57.0,58.0,0.4519309778142974,0.09584664536741214,31.3,2024-25,True
Diogo Dalot,Portugal,"MF,DF",Manchester Utd,25,1999,33,31,2814,31.3,0,3,3,0,0,0,5,0,0.0,0.09584664536741214,0.09584664536741214,0.0,0.09584664536741214,False,2024-25,2024,0.09584664536741214,4,9943,3174.0,-360.0,0.10467199995031595,0.141643059490085,0.12552301255230125,625,38.0,53.55263157894737,13.868421052631579,4.605263157894737,10.921052631578947,44.0,54.0,0.559447983014862,0.13793103448275862,29.0,2025-26,True
Diogo Jota,Portugal,FW,Liverpool,24,1996,35,27,2364,26.3,15,4,19,15,0,0,3,0,0.5703422053231939,0.1520912547528517,0.7224334600760456,0.5703422053231939,0.7224334600760456,False,2021-22,2021,0.7224334600760456,1,2364,,,0.7224334600760456,,,576,38.0,63.3421052631579,19.18421052631579,6.7631578947368425,7.7894736842105265,94.0,26.0,0.7112195121951219,0.873015873015873,12.6,2022-23,True
Diogo Jota,Portugal,"FW,MF",Liverpool,25,1996,22,12,1131,12.6,7,4,11,7,0,0,2,0,0.5555555555555556,0.31746031746031744,0.873015873015873,0.5555555555555556,0.873015873015873,False,2022-23,2022,0.873015873015873,2,3495,2364.0,-1233.0,0.8228217353692638,0.7224334600760456,,625,38.0,61.10526315789474,15.921052631578947,5.578947368421052,9.710526315789474,75.0,47.0,0.6211498973305954,1.0236220472440944,12.7,2023-24,True
Diogo Jota,Portugal,FW,Liverpool,26,1996,21,14,1145,12.7,10,3,13,10,0,0,3,1,0.7874015748031497,0.2362204724409449,1.0236220472440944,0.7874015748031497,1.0236220472440944,False,2023-24,2023,1.0236220472440944,3,4640,1131.0,14.0,0.9566886099524843,0.873015873015873,0.7224334600760456,676,38.0,61.78947368421053,20.789473684210527,7.2894736842105265,10.894736842105264,86.0,41.0,0.6561461794019934,0.6766917293233082,13.3,2024-25,True
Divock Origi,Belgium,"FW,MF",Liverpool,26,1995,7,0,133,1.5,3,0,3,3,0,0,0,0,2.0,0.0,2.0,2.0,2.0,False,2021-22,2021,2.0,1,133,,,2.0,,,676,38.0,63.3421052631579,19.18421052631579,6.7631578947368425,7.7894736842105265,94.0,26.0,0.7112195121951219,0.14925373134328357,6.7,2023-24,True
Djed Spence,England,"DF,MF",Tottenham,21,2000,4,0,7,0.1,0,0,0,0,0,0,0,0,0.0,0.0,0.0,0.0,0.0,False,2022-23,2022,0.0,1,7,,,0.0,,,441,38.0,49.94736842105263,13.68421052631579,5.2631578947368425,13.68421052631579,70.0,63.0,0.5,0.15075376884422112,19.9,2024-25,True
Djed Spence,England,DF,Tottenham,23,2000,25,19,1792,19.9,1,2,3,1,0,0,4,1,0.05025125628140704,0.10050251256281408,0.15075376884422112,0.05025125628140704,0.15075376884422112,False,2024-25,2024,0.15075376884422112,2,1799,7.0,1785.0,0.10050251256281408,0.0,,529,38.0,54.76315789473684,13.078947368421053,4.868421052631579,13.736842105263158,64.0,65.0,0.4877330716388616,0.0,22.8,2025-26,True
Dominic Calvert-Lewin,England,FW,Everton,24,1997,17,15,1283,14.3,5,2,7,3,2,3,2,0,0.34965034965034963,0.13986013986013984,0.4895104895104895,0.2097902097902098,0.34965034965034963,False,2021-22,2021,0.4895104895104895,1,1283,,,0.4895104895104895,,,576,38.0,39.68421052631579,11.526315789473685,3.6315789473684212,13.710526315789474,43.0,66.0,0.45672575599582904,0.23255813953488372,12.9,2022-23,True
Dominic Calvert-Lewin,England,FW,Everton,25,1997,17,15,1165,12.9,2,1,3,1,1,1,3,0,0.15503875968992248,0.07751937984496124,0.23255813953488372,0.07751937984496124,0.15503875968992248,False,2022-23,2022,0.23255813953488372,2,2448,1283.0,-118.0,0.3182089228600856,0.4895104895104895,,625,38.0,42.578947368421055,11.289473684210526,4.0,15.105263157894736,34.0,57.0,0.42771684945164506,0.37344398340248963,24.1,2023-24,True
Dominic Calvert-Lewin,England,FW,Everton,26,1997,32,26,2171,24.1,7,2,9,5,2,2,2,0,0.2904564315352697,0.08298755186721991,0.37344398340248963,0.20746887966804978,0.29045643153526973,False,2023-24,2023,0.37344398340248963,3,4619,1165.0,1006.0,0.35503229655502166,0.23255813953488372,0.4895104895104895,676,38.0,40.73684210526316,13.342105263157896,4.2631578947368425,14.157894736842104,40.0,51.0,0.4851674641148326,0.223463687150838,17.9,2024-25,True
Dominic Calvert-Lewin,England,FW,Everton,27,1997,26,19,1609,17.9,3,1,4,3,0,0,2,0,0.1675977653631285,0.0558659217877095,0.223463687150838,0.1675977653631285,0.223463687150838,False,2024-25,2024,0.223463687150838,4,6228,2171.0,-562.0,0.2673198902855659,0.37344398340248963,0.23255813953488372,729,38.0,40.63157894736842,10.657894736842104,3.763157894736842,12.605263157894736,42.0,44.0,0.4581447963800905,0.49668874172185434,30.2,2025-26,True
Dominic Solanke,England,FW,Bournemouth,24,1997,33,32,2860,31.8,6,7,13,6,0,0,2,0,0.18867924528301885,0.22012578616352202,0.40880503144654085,0.18867924528301885,0.40880503144654085,False,2022-23,2022,0.40880503144654085,1,2860,,,0.40880503144654085,,,576,38.0,40.078947368421055,9.394736842105264,3.5,16.473684210526315,37.0,71.0,0.3631739572736521,0.5962059620596206,36.9,2023-24,True
Dominic Solanke,England,FW,Bournemouth,25,1997,38,37,3325,36.9,19,3,22,17,2,3,3,0,0.5149051490514905,0.08130081300813008,0.5962059620596206,0.46070460704607047,0.5420054200542006,False,2023-24,2023,0.5962059620596206,2,6185,2860.0,465.0,0.5337389851885941,0.40880503144654085,,625,38.0,44.05263157894737,14.263157894736842,4.868421052631579,13.973684210526315,54.0,67.0,0.5051258154706431,0.4897959183673469,24.5,2024-25,True
Dominic Solanke,England,FW,Tottenham,26,1997,27,25,2201,24.5,9,3,12,8,1,1,0,0,0.3673469387755102,0.12244897959183673,0.4897959183673469,0.32653061224489793,0.4489795918367347,False,2024-25,2024,0.4897959183673469,3,8386,3325.0,-1124.0,0.5044436073077626,0.5962059620596206,0.40880503144654085,676,38.0,54.76315789473684,13.078947368421053,4.868421052631579,13.736842105263158,64.0,65.0,0.4877330716388616,0.2702702702702703,11.1,2025-26,True
Dominik Szoboszlai,Hungary,MF,Liverpool,22,2000,33,25,2104,23.4,3,2,5,3,0,0,1,0,0.12820512820512822,0.08547008547008547,0.2136752136752137,0.12820512820512822,0.2136752136752137,False,2023-24,2023,0.2136752136752137,1,2104,,,0.2136752136752137,,,484,38.0,61.78947368421053,20.789473684210527,7.2894736842105265,10.894736842105264,86.0,41.0,0.6561461794019934,0.4332129963898917,27.7,2024-25,True
Dominik Szoboszlai,Hungary,MF,Liverpool,23,2000,36,29,2491,27.7,6,6,12,6,0,0,6,0,0.21660649819494585,0.21660649819494585,0.4332129963898917,0.21660649819494585,0.4332129963898917,False,2024-25,2024,0.4332129963898917,2,4595,2104.0,387.0,0.36003373548499906,0.2136752136752137,,529,38.0,58.078947368421055,17.026315789473685,6.078947368421052,10.18421052631579,86.0,41.0,0.625725338491296,0.36211699164345407,35.9,2025-26,True
Donyell Malen,Netherlands,MF,Aston Villa,25,1999,14,2,305,3.4,3,0,3,3,0,0,0,0,0.8823529411764706,0.0,0.8823529411764706,0.8823529411764706,0.8823529411764706,False,2024-25,2024,0.8823529411764706,1,305,,,0.8823529411764706,,,625,38.0,50.71052631578947,12.736842105263158,4.473684210526316,12.18421052631579,58.0,51.0,0.5110876451953538,0.684931506849315,7.3,2025-26,True
Douglas Luiz,Brazil,MF,Aston Villa,23,1998,34,31,2715,30.2,2,3,5,2,0,0,7,0,0.06622516556291391,0.09933774834437087,0.16556291390728478,0.06622516556291391,0.16556291390728478,False,2021-22,2021,0.16556291390728478,1,2715,,,0.16556291390728478,,,529,38.0,46.473684210526315,12.210526315789474,4.2631578947368425,12.552631578947368,52.0,54.0,0.49309245483528164,0.36923076923076925,32.5,2022-23,True
Douglas Luiz,Brazil,MF,Aston Villa,24,1998,37,33,2927,32.5,6,6,12,6,0,0,6,1,0.18461538461538463,0.18461538461538463,0.36923076923076925,0.18461538461538463,0.36923076923076925,False,2022-23,2022,0.36923076923076925,2,5642,2715.0,212.0,0.3013414841229411,0.16556291390728478,,576,38.0,49.44736842105263,11.31578947368421,3.973684210526316,11.289473684210526,51.0,46.0,0.5005820721769499,0.42042042042042044,33.3,2023-24,True
Dwight McNeil,England,MF,Burnley,21,1999,38,35,3107,34.5,0,1,1,0,0,0,1,0,0.0,0.028985507246376812,0.028985507246376812,0.0,0.028985507246376812,False,2021-22,2021,0.028985507246376812,1,3107,,,0.028985507246376812,,,441,,,,,,,,,0.3597122302158273,27.8,2022-23,True
Dwight McNeil,England,"MF,FW",Everton,22,1999,36,28,2498,27.8,7,3,10,7,0,0,5,0,0.2517985611510791,0.1079136690647482,0.3597122302158273,0.2517985611510791,0.3597122302158273,False,2022-23,2022,0.3597122302158273,2,5605,3107.0,-609.0,0.2494699892260105,0.028985507246376812,,484,38.0,42.578947368421055,11.289473684210526,4.0,15.105263157894736,34.0,57.0,0.42771684945164506,0.2803738317757009,32.1,2023-24,True
Dwight McNeil,England,MF,Everton,23,1999,35,33,2892,32.1,3,6,9,3,0,0,2,0,0.09345794392523364,0.18691588785046728,0.2803738317757009,0.09345794392523364,0.2803738317757009,False,2023-24,2023,0.2803738317757009,3,8497,2498.0,394.0,0.27007255092580407,0.3597122302158273,0.028985507246376812,529,38.0,40.73684210526316,13.342105263157896,4.2631578947368425,14.157894736842104,40.0,51.0,0.4851674641148326,0.6578947368421053,15.2,2024-25,True
Dwight McNeil,England,MF,Everton,24,1999,21,15,1371,15.2,4,6,10,4,0,0,1,0,0.2631578947368421,0.39473684210526316,0.6578947368421053,0.2631578947368421,0.6578947368421053,False,2024-25,2024,0.6578947368421053,4,9868,2892.0,-1521.0,0.5286206748700049,0.2803738317757009,0.3597122302158273,576,38.0,40.63157894736842,10.657894736842104,3.763157894736842,12.605263157894736,42.0,44.0,0.4581447963800905,0.07692307692307693,13.0,2025-26,True
Eberechi Eze,England,"MF,FW",Crystal Palace,23,1998,13,6,605,6.7,1,1,2,1,0,0,1,0,0.14925373134328357,0.14925373134328357,0.29850746268656714,0.14925373134328357,0.29850746268656714,False,2021-22,2021,0.29850746268656714,1,605,,,0.29850746268656714,,,529,38.0,50.94736842105263,10.81578947368421,3.8684210526315788,11.657894736842104,50.0,46.0,0.48126463700234196,0.4778156996587031,29.3,2022-23,True
Eberechi Eze,England,"MF,FW",Crystal Palace,24,1998,38,30,2636,29.3,10,4,14,9,1,1,3,0,0.341296928327645,0.13651877133105803,0.4778156996587031,0.30716723549488056,0.44368600682593856,False,2022-23,2022,0.4778156996587031,2,3241,605.0,2031.0,0.41804628733465776,0.29850746268656714,,576,38.0,46.13157894736842,11.18421052631579,3.5789473684210527,12.0,40.0,49.0,0.48240635641316687,0.6578947368421052,22.8,2023-24,True
Eberechi Eze,England,"MF,FW",Crystal Palace,25,1998,27,24,2055,22.8,11,4,15,10,1,1,3,0,0.4824561403508772,0.17543859649122806,0.6578947368421052,0.43859649122807015,0.6140350877192982,False,2023-24,2023,0.6578947368421052,3,5296,2636.0,-581.0,0.577945253672956,0.4778156996587031,0.29850746268656714,625,38.0,42.1578947368421,12.0,4.447368421052632,12.078947368421053,57.0,58.0,0.4983606557377049,0.5555555555555556,28.8,2024-25,True
Eddie Nketiah,England,FW,Arsenal,22,1999,21,8,835,9.3,5,1,6,5,0,0,3,0,0.5376344086021505,0.1075268817204301,0.6451612903225806,0.5376344086021505,0.6451612903225806,False,2021-22,2021,0.6451612903225806,1,835,,,0.6451612903225806,,,484,38.0,53.18421052631579,15.473684210526315,5.157894736842105,11.18421052631579,61.0,48.0,0.5804540967423495,0.4132231404958678,12.1,2022-23,True
Eddie Nketiah,England,FW,Arsenal,23,1999,30,9,1089,12.1,4,1,5,4,0,0,3,0,0.3305785123966942,0.08264462809917356,0.4132231404958678,0.3305785123966942,0.4132231404958678,False,2022-23,2022,0.4132231404958678,2,1924,835.0,254.0,0.4905358571047721,0.6451612903225806,,529,38.0,59.94736842105263,15.605263157894736,5.368421052631579,8.973684210526315,88.0,43.0,0.6349036402569593,0.5833333333333334,12.0,2023-24,True
Eddie Nketiah,England,FW,Arsenal,24,1999,27,10,1082,12.0,5,2,7,5,0,0,3,0,0.4166666666666667,0.16666666666666666,0.5833333333333334,0.4166666666666667,0.5833333333333334,False,2023-24,2023,0.5833333333333334,3,3006,1089.0,-7.0,0.5524008412571463,0.4132231404958678,0.6451612903225806,576,38.0,58.63157894736842,17.263157894736842,5.973684210526316,8.473684210526315,91.0,29.0,0.6707566462167689,0.34782608695652173,11.5,2024-25,True
Eddie Nketiah,England,"FW,MF",Crystal Palace,25,1999,29,9,1034,11.5,3,1,4,3,0,0,6,1,0.2608695652173913,0.08695652173913043,0.34782608695652173,0.2608695652173913,0.34782608695652173,False,2024-25,2024,0.34782608695652173,4,4040,1082.0,-48.0,0.41601767172339654,0.5833333333333334,0.4132231404958678,625,38.0,42.5,13.552631578947368,4.894736842105263,12.710526315789474,51.0,51.0,0.5160320641282565,0.425531914893617,4.7,2025-26,True
Ederson Moraes,Brazil,GK,Manchester City,27,1993,37,37,3330,37.0,0,0,0,0,0,0,3,0,0.0,0.0,0.0,0.0,0.0,False,2021-22,2021,0.0,1,3330,,,0.0,,,729,38.0,68.5,18.763157894736842,6.657894736842105,6.2368421052631575,99.0,26.0,0.7505263157894737,0.02857142857142857,35.0,2022-23,True
Ederson Moraes,Brazil,GK,Manchester City,28,1993,35,35,3150,35.0,0,1,1,0,0,0,3,0,0.0,0.02857142857142857,0.02857142857142857,0.0,0.02857142857142857,False,2022-23,2022,0.02857142857142857,2,6480,3330.0,-180.0,0.019047619047619046,0.0,,784,38.0,65.34210526315789,15.789473684210526,5.7631578947368425,7.7105263157894735,94.0,33.0,0.6718924972004479,0.0,30.9,2023-24,True
Ederson Moraes,Brazil,GK,Manchester City,29,1993,33,33,2785,30.9,0,0,0,0,0,0,5,0,0.0,0.0,0.0,0.0,0.0,False,2023-24,2023,0.0,3,9265,3150.0,-365.0,0.006349206349206349,0.02857142857142857,0.0,841,38.0,65.73684210526316,18.263157894736842,7.315789473684211,7.7368421052631575,96.0,34.0,0.7024291497975709,0.15503875968992248,25.8,2024-25,True
Edson Álvarez,Mexico,MF,West Ham,25,1997,31,28,2377,26.4,1,1,2,1,0,0,11,0,0.03787878787878788,0.03787878787878788,0.07575757575757576,0.03787878787878788,0.07575757575757576,False,2023-24,2023,0.07575757575757576,1,2377,,,0.07575757575757576,,,625,,,,,,,,,0.050761421319796954,19.7,2024-25,True
Elliot Anderson,England,MF,Newcastle,19,2002,22,3,410,4.6,0,1,1,0,0,0,0,0,0.0,0.2173913043478261,0.2173913043478261,0.0,0.2173913043478261,False,2022-23,2022,0.2173913043478261,1,410,,,0.2173913043478261,,,361,38.0,52.44736842105263,15.026315789473685,5.184210526315789,10.18421052631579,68.0,33.0,0.5960334029227558,0.17543859649122806,11.4,2023-24,True
Elliot Anderson,England,"MF,FW",Newcastle,20,2002,21,10,1027,11.4,0,2,2,0,0,0,3,0,0.0,0.17543859649122806,0.17543859649122806,0.0,0.17543859649122806,False,2023-24,2023,0.17543859649122806,2,1437,410.0,617.0,0.18942283244342742,0.2173913043478261,,400,38.0,52.21052631578947,14.5,5.605263157894737,14.052631578947368,85.0,62.0,0.5078341013824884,0.264026402640264,30.3,2024-25,True
Elliot Anderson,England,MF,Nottingham,21,2002,37,33,2728,30.3,2,6,8,2,0,0,10,0,0.066006600660066,0.198019801980198,0.264026402640264,0.066006600660066,0.264026402640264,False,2024-25,2024,0.264026402640264,3,4165,1027.0,1701.0,0.23915854590798513,0.17543859649122806,0.2173913043478261,441,38.0,40.921052631578945,12.18421052631579,4.368421052631579,13.973684210526315,58.0,46.0,0.4657947686116701,0.21621621621621623,37.0,2025-26,True
Emerson,Brazil,"MF,DF",Tottenham,22,1999,31,26,2286,25.4,1,1,2,1,0,0,5,0,0.03937007874015748,0.03937007874015748,0.07874015748031496,0.03937007874015748,0.07874015748031496,False,2021-22,2021,0.07874015748031496,1,2286,,,0.07874015748031496,,,484,38.0,52.0,12.921052631578947,5.184210526315789,12.921052631578947,69.0,40.0,0.5,0.15544041450777202,19.3,2022-23,True
Emerson,Brazil,"MF,DF",Tottenham,23,1999,26,20,1735,19.3,2,1,3,2,0,0,2,1,0.10362694300518134,0.05181347150259067,0.15544041450777202,0.10362694300518134,0.15544041450777202,False,2022-23,2022,0.15544041450777202,2,4021,2286.0,-551.0,0.12987366216528634,0.07874015748031496,,529,38.0,49.94736842105263,13.68421052631579,5.2631578947368425,13.68421052631579,70.0,63.0,0.5,0.07751937984496124,12.9,2023-24,True
Emerson Palmieri,Italy,"DF,MF",Chelsea,26,1994,1,0,5,0.1,0,0,0,0,0,0,0,0,0.0,0.0,0.0,0.0,0.0,False,2021-22,2021,0.0,1,5,,,0.0,,,676,38.0,62.3421052631579,15.578947368421053,5.552631578947368,8.921052631578947,76.0,33.0,0.635875402792696,0.06802721088435375,14.7,2022-23,True
Emerson Palmieri,Italy,"MF,DF",West Ham,27,1994,22,16,1320,14.7,1,0,1,1,0,0,2,0,0.06802721088435375,0.0,0.06802721088435375,0.06802721088435375,0.06802721088435375,False,2022-23,2022,0.06802721088435375,2,1325,5.0,1315.0,0.045351473922902494,0.0,,729,,,,,,,,,0.08595988538681949,34.9,2023-24,True
Emerson Palmieri,Italy,DF,West Ham,28,1994,36,35,3137,34.9,1,2,3,1,0,0,10,0,0.02865329512893983,0.05730659025787966,0.08595988538681949,0.02865329512893983,0.08595988538681949,False,2023-24,2023,0.08595988538681949,3,4462,1320.0,1817.0,0.0724237482321805,0.06802721088435375,0.0,784,,,,,,,,,0.1276595744680851,23.5,2024-25,True
Emi Buendía,Argentina,"FW,MF",Aston Villa,24,1996,35,22,1899,21.1,4,6,10,4,0,0,1,0,0.1895734597156398,0.2843601895734597,0.4739336492890995,0.1895734597156398,0.4739336492890995,False,2021-22,2021,0.4739336492890995,1,1899,,,0.4739336492890995,,,576,38.0,46.473684210526315,12.210526315789474,4.2631578947368425,12.552631578947368,52.0,54.0,0.49309245483528164,0.26119402985074625,26.8,2022-23,True
Emi Buendía,Argentina,"FW,MF",Aston Villa,27,1996,12,0,98,1.1,0,0,0,0,0,0,1,0,0.0,0.0,0.0,0.0,0.0,False,2024-25,2024,0.0,3,4409,2412.0,-2314.0,0.11070241211006579,0.26119402985074625,0.4739336492890995,729,38.0,50.71052631578947,12.736842105263158,4.473684210526316,12.18421052631579,58.0,51.0,0.5110876451953538,0.41025641025641024,19.5,2025-26,True
Emil Krafth,Sweden,DF,Newcastle,27,1994,1,0,1,0.0,0,0,0,0,0,0,0,0,0.0,0.0,0.0,0.0,0.0,False,2022-23,2022,0.0,2,1635,1634.0,-1633.0,0.018315018315018316,0.054945054945054944,,729,38.0,52.44736842105263,15.026315789473685,5.184210526315789,10.18421052631579,68.0,33.0,0.5960334029227558,0.0,10.1,2023-24,True
Emil Krafth,Sweden,DF,Newcastle,28,1994,17,8,913,10.1,0,0,0,0,0,0,2,0,0.0,0.0,0.0,0.0,0.0,False,2023-24,2023,0.0,3,2548,1.0,912.0,0.006105006105006106,0.0,0.054945054945054944,784,38.0,52.21052631578947,14.5,5.605263157894737,14.052631578947368,85.0,62.0,0.5078341013824884,0.0,3.8,2024-25,True
Emile Smith Rowe,England,MF,Arsenal,22,2000,12,0,172,1.9,0,2,2,0,0,0,0,0,0.0,1.0526315789473684,1.0526315789473684,0.0,1.0526315789473684,False,2022-23,2022,1.0526315789473684,2,2093,1921.0,-1749.0,0.8895478131949592,0.5633802816901409,,484,38.0,59.94736842105263,15.605263157894736,5.368421052631579,8.973684210526315,88.0,43.0,0.6349036402569593,0.25641025641025644,3.9,2023-24,True
Emile Smith Rowe,England,MF,Arsenal,23,2000,13,3,353,3.9,0,1,1,0,0,0,0,0,0.0,0.25641025641025644,0.25641025641025644,0.0,0.25641025641025644,False,2023-24,2023,0.25641025641025644,3,2446,172.0,181.0,0.4674561086718241,1.0526315789473684,0.5633802816901409,529,38.0,58.63157894736842,17.263157894736842,5.973684210526316,8.473684210526315,91.0,29.0,0.6707566462167689,0.39647577092511016,22.7,2024-25,True
Emile Smith Rowe,England,MF,Fulham,24,2000,34,25,2043,22.7,6,3,9,6,0,0,3,0,0.2643171806167401,0.13215859030837004,0.39647577092511016,0.2643171806167401,0.39647577092511016,False,2024-25,2024,0.39647577092511016,4,4489,353.0,1690.0,0.4201358835073481,0.25641025641025644,1.0526315789473684,576,38.0,52.473684210526315,13.710526315789474,4.552631578947368,11.368421052631579,54.0,54.0,0.5466946484784889,0.14018691588785048,21.4,2025-26,True
Emiliano Martínez,Argentina,GK,Aston Villa,28,1992,36,36,3240,36.0,0,0,0,0,0,0,4,0,0.0,0.0,0.0,0.0,0.0,False,2021-22,2021,0.0,1,3240,,,0.0,,,784,38.0,46.473684210526315,12.210526315789474,4.2631578947368425,12.552631578947368,52.0,54.0,0.49309245483528164,0.0,34.9,2022-23,True
Emiliano Martínez,Argentina,GK,Aston Villa,29,1992,36,36,3139,34.9,0,0,0,0,0,0,7,0,0.0,0.0,0.0,0.0,0.0,False,2022-23,2022,0.0,2,6379,3240.0,-101.0,0.0,0.0,,841,38.0,49.44736842105263,11.31578947368421,3.973684210526316,11.289473684210526,51.0,46.0,0.5005820721769499,0.0,33.5,2023-24,True
Emiliano Martínez,Argentina,GK,Aston Villa,30,1992,34,34,3015,33.5,0,0,0,0,0,0,4,0,0.0,0.0,0.0,0.0,0.0,False,2023-24,2023,0.0,3,9394,3139.0,-124.0,0.0,0.0,0.0,900,38.0,53.421052631578945,13.5,5.0,11.947368421052632,76.0,61.0,0.5305067218200621,0.0,35.5,2024-25,True
Emiliano Martínez,Argentina,GK,Aston Villa,31,1992,37,37,3194,35.5,0,0,0,0,0,0,5,1,0.0,0.0,0.0,0.0,0.0,False,2024-25,2024,0.0,4,12588,3015.0,179.0,0.0,0.0,0.0,961,38.0,50.71052631578947,12.736842105263158,4.473684210526316,12.18421052631579,58.0,51.0,0.5110876451953538,0.031746031746031744,31.5,2025-26,True
Emmanuel Agbadou,Ivory Coast,DF,Wolves,27,1997,16,16,1410,15.7,1,0,1,1,0,0,3,0,0.06369426751592357,0.0,0.06369426751592357,0.06369426751592357,0.06369426751592357,False,2024-25,2024,0.06369426751592357,1,1410,,,0.06369426751592357,,,729,,,,,,,,,0.0,12.2,2025-26,True
Emmanuel Dennis,Nigeria,"FW,MF",Watford,23,1997,33,30,2581,28.7,10,6,16,10,0,0,9,1,0.34843205574912894,0.20905923344947736,0.5574912891986062,0.34843205574912894,0.5574912891986062,False,2021-22,2021,0.5574912891986062,1,2581,,,0.5574912891986062,,,529,,,,,,,,,0.5,8.0,2022-23,True
Enes Ünal,Turkey,FW,Bournemouth,26,1997,16,2,328,3.6,2,2,4,2,0,0,1,0,0.5555555555555556,0.5555555555555556,1.1111111111111112,0.5555555555555556,1.1111111111111112,False,2023-24,2023,1.1111111111111112,1,328,,,1.1111111111111112,,,676,38.0,44.05263157894737,14.263157894736842,4.868421052631579,13.973684210526315,54.0,67.0,0.5051258154706431,0.7894736842105263,3.8,2024-25,True
Enzo Fernández,Argentina,MF,Chelsea,21,2001,18,18,1547,17.2,0,2,2,0,0,0,3,0,0.0,0.11627906976744186,0.11627906976744186,0.0,0.11627906976744186,False,2022-23,2022,0.11627906976744186,1,1547,,,0.11627906976744186,,,441,38.0,59.026315789473685,12.736842105263158,4.157894736842105,11.526315789473685,38.0,47.0,0.5249457700650759,0.20408163265306123,24.5,2023-24,True
Enzo Fernández,Argentina,MF,Chelsea,22,2001,28,26,2209,24.5,3,2,5,2,1,2,7,0,0.12244897959183673,0.08163265306122448,0.20408163265306123,0.08163265306122448,0.163265306122449,False,2023-24,2023,0.20408163265306123,2,3756,1547.0,662.0,0.1748141116911881,0.11627906976744186,,484,38.0,59.0,14.421052631578947,5.657894736842105,14.631578947368421,77.0,63.0,0.4963768115942029,0.39755351681957185,32.7,2024-25,True
Enzo Fernández,Argentina,MF,Chelsea,23,2001,36,32,2947,32.7,6,7,13,6,0,0,8,0,0.18348623853211007,0.21406727828746175,0.39755351681957185,0.18348623853211007,0.39755351681957185,False,2024-25,2024,0.39755351681957185,3,6703,2209.0,738.0,0.32330704844344393,0.20408163265306123,0.11627906976744186,529,38.0,57.3421052631579,15.657894736842104,5.7368421052631575,10.447368421052632,64.0,43.0,0.5997983870967741,0.40462427745664736,34.6,2025-26,True
Eric Dier,England,DF,Tottenham,27,1994,35,35,3071,34.1,0,0,0,0,0,0,1,0,0.0,0.0,0.0,0.0,0.0,False,2021-22,2021,0.0,1,3071,,,0.0,,,729,38.0,52.0,12.921052631578947,5.184210526315789,12.921052631578947,69.0,40.0,0.5,0.09584664536741214,31.3,2022-23,True
Erling Haaland,Norway,"FW,MF",Manchester City,22,2000,35,33,2769,30.8,36,8,44,29,7,7,5,0,1.1688311688311688,0.2597402597402597,1.4285714285714286,0.9415584415584415,1.2012987012987013,False,2022-23,2022,1.4285714285714286,1,2769,,,1.4285714285714286,,,484,38.0,65.34210526315789,15.789473684210526,5.7631578947368425,7.7105263157894735,94.0,33.0,0.6718924972004479,1.1267605633802817,28.4,2023-24,True
Erling Haaland,Norway,"FW,MF",Manchester City,23,2000,31,29,2552,28.4,27,5,32,20,7,8,1,0,0.9507042253521127,0.17605633802816903,1.1267605633802817,0.7042253521126761,0.8802816901408451,False,2023-24,2023,1.1267605633802817,2,5321,2769.0,-217.0,1.227364185110664,1.4285714285714286,,529,38.0,65.73684210526316,18.263157894736842,7.315789473684211,7.7368421052631575,96.0,34.0,0.7024291497975709,0.8223684210526316,30.4,2024-25,True
Erling Haaland,Norway,FW,Manchester City,24,2000,31,31,2736,30.4,22,3,25,19,3,4,2,0,0.7236842105263158,0.09868421052631579,0.8223684210526316,0.625,0.7236842105263158,False,2024-25,2024,0.8223684210526316,3,8057,2552.0,184.0,0.9573670090719758,1.1267605633802817,1.4285714285714286,576,38.0,61.73684210526316,16.0,5.7105263157894735,9.31578947368421,72.0,44.0,0.6320166320166319,1.0670731707317074,32.8,2025-26,True
Ethan Nwaneri,England,MF,Arsenal,16,2007,1,0,14,0.2,0,0,0,0,0,0,0,0,0.0,0.0,0.0,0.0,0.0,False,2023-24,2023,0.0,2,15,1.0,13.0,0.0,0.0,,256,38.0,58.63157894736842,17.263157894736842,5.973684210526316,8.473684210526315,91.0,29.0,0.6707566462167689,0.6060606060606061,9.9,2024-25,True
Ethan Pinnock,Jamaica,DF,Brentford,28,1993,32,32,2694,29.9,1,1,2,1,0,0,1,0,0.033444816053511704,0.033444816053511704,0.06688963210702341,0.033444816053511704,0.06688963210702341,False,2021-22,2021,0.06688963210702341,1,2694,,,0.06688963210702341,,,784,38.0,44.5,11.631578947368421,4.052631578947368,13.210526315789474,48.0,56.0,0.4682203389830508,0.1,30.0,2022-23,True
Ethan Pinnock,Jamaica,DF,Brentford,29,1993,30,30,2700,30.0,3,0,3,3,0,0,0,0,0.1,0.0,0.1,0.1,0.1,False,2022-23,2022,0.1,2,5394,2694.0,6.0,0.08896321070234114,0.06688963210702341,,841,38.0,43.39473684210526,10.710526315789474,4.2631578947368425,14.763157894736842,58.0,46.0,0.42045454545454547,0.07142857142857142,28.0,2023-24,True
Ethan Pinnock,Jamaica,DF,Brentford,30,1993,29,28,2521,28.0,2,0,2,2,0,0,1,0,0.07142857142857142,0.0,0.07142857142857142,0.07142857142857142,0.07142857142857142,False,2023-24,2023,0.07142857142857142,3,7915,2700.0,-179.0,0.07727345118649467,0.1,0.06688963210702341,900,38.0,44.973684210526315,12.447368421052632,4.526315789473684,14.421052631578947,56.0,65.0,0.4632713026444662,0.09389671361502347,21.3,2024-25,True
Ethan Pinnock,Jamaica,DF,Brentford,31,1993,22,21,1913,21.3,2,0,2,2,0,0,2,0,0.09389671361502347,0.0,0.09389671361502347,0.09389671361502347,0.09389671361502347,False,2024-25,2024,0.09389671361502347,4,9828,2521.0,-608.0,0.0883556261388472,0.07142857142857142,0.1,961,38.0,47.81578947368421,11.578947368421053,4.842105263157895,17.026315789473685,66.0,57.0,0.40478380864765406,0.0,3.5,2025-26,True
Evan Ferguson,Ireland,FW,Brighton,16,2004,1,0,23,0.3,0,0,0,0,0,0,0,0,0.0,0.0,0.0,0.0,0.0,False,2021-22,2021,0.0,1,23,,,0.0,,,256,38.0,54.73684210526316,12.868421052631579,4.0,12.526315789473685,42.0,44.0,0.5067357512953368,0.7547169811320755,10.6,2022-23,True
Evan Ferguson,Ireland,FW,Brighton,17,2004,19,10,950,10.6,6,2,8,6,0,0,1,0,0.5660377358490566,0.18867924528301888,0.7547169811320755,0.5660377358490566,0.7547169811320755,False,2022-23,2022,0.7547169811320755,2,973,23.0,927.0,0.5031446540880503,0.0,,289,38.0,60.526315789473685,16.105263157894736,6.078947368421052,10.210526315789474,72.0,53.0,0.612,0.39473684210526316,15.2,2023-24,True
Evanilson,Brazil,FW,Bournemouth,24,1999,31,28,2319,25.8,10,1,11,10,0,1,1,1,0.38759689922480617,0.03875968992248062,0.4263565891472868,0.38759689922480617,0.4263565891472868,False,2024-25,2024,0.4263565891472868,1,2319,,,0.4263565891472868,,,576,38.0,48.578947368421055,15.263157894736842,5.315789473684211,12.842105263157896,58.0,46.0,0.5430711610486891,0.22950819672131148,30.5,2025-26,True
Ezri Konsa,England,DF,Aston Villa,23,1997,29,29,2477,27.5,2,0,2,2,0,0,6,2,0.07272727272727272,0.0,0.07272727272727272,0.07272727272727272,0.07272727272727272,False,2021-22,2021,0.07272727272727272,1,2477,,,0.07272727272727272,,,529,38.0,46.473684210526315,12.210526315789474,4.2631578947368425,12.552631578947368,52.0,54.0,0.49309245483528164,0.0,36.9,2022-23,True
Ezri Konsa,England,DF,Aston Villa,24,1997,38,37,3322,36.9,0,0,0,0,0,0,6,0,0.0,0.0,0.0,0.0,0.0,False,2022-23,2022,0.0,2,5799,2477.0,845.0,0.024242424242424242,0.07272727272727272,,576,38.0,49.44736842105263,11.31578947368421,3.973684210526316,11.289473684210526,51.0,46.0,0.5005820721769499,0.029325513196480937,34.1,2023-24,True
Ezri Konsa,England,DF,Aston Villa,25,1997,35,35,3069,34.1,1,0,1,1,0,0,5,0,0.029325513196480937,0.0,0.029325513196480937,0.029325513196480937,0.029325513196480937,False,2023-24,2023,0.029325513196480937,3,8868,3322.0,-253.0,0.027631150211795373,0.0,0.07272727272727272,625,38.0,53.421052631578945,13.5,5.0,11.947368421052632,76.0,61.0,0.5305067218200621,0.06134969325153374,32.6,2024-25,True
Ezri Konsa,England,DF,Aston Villa,26,1997,34,33,2936,32.6,2,0,2,2,0,0,1,0,0.06134969325153374,0.0,0.06134969325153374,0.06134969325153374,0.06134969325153374,False,2024-25,2024,0.06134969325153374,4,11804,3069.0,-133.0,0.05011017890495428,0.029325513196480937,0.0,676,38.0,50.71052631578947,12.736842105263158,4.473684210526316,12.18421052631579,58.0,51.0,0.5110876451953538,0.0,33.7,2025-26,True
Fabian Schär,Switzerland,DF,Newcastle,29,1991,25,25,2158,24.0,2,2,4,2,0,0,4,0,0.08333333333333333,0.08333333333333333,0.16666666666666666,0.08333333333333333,0.16666666666666666,False,2021-22,2021,0.16666666666666666,1,2158,,,0.16666666666666666,,,841,38.0,39.94736842105263,11.789473684210526,3.8947368421052633,13.894736842105264,44.0,62.0,0.45901639344262296,0.11235955056179775,35.6,2022-23,True
Fabian Schär,Switzerland,DF,Newcastle,30,1991,36,36,3206,35.6,1,3,4,1,0,0,7,0,0.028089887640449437,0.08426966292134831,0.11235955056179775,0.028089887640449437,0.11235955056179775,False,2022-23,2022,0.11235955056179775,2,5364,2158.0,1048.0,0.13046192259675404,0.16666666666666666,,900,38.0,52.44736842105263,15.026315789473685,5.184210526315789,10.18421052631579,68.0,33.0,0.5960334029227558,0.14749262536873156,33.9,2023-24,True
Fabian Schär,Switzerland,DF,Newcastle,31,1991,36,35,3054,33.9,4,1,5,4,0,0,5,0,0.11799410029498525,0.029498525073746312,0.14749262536873156,0.11799410029498525,0.14749262536873156,False,2023-24,2023,0.14749262536873156,3,8418,3206.0,-152.0,0.14181572444473906,0.11235955056179775,0.16666666666666666,961,38.0,52.21052631578947,14.5,5.605263157894737,14.052631578947368,85.0,62.0,0.5078341013824884,0.12269938650306748,32.6,2024-25,True
Fabian Schär,Switzerland,DF,Newcastle,32,1991,34,33,2934,32.6,4,0,4,4,0,0,9,1,0.12269938650306748,0.0,0.12269938650306748,0.12269938650306748,0.12269938650306748,False,2024-25,2024,0.12269938650306748,4,11352,3054.0,-120.0,0.12907149915029134,0.14749262536873156,0.11235955056179775,1024,38.0,51.05263157894737,13.789473684210526,4.578947368421052,12.447368421052632,68.0,47.0,0.5255767301905717,0.0,12.1,2025-26,True
Fabinho,Brazil,MF,Liverpool,27,1993,29,26,2314,25.7,5,1,6,3,2,2,7,0,0.19455252918287938,0.038910505836575876,0.23346303501945526,0.11673151750972763,0.1556420233463035,False,2021-22,2021,0.23346303501945526,1,2314,,,0.23346303501945526,,,729,38.0,63.3421052631579,19.18421052631579,6.7631578947368425,7.7894736842105265,94.0,26.0,0.7112195121951219,0.06734006734006734,29.7,2022-23,True
Fabio Carvalho,Portugal,"MF,FW",Liverpool,19,2002,13,4,347,3.9,2,0,2,2,0,0,0,0,0.5128205128205129,0.0,0.5128205128205129,0.5128205128205129,0.5128205128205129,False,2022-23,2022,0.5128205128205129,1,347,,,0.5128205128205129,,,361,38.0,61.10526315789474,15.921052631578947,5.578947368421052,9.710526315789474,75.0,47.0,0.6211498973305954,0.5882352941176471,5.1,2024-25,True
Fabio Vieira,Portugal,MF,Arsenal,22,2000,22,3,514,5.7,1,2,3,1,0,0,0,0,0.17543859649122806,0.3508771929824561,0.5263157894736842,0.17543859649122806,0.5263157894736842,False,2022-23,2022,0.5263157894736842,1,514,,,0.5263157894736842,,,484,38.0,59.94736842105263,15.605263157894736,5.368421052631579,8.973684210526315,88.0,43.0,0.6349036402569593,0.9090909090909092,3.3,2023-24,True
Facundo Buonanotte,Argentina,MF,Brighton,17,2004,13,6,565,6.3,1,1,2,1,0,0,2,0,0.15873015873015872,0.15873015873015872,0.31746031746031744,0.15873015873015872,0.31746031746031744,False,2022-23,2022,0.31746031746031744,1,565,,,0.31746031746031744,,,289,38.0,60.526315789473685,16.105263157894736,6.078947368421052,10.210526315789474,72.0,53.0,0.612,0.2631578947368421,15.2,2023-24,True
Facundo Buonanotte,Argentina,"MF,FW",Brighton,18,2004,27,17,1364,15.2,3,1,4,3,0,0,7,0,0.19736842105263158,0.06578947368421052,0.2631578947368421,0.19736842105263158,0.2631578947368421,False,2023-24,2023,0.2631578947368421,2,1929,565.0,799.0,0.2812587023113339,0.31746031746031744,,324,38.0,60.3421052631579,14.789473684210526,5.473684210526316,12.289473684210526,55.0,62.0,0.5461613216715258,0.4142011834319527,16.9,2024-25,True
Federico Chiesa,Italy,FW,Liverpool,26,1997,6,1,108,1.2,0,0,0,0,0,0,0,0,0.0,0.0,0.0,0.0,0.0,False,2024-25,2024,0.0,1,108,,,0.0,,,676,38.0,58.078947368421055,17.026315789473685,6.078947368421052,10.18421052631579,86.0,41.0,0.625725338491296,0.7894736842105263,3.8,2025-26,True
Felipe,Brazil,DF,Nottingham,33,1989,16,15,1418,15.8,0,1,1,0,0,0,4,0,0.0,0.06329113924050632,0.06329113924050632,0.0,0.06329113924050632,False,2022-23,2022,0.06329113924050632,1,1418,,,0.06329113924050632,,,1089,38.0,37.21052631578947,9.68421052631579,3.1052631578947367,14.657894736842104,38.0,68.0,0.3978378378378378,0.0,4.2,2023-24,True
Ferdi Kadioglu,Turkey,"DF,MF",Brighton,24,1999,6,5,385,4.3,1,0,1,1,0,0,1,0,0.23255813953488372,0.0,0.23255813953488372,0.23255813953488372,0.23255813953488372,False,2024-25,2024,0.23255813953488372,1,385,,,0.23255813953488372,,,576,38.0,52.63157894736842,14.026315789473685,5.026315789473684,11.236842105263158,66.0,59.0,0.5552083333333333,0.02873563218390805,34.8,2025-26,True
Filip Jørgensen,Denmark,GK,Chelsea,22,2002,6,6,540,6.0,0,0,0,0,0,0,0,0,0.0,0.0,0.0,0.0,0.0,False,2024-25,2024,0.0,1,540,,,0.0,,,484,38.0,57.3421052631579,15.657894736842104,5.7368421052631575,10.447368421052632,64.0,43.0,0.5997983870967741,0.0,4.2,2025-26,True
Flynn Downes,England,MF,West Ham,23,1999,21,7,762,8.5,0,0,0,0,0,0,2,0,0.0,0.0,0.0,0.0,0.0,False,2022-23,2022,0.0,1,762,,,0.0,,,529,,,,,,,,,0.041841004184100423,23.9,2024-25,True
Frank Onyeka,Nigeria,MF,Brentford,23,1998,20,12,1045,11.6,0,0,0,0,0,0,4,0,0.0,0.0,0.0,0.0,0.0,False,2021-22,2021,0.0,1,1045,,,0.0,,,529,38.0,44.5,11.631578947368421,4.052631578947368,13.210526315789474,48.0,56.0,0.4682203389830508,0.2127659574468085,9.4,2022-23,True
Frank Onyeka,Nigeria,MF,Brentford,24,1998,21,8,848,9.4,0,2,2,0,0,0,0,0,0.0,0.2127659574468085,0.2127659574468085,0.0,0.2127659574468085,False,2022-23,2022,0.2127659574468085,2,1893,1045.0,-197.0,0.14184397163120566,0.0,,576,38.0,43.39473684210526,10.710526315789474,4.2631578947368425,14.763157894736842,58.0,46.0,0.42045454545454547,0.23255813953488372,12.9,2023-24,True
Fraser Forster,England,GK,Southampton,33,1988,19,19,1710,19.0,0,0,0,0,0,0,1,0,0.0,0.0,0.0,0.0,0.0,False,2021-22,2021,0.0,1,1710,,,0.0,,,1089,,,,,,,,,0.0,13.5,2022-23,True
Fraser Forster,England,GK,Tottenham,34,1988,14,13,1215,13.5,0,0,0,0,0,0,1,0,0.0,0.0,0.0,0.0,0.0,False,2022-23,2022,0.0,2,2925,1710.0,-495.0,0.0,0.0,,1156,38.0,49.94736842105263,13.68421052631579,5.2631578947368425,13.68421052631579,70.0,63.0,0.5,0.0,7.0,2024-25,True
Fred,Brazil,MF,Manchester Utd,28,1993,28,24,2028,22.5,4,4,8,4,0,0,5,0,0.17777777777777778,0.17777777777777778,0.35555555555555557,0.17777777777777778,0.35555555555555557,False,2021-22,2021,0.35555555555555557,1,2028,,,0.35555555555555557,,,784,38.0,52.921052631578945,13.368421052631579,4.921052631578948,13.447368421052632,57.0,57.0,0.4985279685966634,0.28776978417266186,13.9,2022-23,True
Gabriel Jesus,Brazil,FW,Manchester City,24,1997,28,21,1877,20.9,8,8,16,7,1,1,1,0,0.3827751196172249,0.3827751196172249,0.7655502392344498,0.3349282296650718,0.7177033492822966,False,2021-22,2021,0.7655502392344498,1,1877,,,0.7655502392344498,,,576,38.0,68.5,18.763157894736842,6.657894736842105,6.2368421052631575,99.0,26.0,0.7505263157894737,0.7423580786026202,22.9,2022-23,True
Gabriel Jesus,Brazil,FW,Arsenal,25,1997,26,24,2064,22.9,11,6,17,10,1,1,6,0,0.48034934497816595,0.26200873362445415,0.7423580786026202,0.4366812227074236,0.6986899563318778,False,2022-23,2022,0.7423580786026202,2,3941,1877.0,187.0,0.7500887988132301,0.7655502392344498,,625,38.0,59.94736842105263,15.605263157894736,5.368421052631579,8.973684210526315,88.0,43.0,0.6349036402569593,0.5487804878048781,16.4,2023-24,True
Gabriel Jesus,Brazil,FW,Arsenal,26,1997,27,17,1478,16.4,4,5,9,4,0,0,6,0,0.24390243902439027,0.30487804878048785,0.5487804878048781,0.24390243902439027,0.5487804878048781,False,2023-24,2023,0.5487804878048781,3,5419,2064.0,-586.0,0.6158832581409954,0.7423580786026202,0.7655502392344498,676,38.0,58.63157894736842,17.263157894736842,5.973684210526316,8.473684210526315,91.0,29.0,0.6707566462167689,0.4411764705882353,6.8,2024-25,True
Gabriel Jesus,Brazil,FW,Arsenal,27,1997,17,6,608,6.8,3,0,3,3,0,0,4,0,0.4411764705882353,0.0,0.4411764705882353,0.4411764705882353,0.4411764705882353,False,2024-25,2024,0.4411764705882353,4,6027,1478.0,-870.0,0.4994120664391553,0.5487804878048781,0.7423580786026202,729,38.0,57.18421052631579,14.394736842105264,4.947368421052632,9.526315789473685,69.0,34.0,0.6017601760176018,0.625,4.8,2025-26,True
Gabriel Magalhães,Brazil,DF,Arsenal,23,1997,35,35,3063,34.0,5,0,5,5,0,0,8,1,0.14705882352941177,0.0,0.14705882352941177,0.14705882352941177,0.14705882352941177,False,2021-22,2021,0.14705882352941177,1,3063,,,0.14705882352941177,,,529,38.0,53.18421052631579,15.473684210526315,5.157894736842105,11.18421052631579,61.0,48.0,0.5804540967423495,0.079155672823219,37.9,2022-23,True
Gabriel Magalhães,Brazil,DF,Arsenal,24,1997,38,38,3409,37.9,3,0,3,3,0,0,5,0,0.079155672823219,0.0,0.079155672823219,0.079155672823219,0.079155672823219,False,2022-23,2022,0.079155672823219,2,6472,3063.0,346.0,0.10179005639194993,0.14705882352941177,,576,38.0,59.94736842105263,15.605263157894736,5.368421052631579,8.973684210526315,88.0,43.0,0.6349036402569593,0.1183431952662722,33.8,2023-24,True
Gabriel Magalhães,Brazil,DF,Arsenal,25,1997,36,34,3044,33.8,4,0,4,4,0,0,4,0,0.1183431952662722,0.0,0.1183431952662722,0.1183431952662722,0.1183431952662722,False,2023-24,2023,0.1183431952662722,3,9516,3409.0,-365.0,0.11282548230816478,0.079155672823219,0.14705882352941177,625,38.0,58.63157894736842,17.263157894736842,5.973684210526316,8.473684210526315,91.0,29.0,0.6707566462167689,0.1520912547528517,26.3,2024-25,True
Gabriel Magalhães,Brazil,DF,Arsenal,26,1997,28,28,2363,26.3,3,1,4,3,0,0,4,0,0.11406844106463879,0.03802281368821293,0.1520912547528517,0.11406844106463879,0.1520912547528517,False,2024-25,2024,0.1520912547528517,4,11879,3044.0,-681.0,0.13900266393795607,0.1183431952662722,0.079155672823219,676,38.0,57.18421052631579,14.394736842105264,4.947368421052632,9.526315789473685,69.0,34.0,0.6017601760176018,0.22875816993464052,30.6,2025-26,True
Gabriel Martinelli,Brazil,"MF,FW",Arsenal,20,2001,29,21,1860,20.7,6,6,12,5,1,1,3,1,0.2898550724637681,0.2898550724637681,0.5797101449275363,0.24154589371980678,0.5314009661835749,False,2021-22,2021,0.5797101449275363,1,1860,,,0.5797101449275363,,,400,38.0,53.18421052631579,15.473684210526315,5.157894736842105,11.18421052631579,61.0,48.0,0.5804540967423495,0.6451612903225806,31.0,2022-23,True
Gabriel Martinelli,Brazil,"FW,MF",Arsenal,21,2001,36,34,2789,31.0,15,5,20,15,0,0,3,0,0.4838709677419355,0.16129032258064516,0.6451612903225806,0.4838709677419355,0.6451612903225806,False,2022-23,2022,0.6451612903225806,2,4649,1860.0,929.0,0.6233442418575659,0.5797101449275363,,441,38.0,59.94736842105263,15.605263157894736,5.368421052631579,8.973684210526315,88.0,43.0,0.6349036402569593,0.44642857142857145,22.4,2023-24,True
Gabriel Martinelli,Brazil,FW,Arsenal,22,2001,35,24,2019,22.4,6,4,10,6,0,0,1,0,0.26785714285714285,0.17857142857142858,0.44642857142857145,0.26785714285714285,0.44642857142857145,False,2023-24,2023,0.44642857142857145,3,6668,2789.0,-770.0,0.5054004615715696,0.6451612903225806,0.5797101449275363,484,38.0,58.63157894736842,17.263157894736842,5.973684210526316,8.473684210526315,91.0,29.0,0.6707566462167689,0.4724409448818898,25.4,2024-25,True
Gabriel Martinelli,Brazil,"FW,MF",Arsenal,23,2001,33,25,2290,25.4,8,4,12,8,0,0,1,0,0.31496062992125984,0.15748031496062992,0.4724409448818898,0.31496062992125984,0.4724409448818898,False,2024-25,2024,0.4724409448818898,4,8958,2019.0,271.0,0.48342745044511637,0.44642857142857145,0.6451612903225806,529,38.0,57.18421052631579,14.394736842105264,4.947368421052632,9.526315789473685,69.0,34.0,0.6017601760176018,0.4166666666666667,12.0,2025-26,True
Georginio Rutter,France,FW,Leeds United,20,2002,11,1,273,3.0,0,1,1,0,0,0,0,0,0.0,0.3333333333333333,0.3333333333333333,0.0,0.3333333333333333,False,2022-23,2022,0.3333333333333333,1,273,,,0.3333333333333333,,,400,38.0,46.94736842105263,12.157894736842104,3.8157894736842106,13.868421052631579,48.0,78.0,0.4671385237613751,0.4347826086956522,18.4,2024-25,True
Georginio Rutter,France,"MF,FW",Brighton,22,2002,28,19,1656,18.4,5,3,8,5,0,0,2,0,0.27173913043478265,0.16304347826086957,0.4347826086956522,0.27173913043478265,0.4347826086956522,False,2024-25,2024,0.4347826086956522,2,1929,273.0,1383.0,0.40096618357487923,0.3333333333333333,,484,38.0,52.63157894736842,14.026315789473685,5.026315789473684,11.236842105263158,66.0,59.0,0.5552083333333333,0.30303030303030304,19.8,2025-26,True
Giovani Lo Celso,Argentina,MF,Tottenham,25,1996,9,2,238,2.6,0,0,0,0,0,0,0,0,0.0,0.0,0.0,0.0,0.0,False,2021-22,2021,0.0,1,238,,,0.0,,,625,38.0,52.0,12.921052631578947,5.184210526315789,12.921052631578947,69.0,40.0,0.5,0.7142857142857143,5.6,2023-24,True
Gonçalo Guedes,Portugal,"FW,MF",Wolves,25,1996,13,8,707,7.9,1,1,2,1,0,0,1,0,0.12658227848101264,0.12658227848101264,0.2531645569620253,0.12658227848101264,0.2531645569620253,False,2022-23,2022,0.2531645569620253,1,707,,,0.2531645569620253,,,625,,,,,,,,,0.5405405405405406,11.1,2024-25,True
Granit Xhaka,Switzerland,MF,Arsenal,28,1992,27,27,2327,25.9,1,2,3,1,0,0,10,1,0.03861003861003861,0.07722007722007722,0.11583011583011583,0.03861003861003861,0.11583011583011583,False,2021-22,2021,0.11583011583011583,1,2327,,,0.11583011583011583,,,784,38.0,53.18421052631579,15.473684210526315,5.157894736842105,11.18421052631579,61.0,48.0,0.5804540967423495,0.42042042042042044,33.3,2022-23,True
Granit Xhaka,Switzerland,MF,Arsenal,29,1992,37,36,2993,33.3,7,7,14,7,0,0,4,0,0.21021021021021022,0.21021021021021022,0.42042042042042044,0.21021021021021022,0.42042042042042044,False,2022-23,2022,0.42042042042042044,2,5320,2327.0,666.0,0.31889031889031894,0.11583011583011583,,841,38.0,59.94736842105263,15.605263157894736,5.368421052631579,8.973684210526315,88.0,43.0,0.6349036402569593,0.21671826625387,32.3,2025-26,True
Guglielmo Vicario,Italy,GK,Tottenham,26,1996,38,38,3420,38.0,0,0,0,0,0,0,2,0,0.0,0.0,0.0,0.0,0.0,False,2023-24,2023,0.0,1,3420,,,0.0,,,676,38.0,62.05263157894737,15.31578947368421,5.631578947368421,12.789473684210526,74.0,61.0,0.5449438202247191,0.0,24.0,2024-25,True
Guglielmo Vicario,Italy,GK,Tottenham,27,1996,24,24,2160,24.0,0,0,0,0,0,0,1,0,0.0,0.0,0.0,0.0,0.0,False,2024-25,2024,0.0,2,5580,3420.0,-1260.0,0.0,0.0,,729,38.0,54.76315789473684,13.078947368421053,4.868421052631579,13.736842105263158,64.0,65.0,0.4877330716388616,0.0,31.0,2025-26,True
Hakim Ziyech,Morocco,"MF,FW",Chelsea,28,1993,23,14,1319,14.7,4,3,7,4,0,0,3,0,0.272108843537415,0.20408163265306123,0.4761904761904762,0.272108843537415,0.4761904761904762,False,2021-22,2021,0.4761904761904762,1,1319,,,0.4761904761904762,,,784,38.0,62.3421052631579,15.578947368421053,5.552631578947368,8.921052631578947,76.0,33.0,0.635875402792696,0.4109589041095891,7.3,2022-23,True
Hannibal Mejbri,Tunisia,MF,Manchester Utd,20,2003,5,1,133,1.5,1,0,1,1,0,0,1,0,0.6666666666666666,0.0,0.6666666666666666,0.6666666666666666,0.6666666666666666,False,2023-24,2023,0.6666666666666666,2,201,68.0,65.0,0.4444444444444444,0.0,,400,38.0,50.526315789473685,14.473684210526315,5.078947368421052,17.55263157894737,57.0,58.0,0.4519309778142974,0.36496350364963503,13.7,2025-26,True
Harrison Armstrong,England,MF,Everton,17,2007,3,0,48,0.5,0,0,0,0,0,0,1,0,0.0,0.0,0.0,0.0,0.0,False,2024-25,2024,0.0,1,48,,,0.0,,,289,38.0,40.63157894736842,10.657894736842104,3.763157894736842,12.605263157894736,42.0,44.0,0.4581447963800905,0.0,5.9,2025-26,True
Harrison Reed,England,MF,Fulham,27,1995,37,35,2866,31.8,3,4,7,3,0,0,5,0,0.09433962264150943,0.12578616352201258,0.22012578616352202,0.09433962264150943,0.22012578616352202,False,2022-23,2022,0.22012578616352202,1,2866,,,0.22012578616352202,,,729,38.0,48.68421052631579,11.289473684210526,3.8947368421052633,13.289473684210526,55.0,53.0,0.45931477516059954,0.1360544217687075,14.7,2023-24,True
Harry Kane,England,FW,Tottenham,28,1993,37,36,3232,35.9,17,9,26,13,4,4,5,0,0.4735376044568245,0.25069637883008355,0.7242339832869081,0.36211699164345407,0.6128133704735377,False,2021-22,2021,0.7242339832869081,1,3232,,,0.7242339832869081,,,784,38.0,52.0,12.921052631578947,5.184210526315789,12.921052631578947,69.0,40.0,0.5,0.8730158730158731,37.8,2022-23,True
Harry Maguire,England,DF,Manchester Utd,28,1993,30,28,2515,27.9,1,0,1,1,0,0,9,1,0.03584229390681004,0.0,0.03584229390681004,0.03584229390681004,0.03584229390681004,False,2021-22,2021,0.03584229390681004,1,2515,,,0.03584229390681004,,,784,38.0,52.921052631578945,13.368421052631579,4.921052631578948,13.447368421052632,57.0,57.0,0.4985279685966634,0.0,8.5,2022-23,True
Harry Maguire,England,DF,Manchester Utd,29,1993,16,8,767,8.5,0,0,0,0,0,0,4,0,0.0,0.0,0.0,0.0,0.0,False,2022-23,2022,0.0,2,3282,2515.0,-1748.0,0.011947431302270014,0.03584229390681004,,841,38.0,53.973684210526315,15.578947368421053,5.631578947368421,12.657894736842104,58.0,43.0,0.5517241379310345,0.2173913043478261,18.4,2023-24,True
Harry Maguire,England,DF,Manchester Utd,30,1993,22,18,1653,18.4,2,2,4,2,0,0,4,0,0.10869565217391305,0.10869565217391305,0.2173913043478261,0.10869565217391305,0.2173913043478261,False,2023-24,2023,0.2173913043478261,3,4935,767.0,886.0,0.14891001333264073,0.0,0.03584229390681004,900,38.0,50.526315789473685,14.473684210526315,5.078947368421052,17.55263157894737,57.0,58.0,0.4519309778142974,0.05128205128205128,19.5,2024-25,True
Harry Maguire,England,DF,Manchester Utd,31,1993,27,19,1758,19.5,1,0,1,1,0,0,7,0,0.05128205128205128,0.0,0.05128205128205128,0.05128205128205128,0.05128205128205128,False,2024-25,2024,0.05128205128205128,4,6693,1653.0,105.0,0.08382470529891443,0.2173913043478261,0.0,961,38.0,53.55263157894737,13.868421052631579,4.605263157894737,10.921052631578947,44.0,54.0,0.559447983014862,0.16304347826086957,18.4,2025-26,True
Harry Toffolo,England,"DF,MF",Nottingham,26,1995,19,9,940,10.4,0,0,0,0,0,0,2,0,0.0,0.0,0.0,0.0,0.0,False,2022-23,2022,0.0,1,940,,,0.0,,,676,38.0,37.21052631578947,9.68421052631579,3.1052631578947367,14.657894736842104,38.0,68.0,0.3978378378378378,0.2469135802469136,16.2,2023-24,True
Harry Wilson,Wales,MF,Fulham,25,1997,29,13,1100,12.2,2,3,5,2,0,0,1,0,0.1639344262295082,0.24590163934426232,0.4098360655737705,0.1639344262295082,0.4098360655737705,False,2022-23,2022,0.4098360655737705,1,1100,,,0.4098360655737705,,,625,38.0,48.68421052631579,11.289473684210526,3.8947368421052633,13.289473684210526,55.0,53.0,0.45931477516059954,0.5555555555555556,18.0,2023-24,True
Harry Wilson,Wales,"MF,FW",Fulham,26,1997,35,16,1620,18.0,4,6,10,4,0,0,6,0,0.2222222222222222,0.3333333333333333,0.5555555555555556,0.2222222222222222,0.5555555555555556,False,2023-24,2023,0.5555555555555556,2,2720,1100.0,520.0,0.5069823922282939,0.4098360655737705,,676,38.0,50.73684210526316,13.157894736842104,4.7105263157894735,13.763157894736842,55.0,61.0,0.4887585532746823,0.5426356589147286,12.9,2024-25,True
Harry Wilson,Wales,"MF,FW",Fulham,27,1997,25,12,1162,12.9,6,1,7,6,0,0,2,0,0.46511627906976744,0.07751937984496124,0.5426356589147286,0.46511627906976744,0.5426356589147286,False,2024-25,2024,0.5426356589147286,3,3882,1620.0,-458.0,0.5307512366859171,0.5555555555555556,0.4098360655737705,729,38.0,52.473684210526315,13.710526315789474,4.552631578947368,11.368421052631579,54.0,54.0,0.5466946484784889,0.5723905723905724,29.7,2025-26,True
Harry Winks,England,MF,Tottenham,25,1996,19,9,912,10.1,0,1,1,0,0,0,2,0,0.0,0.09900990099009901,0.09900990099009901,0.0,0.09900990099009901,False,2021-22,2021,0.09900990099009901,1,912,,,0.09900990099009901,,,625,38.0,52.0,12.921052631578947,5.184210526315789,12.921052631578947,69.0,40.0,0.5,0.11695906432748537,17.1,2024-25,True
Harvey Barnes,England,"MF,FW",Leicester City,23,1997,32,24,2101,23.3,6,10,16,6,0,0,2,0,0.2575107296137339,0.4291845493562232,0.6866952789699571,0.2575107296137339,0.6866952789699571,False,2021-22,2021,0.6866952789699571,1,2101,,,0.6866952789699571,,,529,,,,,,,,,0.46511627906976744,30.1,2022-23,True
Harvey Barnes,England,"MF,FW",Leicester City,24,1997,34,32,2711,30.1,13,1,14,13,0,0,3,0,0.4318936877076412,0.03322259136212624,0.46511627906976744,0.4318936877076412,0.46511627906976744,False,2022-23,2022,0.46511627906976744,2,4812,2101.0,610.0,0.538975945703164,0.6866952789699571,,576,,,,,,,,,0.898876404494382,8.9,2023-24,True
Harvey Barnes,England,"FW,MF",Newcastle,25,1997,21,7,802,8.9,5,3,8,5,0,0,2,0,0.5617977528089887,0.33707865168539325,0.898876404494382,0.5617977528089887,0.898876404494382,False,2023-24,2023,0.898876404494382,3,5614,2711.0,-1909.0,0.7789095848973093,0.46511627906976744,0.6866952789699571,625,38.0,52.21052631578947,14.5,5.605263157894737,14.052631578947368,85.0,62.0,0.5078341013824884,0.6666666666666666,19.5,2024-25,True
Harvey Barnes,England,"FW,MF",Newcastle,26,1997,33,17,1755,19.5,9,4,13,9,0,0,0,0,0.46153846153846156,0.20512820512820512,0.6666666666666666,0.46153846153846156,0.6666666666666666,False,2024-25,2024,0.6666666666666666,4,7369,802.0,953.0,0.7040809727435475,0.898876404494382,0.46511627906976744,676,38.0,51.05263157894737,13.789473684210526,4.578947368421052,12.447368421052632,68.0,47.0,0.5255767301905717,0.36697247706422015,21.8,2025-26,True
Harvey Elliott,England,MF,Liverpool,18,2003,6,4,346,3.8,0,0,0,0,0,0,0,0,0.0,0.0,0.0,0.0,0.0,False,2021-22,2021,0.0,1,346,,,0.0,,,324,38.0,63.3421052631579,19.18421052631579,6.7631578947368425,7.7894736842105265,94.0,26.0,0.7112195121951219,0.1675977653631285,17.9,2022-23,True
Harvey Elliott,England,MF,Liverpool,19,2003,32,18,1613,17.9,1,2,3,1,0,0,2,0,0.0558659217877095,0.111731843575419,0.1675977653631285,0.0558659217877095,0.1675977653631285,False,2022-23,2022,0.1675977653631285,2,1959,346.0,1267.0,0.111731843575419,0.0,,361,38.0,61.10526315789474,15.921052631578947,5.578947368421052,9.710526315789474,75.0,47.0,0.6211498973305954,0.6,15.0,2023-24,True
Harvey Elliott,England,"MF,FW",Liverpool,20,2003,34,11,1352,15.0,3,6,9,3,0,0,2,0,0.2,0.4,0.6,0.2,0.6,False,2023-24,2023,0.6,3,3311,1613.0,-261.0,0.437243947858473,0.1675977653631285,0.0,400,38.0,61.78947368421053,20.789473684210527,7.2894736842105265,10.894736842105264,86.0,41.0,0.6561461794019934,0.7317073170731708,4.1,2024-25,True
Hjalmar Ekdal,Sweden,DF,Burnley,24,1998,8,5,437,4.9,0,0,0,0,0,0,2,0,0.0,0.0,0.0,0.0,0.0,False,2023-24,2023,0.0,1,437,,,0.0,,,576,,,,,,,,,0.0,17.1,2025-26,True
Hugo Bueno,Spain,DF,Wolves,19,2002,21,16,1310,14.6,0,1,1,0,0,0,1,0,0.0,0.0684931506849315,0.0684931506849315,0.0,0.0684931506849315,False,2022-23,2022,0.0684931506849315,1,1310,,,0.0684931506849315,,,361,,,,,,,,,0.0,8.2,2023-24,True
Hugo Bueno,Spain,"MF,DF",Wolves,20,2002,22,7,741,8.2,0,0,0,0,0,0,1,0,0.0,0.0,0.0,0.0,0.0,False,2023-24,2023,0.0,2,2051,1310.0,-569.0,0.022831050228310504,0.0684931506849315,,400,,,,,,,,,0.11406844106463879,26.3,2025-26,True
Hugo Lloris,France,GK,Tottenham,34,1986,38,38,3420,38.0,0,0,0,0,0,0,2,0,0.0,0.0,0.0,0.0,0.0,False,2021-22,2021,0.0,1,3420,,,0.0,,,1156,38.0,52.0,12.921052631578947,5.184210526315789,12.921052631578947,69.0,40.0,0.5,0.0,24.5,2022-23,True
Hwang Hee-chan,South Korea,"FW,MF",Wolves,25,1996,30,20,1816,20.2,5,1,6,5,0,0,2,0,0.24752475247524752,0.04950495049504951,0.297029702970297,0.24752475247524752,0.297029702970297,False,2021-22,2021,0.297029702970297,1,1816,,,0.297029702970297,,,625,,,,,,,,,0.31746031746031744,12.6,2022-23,True
Hwang Hee-chan,South Korea,"FW,MF",Wolves,26,1996,27,12,1130,12.6,3,1,4,3,0,0,1,0,0.2380952380952381,0.07936507936507936,0.31746031746031744,0.2380952380952381,0.31746031746031744,False,2022-23,2022,0.31746031746031744,2,2946,1816.0,-686.0,0.3106501126303106,0.297029702970297,,676,,,,,,,,,0.6382978723404256,23.5,2023-24,True
Hwang Hee-chan,South Korea,"FW,MF",Wolves,27,1996,29,25,2119,23.5,12,3,15,11,1,1,6,0,0.5106382978723404,0.1276595744680851,0.6382978723404256,0.46808510638297873,0.5957446808510639,False,2023-24,2023,0.6382978723404256,3,5065,1130.0,989.0,0.5290819524370539,0.31746031746031744,0.297029702970297,729,,,,,,,,,0.273972602739726,7.3,2024-25,True
Hwang Hee-chan,South Korea,"MF,FW",Wolves,28,1996,21,5,661,7.3,2,0,2,2,0,0,0,0,0.273972602739726,0.0,0.273972602739726,0.273972602739726,0.273972602739726,False,2024-25,2024,0.273972602739726,4,5726,2119.0,-1458.0,0.3590090526388353,0.6382978723404256,0.31746031746031744,784,,,,,,,,,0.24844720496894407,16.1,2025-26,True
Ian Maatsen,Netherlands,MF,Chelsea,21,2002,12,1,209,2.3,0,0,0,0,0,0,1,0,0.0,0.0,0.0,0.0,0.0,False,2023-24,2023,0.0,1,209,,,0.0,,,441,38.0,59.0,14.421052631578947,5.657894736842105,14.631578947368421,77.0,63.0,0.4963768115942029,0.2362204724409449,12.7,2024-25,True
Ian Maatsen,Netherlands,DF,Aston Villa,22,2002,29,10,1139,12.7,1,2,3,1,0,0,2,0,0.07874015748031496,0.15748031496062992,0.2362204724409449,0.07874015748031496,0.2362204724409449,False,2024-25,2024,0.2362204724409449,2,1348,209.0,930.0,0.15748031496062992,0.0,,484,38.0,50.71052631578947,12.736842105263158,4.473684210526316,12.18421052631579,58.0,51.0,0.5110876451953538,0.056179775280898875,17.8,2025-26,True
Ibrahim Sangaré,Ivory Coast,MF,Nottingham,25,1997,17,13,1035,11.5,0,0,0,0,0,0,6,0,0.0,0.0,0.0,0.0,0.0,False,2023-24,2023,0.0,1,1035,,,0.0,,,625,38.0,40.21052631578947,11.868421052631579,3.8947368421052633,13.421052631578947,49.0,67.0,0.46930280957336107,0.15151515151515152,6.6,2024-25,True
Ibrahim Sangaré,Ivory Coast,MF,Nottingham,26,1997,13,7,590,6.6,0,1,1,0,0,0,3,0,0.0,0.15151515151515152,0.15151515151515152,0.0,0.15151515151515152,False,2024-25,2024,0.15151515151515152,2,1625,1035.0,-445.0,0.10101010101010101,0.0,,676,38.0,40.921052631578945,12.18421052631579,4.368421052631579,13.973684210526315,58.0,46.0,0.4657947686116701,0.17316017316017315,23.1,2025-26,True
Ibrahima Diallo,France,MF,Southampton,22,1999,23,10,1023,11.4,0,2,2,0,0,0,1,0,0.0,0.17543859649122806,0.17543859649122806,0.0,0.17543859649122806,False,2021-22,2021,0.17543859649122806,1,1023,,,0.17543859649122806,,,484,,,,,,,,,0.0,9.1,2022-23,True
Ibrahima Konaté,France,DF,Liverpool,22,1999,11,11,990,11.0,0,0,0,0,0,0,2,0,0.0,0.0,0.0,0.0,0.0,False,2021-22,2021,0.0,1,990,,,0.0,,,484,38.0,63.3421052631579,19.18421052631579,6.7631578947368425,7.7894736842105265,94.0,26.0,0.7112195121951219,0.0,17.2,2022-23,True
Ibrahima Konaté,France,DF,Liverpool,23,1999,18,17,1552,17.2,0,0,0,0,0,0,5,0,0.0,0.0,0.0,0.0,0.0,False,2022-23,2022,0.0,2,2542,990.0,562.0,0.0,0.0,,529,38.0,61.10526315789474,15.921052631578947,5.578947368421052,9.710526315789474,75.0,47.0,0.6211498973305954,0.0,17.5,2023-24,True
Ibrahima Konaté,France,DF,Liverpool,24,1999,22,17,1574,17.5,0,0,0,0,0,0,5,1,0.0,0.0,0.0,0.0,0.0,False,2023-24,2023,0.0,3,4116,1552.0,22.0,0.0,0.0,0.0,576,38.0,61.78947368421053,20.789473684210527,7.2894736842105265,10.894736842105264,86.0,41.0,0.6561461794019934,0.10563380281690142,28.4,2024-25,True
Ibrahima Konaté,France,DF,Liverpool,25,1999,31,30,2560,28.4,1,2,3,1,0,0,5,0,0.035211267605633804,0.07042253521126761,0.10563380281690142,0.035211267605633804,0.10563380281690142,False,2024-25,2024,0.10563380281690142,4,6676,1574.0,986.0,0.07042253521126761,0.0,0.0,625,38.0,58.078947368421055,17.026315789473685,6.078947368421052,10.18421052631579,86.0,41.0,0.625725338491296,0.02915451895043732,34.3,2025-26,True
Idrissa Gueye,Senegal,MF,Everton,32,1989,33,32,2577,28.6,0,1,1,0,0,0,7,0,0.0,0.03496503496503496,0.03496503496503496,0.0,0.03496503496503496,False,2022-23,2022,0.03496503496503496,1,2577,,,0.03496503496503496,,,1024,38.0,42.578947368421055,11.289473684210526,4.0,15.105263157894736,34.0,57.0,0.42771684945164506,0.19138755980861244,20.9,2023-24,True
Idrissa Gueye,Senegal,MF,Everton,33,1989,25,24,1884,20.9,4,0,4,4,0,0,8,0,0.19138755980861244,0.0,0.19138755980861244,0.19138755980861244,0.19138755980861244,False,2023-24,2023,0.19138755980861244,2,4461,2577.0,-693.0,0.1392467181940866,0.03496503496503496,,1089,38.0,40.73684210526316,13.342105263157896,4.2631578947368425,14.157894736842104,40.0,51.0,0.4851674641148326,0.08823529411764706,34.0,2024-25,True
Idrissa Gueye,Senegal,MF,Everton,34,1989,37,35,3063,34.0,0,3,3,0,0,0,9,0,0.0,0.08823529411764706,0.08823529411764706,0.0,0.08823529411764706,False,2024-25,2024,0.08823529411764706,3,7524,1884.0,1179.0,0.1052391021431269,0.19138755980861244,0.03496503496503496,1156,38.0,40.63157894736842,10.657894736842104,3.763157894736842,12.605263157894736,42.0,44.0,0.4581447963800905,0.2145922746781116,23.3,2025-26,True
Igor,Brazil,DF,Brighton,25,1998,24,17,1637,18.2,0,0,0,0,0,0,4,0,0.0,0.0,0.0,0.0,0.0,False,2023-24,2023,0.0,1,1637,,,0.0,,,625,38.0,60.3421052631579,14.789473684210526,5.473684210526316,12.289473684210526,55.0,62.0,0.5461613216715258,0.0,10.7,2024-25,True
Igor Thiago,Brazil,FW,Brentford,23,2001,8,1,175,1.9,0,0,0,0,0,0,0,0,0.0,0.0,0.0,0.0,0.0,False,2024-25,2024,0.0,1,175,,,0.0,,,529,38.0,47.81578947368421,11.578947368421053,4.842105263157895,17.026315789473685,66.0,57.0,0.40478380864765406,0.6301369863013698,36.5,2025-26,True
Iliman Ndiaye,Senegal,"MF,FW",Everton,24,2000,33,29,2430,27.0,9,0,9,7,2,2,3,0,0.3333333333333333,0.0,0.3333333333333333,0.25925925925925924,0.25925925925925924,False,2024-25,2024,0.3333333333333333,1,2430,,,0.3333333333333333,,,576,38.0,40.63157894736842,10.657894736842104,3.763157894736842,12.605263157894736,42.0,44.0,0.4581447963800905,0.29126213592233013,30.9,2025-26,True
Illan Meslier,France,GK,Leeds United,21,2000,38,38,3384,37.6,0,0,0,0,0,0,2,0,0.0,0.0,0.0,0.0,0.0,False,2021-22,2021,0.0,1,3384,,,0.0,,,441,38.0,52.473684210526315,12.736842105263158,4.052631578947368,15.289473684210526,42.0,79.0,0.4544600938967136,0.0,34.0,2022-23,True
Illia Zabarnyi,Ukraine,DF,Bournemouth,19,2002,5,3,299,3.3,0,0,0,0,0,0,0,0,0.0,0.0,0.0,0.0,0.0,False,2022-23,2022,0.0,1,299,,,0.0,,,361,38.0,40.078947368421055,9.394736842105264,3.5,16.473684210526315,37.0,71.0,0.3631739572736521,0.02702702702702703,37.0,2023-24,True
Illia Zabarnyi,Ukraine,DF,Bournemouth,20,2002,37,37,3330,37.0,1,0,1,1,0,0,5,0,0.02702702702702703,0.0,0.02702702702702703,0.02702702702702703,0.02702702702702703,False,2023-24,2023,0.02702702702702703,2,3629,299.0,3031.0,0.018018018018018018,0.0,,400,38.0,44.05263157894737,14.263157894736842,4.868421052631579,13.973684210526315,54.0,67.0,0.5051258154706431,0.028985507246376812,34.5,2024-25,True
Ismaila Sarr,Senegal,"MF,FW",Watford,23,1998,22,21,1861,20.7,5,2,7,5,0,1,2,0,0.24154589371980678,0.0966183574879227,0.33816425120772947,0.24154589371980678,0.33816425120772947,False,2021-22,2021,0.33816425120772947,1,1861,,,0.33816425120772947,,,529,,,,,,,,,0.46511627906976744,30.1,2024-25,True
Ismaila Sarr,Senegal,MF,Crystal Palace,26,1998,38,30,2711,30.1,8,6,14,8,0,0,4,0,0.26578073089700993,0.19933554817275748,0.46511627906976744,0.26578073089700993,0.46511627906976744,False,2024-25,2024,0.46511627906976744,2,4572,1861.0,850.0,0.4227989364490881,0.33816425120772947,,676,38.0,42.5,13.552631578947368,4.894736842105263,12.710526315789474,51.0,51.0,0.5160320641282565,0.4132231404958678,24.2,2025-26,True
Issa Diop,Morocco,DF,West Ham,24,1997,13,10,963,10.7,0,1,1,0,0,0,0,0,0.0,0.09345794392523366,0.09345794392523366,0.0,0.09345794392523366,False,2021-22,2021,0.09345794392523366,1,963,,,0.09345794392523366,,,576,,,,,,,,,0.044642857142857144,22.4,2022-23,True
Issa Diop,Morocco,DF,Fulham,25,1997,25,21,2012,22.4,1,0,1,1,0,0,2,0,0.044642857142857144,0.0,0.044642857142857144,0.044642857142857144,0.044642857142857144,False,2022-23,2022,0.044642857142857144,2,2975,963.0,1049.0,0.06091455273698265,0.09345794392523366,,625,38.0,48.68421052631579,11.289473684210526,3.8947368421052633,13.289473684210526,55.0,53.0,0.45931477516059954,0.0,15.8,2023-24,True
Issa Diop,Morocco,DF,Fulham,26,1997,18,16,1424,15.8,0,0,0,0,0,0,4,1,0.0,0.0,0.0,0.0,0.0,False,2023-24,2023,0.0,3,4399,2012.0,-588.0,0.020304850912327553,0.044642857142857144,0.09345794392523366,676,38.0,50.73684210526316,13.157894736842104,4.7105263157894735,13.763157894736842,55.0,61.0,0.4887585532746823,0.0,14.9,2024-25,True
Issa Diop,Morocco,DF,Fulham,27,1997,21,15,1339,14.9,0,0,0,0,0,0,2,0,0.0,0.0,0.0,0.0,0.0,False,2024-25,2024,0.0,4,5738,1424.0,-85.0,0.006768283637442519,0.0,0.044642857142857144,729,38.0,52.473684210526315,13.710526315789474,4.552631578947368,11.368421052631579,54.0,54.0,0.5466946484784889,0.10989010989010989,9.1,2025-26,True
Ivan Toney,England,FW,Brentford,25,1996,33,32,2909,32.3,12,5,17,7,5,5,8,0,0.3715170278637771,0.15479876160990713,0.5263157894736843,0.21671826625387,0.37151702786377716,False,2021-22,2021,0.5263157894736843,1,2909,,,0.5263157894736843,,,625,38.0,44.5,11.631578947368421,4.052631578947368,13.210526315789474,48.0,56.0,0.4682203389830508,0.7317073170731708,32.8,2022-23,True
Ivan Toney,England,FW,Brentford,26,1996,33,33,2951,32.8,20,4,24,14,6,7,9,0,0.6097560975609757,0.12195121951219513,0.7317073170731708,0.426829268292683,0.5487804878048781,False,2022-23,2022,0.7317073170731708,2,5860,2909.0,42.0,0.6632434745400086,0.5263157894736843,,676,38.0,43.39473684210526,10.710526315789474,4.2631578947368425,14.763157894736842,58.0,46.0,0.42045454545454547,0.37267080745341613,16.1,2023-24,True
Jack Grealish,England,"FW,MF",Manchester City,25,1995,26,22,1914,21.3,3,3,6,3,0,0,3,0,0.14084507042253522,0.14084507042253522,0.28169014084507044,0.14084507042253522,0.28169014084507044,False,2021-22,2021,0.28169014084507044,1,1914,,,0.28169014084507044,,,625,38.0,68.5,18.763157894736842,6.657894736842105,6.2368421052631575,99.0,26.0,0.7505263157894737,0.5263157894736842,22.8,2022-23,True
Jack Grealish,England,"FW,MF",Manchester City,26,1995,28,23,2055,22.8,5,7,12,5,0,0,4,0,0.21929824561403508,0.30701754385964913,0.5263157894736842,0.21929824561403508,0.5263157894736842,False,2022-23,2022,0.5263157894736842,2,3969,1914.0,141.0,0.4447739065974796,0.28169014084507044,,676,38.0,65.34210526315789,15.789473684210526,5.7631578947368425,7.7105263157894735,94.0,33.0,0.6718924972004479,0.35714285714285715,11.2,2023-24,True
Jack Grealish,England,"MF,FW",Manchester City,27,1995,20,10,1009,11.2,3,1,4,3,0,0,6,0,0.26785714285714285,0.08928571428571429,0.35714285714285715,0.26785714285714285,0.35714285714285715,False,2023-24,2023,0.35714285714285715,3,4978,2055.0,-1046.0,0.3863532069610647,0.5263157894736842,0.28169014084507044,729,38.0,65.73684210526316,18.263157894736842,7.315789473684211,7.7368421052631575,96.0,34.0,0.7024291497975709,0.25,8.0,2024-25,True
Jack Grealish,England,"MF,FW",Manchester City,28,1995,20,7,721,8.0,1,1,2,1,0,0,3,0,0.125,0.125,0.25,0.125,0.25,False,2024-25,2024,0.25,4,5699,1009.0,-288.0,0.29545106898702156,0.35714285714285715,0.5263157894736842,784,38.0,61.73684210526316,16.0,5.7105263157894735,9.31578947368421,72.0,44.0,0.6320166320166319,0.4419889502762431,18.1,2025-26,True
Jack Harrison,England,MF,Leeds United,24,1996,35,32,2639,29.3,8,1,9,8,0,0,3,0,0.27303754266211605,0.034129692832764506,0.30716723549488056,0.27303754266211605,0.30716723549488056,False,2021-22,2021,0.30716723549488056,1,2639,,,0.30716723549488056,,,576,38.0,52.473684210526315,12.736842105263158,4.052631578947368,15.289473684210526,42.0,79.0,0.4544600938967136,0.39867109634551495,30.1,2022-23,True
Jack Harrison,England,MF,Leeds United,25,1996,36,34,2708,30.1,5,7,12,5,0,0,2,0,0.16611295681063123,0.23255813953488372,0.39867109634551495,0.16611295681063123,0.39867109634551495,False,2022-23,2022,0.39867109634551495,2,5347,2639.0,69.0,0.36816980939530347,0.30716723549488056,,625,38.0,46.94736842105263,12.157894736842104,3.8157894736842106,13.868421052631579,48.0,78.0,0.4671385237613751,0.24390243902439024,24.6,2023-24,True
Jack Harrison,England,MF,Everton,26,1996,29,25,2214,24.6,3,3,6,3,0,0,1,0,0.12195121951219512,0.12195121951219512,0.24390243902439024,0.12195121951219512,0.24390243902439024,False,2023-24,2023,0.24390243902439024,3,7561,2708.0,-494.0,0.28532489581469467,0.39867109634551495,0.30716723549488056,676,38.0,40.73684210526316,13.342105263157896,4.2631578947368425,14.157894736842104,40.0,51.0,0.4851674641148326,0.04329004329004329,23.1,2024-25,True
Jack Harrison,England,"MF,FW",Everton,27,1996,34,24,2076,23.1,1,0,1,1,0,0,0,0,0.04329004329004329,0.0,0.04329004329004329,0.04329004329004329,0.04329004329004329,False,2024-25,2024,0.04329004329004329,4,9637,2214.0,-138.0,0.12396832746492709,0.24390243902439024,0.39867109634551495,729,38.0,40.63157894736842,10.657894736842104,3.763157894736842,12.605263157894736,42.0,44.0,0.4581447963800905,0.0,3.0,2025-26,True
Jack Hinshelwood,England,"DF,MF",Brighton,17,2005,1,0,2,0.0,0,0,0,0,0,0,0,0,0.0,0.0,0.0,0.0,0.0,False,2022-23,2022,0.0,1,2,,,0.0,,,289,38.0,60.526315789473685,16.105263157894736,6.078947368421052,10.210526315789474,72.0,53.0,0.612,0.30927835051546393,9.7,2023-24,True
Jack Hinshelwood,England,"DF,MF",Brighton,18,2005,12,8,869,9.7,3,0,3,3,0,0,1,0,0.30927835051546393,0.0,0.30927835051546393,0.30927835051546393,0.30927835051546393,False,2023-24,2023,0.30927835051546393,2,871,2.0,867.0,0.20618556701030927,0.0,,324,38.0,60.3421052631579,14.789473684210526,5.473684210526316,12.289473684210526,55.0,62.0,0.5461613216715258,0.34146341463414637,20.5,2024-25,True
Jack Hinshelwood,England,"MF,DF",Brighton,19,2005,26,22,1842,20.5,5,2,7,5,0,0,5,0,0.24390243902439024,0.0975609756097561,0.34146341463414637,0.24390243902439024,0.34146341463414637,False,2024-25,2024,0.34146341463414637,3,2713,869.0,973.0,0.296370798759534,0.30927835051546393,0.0,361,38.0,52.63157894736842,14.026315789473685,5.026315789473684,11.236842105263158,66.0,59.0,0.5552083333333333,0.3626943005181347,19.3,2025-26,True
Jack Stephens,England,DF,Southampton,27,1994,11,9,811,9.0,0,0,0,0,0,0,3,0,0.0,0.0,0.0,0.0,0.0,False,2021-22,2021,0.0,1,811,,,0.0,,,729,,,,,,,,,0.06493506493506493,15.4,2024-25,True
Jacob Bruun Larsen,Denmark,MF,Burnley,24,1998,32,16,1249,13.9,6,0,6,5,1,1,1,0,0.4316546762589928,0.0,0.4316546762589928,0.3597122302158273,0.3597122302158273,False,2023-24,2023,0.4316546762589928,1,1249,,,0.4316546762589928,,,576,,,,,,,,,0.08771929824561403,11.4,2025-26,True
Jacob Murphy,England,"FW,MF",Newcastle,26,1995,33,13,1473,16.4,1,2,3,1,0,0,4,0,0.06097560975609757,0.12195121951219513,0.1829268292682927,0.06097560975609757,0.1829268292682927,False,2021-22,2021,0.1829268292682927,1,1473,,,0.1829268292682927,,,676,38.0,39.94736842105263,11.789473684210526,3.8947368421052633,13.894736842105264,44.0,62.0,0.45901639344262296,0.4316546762589928,13.9,2022-23,True
Jacob Murphy,England,FW,Newcastle,27,1995,36,14,1251,13.9,4,2,6,4,0,0,0,0,0.28776978417266186,0.14388489208633093,0.4316546762589928,0.28776978417266186,0.4316546762589928,False,2022-23,2022,0.4316546762589928,2,2724,1473.0,-222.0,0.3487453939287594,0.1829268292682927,,729,38.0,52.44736842105263,15.026315789473685,5.184210526315789,10.18421052631579,68.0,33.0,0.5960334029227558,0.7575757575757576,13.2,2023-24,True
Jacob Murphy,England,"FW,MF",Newcastle,28,1995,21,14,1189,13.2,3,7,10,3,0,0,1,0,0.2272727272727273,0.5303030303030303,0.7575757575757576,0.2272727272727273,0.7575757575757576,False,2023-24,2023,0.7575757575757576,3,3913,1251.0,-62.0,0.6212989696934248,0.4316546762589928,0.1829268292682927,784,38.0,52.21052631578947,14.5,5.605263157894737,14.052631578947368,85.0,62.0,0.5078341013824884,0.7633587786259542,26.2,2024-25,True
Jacob Murphy,England,"FW,MF",Newcastle,29,1995,35,31,2360,26.2,8,12,20,8,0,0,4,0,0.3053435114503817,0.4580152671755725,0.7633587786259542,0.3053435114503817,0.7633587786259542,False,2024-25,2024,0.7633587786259542,4,6273,1189.0,1171.0,0.7160055089817777,0.7575757575757576,0.4316546762589928,841,38.0,51.05263157894737,13.789473684210526,4.578947368421052,12.447368421052632,68.0,47.0,0.5255767301905717,0.2777777777777778,18.0,2025-26,True
Jacob Ramsey,England,MF,Aston Villa,20,2001,34,29,2467,27.4,6,1,7,6,0,0,6,0,0.21897810218978103,0.03649635036496351,0.25547445255474455,0.21897810218978103,0.25547445255474455,False,2021-22,2021,0.25547445255474455,1,2467,,,0.25547445255474455,,,400,38.0,46.473684210526315,12.210526315789474,4.2631578947368425,12.552631578947368,52.0,54.0,0.49309245483528164,0.44368600682593856,29.3,2022-23,True
Jacob Ramsey,England,MF,Aston Villa,21,2001,35,31,2636,29.3,6,7,13,6,0,0,5,0,0.20477815699658702,0.23890784982935154,0.44368600682593856,0.20477815699658702,0.44368600682593856,False,2022-23,2022,0.44368600682593856,2,5103,2467.0,169.0,0.38094882206887387,0.25547445255474455,,441,38.0,49.44736842105263,11.31578947368421,3.973684210526316,11.289473684210526,51.0,46.0,0.5005820721769499,0.21052631578947367,9.5,2023-24,True
Jacob Ramsey,England,MF,Aston Villa,22,2001,16,8,853,9.5,1,1,2,1,0,0,2,0,0.10526315789473684,0.10526315789473684,0.21052631578947367,0.10526315789473684,0.21052631578947367,False,2023-24,2023,0.21052631578947367,3,5956,2636.0,-1783.0,0.2673338178826071,0.44368600682593856,0.25547445255474455,484,38.0,53.421052631578945,13.5,5.0,11.947368421052632,76.0,61.0,0.5305067218200621,0.2222222222222222,18.0,2024-25,True
Jacob Ramsey,England,MF,Aston Villa,23,2001,29,19,1623,18.0,1,3,4,1,0,0,4,1,0.05555555555555555,0.16666666666666666,0.2222222222222222,0.05555555555555555,0.2222222222222222,False,2024-25,2024,0.2222222222222222,4,7579,853.0,770.0,0.23725942077568385,0.21052631578947367,0.44368600682593856,529,38.0,50.71052631578947,12.736842105263158,4.473684210526316,12.18421052631579,58.0,51.0,0.5110876451953538,0.3105590062111801,16.1,2025-26,True
Jadon Sancho,England,"MF,FW",Manchester Utd,21,2000,29,20,1900,21.1,3,3,6,3,0,0,0,0,0.14218009478672985,0.14218009478672985,0.2843601895734597,0.14218009478672985,0.2843601895734597,False,2021-22,2021,0.2843601895734597,1,1900,,,0.2843601895734597,,,441,38.0,52.921052631578945,13.368421052631579,4.921052631578948,13.447368421052632,57.0,57.0,0.4985279685966634,0.4812834224598931,18.7,2022-23,True
Jadon Sancho,England,"FW,MF",Manchester Utd,23,2000,3,0,79,0.9,0,0,0,0,0,0,0,0,0.0,0.0,0.0,0.0,0.0,False,2023-24,2023,0.0,3,3665,1686.0,-1607.0,0.13854744827702734,0.4812834224598931,0.2843601895734597,529,38.0,50.526315789473685,14.473684210526315,5.078947368421052,17.55263157894737,57.0,58.0,0.4519309778142974,0.3571428571428571,19.6,2024-25,True
Jadon Sancho,England,MF,Chelsea,24,2000,31,19,1764,19.6,3,4,7,3,0,0,2,0,0.1530612244897959,0.2040816326530612,0.3571428571428571,0.1530612244897959,0.3571428571428571,False,2024-25,2024,0.3571428571428571,4,5429,79.0,1685.0,0.2842777208542472,0.0,0.4812834224598931,576,38.0,57.3421052631579,15.657894736842104,5.7368421052631575,10.447368421052632,64.0,43.0,0.5997983870967741,0.2061855670103093,9.7,2025-26,True
Jaidon Anthony,England,MF,Bournemouth,23,1999,3,2,152,1.7,0,0,0,0,0,0,1,0,0.0,0.0,0.0,0.0,0.0,False,2023-24,2023,0.0,2,1409,1257.0,-1105.0,0.09523809523809525,0.2857142857142857,,529,38.0,44.05263157894737,14.263157894736842,4.868421052631579,13.973684210526315,54.0,67.0,0.5051258154706431,0.33112582781456956,30.2,2025-26,True
Jake O'Brien,Ireland,DF,Everton,23,2001,20,17,1571,17.5,2,0,2,2,0,0,5,0,0.11428571428571428,0.0,0.11428571428571428,0.11428571428571428,0.11428571428571428,False,2024-25,2024,0.11428571428571428,1,1571,,,0.11428571428571428,,,529,38.0,40.63157894736842,10.657894736842104,3.763157894736842,12.605263157894736,42.0,44.0,0.4581447963800905,0.05763688760806916,34.7,2025-26,True
Jakub Kiwior,Poland,DF,Arsenal,22,2000,7,5,427,4.7,1,0,1,1,0,0,0,0,0.2127659574468085,0.0,0.2127659574468085,0.2127659574468085,0.2127659574468085,False,2022-23,2022,0.2127659574468085,1,427,,,0.2127659574468085,,,484,38.0,59.94736842105263,15.605263157894736,5.368421052631579,8.973684210526315,88.0,43.0,0.6349036402569593,0.38095238095238093,10.5,2023-24,True
Jakub Kiwior,Poland,DF,Arsenal,23,2000,20,11,946,10.5,1,3,4,1,0,0,1,0,0.09523809523809523,0.2857142857142857,0.38095238095238093,0.09523809523809523,0.38095238095238093,False,2023-24,2023,0.38095238095238093,2,1373,427.0,519.0,0.3248902397838568,0.2127659574468085,,529,38.0,58.63157894736842,17.263157894736842,5.973684210526316,8.473684210526315,91.0,29.0,0.6707566462167689,0.08,12.5,2024-25,True
Jakub Moder,Poland,"MF,FW",Brighton,22,1999,28,19,1701,18.9,0,3,3,0,0,0,1,0,0.0,0.15873015873015875,0.15873015873015875,0.0,0.15873015873015875,False,2021-22,2021,0.15873015873015875,1,1701,,,0.15873015873015875,,,484,38.0,54.73684210526316,12.868421052631579,4.0,12.526315789473685,42.0,44.0,0.5067357512953368,0.0,6.9,2023-24,True
Jamaal Lascelles,England,DF,Newcastle,28,1993,7,2,218,2.4,0,0,0,0,0,0,4,0,0.0,0.0,0.0,0.0,0.0,False,2022-23,2022,0.0,2,2276,2058.0,-1840.0,0.014556040756914123,0.04366812227074236,,784,38.0,52.44736842105263,15.026315789473685,5.184210526315789,10.18421052631579,68.0,33.0,0.5960334029227558,0.08333333333333333,12.0,2023-24,True
James Bree,England,DF,Southampton,24,1997,5,4,367,4.1,0,0,0,0,0,0,1,0,0.0,0.0,0.0,0.0,0.0,False,2022-23,2022,0.0,1,367,,,0.0,,,576,,,,,,,,,0.08403361344537814,11.9,2024-25,True
James Garner,England,MF,Everton,21,2001,16,7,804,8.9,0,1,1,0,0,0,3,0,0.0,0.11235955056179775,0.11235955056179775,0.0,0.11235955056179775,False,2022-23,2022,0.11235955056179775,1,804,,,0.11235955056179775,,,441,38.0,42.578947368421055,11.289473684210526,4.0,15.105263157894736,34.0,57.0,0.42771684945164506,0.08982035928143713,33.4,2023-24,True
James Garner,England,MF,Everton,22,2001,37,34,3004,33.4,1,2,3,1,0,0,7,0,0.029940119760479042,0.059880239520958084,0.08982035928143713,0.029940119760479042,0.08982035928143713,False,2023-24,2023,0.08982035928143713,2,3808,804.0,2200.0,0.09733342304155734,0.11235955056179775,,484,38.0,40.73684210526316,13.342105263157896,4.2631578947368425,14.157894736842104,40.0,51.0,0.4851674641148326,0.05649717514124294,17.7,2024-25,True
James Garner,England,"MF,DF",Everton,23,2001,21,17,1594,17.7,0,1,1,0,0,0,5,0,0.0,0.05649717514124294,0.05649717514124294,0.0,0.05649717514124294,False,2024-25,2024,0.05649717514124294,3,5402,3004.0,-1410.0,0.07010925777468108,0.08982035928143713,0.11235955056179775,529,38.0,40.63157894736842,10.657894736842104,3.763157894736842,12.605263157894736,42.0,44.0,0.4581447963800905,0.237467018469657,37.9,2025-26,True
James Hill,England,DF,Bournemouth,21,2002,5,1,76,0.8,0,0,0,0,0,0,0,0,0.0,0.0,0.0,0.0,0.0,False,2023-24,2023,0.0,1,76,,,0.0,,,441,38.0,44.05263157894737,14.263157894736842,4.868421052631579,13.973684210526315,54.0,67.0,0.5051258154706431,0.2,5.0,2024-25,True
James Hill,England,DF,Bournemouth,22,2002,10,6,448,5.0,0,1,1,0,0,0,1,0,0.0,0.2,0.2,0.0,0.2,False,2024-25,2024,0.2,2,524,76.0,372.0,0.13333333333333333,0.0,,484,38.0,48.578947368421055,15.263157894736842,5.315789473684211,12.842105263157896,58.0,46.0,0.5430711610486891,0.12820512820512822,23.4,2025-26,True
James Justin,England,DF,Leicester City,23,1998,13,11,998,11.1,0,0,0,0,0,0,0,0,0.0,0.0,0.0,0.0,0.0,False,2021-22,2021,0.0,1,998,,,0.0,,,529,,,,,,,,,0.0,13.9,2022-23,True
James Justin,England,"DF,MF",Leicester City,24,1998,14,14,1252,13.9,0,0,0,0,0,0,0,0,0.0,0.0,0.0,0.0,0.0,False,2022-23,2022,0.0,2,2250,998.0,254.0,0.0,0.0,,576,,,,,,,,,0.1234567901234568,32.4,2024-25,True
James Justin,England,"DF,MF",Leicester City,26,1998,36,34,2912,32.4,2,2,4,2,0,0,6,0,0.0617283950617284,0.0617283950617284,0.1234567901234568,0.0617283950617284,0.1234567901234568,False,2024-25,2024,0.1234567901234568,3,5162,1252.0,1660.0,0.0823045267489712,0.0,0.0,676,,,,,,,,,0.14218009478672985,21.1,2025-26,True
James Maddison,England,"MF,FW",Leicester City,24,1996,35,28,2459,27.3,12,8,20,12,0,0,3,0,0.43956043956043955,0.29304029304029305,0.7326007326007326,0.43956043956043955,0.7326007326007326,False,2021-22,2021,0.7326007326007326,1,2459,,,0.7326007326007326,,,576,,,,,,,,,0.6884057971014492,27.6,2022-23,True
James Maddison,England,"MF,FW",Leicester City,25,1996,30,28,2480,27.6,10,9,19,9,1,2,10,0,0.36231884057971014,0.32608695652173914,0.6884057971014492,0.32608695652173914,0.6521739130434782,False,2022-23,2022,0.6884057971014492,2,4939,2459.0,21.0,0.703137442267877,0.7326007326007326,,625,,,,,,,,,0.5485232067510548,23.7,2023-24,True
James Maddison,England,MF,Tottenham,26,1996,28,26,2135,23.7,4,9,13,4,0,0,5,0,0.16877637130801687,0.379746835443038,0.5485232067510548,0.16877637130801687,0.5485232067510548,False,2023-24,2023,0.5485232067510548,3,7074,2480.0,-345.0,0.6000612852566622,0.6884057971014492,0.7326007326007326,676,38.0,62.05263157894737,15.31578947368421,5.631578947368421,12.789473684210526,74.0,61.0,0.5449438202247191,0.7960199004975124,20.1,2024-25,True
James Mcatee,England,MF,Manchester City,18,2002,2,0,20,0.2,0,0,0,0,0,0,0,0,0.0,0.0,0.0,0.0,0.0,False,2021-22,2021,0.0,1,20,,,0.0,,,324,38.0,68.5,18.763157894736842,6.657894736842105,6.2368421052631575,99.0,26.0,0.7505263157894737,0.7692307692307693,3.9,2024-25,True
James Mcatee,England,MF,Manchester City,21,2002,15,3,349,3.9,3,0,3,3,0,0,1,0,0.7692307692307693,0.0,0.7692307692307693,0.7692307692307693,0.7692307692307693,False,2024-25,2024,0.7692307692307693,2,369,20.0,329.0,0.5128205128205128,0.0,,441,38.0,61.73684210526316,16.0,5.7105263157894735,9.31578947368421,72.0,44.0,0.6320166320166319,0.30303030303030304,3.3,2025-26,True
James Milner,England,"MF,DF",Liverpool,35,1986,24,9,853,9.5,0,1,1,0,0,0,2,0,0.0,0.10526315789473684,0.10526315789473684,0.0,0.10526315789473684,False,2021-22,2021,0.10526315789473684,1,853,,,0.10526315789473684,,,1225,38.0,63.3421052631579,19.18421052631579,6.7631578947368425,7.7894736842105265,94.0,26.0,0.7112195121951219,0.09900990099009901,10.1,2022-23,True
James Milner,England,"MF,DF",Liverpool,36,1986,31,7,913,10.1,0,1,1,0,0,0,2,0,0.0,0.09900990099009901,0.09900990099009901,0.0,0.09900990099009901,False,2022-23,2022,0.09900990099009901,2,1766,853.0,60.0,0.10109431995831161,0.10526315789473684,,1296,38.0,61.10526315789474,15.921052631578947,5.578947368421052,9.710526315789474,75.0,47.0,0.6211498973305954,0.23255813953488372,8.6,2023-24,True
James Milner,England,MF,Brighton,38,1986,4,3,170,1.9,0,0,0,0,0,0,1,0,0.0,0.0,0.0,0.0,0.0,False,2024-25,2024,0.0,4,2709,773.0,-603.0,0.06291228878089768,0.23255813953488372,0.09900990099009901,1444,38.0,52.63157894736842,14.026315789473685,5.026315789473684,11.236842105263158,66.0,59.0,0.5552083333333333,0.2298850574712644,8.7,2025-26,True
James Tarkowski,England,DF,Burnley,28,1992,35,35,3106,34.5,1,2,3,1,0,0,11,0,0.028985507246376812,0.057971014492753624,0.08695652173913043,0.028985507246376812,0.08695652173913043,False,2021-22,2021,0.08695652173913043,1,3106,,,0.08695652173913043,,,784,,,,,,,,,0.05263157894736842,38.0,2022-23,True
James Tarkowski,England,DF,Everton,29,1992,38,38,3420,38.0,1,1,2,1,0,0,6,0,0.02631578947368421,0.02631578947368421,0.05263157894736842,0.02631578947368421,0.05263157894736842,False,2022-23,2022,0.05263157894736842,2,6526,3106.0,314.0,0.06407322654462243,0.08695652173913043,,841,38.0,42.578947368421055,11.289473684210526,4.0,15.105263157894736,34.0,57.0,0.42771684945164506,0.05263157894736842,38.0,2023-24,True
James Tarkowski,England,DF,Everton,30,1992,38,38,3419,38.0,1,1,2,1,0,0,11,0,0.02631578947368421,0.02631578947368421,0.05263157894736842,0.02631578947368421,0.05263157894736842,False,2023-24,2023,0.05263157894736842,3,9945,3420.0,-1.0,0.05644546147978642,0.05263157894736842,0.08695652173913043,900,38.0,40.73684210526316,13.342105263157896,4.2631578947368425,14.157894736842104,40.0,51.0,0.4851674641148326,0.06153846153846154,32.5,2024-25,True
James Tarkowski,England,DF,Everton,31,1992,33,33,2922,32.5,1,1,2,1,0,0,6,0,0.03076923076923077,0.03076923076923077,0.06153846153846154,0.03076923076923077,0.06153846153846154,False,2024-25,2024,0.06153846153846154,4,12867,3419.0,-497.0,0.059840794852236506,0.05263157894736842,0.05263157894736842,961,38.0,40.63157894736842,10.657894736842104,3.763157894736842,12.605263157894736,42.0,44.0,0.4581447963800905,0.13513513513513514,37.0,2025-26,True
James Tomkins,England,DF,Crystal Palace,32,1989,8,6,547,6.1,1,0,1,1,0,0,2,0,0.1639344262295082,0.0,0.1639344262295082,0.1639344262295082,0.1639344262295082,False,2021-22,2021,0.1639344262295082,1,547,,,0.1639344262295082,,,1024,38.0,50.94736842105263,10.81578947368421,3.8684210526315788,11.657894736842104,50.0,46.0,0.48126463700234196,0.2631578947368421,3.8,2022-23,True
James Trafford,England,GK,Burnley,20,2002,28,28,2520,28.0,0,0,0,0,0,0,2,0,0.0,0.0,0.0,0.0,0.0,False,2023-24,2023,0.0,1,2520,,,0.0,,,400,,,,,,,,,0.0,4.0,2025-26,True
James Ward-Prowse,England,MF,Southampton,26,1994,36,36,3215,35.7,10,5,15,6,4,4,3,1,0.2801120448179272,0.1400560224089636,0.4201680672268907,0.1680672268907563,0.30812324929971985,False,2021-22,2021,0.4201680672268907,1,3215,,,0.4201680672268907,,,676,,,,,,,,,0.3466666666666667,37.5,2022-23,True
James Ward-Prowse,England,MF,Southampton,27,1994,38,38,3371,37.5,9,4,13,7,2,4,6,0,0.24,0.10666666666666667,0.3466666666666667,0.18666666666666668,0.29333333333333333,False,2022-23,2022,0.3466666666666667,2,6586,3215.0,156.0,0.3711671335200747,0.4201680672268907,,729,,,,,,,,,0.42042042042042044,33.3,2023-24,True
James Ward-ProwseJames Ward-Prowse,England,MF,West Ham,29,1994,24,17,1439,15.9,1,2,3,1,0,0,4,1,0.06289308176100629,0.12578616352201258,0.18867924528301885,0.06289308176100629,0.18867924528301885,False,2024-25,2024,0.18867924528301885,1,1439,,,0.18867924528301885,,,841,,,,,,,,,0.0819672131147541,12.2,2025-26,True
Jamie Vardy,England,FW,Leicester City,34,1987,25,20,1806,20.1,15,2,17,15,0,0,2,0,0.7462686567164178,0.09950248756218905,0.8457711442786069,0.7462686567164178,0.8457711442786069,False,2021-22,2021,0.8457711442786069,1,1806,,,0.8457711442786069,,,1156,,,,,,,,,0.3398058252427184,20.6,2022-23,True
Jamie Vardy,England,FW,Leicester City,35,1987,37,19,1857,20.6,3,4,7,3,0,1,1,0,0.14563106796116504,0.1941747572815534,0.3398058252427184,0.14563106796116504,0.3398058252427184,False,2022-23,2022,0.3398058252427184,2,3663,1806.0,51.0,0.5084609315880146,0.8457711442786069,,1225,,,,,,,,,0.4140127388535032,31.4,2024-25,True
Jan Bednarek,Poland,DF,Southampton,25,1996,31,30,2629,29.2,4,0,4,4,0,0,10,0,0.136986301369863,0.0,0.136986301369863,0.136986301369863,0.136986301369863,False,2021-22,2021,0.136986301369863,1,2629,,,0.136986301369863,,,625,,,,,,,,,0.07117437722419928,28.1,2024-25,True
Jan Paul van Hecke,Netherlands,DF,Brighton,22,2000,8,3,295,3.3,0,0,0,0,0,0,2,0,0.0,0.0,0.0,0.0,0.0,False,2022-23,2022,0.0,1,295,,,0.0,,,484,38.0,60.526315789473685,16.105263157894736,6.078947368421052,10.210526315789474,72.0,53.0,0.612,0.0,26.3,2023-24,True
Jan Paul van Hecke,Netherlands,DF,Brighton,23,2000,28,26,2369,26.3,0,0,0,0,0,0,4,0,0.0,0.0,0.0,0.0,0.0,False,2023-24,2023,0.0,2,2664,295.0,2074.0,0.0,0.0,,529,38.0,60.3421052631579,14.789473684210526,5.473684210526316,12.289473684210526,55.0,62.0,0.5461613216715258,0.060790273556231005,32.9,2024-25,True
Jan Paul van Hecke,Netherlands,DF,Brighton,24,2000,34,33,2958,32.9,1,1,2,1,0,0,8,1,0.030395136778115502,0.030395136778115502,0.060790273556231005,0.030395136778115502,0.060790273556231005,False,2024-25,2024,0.060790273556231005,3,5622,2369.0,589.0,0.040526849037487336,0.0,0.0,576,38.0,52.63157894736842,14.026315789473685,5.026315789473684,11.236842105263158,66.0,59.0,0.5552083333333333,0.1680672268907563,35.7,2025-26,True
Jannik Vestergaard,Denmark,DF,Leicester City,28,1992,10,6,567,6.3,0,0,0,0,0,0,2,0,0.0,0.0,0.0,0.0,0.0,False,2021-22,2021,0.0,1,567,,,0.0,,,784,,,,,,,,,0.0,15.5,2024-25,True
Jarell Quansah,England,DF,Liverpool,20,2003,17,13,1190,13.2,2,0,2,2,0,0,1,0,0.15151515151515152,0.0,0.15151515151515152,0.15151515151515152,0.15151515151515152,False,2023-24,2023,0.15151515151515152,1,1190,,,0.15151515151515152,,,400,38.0,61.78947368421053,20.789473684210527,7.2894736842105265,10.894736842105264,86.0,41.0,0.6561461794019934,0.0,5.5,2024-25,True
Jarrad Branthwaite,England,DF,Everton,19,2002,6,4,388,4.3,1,0,1,1,0,0,0,1,0.23255813953488372,0.0,0.23255813953488372,0.23255813953488372,0.23255813953488372,False,2021-22,2021,0.23255813953488372,1,388,,,0.23255813953488372,,,361,38.0,39.68421052631579,11.526315789473685,3.6315789473684212,13.710526315789474,43.0,66.0,0.45672575599582904,0.08670520231213873,34.6,2023-24,True
Jarrad Branthwaite,England,DF,Everton,21,2002,35,35,3116,34.6,3,0,3,3,0,0,8,0,0.08670520231213873,0.0,0.08670520231213873,0.08670520231213873,0.08670520231213873,False,2023-24,2023,0.08670520231213873,2,3504,388.0,2728.0,0.13532284805305372,0.23255813953488372,,441,38.0,40.73684210526316,13.342105263157896,4.2631578947368425,14.157894736842104,40.0,51.0,0.4851674641148326,0.03584229390681004,27.9,2024-25,True
Jarrad Branthwaite,England,DF,Everton,22,2002,30,28,2511,27.9,0,1,1,0,0,0,4,0,0.0,0.03584229390681004,0.03584229390681004,0.0,0.03584229390681004,False,2024-25,2024,0.03584229390681004,3,6015,3116.0,-605.0,0.06900247862222461,0.08670520231213873,0.23255813953488372,484,38.0,40.63157894736842,10.657894736842104,3.763157894736842,12.605263157894736,42.0,44.0,0.4581447963800905,0.13157894736842105,7.6,2025-26,True
Jarrod Bowen,England,MF,West Ham,24,1996,36,34,2983,33.1,12,10,22,12,0,0,6,0,0.36253776435045315,0.3021148036253776,0.6646525679758308,0.36253776435045315,0.6646525679758308,False,2021-22,2021,0.6646525679758308,1,2983,,,0.6646525679758308,,,576,,,,,,,,,0.30640668523676884,35.9,2022-23,True
Jarrod Bowen,England,"MF,FW",West Ham,25,1996,38,36,3233,35.9,6,5,11,5,1,2,2,0,0.1671309192200557,0.1392757660167131,0.30640668523676884,0.1392757660167131,0.2785515320334262,False,2022-23,2022,0.30640668523676884,2,6216,2983.0,250.0,0.42582197948312284,0.6646525679758308,,625,,,,,,,,,0.6567164179104478,33.5,2023-24,True
Jarrod Bowen,England,"MF,FW",West Ham,26,1996,34,34,3019,33.5,16,6,22,16,0,0,2,0,0.47761194029850745,0.1791044776119403,0.6567164179104478,0.47761194029850745,0.6567164179104478,False,2023-24,2023,0.6567164179104478,3,9235,3233.0,-214.0,0.5797516051013395,0.30640668523676884,0.6646525679758308,676,,,,,,,,,0.6363636363636364,33.0,2024-25,True
Jarrod Bowen,England,"MF,FW",West Ham,27,1996,34,34,2973,33.0,13,8,21,12,1,1,1,0,0.3939393939393939,0.24242424242424243,0.6363636363636364,0.36363636363636365,0.6060606060606061,False,2024-25,2024,0.6363636363636364,4,12208,3019.0,-46.0,0.6174929592762041,0.6567164179104478,0.30640668523676884,729,,,,,,,,,0.5291005291005292,37.8,2025-26,True
Jason Steele,England,GK,Brighton,30,1990,1,1,90,1.0,0,0,0,0,0,0,0,0,0.0,0.0,0.0,0.0,0.0,False,2021-22,2021,0.0,1,90,,,0.0,,,900,38.0,54.73684210526316,12.868421052631579,4.0,12.526315789473685,42.0,44.0,0.5067357512953368,0.06666666666666667,15.0,2022-23,True
Jason Steele,England,GK,Brighton,31,1990,15,15,1350,15.0,0,1,1,0,0,0,1,0,0.0,0.06666666666666667,0.06666666666666667,0.0,0.06666666666666667,False,2022-23,2022,0.06666666666666667,2,1440,90.0,1260.0,0.04444444444444444,0.0,,961,38.0,60.526315789473685,16.105263157894736,6.078947368421052,10.210526315789474,72.0,53.0,0.612,0.0,17.0,2023-24,True
Jay Rodriguez,England,FW,Burnley,32,1989,29,13,1382,15.4,2,2,4,2,0,0,3,0,0.12987012987012986,0.12987012987012986,0.2597402597402597,0.12987012987012986,0.2597402597402597,False,2021-22,2021,0.2597402597402597,1,1382,,,0.2597402597402597,,,1024,,,,,,,,,0.32967032967032966,9.1,2023-24,True
Jayden Bogle,England,"MF,DF",Sheffield United,23,2000,34,32,2788,31.0,3,0,3,3,0,0,9,0,0.0967741935483871,0.0,0.0967741935483871,0.0967741935483871,0.0967741935483871,False,2023-24,2023,0.0967741935483871,1,2788,,,0.0967741935483871,,,529,,,,,,,,,0.0967741935483871,31.0,2025-26,True
Jean-Clair Todibo,France,DF,West Ham,24,1999,27,20,1825,20.3,0,0,0,0,0,0,3,0,0.0,0.0,0.0,0.0,0.0,False,2024-25,2024,0.0,1,1825,,,0.0,,,576,,,,,,,,,0.04950495049504951,20.2,2025-26,True
Jean-Philippe Mateta,France,FW,Crystal Palace,24,1997,22,13,1145,12.7,5,1,6,5,0,0,2,0,0.3937007874015748,0.07874015748031496,0.4724409448818898,0.3937007874015748,0.4724409448818898,False,2021-22,2021,0.4724409448818898,1,1145,,,0.4724409448818898,,,576,38.0,50.94736842105263,10.81578947368421,3.8684210526315788,11.657894736842104,50.0,46.0,0.48126463700234196,0.23255813953488372,8.6,2022-23,True
Jean-Philippe Mateta,France,FW,Crystal Palace,25,1997,29,6,770,8.6,2,0,2,2,0,0,3,0,0.23255813953488372,0.0,0.23255813953488372,0.23255813953488372,0.23255813953488372,False,2022-23,2022,0.23255813953488372,2,1915,1145.0,-375.0,0.3125190746505524,0.4724409448818898,,625,38.0,46.13157894736842,11.18421052631579,3.5789473684210527,12.0,40.0,49.0,0.48240635641316687,0.8267716535433072,25.4,2023-24,True
Jean-Philippe Mateta,France,FW,Crystal Palace,26,1997,35,25,2282,25.4,16,5,21,14,2,2,3,0,0.6299212598425197,0.1968503937007874,0.8267716535433072,0.5511811023622047,0.7480314960629922,False,2023-24,2023,0.8267716535433072,3,4197,770.0,1512.0,0.6553541272457222,0.23255813953488372,0.4724409448818898,676,38.0,42.1578947368421,12.0,4.447368421052632,12.078947368421053,57.0,58.0,0.4983606557377049,0.54421768707483,29.4,2024-25,True
Jean-Philippe Mateta,France,FW,Crystal Palace,27,1997,37,33,2648,29.4,14,2,16,12,2,2,2,0,0.4761904761904762,0.06802721088435375,0.54421768707483,0.40816326530612246,0.4761904761904762,False,2024-25,2024,0.54421768707483,4,6845,2282.0,366.0,0.581263167131794,0.8267716535433072,0.23255813953488372,729,38.0,42.5,13.552631578947368,4.894736842105263,12.710526315789474,51.0,51.0,0.5160320641282565,0.4878048780487805,24.6,2025-26,True
Jean-Ricner Bellegarde,Haiti,"MF,FW",Wolves,25,1998,22,10,958,10.6,2,1,3,2,0,0,0,1,0.18867924528301888,0.09433962264150944,0.2830188679245283,0.18867924528301888,0.2830188679245283,False,2023-24,2023,0.2830188679245283,1,958,,,0.2830188679245283,,,625,,,,,,,,,0.48387096774193544,18.6,2024-25,True
Jean-Ricner Bellegarde,Haiti,MF,Wolves,26,1998,35,20,1677,18.6,2,7,9,2,0,0,3,0,0.1075268817204301,0.3763440860215054,0.48387096774193544,0.1075268817204301,0.48387096774193544,False,2024-25,2024,0.48387096774193544,2,2635,958.0,719.0,0.41692026780279967,0.2830188679245283,,676,,,,,,,,,0.14388489208633093,13.9,2025-26,True
Jefferson Lerma,Colombia,MF,Bournemouth,27,1994,37,37,3252,36.1,5,0,5,5,0,0,7,0,0.13850415512465372,0.0,0.13850415512465372,0.13850415512465372,0.13850415512465372,False,2022-23,2022,0.13850415512465372,1,3252,,,0.13850415512465372,,,729,38.0,40.078947368421055,9.394736842105264,3.5,16.473684210526315,37.0,71.0,0.3631739572736521,0.0749063670411985,26.7,2023-24,True
Jefferson Lerma,Colombia,"MF,DF",Crystal Palace,28,1994,28,27,2400,26.7,1,1,2,1,0,0,8,0,0.03745318352059925,0.03745318352059925,0.0749063670411985,0.03745318352059925,0.0749063670411985,False,2023-24,2023,0.0749063670411985,2,5652,3252.0,-852.0,0.09610562973568357,0.13850415512465372,,784,38.0,42.1578947368421,12.0,4.447368421052632,12.078947368421053,57.0,58.0,0.4983606557377049,0.039525691699604744,25.3,2024-25,True
Jefferson Lerma,Colombia,"MF,DF",Crystal Palace,29,1994,33,26,2274,25.3,0,1,1,0,0,0,9,0,0.0,0.039525691699604744,0.039525691699604744,0.0,0.039525691699604744,False,2024-25,2024,0.039525691699604744,3,7926,2400.0,-126.0,0.05838567104496435,0.0749063670411985,0.13850415512465372,841,38.0,42.5,13.552631578947368,4.894736842105263,12.710526315789474,51.0,51.0,0.5160320641282565,0.10362694300518134,19.3,2025-26,True
Jeffrey Schlupp,Ghana,"MF,FW",Crystal Palace,28,1992,32,20,1851,20.6,4,1,5,4,0,0,1,0,0.1941747572815534,0.04854368932038835,0.24271844660194172,0.1941747572815534,0.24271844660194172,False,2021-22,2021,0.24271844660194172,1,1851,,,0.24271844660194172,,,784,38.0,50.94736842105263,10.81578947368421,3.8684210526315788,11.657894736842104,50.0,46.0,0.48126463700234196,0.14234875444839856,28.1,2022-23,True
Jeffrey Schlupp,Ghana,MF,Crystal Palace,29,1992,34,30,2531,28.1,3,1,4,3,0,0,7,0,0.10676156583629892,0.03558718861209964,0.14234875444839856,0.10676156583629892,0.14234875444839856,False,2022-23,2022,0.14234875444839856,2,4382,1851.0,680.0,0.17580531849957962,0.24271844660194172,,841,38.0,46.13157894736842,11.18421052631579,3.5789473684210527,12.0,40.0,49.0,0.48240635641316687,0.26666666666666666,15.0,2023-24,True
Jeremy Doku,Belgium,"MF,FW",Manchester City,21,2002,29,18,1595,17.7,3,8,11,3,0,0,3,0,0.16949152542372883,0.4519774011299435,0.6214689265536724,0.16949152542372883,0.6214689265536724,False,2023-24,2023,0.6214689265536724,1,1595,,,0.6214689265536724,,,441,38.0,65.73684210526316,18.263157894736842,7.315789473684211,7.7368421052631575,96.0,34.0,0.7024291497975709,0.5357142857142857,16.8,2024-25,True
Jeremy Doku,Belgium,"MF,FW",Manchester City,22,2002,29,16,1516,16.8,3,6,9,3,0,0,1,0,0.17857142857142858,0.35714285714285715,0.5357142857142857,0.17857142857142858,0.5357142857142857,False,2024-25,2024,0.5357142857142857,2,3111,1595.0,-79.0,0.5642991659940813,0.6214689265536724,,484,38.0,61.73684210526316,16.0,5.7105263157894735,9.31578947368421,72.0,44.0,0.6320166320166319,0.5050505050505051,19.8,2025-26,True
Jesse Lingard,England,MF,Manchester Utd,28,1992,16,2,367,4.1,2,0,2,2,0,0,1,0,0.48780487804878053,0.0,0.48780487804878053,0.48780487804878053,0.48780487804878053,False,2021-22,2021,0.48780487804878053,1,367,,,0.48780487804878053,,,784,38.0,52.921052631578945,13.368421052631579,4.921052631578948,13.447368421052632,57.0,57.0,0.4985279685966634,0.0,10.3,2022-23,True
Joachim Andersen,Denmark,DF,Crystal Palace,25,1996,34,32,2916,32.4,0,3,3,0,0,0,4,0,0.0,0.0925925925925926,0.0925925925925926,0.0,0.0925925925925926,False,2021-22,2021,0.0925925925925926,1,2916,,,0.0925925925925926,,,625,38.0,50.94736842105263,10.81578947368421,3.8684210526315788,11.657894736842104,50.0,46.0,0.48126463700234196,0.03236245954692557,30.9,2022-23,True
Joachim Andersen,Denmark,DF,Crystal Palace,26,1996,32,32,2782,30.9,1,0,1,1,0,0,8,0,0.03236245954692557,0.0,0.03236245954692557,0.03236245954692557,0.03236245954692557,False,2022-23,2022,0.03236245954692557,2,5698,2916.0,-134.0,0.05243917056214792,0.0925925925925926,,676,38.0,46.13157894736842,11.18421052631579,3.5789473684210527,12.0,40.0,49.0,0.48240635641316687,0.13192612137203166,37.9,2023-24,True
Joachim Andersen,Denmark,DF,Crystal Palace,27,1996,38,38,3415,37.9,2,3,5,2,0,0,7,0,0.052770448548812667,0.079155672823219,0.13192612137203166,0.052770448548812667,0.13192612137203166,False,2023-24,2023,0.13192612137203166,3,9113,2782.0,633.0,0.1054304711020704,0.03236245954692557,0.0925925925925926,729,38.0,42.1578947368421,12.0,4.447368421052632,12.078947368421053,57.0,58.0,0.4983606557377049,0.031347962382445145,31.9,2025-26,True
Joe Aribo,Nigeria,"MF,FW",Southampton,26,1996,21,13,1224,13.6,2,0,2,2,0,0,2,0,0.14705882352941177,0.0,0.14705882352941177,0.14705882352941177,0.14705882352941177,False,2022-23,2022,0.14705882352941177,1,1224,,,0.14705882352941177,,,676,,,,,,,,,0.13392857142857142,22.4,2024-25,True
Joe Gomez,England,DF,Liverpool,24,1997,8,4,331,3.7,0,1,1,0,0,0,2,0,0.0,0.27027027027027023,0.27027027027027023,0.0,0.27027027027027023,False,2021-22,2021,0.27027027027027023,1,331,,,0.27027027027027023,,,576,38.0,63.3421052631579,19.18421052631579,6.7631578947368425,7.7894736842105265,94.0,26.0,0.7112195121951219,0.0,16.3,2022-23,True
Joe Gomez,England,DF,Liverpool,25,1997,21,15,1466,16.3,0,0,0,0,0,0,3,0,0.0,0.0,0.0,0.0,0.0,False,2022-23,2022,0.0,2,1797,331.0,1135.0,0.09009009009009009,0.27027027027027023,,625,38.0,61.10526315789474,15.921052631578947,5.578947368421052,9.710526315789474,75.0,47.0,0.6211498973305954,0.050505050505050504,19.8,2023-24,True
Joe Gomez,England,DF,Liverpool,26,1997,32,17,1786,19.8,0,1,1,0,0,0,5,0,0.0,0.050505050505050504,0.050505050505050504,0.0,0.050505050505050504,False,2023-24,2023,0.050505050505050504,3,3583,1466.0,320.0,0.0637000637000637,0.0,0.27027027027027023,676,38.0,61.78947368421053,20.789473684210527,7.2894736842105265,10.894736842105264,86.0,41.0,0.6561461794019934,0.0,5.8,2024-25,True
Joe Gomez,England,DF,Liverpool,27,1997,9,6,519,5.8,0,0,0,0,0,0,1,0,0.0,0.0,0.0,0.0,0.0,False,2024-25,2024,0.0,4,4102,1786.0,-1267.0,0.021233354566687904,0.050505050505050504,0.0,729,38.0,58.078947368421055,17.026315789473685,6.078947368421052,10.18421052631579,86.0,41.0,0.625725338491296,0.29850746268656714,6.7,2025-26,True
Joe Rodon,Wales,DF,Tottenham,23,1997,3,0,89,1.0,0,0,0,0,0,0,0,0,0.0,0.0,0.0,0.0,0.0,False,2021-22,2021,0.0,1,89,,,0.0,,,529,38.0,52.0,12.921052631578947,5.184210526315789,12.921052631578947,69.0,40.0,0.5,0.06097560975609757,32.8,2025-26,True
Joe Rothwell,England,MF,Bournemouth,27,1995,20,12,1016,11.3,0,1,1,0,0,0,1,0,0.0,0.08849557522123894,0.08849557522123894,0.0,0.08849557522123894,False,2022-23,2022,0.08849557522123894,1,1016,,,0.08849557522123894,,,729,38.0,40.078947368421055,9.394736842105264,3.5,16.473684210526315,37.0,71.0,0.3631739572736521,0.0,4.3,2023-24,True
Joe Willock,England,MF,Newcastle,21,1999,29,24,2038,22.6,2,0,2,2,0,0,0,0,0.08849557522123894,0.0,0.08849557522123894,0.08849557522123894,0.08849557522123894,False,2021-22,2021,0.08849557522123894,1,2038,,,0.08849557522123894,,,441,38.0,39.94736842105263,11.789473684210526,3.8947368421052633,13.894736842105264,44.0,62.0,0.45901639344262296,0.31690140845070425,28.4,2022-23,True
Joe Willock,England,MF,Newcastle,22,1999,35,31,2558,28.4,3,6,9,3,0,0,1,0,0.10563380281690142,0.21126760563380284,0.31690140845070425,0.10563380281690142,0.31690140845070425,False,2022-23,2022,0.31690140845070425,2,4596,2038.0,520.0,0.24076613070754913,0.08849557522123894,,484,38.0,52.44736842105263,15.026315789473685,5.184210526315789,10.18421052631579,68.0,33.0,0.5960334029227558,0.2127659574468085,4.7,2023-24,True
Joe Willock,England,MF,Newcastle,23,1999,9,5,419,4.7,1,0,1,1,0,0,0,0,0.2127659574468085,0.0,0.2127659574468085,0.2127659574468085,0.2127659574468085,False,2023-24,2023,0.2127659574468085,3,5015,2558.0,-2139.0,0.22209934853372204,0.31690140845070425,0.08849557522123894,529,38.0,52.21052631578947,14.5,5.605263157894737,14.052631578947368,85.0,62.0,0.5078341013824884,0.1652892561983471,12.1,2024-25,True
Joe Willock,England,MF,Newcastle,24,1999,32,11,1086,12.1,0,2,2,0,0,0,4,0,0.0,0.1652892561983471,0.1652892561983471,0.0,0.1652892561983471,False,2024-25,2024,0.1652892561983471,4,6101,419.0,667.0,0.1842259536434721,0.2127659574468085,0.31690140845070425,576,38.0,51.05263157894737,13.789473684210526,4.578947368421052,12.447368421052632,68.0,47.0,0.5255767301905717,0.18348623853211007,10.9,2025-26,True
Joe Worrall,England,DF,Nottingham,25,1997,30,21,2224,24.7,1,0,1,1,0,0,6,0,0.04048582995951417,0.0,0.04048582995951417,0.04048582995951417,0.04048582995951417,False,2022-23,2022,0.04048582995951417,1,2224,,,0.04048582995951417,,,625,38.0,37.21052631578947,9.68421052631579,3.1052631578947367,14.657894736842104,38.0,68.0,0.3978378378378378,0.0,4.9,2023-24,True
Joe Worrall,England,DF,Nottingham,26,1997,7,5,439,4.9,0,0,0,0,0,0,0,1,0.0,0.0,0.0,0.0,0.0,False,2023-24,2023,0.0,2,2663,2224.0,-1785.0,0.013495276653171392,0.04048582995951417,,676,38.0,40.21052631578947,11.868421052631579,3.8947368421052633,13.421052631578947,49.0,67.0,0.46930280957336107,0.0,5.6,2025-26,True
Joel Ward,England,DF,Crystal Palace,31,1989,28,27,2487,27.6,0,0,0,0,0,0,8,0,0.0,0.0,0.0,0.0,0.0,False,2021-22,2021,0.0,1,2487,,,0.0,,,961,38.0,50.94736842105263,10.81578947368421,3.8684210526315788,11.657894736842104,50.0,46.0,0.48126463700234196,0.0398406374501992,25.1,2022-23,True
Joel Ward,England,DF,Crystal Palace,32,1989,28,24,2256,25.1,1,0,1,1,0,0,6,0,0.0398406374501992,0.0,0.0398406374501992,0.0398406374501992,0.0398406374501992,False,2022-23,2022,0.0398406374501992,2,4743,2487.0,-231.0,0.026560424966799466,0.0,,1024,38.0,46.13157894736842,11.18421052631579,3.5789473684210527,12.0,40.0,49.0,0.48240635641316687,0.045454545454545456,22.0,2023-24,True
Joelinton,Brazil,"MF,FW",Newcastle,24,1996,35,30,2558,28.4,4,1,5,4,0,0,8,0,0.14084507042253522,0.035211267605633804,0.17605633802816903,0.14084507042253522,0.17605633802816903,False,2021-22,2021,0.17605633802816903,1,2558,,,0.17605633802816903,,,576,38.0,39.94736842105263,11.789473684210526,3.8947368421052633,13.894736842105264,44.0,62.0,0.45901639344262296,0.23648648648648649,29.6,2022-23,True
Joelinton,Brazil,"MF,FW",Newcastle,25,1996,32,30,2661,29.6,6,1,7,6,0,0,12,0,0.2027027027027027,0.03378378378378378,0.23648648648648649,0.2027027027027027,0.23648648648648649,False,2022-23,2022,0.23648648648648649,2,5219,2558.0,103.0,0.21634310366704734,0.17605633802816903,,625,38.0,52.44736842105263,15.026315789473685,5.184210526315789,10.18421052631579,68.0,33.0,0.5960334029227558,0.21126760563380284,14.2,2023-24,True
Joelinton,Brazil,"MF,FW",Newcastle,26,1996,20,15,1279,14.2,2,1,3,2,0,0,6,0,0.14084507042253522,0.07042253521126761,0.21126760563380284,0.14084507042253522,0.21126760563380284,False,2023-24,2023,0.21126760563380284,3,6498,2661.0,-1382.0,0.212959438311551,0.23648648648648649,0.17605633802816903,676,38.0,52.21052631578947,14.5,5.605263157894737,14.052631578947368,85.0,62.0,0.5078341013824884,0.2631578947368421,26.6,2024-25,True
Joelinton,Brazil,"MF,FW",Newcastle,27,1996,29,29,2393,26.6,4,3,7,4,0,0,10,0,0.15037593984962405,0.11278195488721804,0.2631578947368421,0.15037593984962405,0.2631578947368421,False,2024-25,2024,0.2631578947368421,4,8891,1279.0,1114.0,0.24642507592841173,0.21126760563380284,0.23648648648648649,729,38.0,51.05263157894737,13.789473684210526,4.578947368421052,12.447368421052632,68.0,47.0,0.5255767301905717,0.1382488479262673,21.7,2025-26,True
John McGinn,Scotland,MF,Aston Villa,26,1994,35,35,3090,34.3,3,4,7,3,0,0,8,0,0.08746355685131196,0.11661807580174928,0.20408163265306123,0.08746355685131196,0.20408163265306123,False,2021-22,2021,0.20408163265306123,1,3090,,,0.20408163265306123,,,676,38.0,46.473684210526315,12.210526315789474,4.2631578947368425,12.552631578947368,52.0,54.0,0.49309245483528164,0.13377926421404682,29.9,2022-23,True
John McGinn,Scotland,MF,Aston Villa,27,1994,34,30,2693,29.9,1,3,4,1,0,0,7,0,0.033444816053511704,0.10033444816053512,0.13377926421404682,0.033444816053511704,0.13377926421404682,False,2022-23,2022,0.13377926421404682,2,5783,3090.0,-397.0,0.15721338702705162,0.20408163265306123,,729,38.0,49.44736842105263,11.31578947368421,3.973684210526316,11.289473684210526,51.0,46.0,0.5005820721769499,0.3003003003003003,33.3,2023-24,True
John McGinn,Scotland,MF,Aston Villa,28,1994,35,35,2999,33.3,6,4,10,6,0,0,9,1,0.1801801801801802,0.12012012012012013,0.3003003003003003,0.1801801801801802,0.3003003003003003,False,2023-24,2023,0.3003003003003003,3,8782,2693.0,306.0,0.25260466254255076,0.13377926421404682,0.20408163265306123,784,38.0,53.421052631578945,13.5,5.0,11.947368421052632,76.0,61.0,0.5305067218200621,0.20242914979757085,24.7,2024-25,True
John McGinn,Scotland,MF,Aston Villa,29,1994,34,27,2223,24.7,1,4,5,1,0,0,7,0,0.04048582995951417,0.16194331983805668,0.20242914979757085,0.04048582995951417,0.20242914979757085,False,2024-25,2024,0.20242914979757085,4,11005,2999.0,-776.0,0.21915432071256416,0.3003003003003003,0.13377926421404682,841,38.0,50.71052631578947,12.736842105263158,4.473684210526316,12.18421052631579,58.0,51.0,0.5110876451953538,0.379746835443038,23.7,2025-26,True
John Stones,England,DF,Manchester City,27,1994,14,12,1119,12.4,1,0,1,1,0,0,0,0,0.08064516129032258,0.0,0.08064516129032258,0.08064516129032258,0.08064516129032258,False,2021-22,2021,0.08064516129032258,1,1119,,,0.08064516129032258,,,729,38.0,68.5,18.763157894736842,6.657894736842105,6.2368421052631575,99.0,26.0,0.7505263157894737,0.1951219512195122,20.5,2022-23,True
John Stones,England,"DF,MF",Manchester City,28,1994,23,21,1846,20.5,2,2,4,2,0,0,2,0,0.0975609756097561,0.0975609756097561,0.1951219512195122,0.0975609756097561,0.1951219512195122,False,2022-23,2022,0.1951219512195122,2,2965,1119.0,727.0,0.15696302124311565,0.08064516129032258,,784,38.0,65.34210526315789,15.789473684210526,5.7631578947368425,7.7105263157894735,94.0,33.0,0.6718924972004479,0.0847457627118644,11.8,2023-24,True
John Stones,England,DF,Manchester City,29,1994,16,12,1064,11.8,1,0,1,1,0,0,2,0,0.0847457627118644,0.0,0.0847457627118644,0.0847457627118644,0.0847457627118644,False,2023-24,2023,0.0847457627118644,3,4029,1846.0,-782.0,0.10881818222228148,0.1951219512195122,0.08064516129032258,841,38.0,65.73684210526316,18.263157894736842,7.315789473684211,7.7368421052631575,96.0,34.0,0.7024291497975709,0.3278688524590164,6.1,2024-25,True
John Stones,England,DF,Manchester City,30,1994,11,6,548,6.1,2,0,2,2,0,0,1,0,0.3278688524590164,0.0,0.3278688524590164,0.3278688524590164,0.3278688524590164,False,2024-25,2024,0.3278688524590164,4,4577,1064.0,-516.0,0.25485196238010477,0.0847457627118644,0.1951219512195122,900,38.0,61.73684210526316,16.0,5.7105263157894735,9.31578947368421,72.0,44.0,0.6320166320166319,0.0,4.9,2025-26,True
Jonny Castro,Spain,"MF,DF",Wolves,27,1994,13,10,1024,11.4,2,0,2,2,0,0,1,0,0.17543859649122806,0.0,0.17543859649122806,0.17543859649122806,0.17543859649122806,False,2021-22,2021,0.17543859649122806,1,1024,,,0.17543859649122806,,,729,,,,,,,,,0.07142857142857142,14.0,2022-23,True
Jonny Evans,Northern Ireland,DF,Leicester City,33,1988,18,16,1348,15.0,1,1,2,1,0,0,3,0,0.06666666666666667,0.06666666666666667,0.13333333333333333,0.06666666666666667,0.13333333333333333,False,2021-22,2021,0.13333333333333333,1,1348,,,0.13333333333333333,,,1089,,,,,,,,,0.0,11.7,2022-23,True
Jonny Evans,Northern Ireland,DF,Leicester City,34,1988,13,12,1051,11.7,0,0,0,0,0,0,1,0,0.0,0.0,0.0,0.0,0.0,False,2022-23,2022,0.0,2,2399,1348.0,-297.0,0.044444444444444446,0.13333333333333333,,1156,,,,,,,,,0.06451612903225806,15.5,2023-24,True
Jonny Evans,Northern Ireland,DF,Manchester Utd,35,1988,23,15,1392,15.5,0,1,1,0,0,0,2,0,0.0,0.06451612903225806,0.06451612903225806,0.0,0.06451612903225806,False,2023-24,2023,0.06451612903225806,3,3791,1051.0,341.0,0.057825567502986855,0.0,0.13333333333333333,1225,38.0,50.526315789473685,14.473684210526315,5.078947368421052,17.55263157894737,57.0,58.0,0.4519309778142974,0.0,3.5,2024-25,True
Jordan Ayew,Ghana,"FW,MF",Crystal Palace,29,1991,31,23,2019,22.4,3,3,6,3,0,0,2,0,0.13392857142857142,0.13392857142857142,0.26785714285714285,0.13392857142857142,0.26785714285714285,False,2021-22,2021,0.26785714285714285,1,2019,,,0.26785714285714285,,,841,38.0,50.94736842105263,10.81578947368421,3.8684210526315788,11.657894736842104,50.0,46.0,0.48126463700234196,0.2317880794701987,30.2,2022-23,True
Jordan Ayew,Ghana,"FW,MF",Crystal Palace,30,1991,38,31,2714,30.2,4,3,7,4,0,0,5,0,0.13245033112582782,0.09933774834437087,0.2317880794701987,0.13245033112582782,0.2317880794701987,False,2022-23,2022,0.2317880794701987,2,4733,2019.0,695.0,0.2438111005991801,0.26785714285714285,,900,38.0,46.13157894736842,11.18421052631579,3.5789473684210527,12.0,40.0,49.0,0.48240635641316687,0.38869257950530034,28.3,2023-24,True
Jordan Henderson,England,MF,Liverpool,31,1990,35,29,2597,28.9,2,5,7,2,0,0,3,0,0.06920415224913495,0.17301038062283738,0.24221453287197234,0.06920415224913495,0.24221453287197234,False,2021-22,2021,0.24221453287197234,1,2597,,,0.24221453287197234,,,961,38.0,63.3421052631579,19.18421052631579,6.7631578947368425,7.7894736842105265,94.0,26.0,0.7112195121951219,0.08695652173913043,23.0,2022-23,True
Jordan Henderson,England,MF,Liverpool,32,1990,35,23,2074,23.0,0,2,2,0,0,0,2,0,0.0,0.08695652173913043,0.08695652173913043,0.0,0.08695652173913043,False,2022-23,2022,0.08695652173913043,2,4671,2597.0,-523.0,0.1387091921167444,0.24221453287197234,,1024,38.0,61.10526315789474,15.921052631578947,5.578947368421052,9.710526315789474,75.0,47.0,0.6211498973305954,0.18779342723004694,21.3,2025-26,True
Jordan Pickford,England,GK,Everton,27,1994,35,35,3150,35.0,0,0,0,0,0,0,2,0,0.0,0.0,0.0,0.0,0.0,False,2021-22,2021,0.0,1,3150,,,0.0,,,729,38.0,39.68421052631579,11.526315789473685,3.6315789473684212,13.710526315789474,43.0,66.0,0.45672575599582904,0.02702702702702703,37.0,2022-23,True
Jordan Pickford,England,GK,Everton,28,1994,37,37,3330,37.0,0,1,1,0,0,0,6,0,0.0,0.02702702702702703,0.02702702702702703,0.0,0.02702702702702703,False,2022-23,2022,0.02702702702702703,2,6480,3150.0,180.0,0.018018018018018018,0.0,,784,38.0,42.578947368421055,11.289473684210526,4.0,15.105263157894736,34.0,57.0,0.42771684945164506,0.0,38.0,2023-24,True
Jordan Pickford,England,GK,Everton,29,1994,38,38,3420,38.0,0,0,0,0,0,0,5,0,0.0,0.0,0.0,0.0,0.0,False,2023-24,2023,0.0,3,9900,3330.0,90.0,0.006006006006006007,0.02702702702702703,0.0,841,38.0,40.73684210526316,13.342105263157896,4.2631578947368425,14.157894736842104,40.0,51.0,0.4851674641148326,0.02631578947368421,38.0,2024-25,True
Jordan Pickford,England,GK,Everton,30,1994,38,38,3420,38.0,0,1,1,0,0,0,7,0,0.0,0.02631578947368421,0.02631578947368421,0.0,0.02631578947368421,False,2024-25,2024,0.02631578947368421,4,13320,3420.0,0.0,0.019545861651124808,0.0,0.02702702702702703,900,38.0,40.63157894736842,10.657894736842104,3.763157894736842,12.605263157894736,42.0,44.0,0.4581447963800905,0.0,38.0,2025-26,True
Jorge Cuenca,Spain,DF,Fulham,24,1999,8,4,351,3.9,0,0,0,0,0,0,0,0,0.0,0.0,0.0,0.0,0.0,False,2024-25,2024,0.0,1,351,,,0.0,,,576,38.0,52.473684210526315,13.710526315789474,4.552631578947368,11.368421052631579,54.0,54.0,0.5466946484784889,0.0,10.4,2025-26,True
Jorginho,Italy,MF,Chelsea,29,1991,29,26,2273,25.3,6,2,8,0,6,7,5,0,0.23715415019762845,0.07905138339920949,0.31620553359683795,0.0,0.0790513833992095,False,2021-22,2021,0.31620553359683795,1,2273,,,0.31620553359683795,,,841,38.0,62.3421052631579,15.578947368421053,5.552631578947368,8.921052631578947,76.0,33.0,0.635875402792696,0.19607843137254904,10.2,2023-24,True
Jorginho,Italy,MF,Arsenal,31,1991,24,10,921,10.2,0,2,2,0,0,0,1,0,0.0,0.19607843137254904,0.19607843137254904,0.0,0.19607843137254904,False,2023-24,2023,0.19607843137254904,2,3194,2273.0,-1352.0,0.23612079878064535,0.31620553359683795,,961,38.0,58.63157894736842,17.263157894736842,5.973684210526316,8.473684210526315,91.0,29.0,0.6707566462167689,0.0,7.8,2024-25,True
Josh Brownhill,England,MF,Burnley,25,1995,35,32,2955,32.8,2,3,5,2,0,0,10,0,0.06097560975609757,0.09146341463414635,0.15243902439024393,0.06097560975609757,0.15243902439024393,False,2021-22,2021,0.15243902439024393,1,2955,,,0.15243902439024393,,,625,,,,,,,,,0.24,25.0,2023-24,True
Josh Cullen,Ireland,MF,Burnley,27,1996,25,23,2057,22.9,2,3,5,2,0,0,9,0,0.08733624454148473,0.13100436681222707,0.2183406113537118,0.08733624454148473,0.2183406113537118,False,2023-24,2023,0.2183406113537118,1,2057,,,0.2183406113537118,,,729,,,,,,,,,0.23809523809523808,16.8,2025-26,True
Josh Dasilva,England,"MF,FW",Brentford,22,1998,9,2,257,2.9,0,0,0,0,0,0,0,1,0.0,0.0,0.0,0.0,0.0,False,2021-22,2021,0.0,1,257,,,0.0,,,484,38.0,44.5,11.631578947368421,4.052631578947368,13.210526315789474,48.0,56.0,0.4682203389830508,0.38961038961038963,15.4,2022-23,True
Joshua Acheampong,England,DF,Chelsea,18,2006,4,2,170,1.9,0,0,0,0,0,0,1,0,0.0,0.0,0.0,0.0,0.0,False,2024-25,2024,0.0,2,176,6.0,164.0,0.0,0.0,,324,38.0,57.3421052631579,15.657894736842104,5.7368421052631575,10.447368421052632,64.0,43.0,0.5997983870967741,0.13513513513513511,7.4,2025-26,True
Joshua King,England,MF,Fulham,17,2007,8,1,130,1.4,0,0,0,0,0,0,0,0,0.0,0.0,0.0,0.0,0.0,False,2024-25,2024,0.0,2,2378,2248.0,-2118.0,0.10666666666666669,0.32,,289,38.0,52.473684210526315,13.710526315789474,4.552631578947368,11.368421052631579,54.0,54.0,0.5466946484784889,0.20689655172413793,14.5,2025-26,True
Joshua Zirkzee,Netherlands,"FW,MF",Manchester Utd,23,2001,32,14,1402,15.6,3,1,4,3,0,0,2,0,0.19230769230769232,0.06410256410256411,0.25641025641025644,0.19230769230769232,0.25641025641025644,False,2024-25,2024,0.25641025641025644,1,1402,,,0.25641025641025644,,,529,38.0,53.55263157894737,13.868421052631579,4.605263157894737,10.921052631578947,44.0,54.0,0.559447983014862,0.42857142857142855,7.0,2025-26,True
José Sá,Portugal,GK,Wolves,28,1993,37,37,3285,36.5,0,1,1,0,0,0,3,0,0.0,0.0273972602739726,0.0273972602739726,0.0,0.0273972602739726,False,2021-22,2021,0.0273972602739726,1,3285,,,0.0273972602739726,,,784,,,,,,,,,0.0,36.0,2022-23,True
José Sá,Portugal,GK,Wolves,29,1993,36,36,3240,36.0,0,0,0,0,0,0,2,0,0.0,0.0,0.0,0.0,0.0,False,2022-23,2022,0.0,2,6525,3285.0,-45.0,0.009132420091324202,0.0273972602739726,,841,,,,,,,,,0.029673590504451036,33.7,2023-24,True
José Sá,Portugal,GK,Wolves,30,1993,35,35,3037,33.7,0,1,1,0,0,0,1,0,0.0,0.029673590504451036,0.029673590504451036,0.0,0.029673590504451036,False,2023-24,2023,0.029673590504451036,3,9562,3240.0,-203.0,0.022826533700075424,0.0,0.0273972602739726,900,,,,,,,,,0.0,29.0,2024-25,True
José Sá,Portugal,GK,Wolves,31,1993,29,29,2609,29.0,0,0,0,0,0,0,2,0,0.0,0.0,0.0,0.0,0.0,False,2024-25,2024,0.0,4,12171,3037.0,-428.0,0.007608844566691809,0.029673590504451036,0.0,961,,,,,,,,,0.0,23.0,2025-26,True
João Cancelo,Portugal,DF,Manchester City,27,1994,36,36,3227,35.9,1,7,8,1,0,0,7,0,0.02785515320334262,0.19498607242339833,0.22284122562674097,0.02785515320334262,0.22284122562674097,False,2021-22,2021,0.22284122562674097,1,3227,,,0.22284122562674097,,,729,38.0,68.5,18.763157894736842,6.657894736842105,6.2368421052631575,99.0,26.0,0.7505263157894737,0.21126760563380284,14.2,2022-23,True
João Félix,Portugal,"FW,MF",Chelsea,22,1999,16,11,941,10.5,4,0,4,4,0,0,1,1,0.38095238095238093,0.0,0.38095238095238093,0.38095238095238093,0.38095238095238093,False,2022-23,2022,0.38095238095238093,1,941,,,0.38095238095238093,,,484,38.0,59.026315789473685,12.736842105263158,4.157894736842105,11.526315789473685,38.0,47.0,0.5249457700650759,0.48780487804878053,4.1,2024-25,True
João Gomes,Brazil,MF,Wolves,21,2001,11,7,653,7.3,1,0,1,1,0,0,5,0,0.136986301369863,0.0,0.136986301369863,0.136986301369863,0.136986301369863,False,2022-23,2022,0.136986301369863,1,653,,,0.136986301369863,,,441,,,,,,,,,0.10204081632653061,29.4,2023-24,True
João Gomes,Brazil,MF,Wolves,22,2001,34,32,2649,29.4,2,1,3,2,0,0,11,0,0.06802721088435375,0.034013605442176874,0.10204081632653061,0.06802721088435375,0.10204081632653061,False,2023-24,2023,0.10204081632653061,2,3302,653.0,1996.0,0.11368931134097474,0.136986301369863,,484,,,,,,,,,0.12121212121212122,33.0,2024-25,True
João Gomes,Brazil,MF,Wolves,23,2001,36,35,2974,33.0,3,1,4,3,0,0,11,1,0.09090909090909091,0.030303030303030304,0.12121212121212122,0.09090909090909091,0.12121212121212122,False,2024-25,2024,0.12121212121212122,3,6276,2649.0,325.0,0.11870451792173906,0.10204081632653061,0.136986301369863,529,,,,,,,,,0.06369426751592357,31.4,2025-26,True
João Moutinho,Portugal,MF,Wolves,34,1986,35,34,2970,33.0,2,1,3,2,0,0,4,0,0.06060606060606061,0.030303030303030304,0.09090909090909091,0.06060606060606061,0.09090909090909091,False,2021-22,2021,0.09090909090909091,1,2970,,,0.09090909090909091,,,1156,,,,,,,,,0.10101010101010101,19.8,2022-23,True
João Palhinha,Portugal,MF,Fulham,27,1995,35,35,3108,34.5,3,0,3,3,0,0,14,0,0.08695652173913043,0.0,0.08695652173913043,0.08695652173913043,0.08695652173913043,False,2022-23,2022,0.08695652173913043,1,3108,,,0.08695652173913043,,,729,38.0,48.68421052631579,11.289473684210526,3.8947368421052633,13.289473684210526,55.0,53.0,0.45931477516059954,0.16666666666666666,30.0,2023-24,True
João Palhinha,Portugal,MF,Fulham,28,1995,33,31,2699,30.0,4,1,5,4,0,0,13,0,0.13333333333333333,0.03333333333333333,0.16666666666666666,0.13333333333333333,0.16666666666666666,False,2023-24,2023,0.16666666666666666,2,5807,3108.0,-409.0,0.14009661835748793,0.08695652173913043,,784,38.0,50.73684210526316,13.157894736842104,4.7105263157894735,13.763157894736842,55.0,61.0,0.4887585532746823,0.2868852459016394,24.4,2025-26,True
João Pedro,Brazil,"FW,MF",Watford,19,2001,28,15,1644,18.3,3,1,4,3,0,0,1,0,0.16393442622950818,0.0546448087431694,0.2185792349726776,0.16393442622950818,0.2185792349726776,False,2021-22,2021,0.2185792349726776,1,1644,,,0.2185792349726776,,,361,,,,,,,,,0.5286343612334802,22.7,2023-24,True
João Pedro,Brazil,"MF,FW",Brighton,21,2001,31,19,2045,22.7,9,3,12,5,4,5,2,0,0.39647577092511016,0.13215859030837004,0.5286343612334802,0.22026431718061676,0.35242290748898675,False,2023-24,2023,0.5286343612334802,2,3689,1644.0,401.0,0.4252826524798793,0.2185792349726776,,441,38.0,60.3421052631579,14.789473684210526,5.473684210526316,12.289473684210526,55.0,62.0,0.5461613216715258,0.7407407407407407,21.6,2024-25,True
João Pedro,Brazil,"FW,MF",Brighton,22,2001,27,23,1948,21.6,10,6,16,5,5,5,4,1,0.4629629629629629,0.27777777777777773,0.7407407407407407,0.23148148148148145,0.5092592592592593,False,2024-25,2024,0.7407407407407407,3,5637,2045.0,-97.0,0.6355880446537869,0.5286343612334802,0.2185792349726776,484,38.0,52.63157894736842,14.026315789473685,5.026315789473684,11.236842105263158,66.0,59.0,0.5552083333333333,0.6756756756756757,29.6,2025-26,True
Joël Matip,Cameroon,DF,Liverpool,29,1991,31,31,2790,31.0,3,3,6,3,0,0,2,0,0.0967741935483871,0.0967741935483871,0.1935483870967742,0.0967741935483871,0.1935483870967742,False,2021-22,2021,0.1935483870967742,1,2790,,,0.1935483870967742,,,841,38.0,63.3421052631579,19.18421052631579,6.7631578947368425,7.7894736842105265,94.0,26.0,0.7112195121951219,0.08264462809917356,12.1,2022-23,True
Joël Matip,Cameroon,DF,Liverpool,30,1991,14,12,1092,12.1,1,0,1,1,0,0,3,0,0.08264462809917356,0.0,0.08264462809917356,0.08264462809917356,0.08264462809917356,False,2022-23,2022,0.08264462809917356,2,3882,2790.0,-1698.0,0.11961254776504045,0.1935483870967742,,900,38.0,61.10526315789474,15.921052631578947,5.578947368421052,9.710526315789474,75.0,47.0,0.6211498973305954,0.0,8.7,2023-24,True
Joël Veltman,Netherlands,"DF,MF",Brighton,29,1992,34,33,2874,31.9,1,1,2,1,0,0,6,0,0.031347962382445145,0.031347962382445145,0.06269592476489029,0.031347962382445145,0.06269592476489029,False,2021-22,2021,0.06269592476489029,1,2874,,,0.06269592476489029,,,841,38.0,54.73684210526316,12.868421052631579,4.0,12.526315789473685,42.0,44.0,0.5067357512953368,0.0823045267489712,24.3,2022-23,True
Joël Veltman,Netherlands,DF,Brighton,30,1992,31,25,2188,24.3,1,1,2,1,0,0,6,0,0.0411522633744856,0.0411522633744856,0.0823045267489712,0.0411522633744856,0.0823045267489712,False,2022-23,2022,0.0823045267489712,2,5062,2874.0,-686.0,0.07576832608761089,0.06269592476489029,,900,38.0,60.526315789473685,16.105263157894736,6.078947368421052,10.210526315789474,72.0,53.0,0.612,0.11363636363636363,17.6,2023-24,True
Joël Veltman,Netherlands,DF,Brighton,31,1992,27,17,1588,17.6,1,1,2,1,0,0,4,0,0.056818181818181816,0.056818181818181816,0.11363636363636363,0.056818181818181816,0.11363636363636363,False,2023-24,2023,0.11363636363636363,3,6650,2188.0,-600.0,0.10101368445344605,0.0823045267489712,0.06269592476489029,961,38.0,60.3421052631579,14.789473684210526,5.473684210526316,12.289473684210526,55.0,62.0,0.5461613216715258,0.0,18.9,2024-25,True
Joël Veltman,Netherlands,DF,Brighton,32,1992,21,19,1697,18.9,0,0,0,0,0,0,5,0,0.0,0.0,0.0,0.0,0.0,False,2024-25,2024,0.0,4,8347,1588.0,109.0,0.03367122815114869,0.11363636363636363,0.0823045267489712,1024,38.0,52.63157894736842,14.026315789473685,5.026315789473684,11.236842105263158,66.0,59.0,0.5552083333333333,0.0847457627118644,11.8,2025-26,True
Joško Gvardiol,Croatia,DF,Manchester City,21,2002,28,26,2328,25.9,4,1,5,4,0,0,3,0,0.15444015444015444,0.03861003861003861,0.19305019305019305,0.15444015444015444,0.19305019305019305,False,2023-24,2023,0.19305019305019305,1,2328,,,0.19305019305019305,,,441,38.0,65.73684210526316,18.263157894736842,7.315789473684211,7.7368421052631575,96.0,34.0,0.7024291497975709,0.13736263736263737,36.4,2024-25,True
Joško Gvardiol,Croatia,DF,Manchester City,22,2002,37,36,3277,36.4,5,0,5,5,0,0,2,0,0.13736263736263737,0.0,0.13736263736263737,0.13736263736263737,0.13736263736263737,False,2024-25,2024,0.13736263736263737,2,5605,2328.0,949.0,0.15592515592515593,0.19305019305019305,,484,38.0,61.73684210526316,16.0,5.7105263157894735,9.31578947368421,72.0,44.0,0.6320166320166319,0.2631578947368421,15.2,2025-26,True
Julio Enciso,Paraguay,"MF,FW",Brighton,18,2004,20,7,806,9.0,4,2,6,4,0,0,1,0,0.4444444444444444,0.2222222222222222,0.6666666666666666,0.4444444444444444,0.6666666666666666,False,2022-23,2022,0.6666666666666666,1,806,,,0.6666666666666666,,,324,38.0,60.526315789473685,16.105263157894736,6.078947368421052,10.210526315789474,72.0,53.0,0.612,0.37735849056603776,5.3,2023-24,True
Julián Álvarez,Argentina,"MF,FW",Manchester City,22,2000,31,13,1465,16.3,9,0,9,8,1,1,0,0,0.5521472392638036,0.0,0.5521472392638036,0.49079754601226994,0.4907975460122699,False,2022-23,2022,0.5521472392638036,1,1465,,,0.5521472392638036,,,484,38.0,65.34210526315789,15.789473684210526,5.7631578947368425,7.7105263157894735,94.0,33.0,0.6718924972004479,0.6462585034013606,29.4,2023-24,True
Junior Firpo,do DOM,"DF,MF",Leeds United,24,1996,24,19,1711,19.0,0,2,2,0,0,0,11,0,0.0,0.10526315789473684,0.10526315789473684,0.0,0.10526315789473684,False,2021-22,2021,0.10526315789473684,1,1711,,,0.10526315789473684,,,576,38.0,52.473684210526315,12.736842105263158,4.052631578947368,15.289473684210526,42.0,79.0,0.4544600938967136,0.13157894736842105,15.2,2022-23,True
Jurriën Timber,Netherlands,DF,Arsenal,22,2001,2,1,71,0.8,0,0,0,0,0,0,2,0,0.0,0.0,0.0,0.0,0.0,False,2023-24,2023,0.0,1,71,,,0.0,,,484,38.0,58.63157894736842,17.263157894736842,5.973684210526316,8.473684210526315,91.0,29.0,0.6707566462167689,0.14869888475836432,26.9,2024-25,True
Jurriën Timber,Netherlands,DF,Arsenal,23,2001,30,27,2417,26.9,1,3,4,1,0,0,7,0,0.03717472118959108,0.11152416356877325,0.14869888475836432,0.03717472118959108,0.14869888475836432,False,2024-25,2024,0.14869888475836432,2,2488,71.0,2346.0,0.09913258983890955,0.0,,529,38.0,57.18421052631579,14.394736842105264,4.947368421052632,9.526315789473685,69.0,34.0,0.6017601760176018,0.29304029304029305,27.3,2025-26,True
Justin Devenny,Northern Ireland,MF,Crystal Palace,20,2003,23,4,507,5.6,1,1,2,1,0,0,1,0,0.17857142857142858,0.17857142857142858,0.35714285714285715,0.17857142857142858,0.35714285714285715,False,2024-25,2024,0.35714285714285715,1,507,,,0.35714285714285715,,,400,38.0,42.5,13.552631578947368,4.894736842105263,12.710526315789474,51.0,51.0,0.5160320641282565,0.11363636363636363,8.8,2025-26,True
Justin Kluivert,Netherlands,MF,Bournemouth,24,1999,32,26,1916,21.3,7,1,8,7,0,0,5,0,0.32863849765258213,0.046948356807511735,0.3755868544600939,0.32863849765258213,0.3755868544600939,False,2023-24,2023,0.3755868544600939,1,1916,,,0.3755868544600939,,,576,38.0,44.05263157894737,14.263157894736842,4.868421052631579,13.973684210526315,54.0,67.0,0.5051258154706431,0.6923076923076923,26.0,2024-25,True
Justin Kluivert,Netherlands,MF,Bournemouth,25,1999,34,29,2340,26.0,12,6,18,6,6,6,8,0,0.46153846153846156,0.23076923076923078,0.6923076923076923,0.23076923076923078,0.4615384615384615,False,2024-25,2024,0.6923076923076923,2,4256,1916.0,424.0,0.5867340796918261,0.3755868544600939,,625,38.0,48.578947368421055,15.263157894736842,5.315789473684211,12.842105263157896,58.0,46.0,0.5430711610486891,0.18867924528301888,10.6,2025-26,True
Jáder Durán,Colombia,FW,Aston Villa,18,2003,12,0,136,1.5,0,0,0,0,0,0,1,0,0.0,0.0,0.0,0.0,0.0,False,2022-23,2022,0.0,1,136,,,0.0,,,324,38.0,49.44736842105263,11.31578947368421,3.973684210526316,11.289473684210526,51.0,46.0,0.5005820721769499,0.9433962264150944,5.3,2023-24,True
Jáder Durán,Colombia,FW,Aston Villa,19,2003,23,3,475,5.3,5,0,5,5,0,0,5,0,0.9433962264150944,0.0,0.9433962264150944,0.9433962264150944,0.9433962264150944,False,2023-24,2023,0.9433962264150944,2,611,136.0,339.0,0.6289308176100629,0.0,,361,38.0,53.421052631578945,13.5,5.0,11.947368421052632,76.0,61.0,0.5305067218200621,0.9859154929577465,7.1,2024-25,True
Jóhann Berg Guðmundsson,Iceland,MF,Burnley,30,1990,18,13,1102,12.2,0,1,1,0,0,0,2,0,0.0,0.0819672131147541,0.0819672131147541,0.0,0.0819672131147541,False,2021-22,2021,0.0819672131147541,1,1102,,,0.0819672131147541,,,900,,,,,,,,,0.30303030303030304,13.2,2023-24,True
Kai Havertz,Germany,"FW,MF",Chelsea,22,1999,29,22,1809,20.1,8,3,11,8,0,0,3,0,0.3980099502487562,0.14925373134328357,0.5472636815920398,0.3980099502487562,0.5472636815920398,False,2021-22,2021,0.5472636815920398,1,1809,,,0.5472636815920398,,,484,38.0,62.3421052631579,15.578947368421053,5.552631578947368,8.921052631578947,76.0,33.0,0.635875402792696,0.2807017543859649,28.5,2022-23,True
Kai Havertz,Germany,"FW,MF",Chelsea,23,1999,35,30,2569,28.5,7,1,8,6,1,1,5,0,0.24561403508771928,0.03508771929824561,0.2807017543859649,0.21052631578947367,0.24561403508771928,False,2022-23,2022,0.2807017543859649,2,4378,1809.0,760.0,0.3695557301213232,0.5472636815920398,,529,38.0,59.026315789473685,12.736842105263158,4.157894736842105,11.526315789473685,38.0,47.0,0.5249457700650759,0.68259385665529,29.3,2023-24,True
Kai Havertz,Germany,"MF,FW",Arsenal,24,1999,37,30,2634,29.3,13,7,20,12,1,1,11,0,0.44368600682593856,0.23890784982935154,0.68259385665529,0.40955631399317405,0.6484641638225256,False,2023-24,2023,0.68259385665529,3,7012,2569.0,65.0,0.5782478144773011,0.2807017543859649,0.5472636815920398,576,38.0,58.63157894736842,17.263157894736842,5.973684210526316,8.473684210526315,91.0,29.0,0.6707566462167689,0.5769230769230769,20.8,2024-25,True
Kai Havertz,Germany,FW,Arsenal,25,1999,23,21,1875,20.8,9,3,12,9,0,0,5,0,0.43269230769230765,0.14423076923076922,0.5769230769230769,0.43269230769230765,0.5769230769230769,False,2024-25,2024,0.5769230769230769,4,8887,2634.0,-759.0,0.5773646561078183,0.68259385665529,0.2807017543859649,625,38.0,57.18421052631579,14.394736842105264,4.947368421052632,9.526315789473685,69.0,34.0,0.6017601760176018,0.7692307692307693,6.5,2025-26,True
Kalvin Phillips,England,MF,Leeds United,25,1995,20,18,1596,17.7,0,1,1,0,0,0,4,0,0.0,0.05649717514124294,0.05649717514124294,0.0,0.05649717514124294,False,2021-22,2021,0.05649717514124294,1,1596,,,0.05649717514124294,,,625,38.0,52.473684210526315,12.736842105263158,4.052631578947368,15.289473684210526,42.0,79.0,0.4544600938967136,0.0,3.3,2022-23,True
Kalvin Phillips,England,"MF,DF",Manchester City,26,1995,12,2,300,3.3,0,0,0,0,0,0,1,0,0.0,0.0,0.0,0.0,0.0,False,2022-23,2022,0.0,2,1896,1596.0,-1296.0,0.018832391713747648,0.05649717514124294,,676,38.0,65.34210526315789,15.789473684210526,5.7631578947368425,7.7105263157894735,94.0,33.0,0.6718924972004479,0.0,13.7,2024-25,True
Kamaldeen Sulemana,Ghana,"FW,MF",Southampton,20,2002,18,10,966,10.7,2,1,3,2,0,0,1,0,0.1869158878504673,0.09345794392523366,0.28037383177570097,0.1869158878504673,0.28037383177570097,False,2022-23,2022,0.28037383177570097,1,966,,,0.28037383177570097,,,400,,,,,,,,,0.12820512820512822,15.6,2024-25,True
Kaoru Mitoma,Japan,MF,Brighton,25,1997,33,24,2318,25.8,7,5,12,7,0,0,0,0,0.2713178294573643,0.19379844961240308,0.46511627906976744,0.2713178294573643,0.46511627906976744,False,2022-23,2022,0.46511627906976744,1,2318,,,0.46511627906976744,,,625,38.0,60.526315789473685,16.105263157894736,6.078947368421052,10.210526315789474,72.0,53.0,0.612,0.42424242424242425,16.5,2023-24,True
Kaoru Mitoma,Japan,"MF,FW",Brighton,26,1997,19,15,1486,16.5,3,4,7,3,0,0,4,0,0.18181818181818182,0.24242424242424243,0.42424242424242425,0.18181818181818182,0.42424242424242425,False,2023-24,2023,0.42424242424242425,2,3804,2318.0,-832.0,0.4378670425182053,0.46511627906976744,,676,38.0,60.3421052631579,14.789473684210526,5.473684210526316,12.289473684210526,55.0,62.0,0.5461613216715258,0.4844290657439447,28.9,2024-25,True
Kaoru Mitoma,Japan,MF,Brighton,27,1997,36,28,2603,28.9,10,4,14,10,0,0,1,0,0.34602076124567477,0.1384083044982699,0.4844290657439447,0.34602076124567477,0.4844290657439447,False,2024-25,2024,0.4844290657439447,3,6407,1486.0,1117.0,0.4689083913353649,0.42424242424242425,0.46511627906976744,729,38.0,52.63157894736842,14.026315789473685,5.026315789473684,11.236842105263158,66.0,59.0,0.5552083333333333,0.20942408376963348,19.1,2025-26,True
Karl Darlow,Wales,GK,Newcastle,30,1990,8,8,720,8.0,0,0,0,0,0,0,1,0,0.0,0.0,0.0,0.0,0.0,False,2021-22,2021,0.0,1,720,,,0.0,,,900,38.0,39.94736842105263,11.789473684210526,3.8947368421052633,13.894736842105264,44.0,62.0,0.45901639344262296,0.0,22.0,2025-26,True
Kasey McAteer,Ireland,MF,Leicester City,19,2001,1,0,3,0.0,0,0,0,0,0,0,0,0,0.0,0.0,0.0,0.0,0.0,False,2021-22,2021,0.0,1,3,,,0.0,,,361,,,,,,,,,0.21052631578947367,9.5,2024-25,True
Keane Lewis-Potter,England,FW,Brentford,21,2001,10,3,321,3.6,0,1,1,0,0,0,0,0,0.0,0.2777777777777778,0.2777777777777778,0.0,0.2777777777777778,False,2022-23,2022,0.2777777777777778,1,321,,,0.2777777777777778,,,441,38.0,43.39473684210526,10.710526315789474,4.2631578947368425,14.763157894736842,58.0,46.0,0.42045454545454547,0.25,16.0,2023-24,True
Keane Lewis-Potter,England,"FW,MF",Brentford,22,2001,30,15,1441,16.0,3,1,4,3,0,0,0,0,0.1875,0.0625,0.25,0.1875,0.25,False,2023-24,2023,0.25,2,1762,321.0,1120.0,0.25925925925925924,0.2777777777777778,,484,38.0,44.973684210526315,12.447368421052632,4.526315789473684,14.421052631578947,56.0,65.0,0.4632713026444662,0.11627906976744186,34.4,2024-25,True
Keane Lewis-Potter,England,"DF,MF",Brentford,23,2001,38,36,3093,34.4,1,3,4,1,0,0,7,0,0.029069767441860465,0.0872093023255814,0.11627906976744186,0.029069767441860465,0.11627906976744186,False,2024-25,2024,0.11627906976744186,3,4855,1441.0,1652.0,0.16393913293138102,0.25,0.2777777777777778,529,38.0,47.81578947368421,11.578947368421053,4.842105263157895,17.026315789473685,66.0,57.0,0.40478380864765406,0.27397260273972607,21.9,2025-26,True
Kelechi Iheanacho,Nigeria,FW,Leicester City,24,1996,26,13,1264,14.0,4,5,9,4,0,0,1,0,0.2857142857142857,0.35714285714285715,0.6428571428571429,0.2857142857142857,0.6428571428571429,False,2021-22,2021,0.6428571428571429,1,1264,,,0.6428571428571429,,,576,,,,,,,,,0.8,12.5,2022-23,True
Kenny Tete,Netherlands,DF,Fulham,26,1995,31,29,2569,28.5,1,5,6,1,0,0,8,0,0.03508771929824561,0.17543859649122806,0.21052631578947367,0.03508771929824561,0.21052631578947367,False,2022-23,2022,0.21052631578947367,1,2569,,,0.21052631578947367,,,676,38.0,48.68421052631579,11.289473684210526,3.8947368421052633,13.289473684210526,55.0,53.0,0.45931477516059954,0.10416666666666667,9.6,2023-24,True
Kenny Tete,Netherlands,DF,Fulham,27,1995,14,10,867,9.6,1,0,1,1,0,0,2,0,0.10416666666666667,0.0,0.10416666666666667,0.10416666666666667,0.10416666666666667,False,2023-24,2023,0.10416666666666667,2,3436,2569.0,-1702.0,0.1396198830409357,0.21052631578947367,,729,38.0,50.73684210526316,13.157894736842104,4.7105263157894735,13.763157894736842,55.0,61.0,0.4887585532746823,0.10152284263959391,19.7,2024-25,True
Kenny Tete,Netherlands,DF,Fulham,28,1995,22,21,1774,19.7,0,2,2,0,0,0,5,0,0.0,0.10152284263959391,0.10152284263959391,0.0,0.10152284263959391,False,2024-25,2024,0.10152284263959391,3,5210,867.0,907.0,0.11422185610670785,0.10416666666666667,0.21052631578947367,784,38.0,52.473684210526315,13.710526315789474,4.552631578947368,11.368421052631579,54.0,54.0,0.5466946484784889,0.05025125628140704,19.9,2025-26,True
Kepa Arrizabalaga,Spain,GK,Chelsea,26,1994,4,4,360,4.0,0,0,0,0,0,0,0,0,0.0,0.0,0.0,0.0,0.0,False,2021-22,2021,0.0,1,360,,,0.0,,,676,38.0,62.3421052631579,15.578947368421053,5.552631578947368,8.921052631578947,76.0,33.0,0.635875402792696,0.0,28.5,2022-23,True
Kepa Arrizabalaga,Spain,GK,Chelsea,27,1994,29,29,2565,28.5,0,0,0,0,0,0,1,0,0.0,0.0,0.0,0.0,0.0,False,2022-23,2022,0.0,2,2925,360.0,2205.0,0.0,0.0,,729,38.0,59.026315789473685,12.736842105263158,4.157894736842105,11.526315789473685,38.0,47.0,0.5249457700650759,0.0,31.0,2024-25,True
Kevin Danso,Austria,DF,Tottenham,25,1998,10,9,842,9.4,0,0,0,0,0,0,0,0,0.0,0.0,0.0,0.0,0.0,False,2024-25,2024,0.0,1,842,,,0.0,,,625,38.0,54.76315789473684,13.078947368421053,4.868421052631579,13.736842105263158,64.0,65.0,0.4877330716388616,0.0,16.6,2025-26,True
Kevin De Bruyne,Belgium,MF,Manchester City,30,1991,30,25,2201,24.5,15,8,23,15,0,0,2,0,0.6122448979591837,0.32653061224489793,0.9387755102040817,0.6122448979591837,0.9387755102040817,False,2021-22,2021,0.9387755102040817,1,2201,,,0.9387755102040817,,,900,38.0,68.5,18.763157894736842,6.657894736842105,6.2368421052631575,99.0,26.0,0.7505263157894737,0.8550185873605949,26.9,2022-23,True
Kevin De Bruyne,Belgium,MF,Manchester City,31,1991,32,28,2417,26.9,7,16,23,7,0,0,1,0,0.26022304832713755,0.5947955390334573,0.8550185873605949,0.26022304832713755,0.8550185873605949,False,2022-23,2022,0.8550185873605949,2,4618,2201.0,216.0,0.8829375616417572,0.9387755102040817,,961,38.0,65.34210526315789,15.789473684210526,5.7631578947368425,7.7105263157894735,94.0,33.0,0.6718924972004479,1.0294117647058825,13.6,2023-24,True
Kevin De Bruyne,Belgium,MF,Manchester City,32,1991,18,15,1221,13.6,4,10,14,4,0,0,2,0,0.29411764705882354,0.7352941176470589,1.0294117647058825,0.29411764705882354,1.0294117647058825,False,2023-24,2023,1.0294117647058825,3,5839,2417.0,-1196.0,0.980587030351174,0.8550185873605949,0.9387755102040817,1024,38.0,65.73684210526316,18.263157894736842,7.315789473684211,7.7368421052631575,96.0,34.0,0.7024291497975709,0.5820105820105821,18.9,2024-25,True
Kevin Schade,Germany,FW,Brentford,20,2001,18,7,732,8.1,0,1,1,0,0,0,2,0,0.0,0.1234567901234568,0.1234567901234568,0.0,0.1234567901234568,False,2022-23,2022,0.1234567901234568,1,732,,,0.1234567901234568,,,400,38.0,43.39473684210526,10.710526315789474,4.2631578947368425,14.763157894736842,58.0,46.0,0.42045454545454547,0.8108108108108107,3.7,2023-24,True
Kevin Schade,Germany,FW,Brentford,21,2001,11,3,333,3.7,2,1,3,2,0,0,0,0,0.5405405405405405,0.27027027027027023,0.8108108108108107,0.5405405405405405,0.8108108108108107,False,2023-24,2023,0.8108108108108107,2,1065,732.0,-399.0,0.5816928039150261,0.1234567901234568,,441,38.0,44.973684210526315,12.447368421052632,4.526315789473684,14.421052631578947,56.0,65.0,0.4632713026444662,0.5098039215686274,25.5,2024-25,True
Kevin Schade,Germany,"MF,FW",Brentford,22,2001,38,26,2293,25.5,11,2,13,11,0,0,3,0,0.43137254901960786,0.0784313725490196,0.5098039215686274,0.43137254901960786,0.5098039215686274,False,2024-25,2024,0.5098039215686274,3,3358,333.0,1960.0,0.5337668823507603,0.8108108108108107,0.1234567901234568,484,38.0,47.81578947368421,11.578947368421053,4.842105263157895,17.026315789473685,66.0,57.0,0.40478380864765406,0.36065573770491804,30.5,2025-26,True
Ki-Jana Hoever,Netherlands,MF,Wolves,19,2002,8,4,308,3.4,0,0,0,0,0,0,1,0,0.0,0.0,0.0,0.0,0.0,False,2021-22,2021,0.0,1,308,,,0.0,,,361,,,,,,,,,0.0,4.7,2025-26,True
Kieran Tierney,Scotland,DF,Arsenal,24,1997,22,22,1915,21.3,1,3,4,1,0,0,0,0,0.046948356807511735,0.14084507042253522,0.18779342723004694,0.046948356807511735,0.18779342723004694,False,2021-22,2021,0.18779342723004694,1,1915,,,0.18779342723004694,,,576,38.0,53.18421052631579,15.473684210526315,5.157894736842105,11.18421052631579,61.0,48.0,0.5804540967423495,0.11363636363636363,8.8,2022-23,True
Kieran Trippier,England,DF,Newcastle,30,1990,6,5,429,4.8,2,0,2,2,0,0,0,0,0.4166666666666667,0.0,0.4166666666666667,0.4166666666666667,0.4166666666666667,False,2021-22,2021,0.4166666666666667,1,429,,,0.4166666666666667,,,900,38.0,39.94736842105263,11.789473684210526,3.8947368421052633,13.894736842105264,44.0,62.0,0.45901639344262296,0.21563342318059298,37.1,2022-23,True
Kieran Trippier,England,DF,Newcastle,31,1990,38,38,3341,37.1,1,7,8,1,0,0,5,0,0.026954177897574122,0.18867924528301885,0.21563342318059298,0.026954177897574122,0.21563342318059298,False,2022-23,2022,0.21563342318059298,2,3770,429.0,2912.0,0.28264450434261756,0.4166666666666667,,961,38.0,52.44736842105263,15.026315789473685,5.184210526315789,10.18421052631579,68.0,33.0,0.5960334029227558,0.4435483870967742,24.8,2023-24,True
Kieran Trippier,England,DF,Newcastle,32,1990,28,26,2236,24.8,1,10,11,1,0,0,5,0,0.04032258064516129,0.4032258064516129,0.4435483870967742,0.04032258064516129,0.4435483870967742,False,2023-24,2023,0.4435483870967742,3,6006,3341.0,-1105.0,0.3899137595120553,0.21563342318059298,0.4166666666666667,1024,38.0,52.21052631578947,14.5,5.605263157894737,14.052631578947368,85.0,62.0,0.5078341013824884,0.20689655172413793,14.5,2024-25,True
Kieran Trippier,England,DF,Newcastle,33,1990,25,14,1309,14.5,0,3,3,0,0,0,1,0,0.0,0.20689655172413793,0.20689655172413793,0.0,0.20689655172413793,False,2024-25,2024,0.20689655172413793,4,7315,2236.0,-927.0,0.2679022876534437,0.4435483870967742,0.21563342318059298,1089,38.0,51.05263157894737,13.789473684210526,4.578947368421052,12.447368421052632,68.0,47.0,0.5255767301905717,0.056818181818181816,17.6,2025-26,True
Kiernan Dewsbury-Hall,England,MF,Leicester City,22,1998,28,23,2105,23.4,1,2,3,1,0,0,4,0,0.042735042735042736,0.08547008547008547,0.12820512820512822,0.042735042735042736,0.12820512820512822,False,2021-22,2021,0.12820512820512822,1,2105,,,0.12820512820512822,,,484,,,,,,,,,0.15625,25.6,2022-23,True
Kiernan Dewsbury-Hall,England,MF,Chelsea,25,1998,13,2,264,2.9,0,1,1,0,0,0,0,0,0.0,0.3448275862068966,0.3448275862068966,0.0,0.3448275862068966,False,2024-25,2024,0.3448275862068966,3,4675,2306.0,-2042.0,0.27885229393850086,0.15625,0.12820512820512822,625,38.0,57.3421052631579,15.657894736842104,5.7368421052631575,10.447368421052632,64.0,43.0,0.5997983870967741,0.4109589041095891,29.2,2025-26,True
Kobbie Mainoo,England,MF,Manchester Utd,17,2005,1,0,11,0.1,0,0,0,0,0,0,0,0,0.0,0.0,0.0,0.0,0.0,False,2022-23,2022,0.0,1,11,,,0.0,,,289,38.0,53.973684210526315,15.578947368421053,5.631578947368421,12.657894736842104,58.0,43.0,0.5517241379310345,0.1869158878504673,21.4,2023-24,True
Kobbie Mainoo,England,MF,Manchester Utd,18,2005,24,24,1924,21.4,3,1,4,3,0,0,3,0,0.14018691588785048,0.04672897196261683,0.1869158878504673,0.14018691588785048,0.1869158878504673,False,2023-24,2023,0.1869158878504673,2,1935,11.0,1913.0,0.12461059190031154,0.0,,324,38.0,50.526315789473685,14.473684210526315,5.078947368421052,17.55263157894737,57.0,58.0,0.4519309778142974,0.0,18.3,2024-25,True
Kobbie Mainoo,England,MF,Manchester Utd,19,2005,25,19,1651,18.3,0,0,0,0,0,0,5,0,0.0,0.0,0.0,0.0,0.0,False,2024-25,2024,0.0,3,3586,1924.0,-273.0,0.04153686396677052,0.1869158878504673,0.0,361,38.0,53.55263157894737,13.868421052631579,4.605263157894737,10.921052631578947,44.0,54.0,0.559447983014862,0.16216216216216217,18.5,2025-26,True
Konstantinos Mavropanos,Greece,DF,West Ham,25,1997,19,16,1500,16.7,1,0,1,1,0,0,2,0,0.059880239520958084,0.0,0.059880239520958084,0.059880239520958084,0.059880239520958084,False,2023-24,2023,0.059880239520958084,1,1500,,,0.059880239520958084,,,625,,,,,,,,,0.0,22.7,2024-25,True
Konstantinos Mavropanos,Greece,DF,West Ham,26,1997,33,21,2045,22.7,0,0,0,0,0,0,6,1,0.0,0.0,0.0,0.0,0.0,False,2024-25,2024,0.0,2,3545,1500.0,545.0,0.019960079840319365,0.059880239520958084,,676,,,,,,,,,0.10638297872340426,28.2,2025-26,True
Kostas Tsimikas,Greece,DF,Liverpool,25,1996,13,9,877,9.7,0,2,2,0,0,0,3,0,0.0,0.2061855670103093,0.2061855670103093,0.0,0.2061855670103093,False,2021-22,2021,0.2061855670103093,1,877,,,0.2061855670103093,,,625,38.0,63.3421052631579,19.18421052631579,6.7631578947368425,7.7894736842105265,94.0,26.0,0.7112195121951219,0.46511627906976744,8.6,2022-23,True
Kostas Tsimikas,Greece,DF,Liverpool,26,1996,20,9,771,8.6,0,4,4,0,0,0,3,0,0.0,0.46511627906976744,0.46511627906976744,0.0,0.46511627906976744,False,2022-23,2022,0.46511627906976744,2,1648,877.0,-106.0,0.37880604171661475,0.2061855670103093,,676,38.0,61.10526315789474,15.921052631578947,5.578947368421052,9.710526315789474,75.0,47.0,0.6211498973305954,0.4,7.5,2023-24,True
Kostas Tsimikas,Greece,DF,Liverpool,27,1996,13,8,679,7.5,0,3,3,0,0,0,0,0,0.0,0.4,0.4,0.0,0.4,False,2023-24,2023,0.4,3,2327,771.0,-92.0,0.3929353472388716,0.46511627906976744,0.2061855670103093,729,38.0,61.78947368421053,20.789473684210527,7.2894736842105265,10.894736842105264,86.0,41.0,0.6561461794019934,0.1075268817204301,9.3,2024-25,True
Kristoffer Ajer,Norway,DF,Brentford,23,1998,24,23,1995,22.2,1,3,4,1,0,0,5,0,0.04504504504504505,0.13513513513513514,0.1801801801801802,0.04504504504504505,0.1801801801801802,False,2021-22,2021,0.1801801801801802,1,1995,,,0.1801801801801802,,,529,38.0,44.5,11.631578947368421,4.052631578947368,13.210526315789474,48.0,56.0,0.4682203389830508,0.0,8.5,2022-23,True
Kristoffer Ajer,Norway,DF,Brentford,24,1998,9,9,763,8.5,0,0,0,0,0,0,0,0,0.0,0.0,0.0,0.0,0.0,False,2022-23,2022,0.0,2,2758,1995.0,-1232.0,0.06006006006006007,0.1801801801801802,,576,38.0,43.39473684210526,10.710526315789474,4.2631578947368425,14.763157894736842,58.0,46.0,0.42045454545454547,0.14705882352941177,20.4,2023-24,True
Kristoffer Ajer,Norway,DF,Brentford,25,1998,28,21,1832,20.4,2,1,3,2,0,0,5,0,0.09803921568627452,0.04901960784313726,0.14705882352941177,0.09803921568627452,0.14705882352941177,False,2023-24,2023,0.14705882352941177,3,4590,763.0,1069.0,0.11805923570629454,0.0,0.1801801801801802,625,38.0,44.973684210526315,12.447368421052632,4.526315789473684,14.421052631578947,56.0,65.0,0.4632713026444662,0.0,16.0,2024-25,True
Kristoffer Ajer,Norway,DF,Brentford,26,1998,24,17,1438,16.0,0,0,0,0,0,0,5,0,0.0,0.0,0.0,0.0,0.0,False,2024-25,2024,0.0,4,6028,1832.0,-394.0,0.03935307856876485,0.14705882352941177,0.0,676,38.0,47.81578947368421,11.578947368421053,4.842105263157895,17.026315789473685,66.0,57.0,0.40478380864765406,0.04975124378109452,20.1,2025-26,True
Kurt Zouma,France,DF,West Ham,26,1994,24,24,2078,23.1,1,0,1,1,0,0,1,0,0.04329004329004329,0.0,0.04329004329004329,0.04329004329004329,0.04329004329004329,False,2021-22,2021,0.04329004329004329,1,2078,,,0.04329004329004329,,,676,,,,,,,,,0.09049773755656108,22.1,2022-23,True
Kurt Zouma,France,DF,West Ham,27,1994,25,24,1989,22.1,2,0,2,2,0,0,0,0,0.09049773755656108,0.0,0.09049773755656108,0.09049773755656108,0.09049773755656108,False,2022-23,2022,0.09049773755656108,2,4067,2078.0,-89.0,0.07476183946772182,0.04329004329004329,,729,,,,,,,,,0.09523809523809523,31.5,2023-24,True
Kyle Walker,England,DF,Manchester City,31,1990,20,20,1755,19.5,0,2,2,0,0,0,1,0,0.0,0.10256410256410256,0.10256410256410256,0.0,0.10256410256410256,False,2021-22,2021,0.10256410256410256,1,1755,,,0.10256410256410256,,,961,38.0,68.5,18.763157894736842,6.657894736842105,6.2368421052631575,99.0,26.0,0.7505263157894737,0.0,21.8,2022-23,True
Kyle Walker,England,"DF,MF",Manchester City,32,1990,27,22,1958,21.8,0,0,0,0,0,0,3,0,0.0,0.0,0.0,0.0,0.0,False,2022-23,2022,0.0,2,3713,1755.0,203.0,0.03418803418803419,0.10256410256410256,,1024,38.0,65.34210526315789,15.789473684210526,5.7631578947368425,7.7105263157894735,94.0,33.0,0.6718924972004479,0.13029315960912052,30.7,2023-24,True
Kyle Walker,England,"DF,MF",Manchester City,33,1990,32,30,2767,30.7,0,4,4,0,0,0,2,0,0.0,0.13029315960912052,0.13029315960912052,0.0,0.13029315960912052,False,2023-24,2023,0.13029315960912052,3,6480,1958.0,809.0,0.09825811780209175,0.0,0.10256410256410256,1089,38.0,65.73684210526316,18.263157894736842,7.315789473684211,7.7368421052631575,96.0,34.0,0.7024291497975709,0.0,10.8,2024-25,True
Kyle Walker,England,DF,Manchester City,34,1990,15,9,970,10.8,0,0,0,0,0,0,3,0,0.0,0.0,0.0,0.0,0.0,False,2024-25,2024,0.0,4,7450,2767.0,-1797.0,0.03275270593403059,0.13029315960912052,0.0,1156,38.0,61.73684210526316,16.0,5.7105263157894735,9.31578947368421,72.0,44.0,0.6320166320166319,0.05813953488372093,34.4,2025-26,True
Kyle Walker-Peters,England,DF,Southampton,24,1997,32,29,2633,29.3,1,2,3,1,0,0,5,0,0.034129692832764506,0.06825938566552901,0.10238907849829351,0.034129692832764506,0.10238907849829351,False,2021-22,2021,0.10238907849829351,1,2633,,,0.10238907849829351,,,576,,,,,,,,,0.034013605442176874,29.4,2022-23,True
Kyle Walker-Peters,England,"DF,MF",Southampton,25,1997,31,30,2650,29.4,1,0,1,1,0,0,4,0,0.034013605442176874,0.0,0.034013605442176874,0.034013605442176874,0.034013605442176874,False,2022-23,2022,0.034013605442176874,2,5283,2633.0,17.0,0.05680542979421575,0.10238907849829351,,625,,,,,,,,,0.0617283950617284,32.4,2024-25,True
Kyle Walker-Peters,England,"MF,DF",Southampton,27,1997,33,33,2918,32.4,0,2,2,0,0,0,5,0,0.0,0.0617283950617284,0.0617283950617284,0.0,0.0617283950617284,False,2024-25,2024,0.0617283950617284,3,8201,2650.0,268.0,0.06008740663922418,0.034013605442176874,0.10238907849829351,729,,,,,,,,,0.06493506493506493,15.4,2025-26,True
Lamare Bogarde,Netherlands,"DF,MF",Aston Villa,20,2004,8,5,476,5.3,0,0,0,0,0,0,2,0,0.0,0.0,0.0,0.0,0.0,False,2024-25,2024,0.0,1,476,,,0.0,,,400,38.0,50.71052631578947,12.736842105263158,4.473684210526316,12.18421052631579,58.0,51.0,0.5110876451953538,0.0,11.7,2025-26,True
Leandro Trossard,Belgium,"FW,MF",Brighton,26,1994,34,32,2805,31.2,8,3,11,7,1,1,2,0,0.25641025641025644,0.09615384615384616,0.3525641025641026,0.22435897435897437,0.32051282051282054,False,2021-22,2021,0.3525641025641026,1,2805,,,0.3525641025641026,,,676,38.0,54.73684210526316,12.868421052631579,4.0,12.526315789473685,42.0,44.0,0.5067357512953368,0.7103825136612022,18.3,2023-24,True
Leandro Trossard,Belgium,"FW,MF",Arsenal,28,1994,34,18,1649,18.3,12,1,13,12,0,0,2,0,0.6557377049180327,0.0546448087431694,0.7103825136612022,0.6557377049180327,0.7103825136612022,False,2023-24,2023,0.7103825136612022,2,4454,2805.0,-1156.0,0.5911097099621689,0.3525641025641026,,784,38.0,58.63157894736842,17.263157894736842,5.973684210526316,8.473684210526315,91.0,29.0,0.6707566462167689,0.5300353356890459,28.3,2024-25,True
Leandro Trossard,Belgium,FW,Arsenal,29,1994,38,28,2546,28.3,8,7,15,8,0,0,4,1,0.2826855123674912,0.24734982332155475,0.5300353356890459,0.2826855123674912,0.5300353356890459,False,2024-25,2024,0.5300353356890459,3,7000,1649.0,897.0,0.5503934604467535,0.7103825136612022,0.3525641025641026,841,38.0,57.18421052631579,14.394736842105264,4.947368421052632,9.526315789473685,69.0,34.0,0.6017601760176018,0.5405405405405406,22.2,2025-26,True
Leny Yoro,France,DF,Manchester Utd,18,2005,21,12,1165,12.9,0,0,0,0,0,0,5,0,0.0,0.0,0.0,0.0,0.0,False,2024-25,2024,0.0,1,1165,,,0.0,,,324,38.0,53.55263157894737,13.868421052631579,4.605263157894737,10.921052631578947,44.0,54.0,0.559447983014862,0.0,19.3,2025-26,True
Leon Bailey,Jamaica,"FW,MF",Aston Villa,23,1997,18,7,761,8.5,1,2,3,1,0,0,3,0,0.11764705882352941,0.23529411764705882,0.35294117647058826,0.11764705882352941,0.35294117647058826,False,2021-22,2021,0.35294117647058826,1,761,,,0.35294117647058826,,,529,38.0,46.473684210526315,12.210526315789474,4.2631578947368425,12.552631578947368,52.0,54.0,0.49309245483528164,0.36529680365296807,21.9,2022-23,True
Leon Bailey,Jamaica,"FW,MF",Aston Villa,24,1997,33,26,1967,21.9,4,4,8,4,0,0,4,0,0.18264840182648404,0.18264840182648404,0.36529680365296807,0.18264840182648404,0.36529680365296807,False,2022-23,2022,0.36529680365296807,2,2728,761.0,1206.0,0.36117826125884145,0.35294117647058826,,576,38.0,49.44736842105263,11.31578947368421,3.973684210526316,11.289473684210526,51.0,46.0,0.5005820721769499,0.8260869565217391,23.0,2023-24,True
Leon Bailey,Jamaica,MF,Aston Villa,25,1997,35,22,2068,23.0,10,9,19,10,0,0,5,0,0.43478260869565216,0.391304347826087,0.8260869565217391,0.43478260869565216,0.8260869565217391,False,2023-24,2023,0.8260869565217391,3,4796,1967.0,101.0,0.6711173914341066,0.36529680365296807,0.35294117647058826,625,38.0,53.421052631578945,13.5,5.0,11.947368421052632,76.0,61.0,0.5305067218200621,0.2362204724409449,12.7,2024-25,True
Leon Bailey,Jamaica,MF,Aston Villa,26,1997,24,14,1139,12.7,1,2,3,1,0,0,3,0,0.07874015748031496,0.15748031496062992,0.2362204724409449,0.07874015748031496,0.2362204724409449,False,2024-25,2024,0.2362204724409449,4,5935,2068.0,-929.0,0.38118611210533215,0.8260869565217391,0.36529680365296807,676,38.0,50.71052631578947,12.736842105263158,4.473684210526316,12.18421052631579,58.0,51.0,0.5110876451953538,0.19607843137254904,5.1,2025-26,True
Lesley Ugochukwu,France,MF,Chelsea,19,2004,12,3,301,3.3,0,0,0,0,0,0,2,0,0.0,0.0,0.0,0.0,0.0,False,2023-24,2023,0.0,1,301,,,0.0,,,361,38.0,59.0,14.421052631578947,5.657894736842105,14.631578947368421,77.0,63.0,0.4963768115942029,0.10869565217391305,18.4,2024-25,True
Lesley Ugochukwu,France,MF,Southampton,20,2004,26,18,1655,18.4,1,1,2,1,0,0,7,0,0.05434782608695653,0.05434782608695653,0.10869565217391305,0.05434782608695653,0.10869565217391305,False,2024-25,2024,0.10869565217391305,2,1956,301.0,1354.0,0.07246376811594203,0.0,,400,,,,,,,,,0.15384615384615385,26.0,2025-26,True
Levi Colwill,England,DF,Brighton,19,2003,17,13,1220,13.6,0,2,2,0,0,0,1,0,0.0,0.14705882352941177,0.14705882352941177,0.0,0.14705882352941177,False,2022-23,2022,0.14705882352941177,1,1220,,,0.14705882352941177,,,361,38.0,60.526315789473685,16.105263157894736,6.078947368421052,10.210526315789474,72.0,53.0,0.612,0.1,20.0,2023-24,True
Levi Colwill,England,DF,Chelsea,20,2003,23,20,1797,20.0,1,1,2,1,0,0,2,0,0.05,0.05,0.1,0.05,0.1,False,2023-24,2023,0.1,2,3017,1220.0,577.0,0.11568627450980393,0.14705882352941177,,400,38.0,59.0,14.421052631578947,5.657894736842105,14.631578947368421,77.0,63.0,0.4963768115942029,0.08571428571428572,35.0,2024-25,True
Lewis Cook,England,MF,Bournemouth,25,1997,28,18,1720,19.1,0,2,2,0,0,0,4,0,0.0,0.10471204188481674,0.10471204188481674,0.0,0.10471204188481674,False,2022-23,2022,0.10471204188481674,1,1720,,,0.10471204188481674,,,625,38.0,40.078947368421055,9.394736842105264,3.5,16.473684210526315,37.0,71.0,0.3631739572736521,0.0967741935483871,31.0,2023-24,True
Lewis Cook,England,MF,Bournemouth,26,1997,33,32,2786,31.0,0,3,3,0,0,0,5,1,0.0,0.0967741935483871,0.0967741935483871,0.0,0.0967741935483871,False,2023-24,2023,0.0967741935483871,2,4506,1720.0,1066.0,0.09942014299386365,0.10471204188481674,,676,38.0,44.05263157894737,14.263157894736842,4.868421052631579,13.973684210526315,54.0,67.0,0.5051258154706431,0.12084592145015105,33.1,2024-25,True
Lewis Cook,England,"MF,DF",Bournemouth,27,1997,36,32,2978,33.1,1,3,4,1,0,0,8,1,0.030211480362537763,0.09063444108761329,0.12084592145015105,0.030211480362537763,0.12084592145015105,False,2024-25,2024,0.12084592145015105,3,7484,2786.0,192.0,0.11370399529805525,0.0967741935483871,0.10471204188481674,729,38.0,48.578947368421055,15.263157894736842,5.315789473684211,12.842105263157896,58.0,46.0,0.5430711610486891,0.10309278350515465,9.7,2025-26,True
Lewis Dunk,England,DF,Brighton,29,1991,29,29,2573,28.6,1,0,1,1,0,0,3,1,0.03496503496503496,0.0,0.03496503496503496,0.03496503496503496,0.03496503496503496,False,2021-22,2021,0.03496503496503496,1,2573,,,0.03496503496503496,,,841,38.0,54.73684210526316,12.868421052631579,4.0,12.526315789473685,42.0,44.0,0.5067357512953368,0.027777777777777776,36.0,2022-23,True
Lewis Dunk,England,DF,Brighton,30,1991,36,36,3239,36.0,1,0,1,1,0,0,4,0,0.027777777777777776,0.0,0.027777777777777776,0.027777777777777776,0.027777777777777776,False,2022-23,2022,0.027777777777777776,2,5812,2573.0,666.0,0.030173530173530173,0.03496503496503496,,900,38.0,60.526315789473685,16.105263157894736,6.078947368421052,10.210526315789474,72.0,53.0,0.612,0.12539184952978058,31.9,2023-24,True
Lewis Dunk,England,DF,Brighton,31,1991,33,33,2869,31.9,3,1,4,3,0,0,7,1,0.09404388714733543,0.031347962382445145,0.12539184952978058,0.09404388714733543,0.12539184952978058,False,2023-24,2023,0.12539184952978058,3,8681,3239.0,-370.0,0.09365240974436377,0.027777777777777776,0.03496503496503496,961,38.0,60.3421052631579,14.789473684210526,5.473684210526316,12.289473684210526,55.0,62.0,0.5461613216715258,0.0,23.1,2024-25,True
Lewis Dunk,England,DF,Brighton,32,1991,25,23,2083,23.1,0,0,0,0,0,0,5,0,0.0,0.0,0.0,0.0,0.0,False,2024-25,2024,0.0,4,10764,2869.0,-786.0,0.031217469914787927,0.12539184952978058,0.027777777777777776,1024,38.0,52.63157894736842,14.026315789473685,5.026315789473684,11.236842105263158,66.0,59.0,0.5552083333333333,0.031746031746031744,31.5,2025-26,True
Lewis Hall,England,"MF,DF",Chelsea,17,2004,9,8,654,7.3,0,0,0,0,0,0,1,0,0.0,0.0,0.0,0.0,0.0,False,2022-23,2022,0.0,1,654,,,0.0,,,289,38.0,59.026315789473685,12.736842105263158,4.157894736842105,11.526315789473685,38.0,47.0,0.5249457700650759,0.1149425287356322,8.7,2023-24,True
Lewis Hall,England,DF,Newcastle,18,2004,18,8,781,8.7,1,0,1,1,0,0,2,0,0.1149425287356322,0.0,0.1149425287356322,0.1149425287356322,0.1149425287356322,False,2023-24,2023,0.1149425287356322,2,1435,654.0,127.0,0.07662835249042146,0.0,,324,38.0,52.21052631578947,14.5,5.605263157894737,14.052631578947368,85.0,62.0,0.5078341013824884,0.1646090534979424,24.3,2024-25,True
Lewis Hall,England,DF,Newcastle,19,2004,27,24,2189,24.3,0,4,4,0,0,0,3,0,0.0,0.1646090534979424,0.1646090534979424,0.0,0.1646090534979424,False,2024-25,2024,0.1646090534979424,3,3624,781.0,1408.0,0.13528215316210207,0.1149425287356322,0.0,361,38.0,51.05263157894737,13.789473684210526,4.578947368421052,12.447368421052632,68.0,47.0,0.5255767301905717,0.08264462809917356,24.2,2025-26,True
Lewis Miley,England,MF,Newcastle,16,2006,1,0,15,0.2,0,0,0,0,0,0,0,0,0.0,0.0,0.0,0.0,0.0,False,2022-23,2022,0.0,1,15,,,0.0,,,256,38.0,52.44736842105263,15.026315789473685,5.184210526315789,10.18421052631579,68.0,33.0,0.5960334029227558,0.29850746268656714,13.4,2023-24,True
Lewis Miley,England,MF,Newcastle,17,2006,17,14,1202,13.4,1,3,4,1,0,0,1,0,0.07462686567164178,0.22388059701492538,0.29850746268656714,0.07462686567164178,0.29850746268656714,False,2023-24,2023,0.29850746268656714,2,1217,15.0,1187.0,0.1990049751243781,0.0,,289,38.0,52.21052631578947,14.5,5.605263157894737,14.052631578947368,85.0,62.0,0.5078341013824884,0.2857142857142857,3.5,2024-25,True
Lewis Miley,England,MF,Newcastle,18,2006,14,1,313,3.5,1,0,1,1,0,0,0,0,0.2857142857142857,0.0,0.2857142857142857,0.2857142857142857,0.2857142857142857,False,2024-25,2024,0.2857142857142857,3,1530,1202.0,-889.0,0.25681118218431653,0.29850746268656714,0.0,324,38.0,51.05263157894737,13.789473684210526,4.578947368421052,12.447368421052632,68.0,47.0,0.5255767301905717,0.3012048192771084,16.6,2025-26,True
Liam Cooper,Scotland,DF,Leeds United,29,1991,21,21,1814,20.2,0,1,1,0,0,0,5,0,0.0,0.04950495049504951,0.04950495049504951,0.0,0.04950495049504951,False,2021-22,2021,0.04950495049504951,1,1814,,,0.04950495049504951,,,841,38.0,52.473684210526315,12.736842105263158,4.052631578947368,15.289473684210526,42.0,79.0,0.4544600938967136,0.06329113924050632,15.8,2022-23,True
Liam Delap,England,FW,Manchester City,18,2003,1,0,10,0.1,0,0,0,0,0,0,0,0,0.0,0.0,0.0,0.0,0.0,False,2021-22,2021,0.0,1,10,,,0.0,,,324,38.0,68.5,18.763157894736842,6.657894736842105,6.2368421052631575,99.0,26.0,0.7505263157894737,0.4861111111111111,28.8,2024-25,True
Liam Delap,England,FW,Ipswich Town,21,2003,37,32,2593,28.8,12,2,14,10,2,2,12,0,0.41666666666666663,0.06944444444444445,0.4861111111111111,0.3472222222222222,0.41666666666666663,False,2024-25,2024,0.4861111111111111,2,2603,10.0,2583.0,0.32407407407407407,0.0,,441,38.0,40.39473684210526,9.894736842105264,3.3421052631578947,15.973684210526315,36.0,82.0,0.38250254323499494,0.08130081300813008,12.3,2025-26,True
Lisandro Martínez,Argentina,DF,Manchester Utd,24,1998,27,24,2114,23.5,1,0,1,1,0,0,6,0,0.0425531914893617,0.0,0.0425531914893617,0.0425531914893617,0.0425531914893617,False,2022-23,2022,0.0425531914893617,1,2114,,,0.0425531914893617,,,576,38.0,53.973684210526315,15.578947368421053,5.631578947368421,12.657894736842104,58.0,43.0,0.5517241379310345,0.1388888888888889,7.2,2023-24,True
Lisandro Martínez,Argentina,DF,Manchester Utd,25,1998,11,8,646,7.2,0,1,1,0,0,0,3,0,0.0,0.1388888888888889,0.1388888888888889,0.0,0.1388888888888889,False,2023-24,2023,0.1388888888888889,2,2760,2114.0,-1468.0,0.10677698975571316,0.0425531914893617,,625,38.0,50.526315789473685,14.473684210526315,5.078947368421052,17.55263157894737,57.0,58.0,0.4519309778142974,0.15384615384615385,19.5,2024-25,True
Lisandro Martínez,Argentina,DF,Manchester Utd,26,1998,20,20,1751,19.5,2,1,3,2,0,0,7,0,0.10256410256410256,0.05128205128205128,0.15384615384615385,0.10256410256410256,0.15384615384615385,False,2024-25,2024,0.15384615384615385,3,4511,646.0,1105.0,0.13815643248267362,0.1388888888888889,0.0425531914893617,676,38.0,53.55263157894737,13.868421052631579,4.605263157894737,10.921052631578947,44.0,54.0,0.559447983014862,0.0,13.7,2025-26,True
Lloyd Kelly,England,DF,Bournemouth,23,1998,23,23,2040,22.7,0,2,2,0,0,0,3,0,0.0,0.0881057268722467,0.0881057268722467,0.0,0.0881057268722467,False,2022-23,2022,0.0881057268722467,1,2040,,,0.0881057268722467,,,529,38.0,40.078947368421055,9.394736842105264,3.5,16.473684210526315,37.0,71.0,0.3631739572736521,0.057803468208092484,17.3,2023-24,True
Lloyd Kelly,England,DF,Bournemouth,24,1998,23,17,1559,17.3,0,1,1,0,0,0,2,0,0.0,0.057803468208092484,0.057803468208092484,0.0,0.057803468208092484,False,2023-24,2023,0.057803468208092484,2,3599,2040.0,-481.0,0.06790422109614389,0.0881057268722467,,576,38.0,44.05263157894737,14.263157894736842,4.868421052631579,13.973684210526315,54.0,67.0,0.5051258154706431,0.29411764705882354,3.4,2024-25,True
Lucas Bergvall,Sweden,MF,Tottenham,18,2006,27,11,1212,13.5,0,1,1,0,0,0,3,0,0.0,0.07407407407407407,0.07407407407407407,0.0,0.07407407407407407,False,2024-25,2024,0.07407407407407407,1,1212,,,0.07407407407407407,,,324,38.0,54.76315789473684,13.078947368421053,4.868421052631579,13.736842105263158,64.0,65.0,0.4877330716388616,0.3738317757009346,10.7,2025-26,True
Lucas Digne,France,DF,Aston Villa,29,1993,28,18,1502,16.7,1,0,1,1,0,0,5,0,0.059880239520958084,0.0,0.059880239520958084,0.059880239520958084,0.059880239520958084,False,2022-23,2022,0.059880239520958084,1,1502,,,0.059880239520958084,,,841,38.0,49.44736842105263,11.31578947368421,3.973684210526316,11.289473684210526,51.0,46.0,0.5005820721769499,0.14925373134328357,26.8,2023-24,True
Lucas Digne,France,DF,Aston Villa,30,1993,33,27,2410,26.8,1,3,4,1,0,0,7,0,0.03731343283582089,0.11194029850746269,0.14925373134328357,0.03731343283582089,0.14925373134328357,False,2023-24,2023,0.14925373134328357,2,3912,1502.0,908.0,0.11946256740250841,0.059880239520958084,,900,38.0,53.421052631578945,13.5,5.0,11.947368421052632,76.0,61.0,0.5305067218200621,0.1532567049808429,26.1,2024-25,True
Lucas Digne,France,DF,Aston Villa,31,1993,32,28,2351,26.1,0,4,4,0,0,0,4,0,0.0,0.1532567049808429,0.1532567049808429,0.0,0.1532567049808429,False,2024-25,2024,0.1532567049808429,3,6263,2410.0,-59.0,0.1419919924547314,0.14925373134328357,0.059880239520958084,961,38.0,50.71052631578947,12.736842105263158,4.473684210526316,12.18421052631579,58.0,51.0,0.5110876451953538,0.2912621359223301,20.6,2025-26,True
Lucas Paquetá,Brazil,MF,West Ham,24,1997,28,27,2151,23.9,4,3,7,3,1,1,5,0,0.1673640167364017,0.12552301255230125,0.29288702928870297,0.12552301255230125,0.25104602510460255,False,2022-23,2022,0.29288702928870297,1,2151,,,0.29288702928870297,,,576,,,,,,,,,0.3436426116838488,29.1,2023-24,True
Lucas Paquetá,Brazil,MF,West Ham,25,1997,31,31,2622,29.1,4,6,10,2,2,2,10,0,0.1374570446735395,0.20618556701030927,0.3436426116838488,0.06872852233676975,0.27491408934707906,False,2023-24,2023,0.3436426116838488,2,4773,2151.0,471.0,0.32672408421880017,0.29288702928870297,,625,,,,,,,,,0.15151515151515152,26.4,2024-25,True
Lucas Paquetá,Brazil,"MF,FW",West Ham,26,1997,33,27,2380,26.4,4,0,4,2,2,2,10,0,0.15151515151515152,0.0,0.15151515151515152,0.07575757575757576,0.07575757575757576,False,2024-25,2024,0.15151515151515152,3,7153,2622.0,-242.0,0.20991812908303442,0.3436426116838488,0.29288702928870297,676,,,,,,,,,0.2976190476190476,16.8,2025-26,True
Luis Díaz,Colombia,FW,Liverpool,24,1997,13,11,958,10.6,4,3,7,4,0,0,0,0,0.37735849056603776,0.2830188679245283,0.6603773584905661,0.37735849056603776,0.6603773584905661,False,2021-22,2021,0.6603773584905661,1,958,,,0.6603773584905661,,,576,38.0,63.3421052631579,19.18421052631579,6.7631578947368425,7.7894736842105265,94.0,26.0,0.7112195121951219,0.5405405405405406,11.1,2022-23,True
Luis Díaz,Colombia,FW,Liverpool,25,1997,17,11,996,11.1,4,2,6,4,0,0,2,0,0.3603603603603604,0.1801801801801802,0.5405405405405406,0.3603603603603604,0.5405405405405406,False,2022-23,2022,0.5405405405405406,2,1954,958.0,38.0,0.5804861465238824,0.6603773584905661,,625,38.0,61.10526315789474,15.921052631578947,5.578947368421052,9.710526315789474,75.0,47.0,0.6211498973305954,0.4452054794520548,29.2,2023-24,True
Luis Díaz,Colombia,FW,Liverpool,26,1997,37,32,2629,29.2,8,5,13,8,0,0,3,0,0.273972602739726,0.17123287671232876,0.4452054794520548,0.273972602739726,0.4452054794520548,False,2023-24,2023,0.4452054794520548,3,4583,996.0,1633.0,0.49029903514266404,0.5405405405405406,0.6603773584905661,676,38.0,61.78947368421053,20.789473684210527,7.2894736842105265,10.894736842105264,86.0,41.0,0.6561461794019934,0.6741573033707865,26.7,2024-25,True
Luis Sinisterra,Colombia,MF,Leeds United,23,1999,19,13,867,9.6,5,0,5,5,0,0,3,1,0.5208333333333334,0.0,0.5208333333333334,0.5208333333333334,0.5208333333333334,False,2022-23,2022,0.5208333333333334,1,867,,,0.5208333333333334,,,529,38.0,46.94736842105263,12.157894736842104,3.8157894736842106,13.868421052631579,48.0,78.0,0.4671385237613751,0.5128205128205129,7.8,2023-24,True
Luka Milivojević,Serbia,MF,Crystal Palace,30,1991,15,9,774,8.6,0,0,0,0,0,0,1,0,0.0,0.0,0.0,0.0,0.0,False,2021-22,2021,0.0,1,774,,,0.0,,,900,38.0,50.94736842105263,10.81578947368421,3.8684210526315788,11.657894736842104,50.0,46.0,0.48126463700234196,0.0,5.7,2022-23,True
Luke Ayling,England,DF,Leeds United,29,1991,26,26,2272,25.2,2,2,4,2,0,0,4,1,0.07936507936507936,0.07936507936507936,0.15873015873015872,0.07936507936507936,0.15873015873015872,False,2021-22,2021,0.15873015873015872,1,2272,,,0.15873015873015872,,,841,38.0,52.473684210526315,12.736842105263158,4.052631578947368,15.289473684210526,42.0,79.0,0.4544600938967136,0.13157894736842105,22.8,2022-23,True
Luke Shaw,England,"DF,MF",Manchester Utd,26,1995,20,19,1601,17.8,0,3,3,0,0,0,8,0,0.0,0.16853932584269662,0.16853932584269662,0.0,0.16853932584269662,False,2021-22,2021,0.16853932584269662,1,1601,,,0.16853932584269662,,,676,38.0,52.921052631578945,13.368421052631579,4.921052631578948,13.447368421052632,57.0,57.0,0.4985279685966634,0.10563380281690142,28.4,2022-23,True
Luke Shaw,England,DF,Manchester Utd,27,1995,31,30,2552,28.4,1,2,3,1,0,0,8,0,0.035211267605633804,0.07042253521126761,0.10563380281690142,0.035211267605633804,0.10563380281690142,False,2022-23,2022,0.10563380281690142,2,4153,1601.0,951.0,0.1266023104921665,0.16853932584269662,,729,38.0,53.973684210526315,15.578947368421053,5.631578947368421,12.657894736842104,58.0,43.0,0.5517241379310345,0.0,10.7,2023-24,True
Luke Shaw,England,DF,Manchester Utd,28,1995,12,12,959,10.7,0,0,0,0,0,0,6,0,0.0,0.0,0.0,0.0,0.0,False,2023-24,2023,0.0,3,5112,2552.0,-1593.0,0.042200770164055504,0.10563380281690142,0.16853932584269662,784,38.0,50.526315789473685,14.473684210526315,5.078947368421052,17.55263157894737,57.0,58.0,0.4519309778142974,0.0,3.9,2024-25,True
Luke Shaw,England,DF,Manchester Utd,29,1995,7,4,349,3.9,0,0,0,0,0,0,1,0,0.0,0.0,0.0,0.0,0.0,False,2024-25,2024,0.0,4,5461,959.0,-610.0,0.014066923388018503,0.0,0.10563380281690142,841,38.0,53.55263157894737,13.868421052631579,4.605263157894737,10.921052631578947,44.0,54.0,0.559447983014862,0.0558659217877095,35.8,2025-26,True
Luke Thomas,England,"DF,MF",Leicester City,20,2001,22,21,1912,21.2,0,1,1,0,0,0,2,0,0.0,0.04716981132075472,0.04716981132075472,0.0,0.04716981132075472,False,2021-22,2021,0.04716981132075472,1,1912,,,0.04716981132075472,,,400,,,,,,,,,0.0,11.9,2022-23,True
Luke Thomas,England,DF,Leicester City,21,2001,17,11,1073,11.9,0,0,0,0,0,0,3,0,0.0,0.0,0.0,0.0,0.0,False,2022-23,2022,0.0,2,2985,1912.0,-839.0,0.015723270440251576,0.04716981132075472,,441,,,,,,,,,0.0,10.2,2023-24,True
Luke Thomas,England,"MF,DF",Sheffield United,22,2001,12,11,917,10.2,0,0,0,0,0,0,3,0,0.0,0.0,0.0,0.0,0.0,False,2023-24,2023,0.0,3,3902,1073.0,-156.0,0.005241090146750526,0.0,0.04716981132075472,484,,,,,,,,,0.0,12.3,2024-25,True
Lyanco,Brazil,DF,Southampton,24,1997,15,9,911,10.1,0,0,0,0,0,0,2,0,0.0,0.0,0.0,0.0,0.0,False,2021-22,2021,0.0,1,911,,,0.0,,,576,,,,,,,,,0.15267175572519084,13.1,2022-23,True
Lyle Foster,South Africa,"FW,MF",Burnley,22,2000,24,22,1899,21.1,5,3,8,5,0,0,0,1,0.23696682464454974,0.14218009478672985,0.3791469194312796,0.23696682464454974,0.3791469194312796,False,2023-24,2023,0.3791469194312796,1,1899,,,0.3791469194312796,,,484,,,,,,,,,0.32894736842105265,15.2,2025-26,True
Mads Hermansen,Denmark,GK,Leicester City,24,2000,27,27,2385,26.5,0,0,0,0,0,0,1,0,0.0,0.0,0.0,0.0,0.0,False,2024-25,2024,0.0,1,2385,,,0.0,,,576,,,,,,,,,0.05555555555555555,18.0,2025-26,True
Mads Roerslev,Denmark,"MF,DF",Brentford,22,1999,21,12,1240,13.8,1,1,2,1,0,0,1,0,0.07246376811594203,0.07246376811594203,0.14492753623188406,0.07246376811594203,0.14492753623188406,False,2021-22,2021,0.14492753623188406,1,1240,,,0.14492753623188406,,,484,38.0,44.5,11.631578947368421,4.052631578947368,13.210526315789474,48.0,56.0,0.4682203389830508,0.0,12.3,2022-23,True
Mads Roerslev,Denmark,"MF,DF",Brentford,23,1999,20,12,1108,12.3,0,0,0,0,0,0,0,0,0.0,0.0,0.0,0.0,0.0,False,2022-23,2022,0.0,2,2348,1240.0,-132.0,0.04830917874396136,0.14492753623188406,,529,38.0,43.39473684210526,10.710526315789474,4.2631578947368425,14.763157894736842,58.0,46.0,0.42045454545454547,0.13574660633484162,22.1,2023-24,True
Mads Roerslev,Denmark,"MF,DF",Brentford,24,1999,34,22,1985,22.1,1,2,3,1,0,0,1,0,0.04524886877828054,0.09049773755656108,0.13574660633484162,0.04524886877828054,0.13574660633484162,False,2023-24,2023,0.13574660633484162,3,4333,1108.0,877.0,0.10660079713788152,0.0,0.14492753623188406,576,38.0,44.973684210526315,12.447368421052632,4.526315789473684,14.421052631578947,56.0,65.0,0.4632713026444662,0.1639344262295082,12.2,2024-25,True
Malo Gusto,France,"DF,MF",Chelsea,20,2003,27,19,1751,19.5,0,6,6,0,0,0,7,1,0.0,0.3076923076923077,0.3076923076923077,0.0,0.3076923076923077,False,2023-24,2023,0.3076923076923077,1,1751,,,0.3076923076923077,,,400,38.0,59.0,14.421052631578947,5.657894736842105,14.631578947368421,77.0,63.0,0.4963768115942029,0.04830917874396135,20.7,2024-25,True
Malo Gusto,France,DF,Chelsea,21,2003,32,19,1862,20.7,0,1,1,0,0,0,4,0,0.0,0.04830917874396135,0.04830917874396135,0.0,0.04830917874396135,False,2024-25,2024,0.04830917874396135,2,3613,1751.0,111.0,0.13477022172674347,0.3076923076923077,,441,38.0,57.3421052631579,15.657894736842104,5.7368421052631575,10.447368421052632,64.0,43.0,0.5997983870967741,0.199203187250996,25.1,2025-26,True
Manuel Akanji,Switzerland,"DF,MF",Manchester City,27,1995,29,24,2287,25.4,0,1,1,0,0,0,2,0,0.0,0.03937007874015748,0.03937007874015748,0.0,0.03937007874015748,False,2022-23,2022,0.03937007874015748,1,2287,,,0.03937007874015748,,,729,38.0,65.34210526315789,15.789473684210526,5.7631578947368425,7.7105263157894735,94.0,33.0,0.6718924972004479,0.07168458781362008,27.9,2023-24,True
Manuel Akanji,Switzerland,"DF,MF",Manchester City,28,1995,30,28,2511,27.9,2,0,2,2,0,0,4,1,0.07168458781362008,0.0,0.07168458781362008,0.07168458781362008,0.07168458781362008,False,2023-24,2023,0.07168458781362008,2,4798,2287.0,224.0,0.06091308478913254,0.03937007874015748,,784,38.0,65.73684210526316,18.263157894736842,7.315789473684211,7.7368421052631575,96.0,34.0,0.7024291497975709,0.0,22.4,2024-25,True
Manuel Ugarte,Uruguay,MF,Manchester Utd,23,2001,29,22,1785,19.8,1,2,3,1,0,0,11,0,0.050505050505050504,0.10101010101010101,0.15151515151515152,0.050505050505050504,0.15151515151515152,False,2024-25,2024,0.15151515151515152,1,1785,,,0.15151515151515152,,,529,38.0,53.55263157894737,13.868421052631579,4.605263157894737,10.921052631578947,44.0,54.0,0.559447983014862,0.0,9.9,2025-26,True
Marc Cucurella,Spain,"DF,MF",Brighton,23,1998,35,35,3089,34.3,1,1,2,1,0,0,6,0,0.02915451895043732,0.02915451895043732,0.05830903790087464,0.02915451895043732,0.05830903790087464,False,2021-22,2021,0.05830903790087464,1,3089,,,0.05830903790087464,,,529,38.0,54.73684210526316,12.868421052631579,4.0,12.526315789473685,42.0,44.0,0.5067357512953368,0.1075268817204301,18.6,2022-23,True
Marc Cucurella,Spain,"DF,MF",Chelsea,24,1998,24,21,1671,18.6,0,2,2,0,0,0,4,0,0.0,0.1075268817204301,0.1075268817204301,0.0,0.1075268817204301,False,2022-23,2022,0.1075268817204301,2,4760,3089.0,-1418.0,0.09112093378057827,0.05830903790087464,,576,38.0,59.026315789473685,12.736842105263158,4.157894736842105,11.526315789473685,38.0,47.0,0.5249457700650759,0.10101010101010101,19.8,2023-24,True
Marc Cucurella,Spain,DF,Chelsea,25,1998,21,20,1782,19.8,0,2,2,0,0,0,10,0,0.0,0.10101010101010101,0.10101010101010101,0.0,0.10101010101010101,False,2023-24,2023,0.10101010101010101,3,6542,1671.0,111.0,0.09771371193359343,0.1075268817204301,0.05830903790087464,625,38.0,59.0,14.421052631578947,5.657894736842105,14.631578947368421,77.0,63.0,0.4963768115942029,0.18072289156626503,33.2,2024-25,True
Marc Cucurella,Spain,DF,Chelsea,26,1998,36,33,2988,33.2,5,1,6,5,0,0,10,1,0.1506024096385542,0.03012048192771084,0.18072289156626503,0.1506024096385542,0.18072289156626503,False,2024-25,2024,0.18072289156626503,4,9530,1782.0,1206.0,0.15305316502204117,0.10101010101010101,0.1075268817204301,676,38.0,57.3421052631579,15.657894736842104,5.7368421052631575,10.447368421052632,64.0,43.0,0.5997983870967741,0.16611295681063123,30.1,2025-26,True
Marc Guéhi,England,DF,Crystal Palace,21,2000,36,36,3222,35.8,2,1,3,2,0,0,4,0,0.0558659217877095,0.02793296089385475,0.08379888268156425,0.0558659217877095,0.08379888268156425,False,2021-22,2021,0.08379888268156425,1,3222,,,0.08379888268156425,,,441,38.0,50.94736842105263,10.81578947368421,3.8684210526315788,11.657894736842104,50.0,46.0,0.48126463700234196,0.02702702702702703,37.0,2022-23,True
Marc Guéhi,England,DF,Crystal Palace,22,2000,37,37,3329,37.0,1,0,1,1,0,0,8,0,0.02702702702702703,0.0,0.02702702702702703,0.02702702702702703,0.02702702702702703,False,2022-23,2022,0.02702702702702703,2,6551,3222.0,107.0,0.045950978911872775,0.08379888268156425,,484,38.0,46.13157894736842,11.18421052631579,3.5789473684210527,12.0,40.0,49.0,0.48240635641316687,0.044444444444444446,22.5,2023-24,True
Marc Guéhi,England,DF,Crystal Palace,23,2000,25,23,2021,22.5,0,1,1,0,0,0,2,0,0.0,0.044444444444444446,0.044444444444444446,0.0,0.044444444444444446,False,2023-24,2023,0.044444444444444446,3,8572,3329.0,-1308.0,0.044946622600253894,0.02702702702702703,0.08379888268156425,529,38.0,42.1578947368421,12.0,4.447368421052632,12.078947368421053,57.0,58.0,0.4983606557377049,0.14705882352941177,34.0,2024-25,True
Marcos Senesi,Argentina,DF,Bournemouth,25,1997,31,29,2491,27.7,2,0,2,2,0,0,7,0,0.07220216606498195,0.0,0.07220216606498195,0.07220216606498195,0.07220216606498195,False,2022-23,2022,0.07220216606498195,1,2491,,,0.07220216606498195,,,625,38.0,40.078947368421055,9.394736842105264,3.5,16.473684210526315,37.0,71.0,0.3631739572736521,0.3614457831325301,24.9,2023-24,True
Marcos Senesi,Argentina,DF,Bournemouth,26,1997,31,26,2242,24.9,4,5,9,4,0,0,13,0,0.1606425702811245,0.20080321285140562,0.3614457831325301,0.1606425702811245,0.3614457831325301,False,2023-24,2023,0.3614457831325301,2,4733,2491.0,-249.0,0.26503124411001405,0.07220216606498195,,676,38.0,44.05263157894737,14.263157894736842,4.868421052631579,13.973684210526315,54.0,67.0,0.5051258154706431,0.0,12.3,2024-25,True
Marcos Senesi,Argentina,DF,Bournemouth,27,1997,17,13,1106,12.3,0,0,0,0,0,0,5,0,0.0,0.0,0.0,0.0,0.0,False,2024-25,2024,0.0,3,5839,2242.0,-1136.0,0.08834374803667136,0.3614457831325301,0.07220216606498195,729,38.0,48.578947368421055,15.263157894736842,5.315789473684211,12.842105263157896,58.0,46.0,0.5430711610486891,0.136986301369863,36.5,2025-26,True
Marcus Rashford,England,"MF,FW",Manchester Utd,23,1997,25,13,1235,13.7,4,2,6,4,0,0,2,0,0.29197080291970806,0.14598540145985403,0.43795620437956206,0.29197080291970806,0.43795620437956206,False,2021-22,2021,0.43795620437956206,1,1235,,,0.43795620437956206,,,529,38.0,52.921052631578945,13.368421052631579,4.921052631578948,13.447368421052632,57.0,57.0,0.4985279685966634,0.6875,32.0,2022-23,True
Marcus Rashford,England,"FW,MF",Manchester Utd,24,1997,35,32,2879,32.0,17,5,22,17,0,0,2,0,0.53125,0.15625,0.6875,0.53125,0.6875,False,2022-23,2022,0.6875,2,4114,1235.0,1644.0,0.6043187347931873,0.43795620437956206,,576,38.0,53.973684210526315,15.578947368421053,5.631578947368421,12.657894736842104,58.0,43.0,0.5517241379310345,0.35714285714285715,25.2,2023-24,True
Marcus Tavernier,England,MF,Bournemouth,23,1999,23,19,1743,19.4,5,4,9,5,0,0,1,0,0.2577319587628866,0.2061855670103093,0.4639175257731959,0.2577319587628866,0.4639175257731959,False,2022-23,2022,0.4639175257731959,1,1743,,,0.4639175257731959,,,529,38.0,40.078947368421055,9.394736842105264,3.5,16.473684210526315,37.0,71.0,0.3631739572736521,0.2978723404255319,23.5,2023-24,True
Marcus Tavernier,England,MF,Bournemouth,24,1999,30,25,2118,23.5,3,4,7,3,0,0,3,0,0.1276595744680851,0.1702127659574468,0.2978723404255319,0.1276595744680851,0.2978723404255319,False,2023-24,2023,0.2978723404255319,2,3861,1743.0,375.0,0.3532207355414199,0.4639175257731959,,576,38.0,44.05263157894737,14.263157894736842,4.868421052631579,13.973684210526315,54.0,67.0,0.5051258154706431,0.37209302325581395,21.5,2024-25,True
Marcus Tavernier,England,MF,Bournemouth,25,1999,29,20,1939,21.5,3,5,8,3,0,0,6,0,0.13953488372093023,0.23255813953488372,0.37209302325581395,0.13953488372093023,0.37209302325581395,False,2024-25,2024,0.37209302325581395,3,5800,2118.0,-179.0,0.3658022606843493,0.2978723404255319,0.4639175257731959,625,38.0,48.578947368421055,15.263157894736842,5.315789473684211,12.842105263157896,58.0,46.0,0.5430711610486891,0.36303630363036304,30.3,2025-26,True
Mario Lemina,Gabon,MF,Wolves,28,1993,19,17,1299,14.4,0,1,1,0,0,0,4,1,0.0,0.06944444444444445,0.06944444444444445,0.0,0.06944444444444445,False,2022-23,2022,0.06944444444444445,1,1299,,,0.06944444444444445,,,784,,,,,,,,,0.15151515151515152,33.0,2023-24,True
Mario Lemina,Gabon,MF,Wolves,29,1993,35,34,2968,33.0,4,1,5,4,0,0,12,1,0.12121212121212122,0.030303030303030304,0.15151515151515152,0.12121212121212122,0.15151515151515152,False,2023-24,2023,0.15151515151515152,2,4267,1299.0,1669.0,0.12415824915824916,0.06944444444444445,,841,,,,,,,,,0.2631578947368421,15.2,2024-25,True
Mark Flekken,Netherlands,GK,Brentford,30,1993,37,37,3285,36.5,0,1,1,0,0,0,3,0,0.0,0.0273972602739726,0.0273972602739726,0.0,0.0273972602739726,False,2023-24,2023,0.0273972602739726,1,3285,,,0.0273972602739726,,,900,38.0,44.973684210526315,12.447368421052632,4.526315789473684,14.421052631578947,56.0,65.0,0.4632713026444662,0.054945054945054944,36.4,2024-25,True
Mark Travers,Ireland,GK,Bournemouth,23,1999,12,11,1035,11.5,0,0,0,0,0,0,0,0,0.0,0.0,0.0,0.0,0.0,False,2022-23,2022,0.0,1,1035,,,0.0,,,529,38.0,40.078947368421055,9.394736842105264,3.5,16.473684210526315,37.0,71.0,0.3631739572736521,0.0,4.0,2023-24,True
Mark Travers,Ireland,GK,Bournemouth,24,1999,4,4,360,4.0,0,0,0,0,0,0,0,0,0.0,0.0,0.0,0.0,0.0,False,2023-24,2023,0.0,2,1395,1035.0,-675.0,0.0,0.0,,576,38.0,44.05263157894737,14.263157894736842,4.868421052631579,13.973684210526315,54.0,67.0,0.5051258154706431,0.0,5.0,2024-25,True
Marshall Munetsi,Zimbabwe,"MF,FW",Wolves,28,1996,14,12,1078,12.0,2,1,3,2,0,0,0,0,0.16666666666666666,0.08333333333333333,0.25,0.16666666666666666,0.25,False,2024-25,2024,0.25,1,1078,,,0.25,,,784,,,,,,,,,0.2061855670103093,9.7,2025-26,True
Martin Dúbravka,Slovakia,GK,Newcastle,33,1989,2,1,157,1.7,0,0,0,0,0,0,0,0,0.0,0.0,0.0,0.0,0.0,False,2022-23,2022,0.0,2,2497,2340.0,-2183.0,0.0,0.0,,1089,38.0,52.44736842105263,15.026315789473685,5.184210526315789,10.18421052631579,68.0,33.0,0.5960334029227558,0.0,22.1,2023-24,True
Martin Dúbravka,Slovakia,GK,Newcastle,34,1989,23,22,1985,22.1,0,0,0,0,0,0,1,0,0.0,0.0,0.0,0.0,0.0,False,2023-24,2023,0.0,3,4482,157.0,1828.0,0.0,0.0,0.0,1156,38.0,52.21052631578947,14.5,5.605263157894737,14.052631578947368,85.0,62.0,0.5078341013824884,0.0,10.0,2024-25,True
Martin Dúbravka,Slovakia,GK,Newcastle,35,1989,10,10,900,10.0,0,0,0,0,0,0,0,0,0.0,0.0,0.0,0.0,0.0,False,2024-25,2024,0.0,4,5382,1985.0,-1085.0,0.0,0.0,0.0,1225,38.0,51.05263157894737,13.789473684210526,4.578947368421052,12.447368421052632,68.0,47.0,0.5255767301905717,0.0,35.0,2025-26,True
Martin Ødegaard,Norway,MF,Arsenal,22,1998,36,32,2785,30.9,7,4,11,7,0,0,4,0,0.22653721682847897,0.12944983818770228,0.3559870550161812,0.22653721682847897,0.3559870550161812,False,2021-22,2021,0.3559870550161812,1,2785,,,0.3559870550161812,,,484,38.0,53.18421052631579,15.473684210526315,5.157894736842105,11.18421052631579,61.0,48.0,0.5804540967423495,0.6340057636887607,34.7,2022-23,True
Martin Ødegaard,Norway,MF,Arsenal,23,1998,37,37,3127,34.7,15,7,22,15,0,0,4,0,0.4322766570605187,0.20172910662824206,0.6340057636887607,0.4322766570605187,0.6340057636887607,False,2022-23,2022,0.6340057636887607,2,5912,2785.0,342.0,0.5413328607979009,0.3559870550161812,,529,38.0,59.94736842105263,15.605263157894736,5.368421052631579,8.973684210526315,88.0,43.0,0.6349036402569593,0.5247813411078718,34.3,2023-24,True
Martin Ødegaard,Norway,MF,Arsenal,24,1998,35,35,3091,34.3,8,10,18,6,2,2,2,0,0.23323615160349856,0.2915451895043732,0.5247813411078718,0.17492711370262393,0.4664723032069971,False,2023-24,2023,0.5247813411078718,3,9003,3127.0,-36.0,0.5302985143378816,0.6340057636887607,0.3559870550161812,576,38.0,58.63157894736842,17.263157894736842,5.973684210526316,8.473684210526315,91.0,29.0,0.6707566462167689,0.4263565891472868,25.8,2024-25,True
Martin Ødegaard,Norway,MF,Arsenal,25,1998,30,26,2325,25.8,3,8,11,2,1,1,4,0,0.11627906976744186,0.31007751937984496,0.4263565891472868,0.07751937984496124,0.38759689922480617,False,2024-25,2024,0.4263565891472868,4,11328,3091.0,-766.0,0.4610038975441517,0.5247813411078718,0.6340057636887607,625,38.0,57.18421052631579,14.394736842105264,4.947368421052632,9.526315789473685,69.0,34.0,0.6017601760176018,0.46052631578947373,15.2,2025-26,True
Marvelous Nakamba,Zimbabwe,MF,Aston Villa,27,1994,16,10,904,10.0,0,0,0,0,0,0,5,0,0.0,0.0,0.0,0.0,0.0,False,2021-22,2021,0.0,1,904,,,0.0,,,729,38.0,46.473684210526315,12.210526315789474,4.2631578947368425,12.552631578947368,52.0,54.0,0.49309245483528164,0.0,12.6,2023-24,True
Mason Holgate,Jamaica,DF,Everton,24,1996,25,23,2134,23.7,2,1,3,2,0,0,7,1,0.08438818565400844,0.04219409282700422,0.12658227848101267,0.08438818565400844,0.12658227848101267,False,2021-22,2021,0.12658227848101267,1,2134,,,0.12658227848101267,,,576,38.0,39.68421052631579,11.526315789473685,3.6315789473684212,13.710526315789474,43.0,66.0,0.45672575599582904,0.0,5.6,2022-23,True
Mason Holgate,Jamaica,DF,Everton,25,1996,8,5,507,5.6,0,0,0,0,0,0,3,1,0.0,0.0,0.0,0.0,0.0,False,2022-23,2022,0.0,2,2641,2134.0,-1627.0,0.042194092827004225,0.12658227848101267,,625,38.0,42.578947368421055,11.289473684210526,4.0,15.105263157894736,34.0,57.0,0.42771684945164506,0.0,7.9,2023-24,True
Mason Mount,England,MF,Chelsea,22,1999,32,27,2363,26.3,11,10,21,10,1,1,4,0,0.4182509505703422,0.38022813688212925,0.7984790874524714,0.38022813688212925,0.7604562737642585,False,2021-22,2021,0.7984790874524714,1,2363,,,0.7984790874524714,,,484,38.0,62.3421052631579,15.578947368421053,5.552631578947368,8.921052631578947,76.0,33.0,0.635875402792696,0.27322404371584696,18.3,2022-23,True
Mason Mount,England,MF,Chelsea,23,1999,24,20,1648,18.3,3,2,5,3,0,0,4,0,0.16393442622950818,0.1092896174863388,0.27322404371584696,0.16393442622950818,0.27322404371584696,False,2022-23,2022,0.27322404371584696,2,4011,2363.0,-715.0,0.4483090582947218,0.7984790874524714,,529,38.0,59.026315789473685,12.736842105263158,4.157894736842105,11.526315789473685,38.0,47.0,0.5249457700650759,0.17543859649122806,5.7,2023-24,True
Mason Mount,England,MF,Manchester Utd,24,1999,14,5,516,5.7,1,0,1,1,0,0,2,0,0.17543859649122806,0.0,0.17543859649122806,0.17543859649122806,0.17543859649122806,False,2023-24,2023,0.17543859649122806,3,4527,1648.0,-1132.0,0.2663954170923927,0.27322404371584696,0.7984790874524714,576,38.0,50.526315789473685,14.473684210526315,5.078947368421052,17.55263157894737,57.0,58.0,0.4519309778142974,0.14492753623188406,6.9,2024-25,True
Mason Mount,England,"MF,FW",Manchester Utd,25,1999,17,8,622,6.9,1,0,1,1,0,0,3,0,0.14492753623188406,0.0,0.14492753623188406,0.14492753623188406,0.14492753623188406,False,2024-25,2024,0.14492753623188406,4,5149,516.0,106.0,0.1854168298520536,0.17543859649122806,0.27322404371584696,625,38.0,53.55263157894737,13.868421052631579,4.605263157894737,10.921052631578947,44.0,54.0,0.559447983014862,0.2654867256637168,11.3,2025-26,True
Mateo Kovačić,Croatia,MF,Chelsea,27,1994,25,16,1558,17.3,2,5,7,2,0,0,4,0,0.11560693641618497,0.2890173410404624,0.40462427745664736,0.11560693641618497,0.40462427745664736,False,2021-22,2021,0.40462427745664736,1,1558,,,0.40462427745664736,,,729,38.0,62.3421052631579,15.578947368421053,5.552631578947368,8.921052631578947,76.0,33.0,0.635875402792696,0.15789473684210525,19.0,2022-23,True
Mateo Kovačić,Croatia,MF,Chelsea,28,1994,27,17,1707,19.0,1,2,3,1,0,0,8,0,0.05263157894736842,0.10526315789473684,0.15789473684210525,0.05263157894736842,0.15789473684210525,False,2022-23,2022,0.15789473684210525,2,3265,1558.0,149.0,0.24013791704695264,0.40462427745664736,,784,38.0,59.026315789473685,12.736842105263158,4.157894736842105,11.526315789473685,38.0,47.0,0.5249457700650759,0.05813953488372093,17.2,2023-24,True
Mateo Kovačić,Croatia,MF,Manchester City,29,1994,30,16,1551,17.2,1,0,1,1,0,0,4,0,0.05813953488372093,0.0,0.05813953488372093,0.05813953488372093,0.05813953488372093,False,2023-24,2023,0.05813953488372093,3,4816,1707.0,-156.0,0.11880566227146484,0.15789473684210525,0.40462427745664736,841,38.0,65.73684210526316,18.263157894736842,7.315789473684211,7.7368421052631575,96.0,34.0,0.7024291497975709,0.3278688524590164,24.4,2024-25,True
Mateus Fernandes,Portugal,MF,Southampton,20,2004,36,34,2909,32.3,2,4,6,2,0,0,8,0,0.061919504643962855,0.12383900928792571,0.18575851393188855,0.061919504643962855,0.18575851393188855,False,2024-25,2024,0.18575851393188855,1,2909,,,0.18575851393188855,,,400,,,,,,,,,0.208955223880597,33.5,2025-26,True
Mateus Mane,Portugal,MF,Wolves,16,2007,1,0,2,0.0,0,0,0,0,0,0,0,0,0.0,0.0,0.0,0.0,0.0,False,2024-25,2024,0.0,1,2,,,0.0,,,256,,,,,,,,,0.20100502512562815,19.9,2025-26,True
Mateusz Klich,Poland,MF,Leeds United,31,1990,33,26,2073,23.0,1,2,3,1,0,0,5,0,0.043478260869565216,0.08695652173913043,0.13043478260869565,0.043478260869565216,0.13043478260869565,False,2021-22,2021,0.13043478260869565,1,2073,,,0.13043478260869565,,,961,38.0,52.473684210526315,12.736842105263158,4.052631578947368,15.289473684210526,42.0,79.0,0.4544600938967136,0.0,3.1,2022-23,True
Matheus Cunha,Brazil,FW,Wolves,23,1999,17,12,965,10.7,2,0,2,2,0,0,1,0,0.1869158878504673,0.0,0.1869158878504673,0.1869158878504673,0.1869158878504673,False,2022-23,2022,0.1869158878504673,1,965,,,0.1869158878504673,,,529,,,,,,,,,0.7011070110701106,27.1,2023-24,True
Matheus Cunha,Brazil,"FW,MF",Wolves,24,1999,32,29,2440,27.1,12,7,19,11,1,1,9,0,0.44280442804428044,0.25830258302583026,0.7011070110701106,0.4059040590405904,0.6642066420664205,False,2023-24,2023,0.7011070110701106,2,3405,965.0,1475.0,0.5297099699968962,0.1869158878504673,,576,,,,,,,,,0.726643598615917,28.9,2024-25,True
Matheus Cunha,Brazil,MF,Wolves,25,1999,33,29,2597,28.9,15,6,21,15,0,0,4,0,0.5190311418685122,0.20761245674740486,0.726643598615917,0.5190311418685122,0.726643598615917,False,2024-25,2024,0.726643598615917,3,6002,2440.0,157.0,0.6609990557429101,0.7011070110701106,0.1869158878504673,625,,,,,,,,,0.4332129963898917,27.7,2025-26,True
Matheus Nunes,Portugal,MF,Wolves,23,1998,34,30,2467,27.4,1,1,2,1,0,0,2,1,0.03649635036496351,0.03649635036496351,0.07299270072992702,0.03649635036496351,0.07299270072992702,False,2022-23,2022,0.07299270072992702,1,2467,,,0.07299270072992702,,,529,,,,,,,,,0.3763440860215054,18.6,2024-25,True
Matheus Nunes,Portugal,"DF,MF",Manchester City,25,1998,26,19,1674,18.6,1,6,7,1,0,0,4,0,0.05376344086021505,0.3225806451612903,0.3763440860215054,0.05376344086021505,0.3763440860215054,False,2024-25,2024,0.3763440860215054,2,4141,2467.0,-793.0,0.27522695759097926,0.07299270072992702,,625,38.0,61.73684210526316,16.0,5.7105263157894735,9.31578947368421,72.0,44.0,0.6320166320166319,0.18867924528301885,31.8,2025-26,True
Mathias Jensen,Denmark,MF,Brentford,25,1996,31,19,1601,17.8,0,1,1,0,0,0,0,0,0.0,0.056179775280898875,0.056179775280898875,0.0,0.056179775280898875,False,2021-22,2021,0.056179775280898875,1,1601,,,0.056179775280898875,,,625,38.0,44.5,11.631578947368421,4.052631578947368,13.210526315789474,48.0,56.0,0.4682203389830508,0.35369774919614144,31.1,2022-23,True
Mathias Jensen,Denmark,MF,Brentford,26,1996,37,37,2803,31.1,5,6,11,5,0,0,5,0,0.1607717041800643,0.19292604501607716,0.35369774919614144,0.1607717041800643,0.35369774919614144,False,2022-23,2022,0.35369774919614144,2,4404,1601.0,1202.0,0.25452509122439393,0.056179775280898875,,676,38.0,43.39473684210526,10.710526315789474,4.2631578947368425,14.763157894736842,58.0,46.0,0.42045454545454547,0.24489795918367346,24.5,2023-24,True
Mathias Jensen,Denmark,MF,Brentford,27,1996,32,27,2204,24.5,3,3,6,3,0,0,5,0,0.12244897959183673,0.12244897959183673,0.24489795918367346,0.12244897959183673,0.24489795918367346,False,2023-24,2023,0.24489795918367346,3,6608,2803.0,-599.0,0.24810700319724693,0.35369774919614144,0.056179775280898875,729,38.0,44.973684210526315,12.447368421052632,4.526315789473684,14.421052631578947,56.0,65.0,0.4632713026444662,0.20833333333333334,9.6,2024-25,True
Mathias Jensen,Denmark,MF,Brentford,28,1996,24,8,862,9.6,0,2,2,0,0,0,2,0,0.0,0.20833333333333334,0.20833333333333334,0.0,0.20833333333333334,False,2024-25,2024,0.20833333333333334,4,7470,2204.0,-1342.0,0.2215912232879712,0.24489795918367346,0.35369774919614144,784,38.0,47.81578947368421,11.578947368421053,4.842105263157895,17.026315789473685,66.0,57.0,0.40478380864765406,0.16,25.0,2025-26,True
Mathias Jørgensen,Denmark,DF,Brentford,31,1990,8,6,518,5.8,1,0,1,1,0,0,2,0,0.1724137931034483,0.0,0.1724137931034483,0.1724137931034483,0.1724137931034483,False,2021-22,2021,0.1724137931034483,1,518,,,0.1724137931034483,,,961,38.0,44.5,11.631578947368421,4.052631578947368,13.210526315789474,48.0,56.0,0.4682203389830508,0.0,12.3,2022-23,True
Mathias Jørgensen,Denmark,DF,Brentford,32,1990,18,11,1103,12.3,0,0,0,0,0,0,2,0,0.0,0.0,0.0,0.0,0.0,False,2022-23,2022,0.0,2,1621,518.0,585.0,0.057471264367816105,0.1724137931034483,,1024,38.0,43.39473684210526,10.710526315789474,4.2631578947368425,14.763157894736842,58.0,46.0,0.42045454545454547,0.08264462809917356,12.1,2023-24,True
Mathys Tel,France,FW,Tottenham,19,2005,13,11,911,10.1,2,1,3,1,1,1,2,0,0.19801980198019803,0.09900990099009901,0.297029702970297,0.09900990099009901,0.198019801980198,False,2024-25,2024,0.297029702970297,1,911,,,0.297029702970297,,,361,38.0,54.76315789473684,13.078947368421053,4.868421052631579,13.736842105263158,64.0,65.0,0.4877330716388616,0.3333333333333333,15.0,2025-26,True
Mats Wieffer,Netherlands,"DF,MF",Brighton,24,1999,25,10,1015,11.3,1,3,4,1,0,0,6,0,0.08849557522123894,0.2654867256637168,0.35398230088495575,0.08849557522123894,0.35398230088495575,False,2024-25,2024,0.35398230088495575,1,1015,,,0.35398230088495575,,,576,38.0,52.63157894736842,14.026315789473685,5.026315789473684,11.236842105263158,66.0,59.0,0.5552083333333333,0.23696682464454974,21.1,2025-26,True
Matt Doherty,Ireland,MF,Tottenham,29,1992,15,9,875,9.7,2,4,6,2,0,0,0,0,0.2061855670103093,0.4123711340206186,0.6185567010309279,0.2061855670103093,0.6185567010309279,False,2021-22,2021,0.6185567010309279,1,875,,,0.6185567010309279,,,841,38.0,52.0,12.921052631578947,5.184210526315789,12.921052631578947,69.0,40.0,0.5,0.13513513513513511,7.4,2022-23,True
Matt Doherty,Ireland,MF,Tottenham,30,1992,12,7,667,7.4,1,0,1,1,0,0,0,0,0.13513513513513511,0.0,0.13513513513513511,0.13513513513513511,0.13513513513513511,False,2022-23,2022,0.13513513513513511,2,1542,875.0,-208.0,0.2962756571003994,0.6185567010309279,,900,38.0,49.94736842105263,13.68421052631579,5.2631578947368425,13.68421052631579,70.0,63.0,0.5,0.078125,12.8,2023-24,True
Matt Doherty,Ireland,"MF,DF",Wolves,31,1992,30,9,1150,12.8,1,0,1,1,0,0,2,0,0.078125,0.0,0.078125,0.078125,0.078125,False,2023-24,2023,0.078125,3,2692,667.0,483.0,0.15084188570013313,0.13513513513513511,0.6185567010309279,961,,,,,,,,,0.12820512820512822,23.4,2024-25,True
Matt Doherty,Ireland,"DF,MF",Wolves,32,1992,30,25,2109,23.4,2,1,3,2,0,0,6,0,0.08547008547008547,0.042735042735042736,0.12820512820512822,0.08547008547008547,0.12820512820512822,False,2024-25,2024,0.12820512820512822,4,4801,1150.0,959.0,0.1357507140367965,0.078125,0.13513513513513511,1024,,,,,,,,,0.0,8.7,2025-26,True
Matthijs de Ligt,Netherlands,DF,Manchester Utd,24,1999,29,25,2123,23.6,2,0,2,2,0,0,3,0,0.0847457627118644,0.0,0.0847457627118644,0.0847457627118644,0.0847457627118644,False,2024-25,2024,0.0847457627118644,1,2123,,,0.0847457627118644,,,576,38.0,53.55263157894737,13.868421052631579,4.605263157894737,10.921052631578947,44.0,54.0,0.559447983014862,0.07692307692307693,13.0,2025-26,True
Matty Cash,Poland,"DF,MF",Aston Villa,23,1997,38,38,3377,37.5,4,3,7,4,0,0,8,0,0.10666666666666667,0.08,0.18666666666666668,0.10666666666666667,0.18666666666666668,False,2021-22,2021,0.18666666666666668,1,3377,,,0.18666666666666668,,,529,38.0,46.473684210526315,12.210526315789474,4.2631578947368425,12.552631578947368,52.0,54.0,0.49309245483528164,0.04950495049504951,20.2,2022-23,True
Matty Cash,Poland,DF,Aston Villa,24,1997,26,20,1820,20.2,0,1,1,0,0,0,4,0,0.0,0.04950495049504951,0.04950495049504951,0.0,0.04950495049504951,False,2022-23,2022,0.04950495049504951,2,5197,3377.0,-1557.0,0.09522552255225523,0.18666666666666668,,576,38.0,49.44736842105263,11.31578947368421,3.973684210526316,11.289473684210526,51.0,46.0,0.5005820721769499,0.1680672268907563,23.8,2023-24,True
Matty Cash,Poland,"DF,MF",Aston Villa,25,1997,29,23,2142,23.8,2,2,4,2,0,0,8,0,0.08403361344537814,0.08403361344537814,0.1680672268907563,0.08403361344537814,0.1680672268907563,False,2023-24,2023,0.1680672268907563,3,7339,1820.0,322.0,0.1437866587779226,0.04950495049504951,0.18666666666666668,625,38.0,53.421052631578945,13.5,5.0,11.947368421052632,76.0,61.0,0.5305067218200621,0.08695652173913043,23.0,2024-25,True
Matty Cash,Poland,DF,Aston Villa,26,1997,27,24,2070,23.0,1,1,2,1,0,0,7,0,0.043478260869565216,0.043478260869565216,0.08695652173913043,0.043478260869565216,0.08695652173913043,False,2024-25,2024,0.08695652173913043,4,9409,2142.0,-72.0,0.10589990075206115,0.1680672268907563,0.04950495049504951,676,38.0,50.71052631578947,12.736842105263158,4.473684210526316,12.18421052631579,58.0,51.0,0.5110876451953538,0.1791044776119403,33.5,2025-26,True
Matz Sels,Belgium,GK,Nottingham,31,1992,16,16,1440,16.0,0,0,0,0,0,0,1,0,0.0,0.0,0.0,0.0,0.0,False,2023-24,2023,0.0,1,1440,,,0.0,,,961,38.0,40.21052631578947,11.868421052631579,3.8947368421052633,13.421052631578947,49.0,67.0,0.46930280957336107,0.0,38.0,2024-25,True
Matz Sels,Belgium,GK,Nottingham,32,1992,38,38,3420,38.0,0,0,0,0,0,0,4,0,0.0,0.0,0.0,0.0,0.0,False,2024-25,2024,0.0,2,4860,1440.0,1980.0,0.0,0.0,,1024,38.0,40.921052631578945,12.18421052631579,4.368421052631579,13.973684210526315,58.0,46.0,0.4657947686116701,0.0,29.6,2025-26,True
Max Aarons,England,DF,Norwich City,21,2000,34,32,2881,32.0,0,2,2,0,0,0,8,0,0.0,0.0625,0.0625,0.0,0.0625,False,2021-22,2021,0.0625,1,2881,,,0.0625,,,441,,,,,,,,,0.07299270072992702,13.7,2023-24,True
Max Kilman,England,DF,Wolves,24,1997,30,30,2687,29.9,1,0,1,1,0,0,3,0,0.033444816053511704,0.0,0.033444816053511704,0.033444816053511704,0.033444816053511704,False,2021-22,2021,0.033444816053511704,1,2687,,,0.033444816053511704,,,576,,,,,,,,,0.0,36.7,2022-23,True
Max Kilman,England,DF,Wolves,25,1997,37,37,3307,36.7,0,0,0,0,0,0,3,0,0.0,0.0,0.0,0.0,0.0,False,2022-23,2022,0.0,2,5994,2687.0,620.0,0.011148272017837236,0.033444816053511704,,625,,,,,,,,,0.05263157894736842,38.0,2023-24,True
Max Kilman,England,DF,Wolves,26,1997,38,38,3420,38.0,2,0,2,2,0,0,7,0,0.05263157894736842,0.0,0.05263157894736842,0.05263157894736842,0.05263157894736842,False,2023-24,2023,0.05263157894736842,3,9414,3307.0,113.0,0.03880380997085803,0.0,0.033444816053511704,676,,,,,,,,,0.026881720430107524,37.2,2024-25,True
Max Kilman,England,DF,West Ham,27,1997,38,38,3348,37.2,0,1,1,0,0,0,5,0,0.0,0.026881720430107524,0.026881720430107524,0.0,0.026881720430107524,False,2024-25,2024,0.026881720430107524,4,12762,3420.0,-72.0,0.030855750277024356,0.05263157894736842,0.0,729,,,,,,,,,0.0,17.3,2025-26,True
Maxence Lacroix,France,DF,Crystal Palace,24,2000,35,35,3116,34.6,1,1,2,1,0,0,5,0,0.028901734104046242,0.028901734104046242,0.057803468208092484,0.028901734104046242,0.057803468208092484,False,2024-25,2024,0.057803468208092484,1,3116,,,0.057803468208092484,,,576,38.0,42.5,13.552631578947368,4.894736842105263,12.710526315789474,51.0,51.0,0.5160320641282565,0.08746355685131196,34.3,2025-26,True
Maxime Estève,France,DF,Burnley,21,2002,16,15,1309,14.5,0,0,0,0,0,0,6,0,0.0,0.0,0.0,0.0,0.0,False,2023-24,2023,0.0,1,1309,,,0.0,,,441,,,,,,,,,0.0,32.6,2025-26,True
Michael Kayode,Italy,DF,Brentford,20,2004,12,6,528,5.9,0,1,1,0,0,0,2,0,0.0,0.1694915254237288,0.1694915254237288,0.0,0.1694915254237288,False,2024-25,2024,0.1694915254237288,1,528,,,0.1694915254237288,,,400,38.0,47.81578947368421,11.578947368421053,4.842105263157895,17.026315789473685,66.0,57.0,0.40478380864765406,0.055248618784530384,36.2,2025-26,True
Michael Keane,England,DF,Everton,28,1993,32,31,2792,31.0,3,2,5,3,0,0,4,1,0.0967741935483871,0.06451612903225806,0.16129032258064516,0.0967741935483871,0.16129032258064516,False,2021-22,2021,0.16129032258064516,1,2792,,,0.16129032258064516,,,784,38.0,39.68421052631579,11.526315789473685,3.6315789473684212,13.710526315789474,43.0,66.0,0.45672575599582904,0.27522935779816515,10.9,2022-23,True
Michael Keane,England,DF,Everton,29,1993,12,10,985,10.9,1,2,3,1,0,0,0,0,0.09174311926605504,0.18348623853211007,0.27522935779816515,0.09174311926605504,0.27522935779816515,False,2022-23,2022,0.27522935779816515,2,3777,2792.0,-1807.0,0.23724967939232516,0.16129032258064516,,841,38.0,42.578947368421055,11.289473684210526,4.0,15.105263157894736,34.0,57.0,0.42771684945164506,0.2040816326530612,4.9,2023-24,True
Michael Keane,England,DF,Everton,30,1993,9,4,439,4.9,1,0,1,1,0,0,2,0,0.2040816326530612,0.0,0.2040816326530612,0.2040816326530612,0.2040816326530612,False,2023-24,2023,0.2040816326530612,3,4216,985.0,-546.0,0.21513764823281586,0.27522935779816515,0.16129032258064516,900,38.0,40.73684210526316,13.342105263157896,4.2631578947368425,14.157894736842104,40.0,51.0,0.4851674641148326,0.25641025641025644,11.7,2024-25,True
Michael Keane,England,DF,Everton,31,1993,14,11,1049,11.7,3,0,3,3,0,0,5,0,0.25641025641025644,0.0,0.25641025641025644,0.25641025641025644,0.25641025641025644,False,2024-25,2024,0.25641025641025644,4,5265,439.0,610.0,0.24265272035110957,0.2040816326530612,0.27522935779816515,961,38.0,40.63157894736842,10.657894736842104,3.763157894736842,12.605263157894736,42.0,44.0,0.4581447963800905,0.1388888888888889,28.8,2025-26,True
Michael Olise,France,"FW,MF",Crystal Palace,19,2001,26,12,1141,12.7,2,5,7,2,0,0,4,0,0.15748031496062992,0.3937007874015748,0.5511811023622047,0.15748031496062992,0.5511811023622047,False,2021-22,2021,0.5511811023622047,1,1141,,,0.5511811023622047,,,361,38.0,50.94736842105263,10.81578947368421,3.8684210526315788,11.657894736842104,50.0,46.0,0.48126463700234196,0.4262295081967213,30.5,2022-23,True
Michael Olise,France,"MF,FW",Crystal Palace,20,2001,37,31,2749,30.5,2,11,13,2,0,0,2,0,0.06557377049180328,0.36065573770491804,0.4262295081967213,0.06557377049180328,0.4262295081967213,False,2022-23,2022,0.4262295081967213,2,3890,1141.0,1608.0,0.4678800395852158,0.5511811023622047,,400,38.0,46.13157894736842,11.18421052631579,3.5789473684210527,12.0,40.0,49.0,0.48240635641316687,1.1267605633802817,14.2,2023-24,True
Michail Antonio,Jamaica,FW,West Ham,31,1990,36,34,2971,33.0,10,8,18,10,0,1,8,1,0.30303030303030304,0.24242424242424243,0.5454545454545454,0.30303030303030304,0.5454545454545454,False,2021-22,2021,0.5454545454545454,1,2971,,,0.5454545454545454,,,961,,,,,,,,,0.3940886699507389,20.3,2022-23,True
Michail Antonio,Jamaica,FW,West Ham,32,1990,33,21,1829,20.3,5,3,8,5,0,0,2,0,0.24630541871921183,0.14778325123152708,0.3940886699507389,0.24630541871921183,0.3940886699507389,False,2022-23,2022,0.3940886699507389,2,4800,2971.0,-1142.0,0.44454396178534106,0.5454545454545454,,1024,,,,,,,,,0.425531914893617,18.8,2023-24,True
Michail Antonio,Jamaica,FW,West Ham,33,1990,26,21,1695,18.8,6,2,8,6,0,0,6,0,0.3191489361702127,0.10638297872340426,0.425531914893617,0.3191489361702127,0.425531914893617,False,2023-24,2023,0.425531914893617,3,6495,1829.0,-134.0,0.431869263857525,0.3940886699507389,0.5454545454545454,1089,,,,,,,,,0.2150537634408602,9.3,2024-25,True
Micky van de Ven,Netherlands,DF,Tottenham,22,2001,27,27,2339,26.0,3,0,3,3,0,0,5,0,0.11538461538461539,0.0,0.11538461538461539,0.11538461538461539,0.11538461538461539,False,2023-24,2023,0.11538461538461539,1,2339,,,0.11538461538461539,,,484,38.0,62.05263157894737,15.31578947368421,5.631578947368421,12.789473684210526,74.0,61.0,0.5449438202247191,0.17699115044247787,11.3,2024-25,True
Micky van de Ven,Netherlands,DF,Tottenham,23,2001,13,12,1015,11.3,0,2,2,0,0,0,4,0,0.0,0.17699115044247787,0.17699115044247787,0.0,0.17699115044247787,False,2024-25,2024,0.17699115044247787,2,3354,2339.0,-1324.0,0.1564556387565237,0.11538461538461539,,529,38.0,54.76315789473684,13.078947368421053,4.868421052631579,13.736842105263158,64.0,65.0,0.4877330716388616,0.14792899408284024,33.8,2025-26,True
Miguel Almirón,Paraguay,"MF,FW",Newcastle,27,1994,30,19,1716,19.1,1,0,1,1,0,0,2,0,0.05235602094240837,0.0,0.05235602094240837,0.05235602094240837,0.05235602094240837,False,2021-22,2021,0.05235602094240837,1,1716,,,0.05235602094240837,,,729,38.0,39.94736842105263,11.789473684210526,3.8947368421052633,13.894736842105264,44.0,62.0,0.45901639344262296,0.4693140794223827,27.7,2022-23,True
Miguel Almirón,Paraguay,FW,Newcastle,28,1994,34,29,2491,27.7,11,2,13,11,0,0,2,0,0.39711191335740076,0.07220216606498195,0.4693140794223827,0.39711191335740076,0.4693140794223827,False,2022-23,2022,0.4693140794223827,2,4207,1716.0,775.0,0.3303280599290579,0.05235602094240837,,784,38.0,52.44736842105263,15.026315789473685,5.184210526315789,10.18421052631579,68.0,33.0,0.5960334029227558,0.18604651162790697,21.5,2023-24,True
Mikel Merino,Spain,"MF,FW",Arsenal,28,1996,28,17,1586,17.6,7,2,9,7,0,0,4,1,0.3977272727272727,0.11363636363636363,0.5113636363636364,0.3977272727272727,0.5113636363636364,False,2024-25,2024,0.5113636363636364,1,1586,,,0.5113636363636364,,,784,38.0,57.18421052631579,14.394736842105264,4.947368421052632,9.526315789473685,69.0,34.0,0.6017601760176018,0.6086956521739131,11.5,2025-26,True
Mikey Moore,England,MF,Tottenham,15,2007,2,0,4,0.0,0,0,0,0,0,0,0,0,0.0,0.0,0.0,0.0,0.0,False,2023-24,2023,0.0,1,4,,,0.0,,,225,38.0,62.05263157894737,15.31578947368421,5.631578947368421,12.789473684210526,74.0,61.0,0.5449438202247191,0.24390243902439027,4.1,2024-25,True
Mikkel Damsgaard,Denmark,"MF,FW",Brentford,22,2000,26,9,988,11.0,0,0,0,0,0,0,4,0,0.0,0.0,0.0,0.0,0.0,False,2022-23,2022,0.0,1,988,,,0.0,,,484,38.0,43.39473684210526,10.710526315789474,4.2631578947368425,14.763157894736842,58.0,46.0,0.42045454545454547,0.2127659574468085,9.4,2023-24,True
Mikkel Damsgaard,Denmark,MF,Brentford,23,2000,23,7,842,9.4,0,2,2,0,0,0,2,0,0.0,0.2127659574468085,0.2127659574468085,0.0,0.2127659574468085,False,2023-24,2023,0.2127659574468085,2,1830,988.0,-146.0,0.14184397163120566,0.0,,529,38.0,44.973684210526315,12.447368421052632,4.526315789473684,14.421052631578947,56.0,65.0,0.4632713026444662,0.3715170278637771,32.3,2024-25,True
Mikkel Damsgaard,Denmark,MF,Brentford,24,2000,38,34,2911,32.3,2,10,12,2,0,0,2,0,0.061919504643962855,0.30959752321981426,0.3715170278637771,0.061919504643962855,0.3715170278637771,False,2024-25,2024,0.3715170278637771,3,4741,842.0,2069.0,0.29495934245291994,0.2127659574468085,0.0,576,38.0,47.81578947368421,11.578947368421053,4.842105263157895,17.026315789473685,66.0,57.0,0.40478380864765406,0.3508771929824561,22.8,2025-26,True
Milos Kerkez,Hungary,DF,Bournemouth,19,2003,28,22,1970,21.9,0,1,1,0,0,0,4,1,0.0,0.04566210045662101,0.04566210045662101,0.0,0.04566210045662101,False,2023-24,2023,0.04566210045662101,1,1970,,,0.04566210045662101,,,361,38.0,44.05263157894737,14.263157894736842,4.868421052631579,13.973684210526315,54.0,67.0,0.5051258154706431,0.18867924528301885,37.1,2024-25,True
Milos Kerkez,Hungary,DF,Bournemouth,20,2003,38,38,3336,37.1,2,5,7,2,0,0,4,0,0.053908355795148244,0.1347708894878706,0.18867924528301885,0.053908355795148244,0.18867924528301885,False,2024-25,2024,0.18867924528301885,2,5306,1970.0,1366.0,0.14100686367421955,0.04566210045662101,,400,38.0,48.578947368421055,15.263157894736842,5.315789473684211,12.842105263157896,58.0,46.0,0.5430711610486891,0.1195219123505976,25.1,2025-26,True
Mohamed Elyounoussi,Norway,MF,Southampton,26,1994,30,23,2042,22.7,4,2,6,4,0,0,4,0,0.1762114537444934,0.0881057268722467,0.2643171806167401,0.1762114537444934,0.2643171806167401,False,2021-22,2021,0.2643171806167401,1,2042,,,0.2643171806167401,,,676,,,,,,,,,0.08298755186721991,24.1,2022-23,True
Mohamed Salah,Egypt,FW,Liverpool,29,1992,35,30,2762,30.7,23,13,36,18,5,6,1,0,0.749185667752443,0.4234527687296417,1.1726384364820848,0.5863192182410424,1.009771986970684,False,2021-22,2021,1.1726384364820848,1,2762,,,1.1726384364820848,,,841,38.0,63.3421052631579,19.18421052631579,6.7631578947368425,7.7894736842105265,94.0,26.0,0.7112195121951219,0.8469945355191256,36.6,2022-23,True
Mohamed Salah,Egypt,FW,Liverpool,30,1992,38,37,3290,36.6,19,12,31,17,2,4,2,0,0.5191256830601093,0.32786885245901637,0.8469945355191256,0.46448087431693985,0.7923497267759563,False,2022-23,2022,0.8469945355191256,2,6052,2762.0,528.0,0.9555425025067786,1.1726384364820848,,900,38.0,61.10526315789474,15.921052631578947,5.578947368421052,9.710526315789474,75.0,47.0,0.6211498973305954,0.9929078014184397,28.2,2023-24,True
Mohamed Salah,Egypt,FW,Liverpool,31,1992,32,28,2534,28.2,18,10,28,13,5,7,2,0,0.6382978723404256,0.3546099290780142,0.9929078014184397,0.46099290780141844,0.8156028368794326,False,2023-24,2023,0.9929078014184397,3,8586,3290.0,-756.0,0.9804527017812193,0.8469945355191256,1.1726384364820848,961,38.0,61.78947368421053,20.789473684210527,7.2894736842105265,10.894736842105264,86.0,41.0,0.6561461794019934,1.2533333333333334,37.5,2024-25,True
Mohamed Salah,Egypt,MF,Liverpool,32,1992,38,38,3371,37.5,29,18,47,20,9,9,1,0,0.7733333333333333,0.48,1.2533333333333334,0.5333333333333333,1.0133333333333334,False,2024-25,2024,1.2533333333333334,4,11957,2534.0,837.0,1.1623731228159622,0.9929078014184397,0.8469945355191256,1024,38.0,58.078947368421055,17.026315789473685,6.078947368421052,10.18421052631579,86.0,41.0,0.625725338491296,0.5882352941176471,23.8,2025-26,True
Mohammed Kudus,Ghana,MF,West Ham,22,2000,33,27,2484,27.6,8,6,14,8,0,0,6,0,0.2898550724637681,0.21739130434782608,0.5072463768115941,0.2898550724637681,0.5072463768115941,False,2023-24,2023,0.5072463768115941,1,2484,,,0.5072463768115941,,,484,,,,,,,,,0.2777777777777778,28.8,2024-25,True
Mohammed Kudus,Ghana,"MF,FW",West Ham,23,2000,32,31,2590,28.8,5,3,8,5,0,0,2,1,0.1736111111111111,0.10416666666666666,0.2777777777777778,0.1736111111111111,0.2777777777777778,False,2024-25,2024,0.2777777777777778,2,5074,2484.0,106.0,0.35426731078904994,0.5072463768115941,,529,,,,,,,,,0.4093567251461988,17.1,2025-26,True
Mohammed Salisu,Ghana,DF,Southampton,22,1999,34,33,2972,33.0,0,0,0,0,0,0,10,1,0.0,0.0,0.0,0.0,0.0,False,2021-22,2021,0.0,1,2972,,,0.0,,,484,,,,,,,,,0.04566210045662101,21.9,2022-23,True
Moisés Caicedo,Ecuador,MF,Brighton,19,2001,8,8,660,7.3,1,1,2,1,0,0,2,0,0.136986301369863,0.136986301369863,0.273972602739726,0.136986301369863,0.273972602739726,False,2021-22,2021,0.273972602739726,1,660,,,0.273972602739726,,,361,38.0,54.73684210526316,12.868421052631579,4.0,12.526315789473685,42.0,44.0,0.5067357512953368,0.05730659025787966,34.9,2022-23,True
Moisés Caicedo,Ecuador,MF,Brighton,20,2001,37,34,3139,34.9,1,1,2,1,0,0,10,0,0.02865329512893983,0.02865329512893983,0.05730659025787966,0.02865329512893983,0.05730659025787966,False,2022-23,2022,0.05730659025787966,2,3799,660.0,2479.0,0.12952859441849512,0.273972602739726,,400,38.0,60.526315789473685,16.105263157894736,6.078947368421052,10.210526315789474,72.0,53.0,0.612,0.12578616352201258,31.8,2023-24,True
Moisés Caicedo,Ecuador,MF,Chelsea,21,2001,35,33,2866,31.8,1,3,4,1,0,0,11,0,0.031446540880503145,0.09433962264150943,0.12578616352201258,0.031446540880503145,0.12578616352201258,False,2023-24,2023,0.12578616352201258,3,6665,3139.0,-273.0,0.12703364048750676,0.05730659025787966,0.273972602739726,441,38.0,59.0,14.421052631578947,5.657894736842105,14.631578947368421,77.0,63.0,0.4963768115942029,0.08064516129032258,37.2,2024-25,True
Moisés Caicedo,Ecuador,"MF,DF",Chelsea,22,2001,38,38,3351,37.2,1,2,3,1,0,0,11,0,0.026881720430107524,0.05376344086021505,0.08064516129032258,0.026881720430107524,0.08064516129032258,False,2024-25,2024,0.08064516129032258,4,10016,2866.0,485.0,0.09610798768938397,0.12578616352201258,0.05730659025787966,484,38.0,57.3421052631579,15.657894736842104,5.7368421052631575,10.447368421052632,64.0,43.0,0.5997983870967741,0.12861736334405144,31.1,2025-26,True
Morato,Brazil,DF,Nottingham,23,2001,26,6,907,10.1,0,0,0,0,0,0,5,0,0.0,0.0,0.0,0.0,0.0,False,2024-25,2024,0.0,1,907,,,0.0,,,529,38.0,40.921052631578945,12.18421052631579,4.368421052631579,13.973684210526315,58.0,46.0,0.4657947686116701,0.06711409395973154,14.9,2025-26,True
Morgan Gibbs-White,England,"FW,MF",Wolves,21,2000,2,0,9,0.1,0,0,0,0,0,0,1,0,0.0,0.0,0.0,0.0,0.0,False,2021-22,2021,0.0,1,9,,,0.0,,,441,,,,,,,,,0.42735042735042733,35.1,2023-24,True
Morgan Gibbs-White,England,"MF,FW",Nottingham,23,2000,37,35,3156,35.1,5,10,15,4,1,1,9,0,0.14245014245014245,0.2849002849002849,0.42735042735042733,0.11396011396011396,0.3988603988603988,False,2023-24,2023,0.42735042735042733,2,3165,9.0,3147.0,0.28490028490028485,0.0,,529,38.0,40.21052631578947,11.868421052631579,3.8947368421052633,13.421052631578947,49.0,67.0,0.46930280957336107,0.4823151125401929,31.1,2024-25,True
Morgan Gibbs-White,England,MF,Nottingham,24,2000,34,34,2803,31.1,7,8,15,7,0,0,11,1,0.22508038585209003,0.2572347266881029,0.4823151125401929,0.22508038585209003,0.4823151125401929,False,2024-25,2024,0.4823151125401929,3,5968,3156.0,-353.0,0.41651016999355683,0.42735042735042733,0.0,576,38.0,40.921052631578945,12.18421052631579,4.368421052631579,13.973684210526315,58.0,46.0,0.4657947686116701,0.5523255813953488,34.4,2025-26,True
Morgan Rogers,England,MF,Aston Villa,21,2002,11,8,638,7.1,3,1,4,3,0,0,3,0,0.4225352112676057,0.14084507042253522,0.5633802816901409,0.4225352112676057,0.5633802816901409,False,2023-24,2023,0.5633802816901409,1,638,,,0.5633802816901409,,,441,38.0,53.421052631578945,13.5,5.0,11.947368421052632,76.0,61.0,0.5305067218200621,0.5202312138728323,34.6,2024-25,True
Morgan Rogers,England,MF,Aston Villa,22,2002,37,37,3114,34.6,8,10,18,8,0,0,10,0,0.23121387283236994,0.2890173410404624,0.5202312138728323,0.23121387283236994,0.5202312138728323,False,2024-25,2024,0.5202312138728323,2,3752,638.0,2476.0,0.5346142364786018,0.5633802816901409,,484,38.0,50.71052631578947,12.736842105263158,4.473684210526316,12.18421052631579,58.0,51.0,0.5110876451953538,0.43956043956043955,36.4,2025-26,True
Moussa Djenepo,Mali,MF,Southampton,23,1998,12,5,457,5.1,0,0,0,0,0,0,3,0,0.0,0.0,0.0,0.0,0.0,False,2021-22,2021,0.0,1,457,,,0.0,,,529,,,,,,,,,0.2531645569620253,7.9,2022-23,True
Moussa Niakhaté,Senegal,DF,Nottingham,26,1996,14,14,1163,12.9,0,0,0,0,0,0,1,0,0.0,0.0,0.0,0.0,0.0,False,2022-23,2022,0.0,1,1163,,,0.0,,,676,38.0,37.21052631578947,9.68421052631579,3.1052631578947367,14.657894736842104,38.0,68.0,0.3978378378378378,0.0617283950617284,16.2,2023-24,True
Murillo,Brazil,DF,Nottingham,21,2002,32,32,2789,31.0,0,2,2,0,0,0,5,0,0.0,0.06451612903225806,0.06451612903225806,0.0,0.06451612903225806,False,2023-24,2023,0.06451612903225806,1,2789,,,0.06451612903225806,,,441,38.0,40.21052631578947,11.868421052631579,3.8947368421052633,13.421052631578947,49.0,67.0,0.46930280957336107,0.05649717514124294,35.4,2024-25,True
Murillo,Brazil,DF,Nottingham,22,2002,36,36,3188,35.4,2,0,2,2,0,0,6,0,0.05649717514124294,0.0,0.05649717514124294,0.05649717514124294,0.05649717514124294,False,2024-25,2024,0.05649717514124294,2,5977,2789.0,399.0,0.05917015977158131,0.06451612903225806,,484,38.0,40.921052631578945,12.18421052631579,4.368421052631579,13.973684210526315,58.0,46.0,0.4657947686116701,0.04219409282700422,23.7,2025-26,True
Mykhailo Mudryk,Ukraine,"FW,MF",Chelsea,21,2001,15,7,657,7.3,0,2,2,0,0,0,1,0,0.0,0.273972602739726,0.273972602739726,0.0,0.273972602739726,False,2022-23,2022,0.273972602739726,1,657,,,0.273972602739726,,,441,38.0,59.026315789473685,12.736842105263158,4.157894736842105,11.526315789473685,38.0,47.0,0.5249457700650759,0.4,17.5,2023-24,True
Myles Lewis-Skelly,England,DF,Arsenal,17,2006,23,15,1369,15.2,1,0,1,1,0,0,3,2,0.06578947368421052,0.0,0.06578947368421052,0.06578947368421052,0.06578947368421052,False,2024-25,2024,0.06578947368421052,1,1369,,,0.06578947368421052,,,289,38.0,57.18421052631579,14.394736842105264,4.947368421052632,9.526315789473685,69.0,34.0,0.6017601760176018,0.0,7.9,2025-26,True
N'Golo Kanté,France,MF,Chelsea,30,1991,26,21,1773,19.7,2,4,6,2,0,0,2,0,0.10152284263959391,0.20304568527918782,0.30456852791878175,0.10152284263959391,0.30456852791878175,False,2021-22,2021,0.30456852791878175,1,1773,,,0.30456852791878175,,,900,38.0,62.3421052631579,15.578947368421053,5.552631578947368,8.921052631578947,76.0,33.0,0.635875402792696,0.1724137931034483,5.8,2022-23,True
Naby Keïta,Guinea,MF,Liverpool,26,1995,23,14,1173,13.0,3,1,4,3,0,0,3,0,0.23076923076923078,0.07692307692307693,0.3076923076923077,0.23076923076923078,0.3076923076923077,False,2021-22,2021,0.3076923076923077,1,1173,,,0.3076923076923077,,,676,38.0,63.3421052631579,19.18421052631579,6.7631578947368425,7.7894736842105265,94.0,26.0,0.7112195121951219,0.0,3.3,2022-23,True
Nampalys Mendy,Senegal,MF,Leicester City,29,1992,14,12,1032,11.5,0,0,0,0,0,0,3,0,0.0,0.0,0.0,0.0,0.0,False,2021-22,2021,0.0,1,1032,,,0.0,,,841,,,,,,,,,0.11904761904761904,8.4,2022-23,True
Naouirou Ahamada,France,MF,Crystal Palace,20,2002,8,0,94,1.0,0,0,0,0,0,0,1,0,0.0,0.0,0.0,0.0,0.0,False,2022-23,2022,0.0,1,94,,,0.0,,,400,38.0,46.13157894736842,11.18421052631579,3.5789473684210527,12.0,40.0,49.0,0.48240635641316687,0.0,3.9,2023-24,True
Nathan Aké,Netherlands,DF,Manchester City,26,1995,14,10,923,10.3,2,0,2,2,0,0,0,0,0.1941747572815534,0.0,0.1941747572815534,0.1941747572815534,0.1941747572815534,False,2021-22,2021,0.1941747572815534,1,923,,,0.1941747572815534,,,676,38.0,68.5,18.763157894736842,6.657894736842105,6.2368421052631575,99.0,26.0,0.7505263157894737,0.04807692307692307,20.8,2022-23,True
Nathan Aké,Netherlands,DF,Manchester City,27,1995,26,22,1873,20.8,1,0,1,1,0,0,2,0,0.04807692307692307,0.0,0.04807692307692307,0.04807692307692307,0.04807692307692307,False,2022-23,2022,0.04807692307692307,2,2796,923.0,950.0,0.09677620114513319,0.1941747572815534,,729,38.0,65.34210526315789,15.789473684210526,5.7631578947368425,7.7105263157894735,94.0,33.0,0.6718924972004479,0.1762114537444934,22.7,2023-24,True
Nathan Aké,Netherlands,DF,Manchester City,28,1995,29,24,2042,22.7,2,2,4,2,0,0,0,0,0.0881057268722467,0.0881057268722467,0.1762114537444934,0.0881057268722467,0.1762114537444934,False,2023-24,2023,0.1762114537444934,3,4838,1873.0,169.0,0.14973303621137332,0.04807692307692307,0.1941747572815534,784,38.0,65.73684210526316,18.263157894736842,7.315789473684211,7.7368421052631575,96.0,34.0,0.7024291497975709,0.0,7.5,2024-25,True
Nathan Aké,Netherlands,DF,Manchester City,29,1995,10,8,678,7.5,0,0,0,0,0,0,0,0,0.0,0.0,0.0,0.0,0.0,False,2024-25,2024,0.0,4,5516,2042.0,-1364.0,0.049911012070457776,0.1762114537444934,0.04807692307692307,841,38.0,61.73684210526316,16.0,5.7105263157894735,9.31578947368421,72.0,44.0,0.6320166320166319,0.0,7.7,2025-26,True
Nathan Collins,Ireland,DF,Burnley,20,2001,19,18,1670,18.6,2,0,2,2,0,0,2,1,0.1075268817204301,0.0,0.1075268817204301,0.1075268817204301,0.1075268817204301,False,2021-22,2021,0.1075268817204301,1,1670,,,0.1075268817204301,,,400,,,,,,,,,0.0,20.2,2022-23,True
Nathan Collins,Ireland,DF,Wolves,21,2001,26,19,1814,20.2,0,0,0,0,0,0,2,1,0.0,0.0,0.0,0.0,0.0,False,2022-23,2022,0.0,2,3484,1670.0,144.0,0.035842293906810034,0.1075268817204301,,441,,,,,,,,,0.06779661016949153,29.5,2023-24,True
Nathan Collins,Ireland,DF,Brentford,22,2001,32,29,2652,29.5,1,1,2,1,0,0,3,0,0.03389830508474576,0.03389830508474576,0.06779661016949153,0.03389830508474576,0.06779661016949153,False,2023-24,2023,0.06779661016949153,3,6136,1814.0,838.0,0.05714517141526436,0.0,0.1075268817204301,484,38.0,44.973684210526315,12.447368421052632,4.526315789473684,14.421052631578947,56.0,65.0,0.4632713026444662,0.13157894736842105,38.0,2024-25,True
Nathan Collins,Ireland,DF,Brentford,23,2001,38,38,3420,38.0,2,3,5,2,0,0,5,0,0.05263157894736842,0.07894736842105263,0.13157894736842105,0.05263157894736842,0.13157894736842105,False,2024-25,2024,0.13157894736842105,4,9556,2652.0,768.0,0.10676768871736882,0.06779661016949153,0.0,529,38.0,47.81578947368421,11.578947368421053,4.842105263157895,17.026315789473685,66.0,57.0,0.40478380864765406,0.09063444108761329,33.1,2025-26,True
Nathan Patterson,Scotland,"DF,MF",Everton,20,2001,19,14,1279,14.2,0,0,0,0,0,0,3,0,0.0,0.0,0.0,0.0,0.0,False,2022-23,2022,0.0,1,1279,,,0.0,,,400,38.0,42.578947368421055,11.289473684210526,4.0,15.105263157894736,34.0,57.0,0.42771684945164506,0.17857142857142858,11.2,2023-24,True
Nathan Patterson,Scotland,DF,Everton,21,2001,20,9,1005,11.2,0,2,2,0,0,0,4,0,0.0,0.17857142857142858,0.17857142857142858,0.0,0.17857142857142858,False,2023-24,2023,0.17857142857142858,2,2284,1279.0,-274.0,0.11904761904761904,0.0,,441,38.0,40.73684210526316,13.342105263157896,4.2631578947368425,14.157894736842104,40.0,51.0,0.4851674641148326,0.25641025641025644,3.9,2024-25,True
Nathaniel Clyne,England,DF,Crystal Palace,30,1991,16,15,1351,15.0,0,1,1,0,0,0,1,0,0.0,0.06666666666666667,0.06666666666666667,0.0,0.06666666666666667,False,2021-22,2021,0.06666666666666667,1,1351,,,0.06666666666666667,,,900,38.0,50.94736842105263,10.81578947368421,3.8684210526315788,11.657894736842104,50.0,46.0,0.48126463700234196,0.0,18.2,2022-23,True
Nathaniel Clyne,England,DF,Crystal Palace,31,1991,22,19,1640,18.2,0,0,0,0,0,0,3,0,0.0,0.0,0.0,0.0,0.0,False,2022-23,2022,0.0,2,2991,1351.0,289.0,0.022222222222222223,0.06666666666666667,,961,38.0,46.13157894736842,11.18421052631579,3.5789473684210527,12.0,40.0,49.0,0.48240635641316687,0.0,14.9,2023-24,True
Nathaniel Clyne,England,DF,Crystal Palace,32,1991,19,14,1338,14.9,0,0,0,0,0,0,0,0,0.0,0.0,0.0,0.0,0.0,False,2023-24,2023,0.0,3,4329,1640.0,-302.0,0.0074074074074074086,0.0,0.06666666666666667,1024,38.0,42.1578947368421,12.0,4.447368421052632,12.078947368421053,57.0,58.0,0.4983606557377049,0.0,5.4,2024-25,True
Nathaniel Clyne,England,"DF,MF",Crystal Palace,33,1991,13,5,483,5.4,0,0,0,0,0,0,1,0,0.0,0.0,0.0,0.0,0.0,False,2024-25,2024,0.0,4,4812,1338.0,-855.0,0.0024691358024691366,0.0,0.0,1089,38.0,42.5,13.552631578947368,4.894736842105263,12.710526315789474,51.0,51.0,0.5160320641282565,0.15151515151515152,6.6,2025-26,True
Nayef Aguerd,Morocco,DF,West Ham,26,1996,18,17,1595,17.7,2,0,2,2,0,0,4,0,0.11299435028248588,0.0,0.11299435028248588,0.11299435028248588,0.11299435028248588,False,2022-23,2022,0.11299435028248588,1,1595,,,0.11299435028248588,,,676,,,,,,,,,0.04854368932038835,20.6,2023-24,True
Neal Maupay,France,FW,Brighton,24,1996,32,25,2276,25.3,8,2,10,7,1,2,7,0,0.31620553359683795,0.07905138339920949,0.3952569169960474,0.2766798418972332,0.3557312252964427,False,2021-22,2021,0.3952569169960474,1,2276,,,0.3952569169960474,,,576,38.0,54.73684210526316,12.868421052631579,4.0,12.526315789473685,42.0,44.0,0.5067357512953368,0.08064516129032258,12.4,2022-23,True
Neco Williams,Wales,"DF,MF",Liverpool,20,2001,1,0,8,0.1,0,1,1,0,0,0,0,0,0.0,10.0,10.0,0.0,10.0,False,2021-22,2021,10.0,1,8,,,10.0,,,400,38.0,63.3421052631579,19.18421052631579,6.7631578947368425,7.7894736842105265,94.0,26.0,0.7112195121951219,0.04784688995215311,20.9,2022-23,True
Neco Williams,Wales,"DF,MF",Nottingham,21,2001,31,20,1882,20.9,1,0,1,1,0,0,7,0,0.04784688995215311,0.0,0.04784688995215311,0.04784688995215311,0.04784688995215311,False,2022-23,2022,0.04784688995215311,2,1890,8.0,1874.0,3.3652312599681027,10.0,,441,38.0,37.21052631578947,9.68421052631579,3.1052631578947367,14.657894736842104,38.0,68.0,0.3978378378378378,0.054945054945054944,18.2,2023-24,True
Neco Williams,Wales,"DF,MF",Nottingham,22,2001,26,18,1637,18.2,0,1,1,0,0,0,4,0,0.0,0.054945054945054944,0.054945054945054944,0.0,0.054945054945054944,False,2023-24,2023,0.054945054945054944,3,3527,1882.0,-245.0,1.1583737899527378,0.04784688995215311,10.0,484,38.0,40.21052631578947,11.868421052631579,3.8947368421052633,13.421052631578947,49.0,67.0,0.46930280957336107,0.1388888888888889,28.8,2024-25,True
Neco Williams,Wales,"DF,MF",Nottingham,23,2001,35,28,2594,28.8,1,3,4,1,0,0,7,0,0.034722222222222224,0.10416666666666666,0.1388888888888889,0.034722222222222224,0.1388888888888889,False,2024-25,2024,0.1388888888888889,4,6121,1637.0,957.0,0.47871718924350526,0.054945054945054944,0.04784688995215311,529,38.0,40.921052631578945,12.18421052631579,4.368421052631579,13.973684210526315,58.0,46.0,0.4657947686116701,0.14044943820224717,35.6,2025-26,True
Neto,Brazil,GK,Bournemouth,33,1989,27,27,2385,26.5,0,0,0,0,0,0,4,0,0.0,0.0,0.0,0.0,0.0,False,2022-23,2022,0.0,1,2385,,,0.0,,,1089,38.0,40.078947368421055,9.394736842105264,3.5,16.473684210526315,37.0,71.0,0.3631739572736521,0.0,32.0,2023-24,True
Nick Pope,England,GK,Burnley,29,1992,36,36,3240,36.0,0,0,0,0,0,0,1,0,0.0,0.0,0.0,0.0,0.0,False,2021-22,2021,0.0,1,3240,,,0.0,,,841,,,,,,,,,0.0,36.2,2022-23,True
Nick Pope,England,GK,Newcastle,30,1992,37,37,3261,36.2,0,0,0,0,0,0,3,1,0.0,0.0,0.0,0.0,0.0,False,2022-23,2022,0.0,2,6501,3240.0,21.0,0.0,0.0,,900,38.0,52.44736842105263,15.026315789473685,5.184210526315789,10.18421052631579,68.0,33.0,0.5960334029227558,0.0,14.9,2023-24,True
Nick Pope,England,GK,Newcastle,31,1992,15,15,1345,14.9,0,0,0,0,0,0,1,0,0.0,0.0,0.0,0.0,0.0,False,2023-24,2023,0.0,3,7846,3261.0,-1916.0,0.0,0.0,0.0,961,38.0,52.21052631578947,14.5,5.605263157894737,14.052631578947368,85.0,62.0,0.5078341013824884,0.0,28.0,2024-25,True
Nick Pope,England,GK,Newcastle,32,1992,28,28,2520,28.0,0,0,0,0,0,0,2,0,0.0,0.0,0.0,0.0,0.0,False,2024-25,2024,0.0,4,10366,1345.0,1175.0,0.0,0.0,0.0,1024,38.0,51.05263157894737,13.789473684210526,4.578947368421052,12.447368421052632,68.0,47.0,0.5255767301905717,0.0,26.8,2025-26,True
Niclas Füllkrug,Germany,FW,West Ham,31,1993,18,6,790,8.8,3,2,5,3,0,0,2,0,0.3409090909090909,0.22727272727272727,0.5681818181818181,0.3409090909090909,0.5681818181818181,False,2024-25,2024,0.5681818181818181,1,790,,,0.5681818181818181,,,961,,,,,,,,,0.0,4.5,2025-26,True
Nico O'Reilly,England,DF,Manchester City,19,2005,9,6,528,5.9,2,0,2,2,0,0,0,0,0.3389830508474576,0.0,0.3389830508474576,0.3389830508474576,0.3389830508474576,False,2024-25,2024,0.3389830508474576,1,528,,,0.3389830508474576,,,361,38.0,61.73684210526316,16.0,5.7105263157894735,9.31578947368421,72.0,44.0,0.6320166320166319,0.272108843537415,29.4,2025-26,True
Nicolas Jackson,Senegal,FW,Chelsea,22,2001,35,31,2799,31.1,14,5,19,14,0,0,10,0,0.45016077170418006,0.1607717041800643,0.6109324758842444,0.45016077170418006,0.6109324758842444,False,2023-24,2023,0.6109324758842444,1,2799,,,0.6109324758842444,,,484,38.0,59.0,14.421052631578947,5.657894736842105,14.631578947368421,77.0,63.0,0.4963768115942029,0.6072874493927126,24.7,2024-25,True
Nicolás Domínguez,Argentina,MF,Nottingham,25,1998,26,19,1495,16.6,2,2,4,2,0,0,4,0,0.12048192771084336,0.12048192771084336,0.24096385542168672,0.12048192771084336,0.24096385542168672,False,2023-24,2023,0.24096385542168672,1,1495,,,0.24096385542168672,,,625,38.0,40.21052631578947,11.868421052631579,3.8947368421052633,13.421052631578947,49.0,67.0,0.46930280957336107,0.04587155963302752,21.8,2024-25,True
Nicolás Domínguez,Argentina,MF,Nottingham,26,1998,34,23,1963,21.8,0,1,1,0,0,0,9,0,0.0,0.04587155963302752,0.04587155963302752,0.0,0.04587155963302752,False,2024-25,2024,0.04587155963302752,2,3458,1495.0,468.0,0.11090232489591392,0.24096385542168672,,676,38.0,40.921052631578945,12.18421052631579,4.368421052631579,13.973684210526315,58.0,46.0,0.4657947686116701,0.15267175572519084,13.1,2025-26,True
Nicolás González,Spain,MF,Manchester City,22,2002,11,9,760,8.4,1,0,1,1,0,0,3,0,0.11904761904761904,0.0,0.11904761904761904,0.11904761904761904,0.11904761904761904,False,2024-25,2024,0.11904761904761904,1,760,,,0.11904761904761904,,,484,38.0,61.73684210526316,16.0,5.7105263157894735,9.31578947368421,72.0,44.0,0.6320166320166319,0.0574712643678161,17.4,2025-26,True
Nikola Milenković,Serbia,DF,Nottingham,26,1997,37,37,3330,37.0,5,2,7,5,0,0,4,0,0.13513513513513514,0.05405405405405406,0.1891891891891892,0.13513513513513514,0.1891891891891892,False,2024-25,2024,0.1891891891891892,1,3330,,,0.1891891891891892,,,676,38.0,40.921052631578945,12.18421052631579,4.368421052631579,13.973684210526315,58.0,46.0,0.4657947686116701,0.0,37.5,2025-26,True
Noni Madueke,England,"FW,MF",Chelsea,20,2002,12,7,643,7.1,1,0,1,1,0,0,0,0,0.14084507042253522,0.0,0.14084507042253522,0.14084507042253522,0.14084507042253522,False,2022-23,2022,0.14084507042253522,1,643,,,0.14084507042253522,,,400,38.0,59.026315789473685,12.736842105263158,4.157894736842105,11.526315789473685,38.0,47.0,0.5249457700650759,0.5982905982905983,11.7,2023-24,True
Noni Madueke,England,MF,Chelsea,21,2002,23,13,1053,11.7,5,2,7,4,1,1,2,0,0.4273504273504274,0.17094017094017094,0.5982905982905983,0.3418803418803419,0.5128205128205128,False,2023-24,2023,0.5982905982905983,2,1696,643.0,410.0,0.44580875566791056,0.14084507042253522,,441,38.0,59.0,14.421052631578947,5.657894736842105,14.631578947368421,77.0,63.0,0.4963768115942029,0.44247787610619466,22.6,2024-25,True
Noni Madueke,England,MF,Chelsea,22,2002,32,27,2033,22.6,7,3,10,7,0,0,3,0,0.30973451327433627,0.1327433628318584,0.44247787610619466,0.30973451327433627,0.44247787610619466,False,2024-25,2024,0.44247787610619466,3,3729,1053.0,980.0,0.44358816929343325,0.5982905982905983,0.14084507042253522,484,38.0,57.3421052631579,15.657894736842104,5.7368421052631575,10.447368421052632,64.0,43.0,0.5997983870967741,0.2962962962962963,13.5,2025-26,True
Noussair Mazraoui,Morocco,"DF,MF",Manchester Utd,26,1997,37,34,2838,31.5,0,1,1,0,0,0,3,0,0.0,0.031746031746031744,0.031746031746031744,0.0,0.031746031746031744,False,2024-25,2024,0.031746031746031744,1,2838,,,0.031746031746031744,,,676,38.0,53.55263157894737,13.868421052631579,4.605263157894737,10.921052631578947,44.0,54.0,0.559447983014862,0.0,10.9,2025-26,True
Nuno Tavares,Portugal,DF,Arsenal,21,2000,22,13,1176,13.1,1,1,2,1,0,0,2,0,0.07633587786259542,0.07633587786259542,0.15267175572519084,0.07633587786259542,0.15267175572519084,False,2021-22,2021,0.15267175572519084,1,1176,,,0.15267175572519084,,,441,38.0,53.18421052631579,15.473684210526315,5.157894736842105,11.18421052631579,61.0,48.0,0.5804540967423495,0.0,5.1,2023-24,True
Nélson Semedo,Portugal,MF,Wolves,27,1993,25,25,2131,23.7,0,1,1,0,0,0,1,0,0.0,0.04219409282700422,0.04219409282700422,0.0,0.04219409282700422,False,2021-22,2021,0.04219409282700422,1,2131,,,0.04219409282700422,,,729,,,,,,,,,0.03424657534246575,29.2,2022-23,True
Nélson Semedo,Portugal,DF,Wolves,28,1993,36,31,2632,29.2,0,1,1,0,0,0,11,1,0.0,0.03424657534246575,0.03424657534246575,0.0,0.03424657534246575,False,2022-23,2022,0.03424657534246575,2,4763,2131.0,501.0,0.03689574783731191,0.04219409282700422,,784,,,,,,,,,0.02915451895043732,34.3,2023-24,True
Nélson Semedo,Portugal,"MF,DF",Wolves,29,1993,36,36,3084,34.3,0,1,1,0,0,0,10,1,0.0,0.02915451895043732,0.02915451895043732,0.0,0.02915451895043732,False,2023-24,2023,0.02915451895043732,3,7847,2632.0,452.0,0.03173492857939551,0.03424657534246575,0.04219409282700422,841,,,,,,,,,0.12461059190031153,32.1,2024-25,True
Odsonne Édouard,France,"FW,MF",Crystal Palace,23,1998,28,18,1564,17.4,6,3,9,5,1,1,4,0,0.3448275862068966,0.1724137931034483,0.5172413793103449,0.2873563218390805,0.4597701149425288,False,2021-22,2021,0.5172413793103449,1,1564,,,0.5172413793103449,,,529,38.0,50.94736842105263,10.81578947368421,3.8684210526315788,11.657894736842104,50.0,46.0,0.48126463700234196,0.35,20.0,2022-23,True
Odsonne Édouard,France,FW,Crystal Palace,24,1998,35,20,1803,20.0,5,2,7,5,0,0,3,0,0.25,0.1,0.35,0.25,0.35,False,2022-23,2022,0.35,2,3367,1564.0,239.0,0.4057471264367816,0.5172413793103449,,576,38.0,46.13157894736842,11.18421052631579,3.5789473684210527,12.0,40.0,49.0,0.48240635641316687,0.40462427745664736,17.3,2023-24,True
Ola Aina,Nigeria,"DF,MF",Nottingham,26,1996,22,20,1692,18.8,1,1,2,1,0,0,3,0,0.05319148936170213,0.05319148936170213,0.10638297872340426,0.05319148936170213,0.10638297872340426,False,2023-24,2023,0.10638297872340426,1,1692,,,0.10638297872340426,,,676,38.0,40.21052631578947,11.868421052631579,3.8947368421052633,13.421052631578947,49.0,67.0,0.46930280957336107,0.0900900900900901,33.3,2024-25,True
Ola Aina,Nigeria,DF,Nottingham,27,1996,35,35,2995,33.3,2,1,3,2,0,0,5,0,0.060060060060060066,0.030030030030030033,0.0900900900900901,0.060060060060060066,0.0900900900900901,False,2024-25,2024,0.0900900900900901,2,4687,1692.0,1303.0,0.09552105296786148,0.10638297872340426,,729,38.0,40.921052631578945,12.18421052631579,4.368421052631579,13.973684210526315,58.0,46.0,0.4657947686116701,0.0,17.6,2025-26,True
Oleksandr Zinchenko,Ukraine,DF,Manchester City,24,1996,15,10,1047,11.6,0,4,4,0,0,0,0,0,0.0,0.3448275862068966,0.3448275862068966,0.0,0.3448275862068966,False,2021-22,2021,0.3448275862068966,1,1047,,,0.3448275862068966,,,576,38.0,68.5,18.763157894736842,6.657894736842105,6.2368421052631575,99.0,26.0,0.7505263157894737,0.1276595744680851,23.5,2022-23,True
Oleksandr Zinchenko,Ukraine,DF,Arsenal,25,1996,27,26,2118,23.5,1,2,3,1,0,0,3,0,0.0425531914893617,0.0851063829787234,0.1276595744680851,0.0425531914893617,0.1276595744680851,False,2022-23,2022,0.1276595744680851,2,3165,1047.0,1071.0,0.2000489117143556,0.3448275862068966,,625,38.0,59.94736842105263,15.605263157894736,5.368421052631579,8.973684210526315,88.0,43.0,0.6349036402569593,0.15706806282722513,19.1,2023-24,True
Oleksandr Zinchenko,Ukraine,DF,Arsenal,26,1996,27,20,1722,19.1,1,2,3,1,0,0,2,0,0.05235602094240837,0.10471204188481674,0.15706806282722513,0.05235602094240837,0.15706806282722513,False,2023-24,2023,0.15706806282722513,3,4887,2118.0,-396.0,0.17139501245626865,0.1276595744680851,0.3448275862068966,676,38.0,58.63157894736842,17.263157894736842,5.973684210526316,8.473684210526315,91.0,29.0,0.6707566462167689,0.1694915254237288,5.9,2024-25,True
Oleksandr Zinchenko,Ukraine,"DF,MF",Arsenal,27,1996,15,5,527,5.9,0,1,1,0,0,0,1,0,0.0,0.1694915254237288,0.1694915254237288,0.0,0.1694915254237288,False,2024-25,2024,0.1694915254237288,4,5414,1722.0,-1195.0,0.1701260211012421,0.15706806282722513,0.1276595744680851,729,38.0,57.18421052631579,14.394736842105264,4.947368421052632,9.526315789473685,69.0,34.0,0.6017601760176018,0.0,3.9,2025-26,True
Oliver Scarles,England,"MF,DF",West Ham,18,2005,15,7,665,7.4,0,0,0,0,0,0,1,0,0.0,0.0,0.0,0.0,0.0,False,2024-25,2024,0.0,1,665,,,0.0,,,324,,,,,,,,,0.0,7.3,2025-26,True
Oliver Skipp,England,MF,Tottenham,20,2000,18,14,1350,15.0,0,0,0,0,0,0,6,0,0.0,0.0,0.0,0.0,0.0,False,2021-22,2021,0.0,1,1350,,,0.0,,,400,38.0,52.0,12.921052631578947,5.184210526315789,12.921052631578947,69.0,40.0,0.5,0.06024096385542168,16.6,2022-23,True
Oliver Skipp,England,MF,Tottenham,21,2000,23,18,1491,16.6,1,0,1,1,0,0,7,0,0.06024096385542168,0.0,0.06024096385542168,0.06024096385542168,0.06024096385542168,False,2022-23,2022,0.06024096385542168,2,2841,1350.0,141.0,0.04016064257028112,0.0,,441,38.0,49.94736842105263,13.68421052631579,5.2631578947368425,13.68421052631579,70.0,63.0,0.5,0.0,7.9,2023-24,True
Oliver Skipp,England,"MF,DF",Tottenham,22,2000,21,5,707,7.9,0,0,0,0,0,0,3,0,0.0,0.0,0.0,0.0,0.0,False,2023-24,2023,0.0,3,3548,1491.0,-784.0,0.013386880856760375,0.06024096385542168,0.0,484,38.0,62.05263157894737,15.31578947368421,5.631578947368421,12.789473684210526,74.0,61.0,0.5449438202247191,0.0,12.5,2024-25,True
Ollie Watkins,England,FW,Aston Villa,25,1995,35,33,2952,32.8,11,2,13,10,1,1,7,0,0.3353658536585366,0.06097560975609757,0.39634146341463417,0.30487804878048785,0.36585365853658536,False,2021-22,2021,0.39634146341463417,1,2952,,,0.39634146341463417,,,625,38.0,46.473684210526315,12.210526315789474,4.2631578947368425,12.552631578947368,52.0,54.0,0.49309245483528164,0.6051873198847262,34.7,2022-23,True
Ollie Watkins,England,FW,Aston Villa,26,1995,37,36,3127,34.7,15,6,21,14,1,2,4,0,0.4322766570605187,0.17291066282420747,0.6051873198847262,0.4034582132564841,0.5763688760806917,False,2022-23,2022,0.6051873198847262,2,6079,2952.0,175.0,0.5355720343946955,0.39634146341463417,,676,38.0,49.44736842105263,11.31578947368421,3.973684210526316,11.289473684210526,51.0,46.0,0.5005820721769499,0.8963585434173669,35.7,2023-24,True
Ollie Watkins,England,FW,Aston Villa,27,1995,37,37,3217,35.7,19,13,32,19,0,0,4,0,0.5322128851540616,0.3641456582633053,0.8963585434173669,0.5322128851540616,0.8963585434173669,False,2023-24,2023,0.8963585434173669,3,9296,3127.0,90.0,0.776096373743143,0.6051873198847262,0.39634146341463417,729,38.0,53.421052631578945,13.5,5.0,11.947368421052632,76.0,61.0,0.5305067218200621,0.8304498269896194,28.9,2024-25,True
Ollie Watkins,England,FW,Aston Villa,28,1995,38,31,2598,28.9,16,8,24,14,2,2,2,0,0.5536332179930796,0.2768166089965398,0.8304498269896194,0.4844290657439447,0.7612456747404845,False,2024-25,2024,0.8304498269896194,4,11894,3217.0,-619.0,0.812332009240794,0.8963585434173669,0.6051873198847262,784,38.0,50.71052631578947,12.736842105263158,4.473684210526316,12.18421052631579,58.0,51.0,0.5110876451953538,0.6031746031746031,31.5,2025-26,True
Omar Marmoush,Egypt,"MF,FW",Manchester City,25,1999,16,14,1175,13.1,7,0,7,7,0,0,0,0,0.5343511450381679,0.0,0.5343511450381679,0.5343511450381679,0.5343511450381679,False,2024-25,2024,0.5343511450381679,1,1175,,,0.5343511450381679,,,625,38.0,61.73684210526316,16.0,5.7105263157894735,9.31578947368421,72.0,44.0,0.6320166320166319,0.7692307692307693,7.8,2025-26,True
Omari Hutchinson,England,MF,Chelsea,18,2003,1,0,23,0.3,0,0,0,0,0,0,0,0,0.0,0.0,0.0,0.0,0.0,False,2022-23,2022,0.0,1,23,,,0.0,,,324,38.0,59.026315789473685,12.736842105263158,4.157894736842105,11.526315789473685,38.0,47.0,0.5249457700650759,0.17421602787456447,28.7,2024-25,True
Omari Hutchinson,England,MF,Ipswich Town,20,2003,31,30,2583,28.7,3,2,5,3,0,0,5,0,0.10452961672473868,0.06968641114982578,0.17421602787456447,0.10452961672473868,0.17421602787456447,False,2024-25,2024,0.17421602787456447,2,2606,23.0,2560.0,0.11614401858304298,0.0,,400,38.0,40.39473684210526,9.894736842105264,3.3421052631578947,15.973684210526315,36.0,82.0,0.38250254323499494,0.3191489361702127,18.8,2025-26,True
Orel Mangala,Belgium,MF,Nottingham,24,1998,27,20,1550,17.2,1,1,2,1,0,0,3,0,0.05813953488372093,0.05813953488372093,0.11627906976744186,0.05813953488372093,0.11627906976744186,False,2022-23,2022,0.11627906976744186,1,1550,,,0.11627906976744186,,,576,38.0,37.21052631578947,9.68421052631579,3.1052631578947367,14.657894736842104,38.0,68.0,0.3978378378378378,0.0574712643678161,17.4,2023-24,True
Orel Mangala,Belgium,MF,Nottingham,25,1998,20,19,1563,17.4,1,0,1,1,0,0,6,0,0.0574712643678161,0.0,0.0574712643678161,0.0574712643678161,0.0574712643678161,False,2023-24,2023,0.0574712643678161,2,3113,1550.0,13.0,0.07707386616769135,0.11627906976744186,,625,38.0,40.21052631578947,11.868421052631579,3.8947368421052633,13.421052631578947,49.0,67.0,0.46930280957336107,0.07142857142857142,14.0,2024-25,True
Pablo Fornals,Spain,MF,West Ham,25,1996,36,32,2795,31.1,6,3,9,6,0,0,4,0,0.19292604501607716,0.09646302250803858,0.28938906752411575,0.19292604501607716,0.28938906752411575,False,2021-22,2021,0.28938906752411575,1,2795,,,0.28938906752411575,,,625,,,,,,,,,0.23952095808383234,16.7,2022-23,True
Pablo Fornals,Spain,MF,West Ham,26,1996,32,17,1503,16.7,3,1,4,3,0,0,0,0,0.17964071856287425,0.059880239520958084,0.23952095808383234,0.17964071856287425,0.23952095808383234,False,2022-23,2022,0.23952095808383234,2,4298,2795.0,-1292.0,0.2561436612305935,0.28938906752411575,,676,,,,,,,,,0.0,4.7,2023-24,True
Pablo Sarabia,Spain,"MF,FW",Wolves,30,1992,13,9,765,8.5,1,0,1,1,0,0,3,0,0.11764705882352941,0.0,0.11764705882352941,0.11764705882352941,0.11764705882352941,False,2022-23,2022,0.11764705882352941,1,765,,,0.11764705882352941,,,900,,,,,,,,,0.5670103092783506,19.4,2023-24,True
Pablo Sarabia,Spain,"MF,FW",Wolves,31,1992,30,20,1745,19.4,4,7,11,2,2,2,5,0,0.2061855670103093,0.3608247422680413,0.5670103092783506,0.10309278350515465,0.46391752577319595,False,2023-24,2023,0.5670103092783506,2,2510,765.0,980.0,0.41722255912674355,0.11764705882352941,,961,,,,,,,,,0.5555555555555556,9.0,2024-25,True
Pape Matar Sarr,Senegal,MF,Tottenham,19,2002,11,2,218,2.4,0,1,1,0,0,0,1,0,0.0,0.4166666666666667,0.4166666666666667,0.0,0.4166666666666667,False,2022-23,2022,0.4166666666666667,1,218,,,0.4166666666666667,,,361,38.0,49.94736842105263,13.68421052631579,5.2631578947368425,13.68421052631579,70.0,63.0,0.5,0.2608695652173913,23.0,2023-24,True
Pape Matar Sarr,Senegal,MF,Tottenham,20,2002,34,27,2069,23.0,3,3,6,3,0,0,9,0,0.13043478260869565,0.13043478260869565,0.2608695652173913,0.13043478260869565,0.2608695652173913,False,2023-24,2023,0.2608695652173913,2,2287,218.0,1851.0,0.3128019323671498,0.4166666666666667,,400,38.0,62.05263157894737,15.31578947368421,5.631578947368421,12.789473684210526,74.0,61.0,0.5449438202247191,0.2347417840375587,21.3,2024-25,True
Pape Matar Sarr,Senegal,MF,Tottenham,21,2002,36,22,1913,21.3,3,2,5,3,0,0,6,0,0.14084507042253522,0.09389671361502347,0.2347417840375587,0.14084507042253522,0.2347417840375587,False,2024-25,2024,0.2347417840375587,3,4200,2069.0,-156.0,0.2607618334807557,0.2608695652173913,0.4166666666666667,441,38.0,54.76315789473684,13.078947368421053,4.868421052631579,13.736842105263158,64.0,65.0,0.4877330716388616,0.3870967741935484,15.5,2025-26,True
Pascal Groß,Germany,MF,Brighton,30,1991,29,24,2038,22.6,2,4,6,2,0,1,1,0,0.08849557522123894,0.17699115044247787,0.2654867256637168,0.08849557522123894,0.2654867256637168,False,2021-22,2021,0.2654867256637168,1,2038,,,0.2654867256637168,,,900,38.0,54.73684210526316,12.868421052631579,4.0,12.526315789473685,42.0,44.0,0.5067357512953368,0.4722222222222222,36.0,2022-23,True
Pascal Groß,Germany,"MF,DF",Brighton,31,1991,37,37,3239,36.0,9,8,17,9,0,0,6,0,0.25,0.2222222222222222,0.4722222222222222,0.25,0.4722222222222222,False,2022-23,2022,0.4722222222222222,2,5277,2038.0,1201.0,0.40331039003605373,0.2654867256637168,,961,38.0,60.526315789473685,16.105263157894736,6.078947368421052,10.210526315789474,72.0,53.0,0.612,0.40462427745664736,34.6,2023-24,True
Pascal Groß,Germany,"MF,DF",Brighton,32,1991,36,34,3114,34.6,4,10,14,3,1,1,6,0,0.11560693641618497,0.2890173410404624,0.40462427745664736,0.08670520231213873,0.37572254335260113,False,2023-24,2023,0.40462427745664736,3,8391,3239.0,-125.0,0.4041863149831162,0.4722222222222222,0.2654867256637168,1024,38.0,60.3421052631579,14.789473684210526,5.473684210526316,12.289473684210526,55.0,62.0,0.5461613216715258,0.21978021978021978,18.2,2025-26,True
Pascal Struijk,Netherlands,DF,Leeds United,21,1999,29,22,2055,22.8,1,0,1,1,0,0,6,1,0.043859649122807015,0.0,0.043859649122807015,0.043859649122807015,0.043859649122807015,False,2021-22,2021,0.043859649122807015,1,2055,,,0.043859649122807015,,,441,38.0,52.473684210526315,12.736842105263158,4.052631578947368,15.289473684210526,42.0,79.0,0.4544600938967136,0.12295081967213116,24.4,2022-23,True
Pascal Struijk,Netherlands,DF,Leeds United,22,1999,29,26,2200,24.4,2,1,3,2,0,0,5,0,0.0819672131147541,0.04098360655737705,0.12295081967213116,0.0819672131147541,0.12295081967213116,False,2022-23,2022,0.12295081967213116,2,4255,2055.0,145.0,0.09658709615568978,0.043859649122807015,,484,38.0,46.94736842105263,12.157894736842104,3.8157894736842106,13.868421052631579,48.0,78.0,0.4671385237613751,0.03067484662576687,32.6,2025-26,True
Patrick Bamford,England,FW,Leeds United,27,1993,9,7,559,6.2,2,2,4,2,0,0,2,0,0.3225806451612903,0.3225806451612903,0.6451612903225806,0.3225806451612903,0.6451612903225806,False,2021-22,2021,0.6451612903225806,1,559,,,0.6451612903225806,,,729,38.0,52.473684210526315,12.736842105263158,4.052631578947368,15.289473684210526,42.0,79.0,0.4544600938967136,0.35714285714285715,16.8,2022-23,True
Patrick Dorgu,Denmark,MF,Manchester Utd,19,2004,12,10,842,9.4,0,0,0,0,0,0,3,1,0.0,0.0,0.0,0.0,0.0,False,2024-25,2024,0.0,1,842,,,0.0,,,361,38.0,53.55263157894737,13.868421052631579,4.605263157894737,10.921052631578947,44.0,54.0,0.559447983014862,0.49689440993788814,16.1,2025-26,True
Patson Daka,Zambia,FW,Leicester City,22,1998,23,13,1159,12.9,5,3,8,5,0,0,2,0,0.38759689922480617,0.23255813953488372,0.6201550387596899,0.38759689922480617,0.6201550387596899,False,2021-22,2021,0.6201550387596899,1,1159,,,0.6201550387596899,,,484,,,,,,,,,0.6060606060606061,13.2,2022-23,True
Patson Daka,Zambia,FW,Leicester City,23,1998,30,13,1187,13.2,4,4,8,4,0,0,2,0,0.30303030303030304,0.30303030303030304,0.6060606060606061,0.30303030303030304,0.6060606060606061,False,2022-23,2022,0.6060606060606061,2,2346,1159.0,28.0,0.610758750293634,0.6201550387596899,,529,,,,,,,,,0.12195121951219513,8.2,2024-25,True
Pau Torres,Spain,DF,Aston Villa,26,1997,29,27,2464,27.4,2,0,2,2,0,0,1,0,0.07299270072992702,0.0,0.07299270072992702,0.07299270072992702,0.07299270072992702,False,2023-24,2023,0.07299270072992702,1,2464,,,0.07299270072992702,,,676,38.0,53.421052631578945,13.5,5.0,11.947368421052632,76.0,61.0,0.5305067218200621,0.0,22.4,2024-25,True
Pau Torres,Spain,DF,Aston Villa,27,1997,24,23,2020,22.4,0,0,0,0,0,0,2,0,0.0,0.0,0.0,0.0,0.0,False,2024-25,2024,0.0,2,4484,2464.0,-444.0,0.024330900243309007,0.07299270072992702,,729,38.0,50.71052631578947,12.736842105263158,4.473684210526316,12.18421052631579,58.0,51.0,0.5110876451953538,0.0,18.6,2025-26,True
Paul Onuachu,Nigeria,FW,Southampton,28,1994,11,4,407,4.5,0,0,0,0,0,0,0,0,0.0,0.0,0.0,0.0,0.0,False,2022-23,2022,0.0,1,407,,,0.0,,,784,,,,,,,,,0.4273504273504274,11.7,2024-25,True
Pedro Neto,Portugal,"FW,MF",Wolves,21,2000,13,5,466,5.2,1,1,2,1,0,0,3,0,0.1923076923076923,0.1923076923076923,0.3846153846153846,0.1923076923076923,0.3846153846153846,False,2021-22,2021,0.3846153846153846,1,466,,,0.3846153846153846,,,441,,,,,,,,,0.0,10.7,2022-23,True
Pedro Neto,Portugal,"MF,FW",Wolves,22,2000,18,13,964,10.7,0,0,0,0,0,0,1,0,0.0,0.0,0.0,0.0,0.0,False,2022-23,2022,0.0,2,1430,466.0,498.0,0.12820512820512822,0.3846153846153846,,484,,,,,,,,,0.6547619047619048,16.8,2023-24,True
Pedro Neto,Portugal,"MF,FW",Wolves,23,2000,20,18,1516,16.8,2,9,11,2,0,0,4,0,0.11904761904761904,0.5357142857142857,0.6547619047619048,0.11904761904761904,0.6547619047619048,False,2023-24,2023,0.6547619047619048,3,2946,964.0,552.0,0.47924297924297926,0.0,0.3846153846153846,529,,,,,,,,,0.39682539682539686,25.2,2024-25,True
Pedro Neto,Portugal,"MF,FW",Chelsea,24,2000,35,24,2269,25.2,4,6,10,4,0,0,8,0,0.15873015873015872,0.2380952380952381,0.39682539682539686,0.15873015873015872,0.39682539682539686,False,2024-25,2024,0.39682539682539686,4,5215,1516.0,753.0,0.42429792429792434,0.6547619047619048,0.0,576,38.0,57.3421052631579,15.657894736842104,5.7368421052631575,10.447368421052632,64.0,43.0,0.5997983870967741,0.3767123287671233,29.2,2025-26,True
Pedro Porro,Spain,MF,Tottenham,22,1999,15,13,1131,12.6,3,3,6,3,0,0,0,0,0.2380952380952381,0.2380952380952381,0.4761904761904762,0.2380952380952381,0.4761904761904762,False,2022-23,2022,0.4761904761904762,1,1131,,,0.4761904761904762,,,484,38.0,49.94736842105263,13.68421052631579,5.2631578947368425,13.68421052631579,70.0,63.0,0.5,0.2915451895043732,34.3,2023-24,True
Pedro Porro,Spain,DF,Tottenham,23,1999,35,35,3089,34.3,3,7,10,3,0,0,3,0,0.08746355685131196,0.20408163265306123,0.2915451895043732,0.08746355685131196,0.2915451895043732,False,2023-24,2023,0.2915451895043732,2,4220,1131.0,1958.0,0.35309361839974085,0.4761904761904762,,529,38.0,62.05263157894737,15.31578947368421,5.631578947368421,12.789473684210526,74.0,61.0,0.5449438202247191,0.27586206896551724,29.0,2024-25,True
Pedro Porro,Spain,DF,Tottenham,24,1999,33,28,2610,29.0,2,6,8,2,0,0,5,0,0.06896551724137931,0.20689655172413793,0.27586206896551724,0.06896551724137931,0.27586206896551724,False,2024-25,2024,0.27586206896551724,3,6830,3089.0,-479.0,0.3016059187769251,0.2915451895043732,0.4761904761904762,576,38.0,54.76315789473684,13.078947368421053,4.868421052631579,13.736842105263158,64.0,65.0,0.4877330716388616,0.09646302250803858,31.1,2025-26,True
Pervis Estupiñán,Ecuador,"DF,MF",Brighton,24,1998,35,31,2675,29.7,1,5,6,1,0,0,4,0,0.03367003367003367,0.16835016835016836,0.20202020202020202,0.03367003367003367,0.20202020202020202,False,2022-23,2022,0.20202020202020202,1,2675,,,0.20202020202020202,,,576,38.0,60.526315789473685,16.105263157894736,6.078947368421052,10.210526315789474,72.0,53.0,0.612,0.36231884057971014,13.8,2023-24,True
Pervis Estupiñán,Ecuador,"DF,MF",Brighton,25,1998,19,15,1243,13.8,2,3,5,2,0,0,4,0,0.14492753623188406,0.21739130434782608,0.36231884057971014,0.14492753623188406,0.36231884057971014,False,2023-24,2023,0.36231884057971014,2,3918,2675.0,-1432.0,0.3088859610598741,0.20202020202020202,,625,38.0,60.3421052631579,14.789473684210526,5.473684210526316,12.289473684210526,55.0,62.0,0.5461613216715258,0.0749063670411985,26.7,2024-25,True
Phil Foden,England,FW,Manchester City,21,2000,28,24,2128,23.6,9,5,14,9,0,0,1,0,0.3813559322033898,0.211864406779661,0.5932203389830508,0.3813559322033898,0.5932203389830508,False,2021-22,2021,0.5932203389830508,1,2128,,,0.5932203389830508,,,441,38.0,68.5,18.763157894736842,6.657894736842105,6.2368421052631575,99.0,26.0,0.7505263157894737,0.8292682926829268,20.5,2022-23,True
Phil Foden,England,"FW,MF",Manchester City,22,2000,32,22,1842,20.5,11,6,17,11,0,0,1,0,0.5365853658536586,0.2926829268292683,0.8292682926829268,0.5365853658536586,0.8292682926829268,False,2022-23,2022,0.8292682926829268,2,3970,2128.0,-286.0,0.7505856414496348,0.5932203389830508,,484,38.0,65.34210526315789,15.789473684210526,5.7631578947368425,7.7105263157894735,94.0,33.0,0.6718924972004479,0.8517350157728707,31.7,2023-24,True
Phil Foden,England,MF,Manchester City,23,2000,35,33,2857,31.7,19,8,27,19,0,0,2,0,0.5993690851735016,0.25236593059936907,0.8517350157728707,0.5993690851735016,0.8517350157728707,False,2023-24,2023,0.8517350157728707,3,6827,1842.0,1015.0,0.8180185576651254,0.8292682926829268,0.5932203389830508,529,38.0,65.73684210526316,18.263157894736842,7.315789473684211,7.7368421052631575,96.0,34.0,0.7024291497975709,0.4568527918781726,19.7,2024-25,True
Phil Foden,England,"MF,FW",Manchester City,24,2000,28,20,1777,19.7,7,2,9,7,0,0,2,0,0.3553299492385787,0.10152284263959391,0.4568527918781726,0.3553299492385787,0.4568527918781726,False,2024-25,2024,0.4568527918781726,4,8604,2857.0,-1080.0,0.5772413804738237,0.8517350157728707,0.8292682926829268,576,38.0,61.73684210526316,16.0,5.7105263157894735,9.31578947368421,72.0,44.0,0.6320166320166319,0.5172413793103449,23.2,2025-26,True
Philip Billing,Denmark,"MF,FW",Bournemouth,26,1996,36,34,2764,30.7,7,1,8,7,0,0,5,0,0.22801302931596093,0.03257328990228013,0.26058631921824105,0.22801302931596093,0.26058631921824105,False,2022-23,2022,0.26058631921824105,1,2764,,,0.26058631921824105,,,676,38.0,40.078947368421055,9.394736842105264,3.5,16.473684210526315,37.0,71.0,0.3631739572736521,0.25806451612903225,15.5,2023-24,True
Philippe Coutinho,Brazil,"MF,FW",Aston Villa,29,1992,19,16,1329,14.8,5,3,8,5,0,0,0,0,0.33783783783783783,0.2027027027027027,0.5405405405405405,0.33783783783783783,0.5405405405405405,False,2021-22,2021,0.5405405405405405,1,1329,,,0.5405405405405405,,,841,38.0,46.473684210526315,12.210526315789474,4.2631578947368425,12.552631578947368,52.0,54.0,0.49309245483528164,0.11363636363636363,8.8,2022-23,True
Pierre Højbjerg,Denmark,MF,Tottenham,25,1995,36,36,3196,35.5,2,2,4,2,0,0,3,0,0.056338028169014086,0.056338028169014086,0.11267605633802817,0.056338028169014086,0.11267605633802817,False,2021-22,2021,0.11267605633802817,1,3196,,,0.11267605633802817,,,625,38.0,52.0,12.921052631578947,5.184210526315789,12.921052631578947,69.0,40.0,0.5,0.25862068965517243,34.8,2022-23,True
Pierre Højbjerg,Denmark,MF,Tottenham,26,1995,35,35,3131,34.8,4,5,9,4,0,0,5,0,0.1149425287356322,0.14367816091954025,0.25862068965517243,0.1149425287356322,0.25862068965517243,False,2022-23,2022,0.25862068965517243,2,6327,3196.0,-65.0,0.2099724785494577,0.11267605633802817,,676,38.0,49.94736842105263,13.68421052631579,5.2631578947368425,13.68421052631579,70.0,63.0,0.5,0.0,14.6,2023-24,True
Pierre-Emerick Aubameyang,Gabon,FW,Arsenal,32,1989,14,12,1037,11.5,4,1,5,4,0,2,3,0,0.34782608695652173,0.08695652173913043,0.43478260869565216,0.34782608695652173,0.43478260869565216,False,2021-22,2021,0.43478260869565216,1,1037,,,0.43478260869565216,,,1024,38.0,53.18421052631579,15.473684210526315,5.157894736842105,11.18421052631579,61.0,48.0,0.5804540967423495,0.16129032258064516,6.2,2022-23,True
Pontus Jansson,Sweden,DF,Brentford,30,1991,37,37,3321,36.9,3,1,4,3,0,0,7,0,0.08130081300813008,0.02710027100271003,0.10840108401084012,0.08130081300813008,0.10840108401084012,False,2021-22,2021,0.10840108401084012,1,3321,,,0.10840108401084012,,,900,38.0,44.5,11.631578947368421,4.052631578947368,13.210526315789474,48.0,56.0,0.4682203389830508,0.125,8.0,2022-23,True
Radu Drăgușin,Romania,DF,Tottenham,21,2002,9,4,429,4.8,0,0,0,0,0,0,1,0,0.0,0.0,0.0,0.0,0.0,False,2023-24,2023,0.0,1,429,,,0.0,,,441,38.0,62.05263157894737,15.31578947368421,5.631578947368421,12.789473684210526,74.0,61.0,0.5449438202247191,0.0,13.9,2024-25,True
Radu Drăgușin,Romania,DF,Tottenham,22,2002,16,14,1252,13.9,0,0,0,0,0,0,1,0,0.0,0.0,0.0,0.0,0.0,False,2024-25,2024,0.0,2,1681,429.0,823.0,0.0,0.0,,484,38.0,54.76315789473684,13.078947368421053,4.868421052631579,13.736842105263158,64.0,65.0,0.4877330716388616,0.0,5.7,2025-26,True
Raheem Sterling,England,"FW,MF",Manchester City,26,1994,30,23,2128,23.6,13,5,18,11,2,3,1,0,0.5508474576271186,0.211864406779661,0.7627118644067796,0.4661016949152542,0.6779661016949152,False,2021-22,2021,0.7627118644067796,1,2128,,,0.7627118644067796,,,676,38.0,68.5,18.763157894736842,6.657894736842105,6.2368421052631575,99.0,26.0,0.7505263157894737,0.42857142857142855,21.0,2022-23,True
Raheem Sterling,England,"FW,MF",Chelsea,27,1994,28,23,1891,21.0,6,3,9,6,0,0,4,0,0.2857142857142857,0.14285714285714285,0.42857142857142855,0.2857142857142857,0.42857142857142855,False,2022-23,2022,0.42857142857142855,2,4019,2128.0,-237.0,0.539951573849879,0.7627118644067796,,729,38.0,59.026315789473685,12.736842105263158,4.157894736842105,11.526315789473685,38.0,47.0,0.5249457700650759,0.5454545454545454,22.0,2023-24,True
Raheem Sterling,England,MF,Chelsea,28,1994,31,22,1978,22.0,8,4,12,8,0,0,7,0,0.36363636363636365,0.18181818181818182,0.5454545454545454,0.36363636363636365,0.5454545454545454,False,2023-24,2023,0.5454545454545454,3,5997,1891.0,87.0,0.5436202215863233,0.42857142857142855,0.7627118644067796,784,38.0,59.0,14.421052631578947,5.657894736842105,14.631578947368421,77.0,63.0,0.4963768115942029,0.36363636363636365,5.5,2024-25,True
Raphaël Varane,France,DF,Manchester Utd,28,1993,22,20,1831,20.3,1,1,2,1,0,0,0,0,0.04926108374384236,0.04926108374384236,0.09852216748768472,0.04926108374384236,0.09852216748768472,False,2021-22,2021,0.09852216748768472,1,1831,,,0.09852216748768472,,,784,38.0,52.921052631578945,13.368421052631579,4.921052631578948,13.447368421052632,57.0,57.0,0.4985279685966634,0.0,21.2,2022-23,True
Raphaël Varane,France,DF,Manchester Utd,29,1993,24,22,1911,21.2,0,0,0,0,0,0,1,0,0.0,0.0,0.0,0.0,0.0,False,2022-23,2022,0.0,2,3742,1831.0,80.0,0.03284072249589491,0.09852216748768472,,841,38.0,53.973684210526315,15.578947368421053,5.631578947368421,12.657894736842104,58.0,43.0,0.5517241379310345,0.06535947712418301,15.3,2023-24,True
Rasmus Højlund,Denmark,FW,Manchester Utd,20,2003,30,25,2158,24.0,10,2,12,10,0,0,2,0,0.4166666666666667,0.08333333333333333,0.5,0.4166666666666667,0.5,False,2023-24,2023,0.5,1,2158,,,0.5,,,400,38.0,50.526315789473685,14.473684210526315,5.078947368421052,17.55263157894737,57.0,58.0,0.4519309778142974,0.17937219730941703,22.3,2024-25,True
Rayan Aït-Nouri,Algeria,MF,Wolves,20,2001,23,20,1828,20.3,1,2,3,1,0,0,4,0,0.04926108374384236,0.09852216748768472,0.14778325123152708,0.04926108374384236,0.14778325123152708,False,2021-22,2021,0.14778325123152708,1,1828,,,0.14778325123152708,,,400,,,,,,,,,0.08333333333333333,12.0,2022-23,True
Rayan Aït-Nouri,Algeria,"DF,MF",Wolves,21,2001,21,9,1076,12.0,1,0,1,1,0,0,4,0,0.08333333333333333,0.0,0.08333333333333333,0.08333333333333333,0.08333333333333333,False,2022-23,2022,0.08333333333333333,2,2904,1828.0,-752.0,0.10481663929939791,0.14778325123152708,,441,,,,,,,,,0.11583011583011583,25.9,2023-24,True
Rayan Aït-Nouri,Algeria,"MF,DF",Wolves,22,2001,33,29,2329,25.9,2,1,3,2,0,0,7,0,0.07722007722007722,0.03861003861003861,0.11583011583011583,0.07722007722007722,0.11583011583011583,False,2023-24,2023,0.11583011583011583,3,5233,1076.0,1253.0,0.11215895698654318,0.08333333333333333,0.14778325123152708,484,,,,,,,,,0.3188405797101449,34.5,2024-25,True
Rayan Aït-Nouri,Algeria,"MF,DF",Wolves,23,2001,37,37,3109,34.5,4,7,11,4,0,0,7,1,0.11594202898550725,0.2028985507246377,0.3188405797101449,0.11594202898550725,0.3188405797101449,False,2024-25,2024,0.3188405797101449,4,8342,2329.0,780.0,0.24994670546894432,0.11583011583011583,0.08333333333333333,529,,,,,,,,,0.18518518518518517,10.8,2025-26,True
Raúl Jiménez,Mexico,FW,Wolves,30,1991,34,30,2631,29.2,6,4,10,5,1,1,9,2,0.20547945205479454,0.136986301369863,0.3424657534246575,0.17123287671232876,0.3082191780821918,False,2021-22,2021,0.3424657534246575,1,2631,,,0.3424657534246575,,,900,,,,,,,,,0.10638297872340426,9.4,2022-23,True
Raúl Jiménez,Mexico,FW,Wolves,31,1991,15,8,846,9.4,0,1,1,0,0,0,0,0,0.0,0.10638297872340426,0.10638297872340426,0.0,0.10638297872340426,False,2022-23,2022,0.10638297872340426,2,3477,2631.0,-1785.0,0.18507723695715533,0.3424657534246575,,961,,,,,,,,,0.45161290322580644,15.5,2023-24,True
Raúl Jiménez,Mexico,FW,Fulham,32,1991,24,18,1395,15.5,7,0,7,7,0,0,3,1,0.45161290322580644,0.0,0.45161290322580644,0.45161290322580644,0.45161290322580644,False,2023-24,2023,0.45161290322580644,3,4872,846.0,549.0,0.362767681136256,0.10638297872340426,0.3424657534246575,1024,38.0,50.73684210526316,13.157894736842104,4.7105263157894735,13.763157894736842,55.0,61.0,0.4887585532746823,0.5415162454873647,27.7,2024-25,True
Raúl Jiménez,Mexico,FW,Fulham,33,1991,38,30,2494,27.7,12,3,15,9,3,3,4,0,0.4332129963898917,0.10830324909747292,0.5415162454873647,0.3249097472924188,0.43321299638989175,False,2024-25,2024,0.5415162454873647,4,7366,1395.0,1099.0,0.4819333907036618,0.45161290322580644,0.10638297872340426,1089,38.0,52.473684210526315,13.710526315789474,4.552631578947368,11.368421052631579,54.0,54.0,0.5466946484784889,0.49382716049382713,24.3,2025-26,True
Reece James,England,MF,Chelsea,21,1999,26,22,1864,20.7,5,9,14,5,0,0,4,1,0.24154589371980678,0.43478260869565216,0.6763285024154589,0.24154589371980678,0.6763285024154589,False,2021-22,2021,0.6763285024154589,1,1864,,,0.6763285024154589,,,441,38.0,62.3421052631579,15.578947368421053,5.552631578947368,8.921052631578947,76.0,33.0,0.635875402792696,0.14492753623188406,13.8,2022-23,True
Reece James,England,"DF,MF",Chelsea,22,1999,16,14,1244,13.8,1,1,2,1,0,0,4,0,0.07246376811594203,0.07246376811594203,0.14492753623188406,0.07246376811594203,0.14492753623188406,False,2022-23,2022,0.14492753623188406,2,3108,1864.0,-620.0,0.32206119162640906,0.6763285024154589,,484,38.0,59.026315789473685,12.736842105263158,4.157894736842105,11.526315789473685,38.0,47.0,0.5249457700650759,0.425531914893617,4.7,2023-24,True
Reece James,England,"DF,MF",Chelsea,23,1999,10,5,419,4.7,0,2,2,0,0,0,2,2,0.0,0.425531914893617,0.425531914893617,0.0,0.425531914893617,False,2023-24,2023,0.425531914893617,3,3527,1244.0,-825.0,0.3910416738045477,0.14492753623188406,0.6763285024154589,529,38.0,59.0,14.421052631578947,5.657894736842105,14.631578947368421,77.0,63.0,0.4963768115942029,0.1694915254237288,11.8,2024-25,True
Reece James,England,"DF,MF",Chelsea,24,1999,19,12,1063,11.8,1,1,2,1,0,0,1,0,0.0847457627118644,0.0847457627118644,0.1694915254237288,0.0847457627118644,0.1694915254237288,False,2024-25,2024,0.1694915254237288,4,4590,419.0,644.0,0.24334157488400177,0.425531914893617,0.14492753623188406,576,38.0,57.3421052631579,15.657894736842104,5.7368421052631575,10.447368421052632,64.0,43.0,0.5997983870967741,0.27522935779816515,21.8,2025-26,True
Reiss Nelson,England,"FW,MF",Arsenal,22,1999,11,0,212,2.4,3,2,5,3,0,0,0,0,1.25,0.8333333333333334,2.0833333333333335,1.25,2.0833333333333335,False,2022-23,2022,2.0833333333333335,2,232,20.0,192.0,1.3888888888888888,0.0,,484,38.0,59.94736842105263,15.605263157894736,5.368421052631579,8.973684210526315,88.0,43.0,0.6349036402569593,0.0,3.0,2023-24,True
Ricardo Pereira,Portugal,"DF,MF",Leicester City,27,1993,14,13,991,11.0,1,3,4,1,0,0,3,0,0.09090909090909091,0.2727272727272727,0.36363636363636365,0.09090909090909091,0.36363636363636365,False,2021-22,2021,0.36363636363636365,1,991,,,0.36363636363636365,,,729,,,,,,,,,0.4,5.0,2022-23,True
Ricardo Pereira,Portugal,"DF,MF",Leicester City,28,1993,10,5,454,5.0,1,1,2,1,0,0,2,0,0.2,0.2,0.4,0.2,0.4,False,2022-23,2022,0.4,2,1445,991.0,-537.0,0.3878787878787879,0.36363636363636365,,784,,,,,,,,,0.0,4.3,2024-25,True
Riccardo Calafiori,Italy,DF,Arsenal,22,2002,19,11,983,10.9,2,1,3,2,0,0,4,0,0.18348623853211007,0.09174311926605504,0.27522935779816515,0.18348623853211007,0.27522935779816515,False,2024-25,2024,0.27522935779816515,1,983,,,0.27522935779816515,,,484,38.0,57.18421052631579,14.394736842105264,4.947368421052632,9.526315789473685,69.0,34.0,0.6017601760176018,0.15873015873015875,18.9,2025-26,True
Richarlison,Brazil,"FW,MF",Everton,24,1997,30,28,2523,28.0,10,5,15,7,3,3,9,0,0.35714285714285715,0.17857142857142858,0.5357142857142857,0.25,0.42857142857142855,False,2021-22,2021,0.5357142857142857,1,2523,,,0.5357142857142857,,,576,38.0,39.68421052631579,11.526315789473685,3.6315789473684212,13.710526315789474,43.0,66.0,0.45672575599582904,0.35714285714285715,11.2,2022-23,True
Richarlison,Brazil,"MF,FW",Tottenham,25,1997,27,12,1010,11.2,1,3,4,1,0,0,3,0,0.08928571428571429,0.26785714285714285,0.35714285714285715,0.08928571428571429,0.35714285714285715,False,2022-23,2022,0.35714285714285715,2,3533,2523.0,-1513.0,0.41666666666666663,0.5357142857142857,,625,38.0,49.94736842105263,13.68421052631579,5.2631578947368425,13.68421052631579,70.0,63.0,0.5,0.9036144578313252,16.6,2023-24,True
Richarlison,Brazil,"FW,MF",Tottenham,26,1997,28,18,1491,16.6,11,4,15,11,0,0,3,0,0.6626506024096385,0.24096385542168672,0.9036144578313252,0.6626506024096385,0.9036144578313252,False,2023-24,2023,0.9036144578313252,3,5024,1010.0,481.0,0.7412985274431056,0.35714285714285715,0.5357142857142857,676,38.0,62.05263157894737,15.31578947368421,5.631578947368421,12.789473684210526,74.0,61.0,0.5449438202247191,0.8928571428571429,5.6,2024-25,True
Richarlison,Brazil,FW,Tottenham,27,1997,15,4,504,5.6,4,1,5,4,0,0,2,0,0.7142857142857143,0.17857142857142858,0.8928571428571429,0.7142857142857143,0.8928571428571429,False,2024-25,2024,0.8928571428571429,4,5528,1491.0,-987.0,0.8423376043857971,0.9036144578313252,0.35714285714285715,729,38.0,54.76315789473684,13.078947368421053,4.868421052631579,13.736842105263158,64.0,65.0,0.4877330716388616,0.6880733944954128,21.8,2025-26,True
Rico Henry,Jamaica,"MF,DF",Brentford,24,1997,34,33,2776,30.8,3,0,3,3,0,0,2,0,0.09740259740259741,0.0,0.09740259740259741,0.09740259740259741,0.09740259740259741,False,2021-22,2021,0.09740259740259741,1,2776,,,0.09740259740259741,,,576,38.0,44.5,11.631578947368421,4.052631578947368,13.210526315789474,48.0,56.0,0.4682203389830508,0.05555555555555555,36.0,2022-23,True
Rico Henry,Jamaica,"DF,MF",Brentford,25,1997,37,37,3238,36.0,0,2,2,0,0,0,4,0,0.0,0.05555555555555555,0.05555555555555555,0.0,0.05555555555555555,False,2022-23,2022,0.05555555555555555,2,6014,2776.0,462.0,0.06950456950456951,0.09740259740259741,,625,38.0,43.39473684210526,10.710526315789474,4.2631578947368425,14.763157894736842,58.0,46.0,0.42045454545454547,0.2222222222222222,4.5,2023-24,True
Rico Henry,Jamaica,"DF,MF",Brentford,27,1997,5,0,99,1.1,0,0,0,0,0,0,0,0,0.0,0.0,0.0,0.0,0.0,False,2024-25,2024,0.0,4,6514,401.0,-302.0,0.05710544599433488,0.2222222222222222,0.05555555555555555,729,38.0,47.81578947368421,11.578947368421053,4.842105263157895,17.026315789473685,66.0,57.0,0.40478380864765406,0.06756756756756756,14.8,2025-26,True
Rico Lewis,England,"DF,MF",Manchester City,17,2004,14,10,903,10.0,0,0,0,0,0,0,1,0,0.0,0.0,0.0,0.0,0.0,False,2022-23,2022,0.0,1,903,,,0.0,,,289,38.0,65.34210526315789,15.789473684210526,5.7631578947368425,7.7105263157894735,94.0,33.0,0.6718924972004479,0.2222222222222222,9.0,2023-24,True
Rico Lewis,England,"DF,MF",Manchester City,18,2004,16,8,809,9.0,2,0,2,2,0,0,1,0,0.2222222222222222,0.0,0.2222222222222222,0.2222222222222222,0.2222222222222222,False,2023-24,2023,0.2222222222222222,2,1712,903.0,-94.0,0.14814814814814814,0.0,,324,38.0,65.73684210526316,18.263157894736842,7.315789473684211,7.7368421052631575,96.0,34.0,0.7024291497975709,0.14285714285714285,21.0,2024-25,True
Rico Lewis,England,"DF,MF",Manchester City,19,2004,28,21,1893,21.0,1,2,3,1,0,0,5,1,0.047619047619047616,0.09523809523809523,0.14285714285714285,0.047619047619047616,0.14285714285714285,False,2024-25,2024,0.14285714285714285,3,3605,809.0,1084.0,0.14462081128747795,0.2222222222222222,0.0,361,38.0,61.73684210526316,16.0,5.7105263157894735,9.31578947368421,72.0,44.0,0.6320166320166319,0.2222222222222222,4.5,2025-26,True
Riyad Mahrez,Algeria,FW,Manchester City,30,1991,28,15,1498,16.6,11,5,16,7,4,5,0,0,0.6626506024096385,0.3012048192771084,0.9638554216867469,0.4216867469879518,0.7228915662650601,False,2021-22,2021,0.9638554216867469,1,1498,,,0.9638554216867469,,,900,38.0,68.5,18.763157894736842,6.657894736842105,6.2368421052631575,99.0,26.0,0.7505263157894737,0.704225352112676,21.3,2022-23,True
Rob Holding,England,DF,Arsenal,25,1995,15,9,845,9.4,1,0,1,1,0,0,4,1,0.10638297872340426,0.0,0.10638297872340426,0.10638297872340426,0.10638297872340426,False,2021-22,2021,0.10638297872340426,1,845,,,0.10638297872340426,,,625,38.0,53.18421052631579,15.473684210526315,5.157894736842105,11.18421052631579,61.0,48.0,0.5804540967423495,0.15873015873015872,6.3,2022-23,True
Robert Sánchez,Spain,GK,Brighton,23,1997,37,37,3329,37.0,0,0,0,0,0,0,3,1,0.0,0.0,0.0,0.0,0.0,False,2021-22,2021,0.0,1,3329,,,0.0,,,529,38.0,54.73684210526316,12.868421052631579,4.0,12.526315789473685,42.0,44.0,0.5067357512953368,0.0,23.0,2022-23,True
Robert Sánchez,Spain,GK,Brighton,24,1997,23,23,2070,23.0,0,0,0,0,0,0,2,0,0.0,0.0,0.0,0.0,0.0,False,2022-23,2022,0.0,2,5399,3329.0,-1259.0,0.0,0.0,,576,38.0,60.526315789473685,16.105263157894736,6.078947368421052,10.210526315789474,72.0,53.0,0.612,0.0,15.9,2023-24,True
Robert Sánchez,Spain,GK,Chelsea,25,1997,16,16,1433,15.9,0,0,0,0,0,0,2,0,0.0,0.0,0.0,0.0,0.0,False,2023-24,2023,0.0,3,6832,2070.0,-637.0,0.0,0.0,0.0,625,38.0,59.0,14.421052631578947,5.657894736842105,14.631578947368421,77.0,63.0,0.4963768115942029,0.0,32.0,2024-25,True
Robert Sánchez,Spain,GK,Chelsea,26,1997,32,32,2880,32.0,0,0,0,0,0,0,5,0,0.0,0.0,0.0,0.0,0.0,False,2024-25,2024,0.0,4,9712,1433.0,1447.0,0.0,0.0,0.0,676,38.0,57.3421052631579,15.657894736842104,5.7368421052631575,10.447368421052632,64.0,43.0,0.5997983870967741,0.02958579881656805,33.8,2025-26,True
Roberto Firmino,Brazil,FW,Liverpool,29,1991,20,10,990,11.0,5,4,9,5,0,0,3,0,0.45454545454545453,0.36363636363636365,0.8181818181818182,0.45454545454545453,0.8181818181818182,False,2021-22,2021,0.8181818181818182,1,990,,,0.8181818181818182,,,841,38.0,63.3421052631579,19.18421052631579,6.7631578947368425,7.7894736842105265,94.0,26.0,0.7112195121951219,1.1111111111111112,13.5,2022-23,True
Robin Koch,Germany,"MF,DF",Leeds United,25,1996,20,17,1574,17.5,0,0,0,0,0,0,3,0,0.0,0.0,0.0,0.0,0.0,False,2021-22,2021,0.0,1,1574,,,0.0,,,625,38.0,52.473684210526315,12.736842105263158,4.052631578947368,15.289473684210526,42.0,79.0,0.4544600938967136,0.0,35.3,2022-23,True
Robin Olsen,Sweden,GK,Aston Villa,31,1990,1,1,90,1.0,0,0,0,0,0,0,0,0,0.0,0.0,0.0,0.0,0.0,False,2021-22,2021,0.0,1,90,,,0.0,,,961,38.0,46.473684210526315,12.210526315789474,4.2631578947368425,12.552631578947368,52.0,54.0,0.49309245483528164,0.0,3.1,2022-23,True
Robin Olsen,Sweden,GK,Aston Villa,32,1990,4,2,281,3.1,0,0,0,0,0,0,0,0,0.0,0.0,0.0,0.0,0.0,False,2022-23,2022,0.0,2,371,90.0,191.0,0.0,0.0,,1024,38.0,49.44736842105263,11.31578947368421,3.973684210526316,11.289473684210526,51.0,46.0,0.5005820721769499,0.0,4.5,2023-24,True
Rodri,Spain,MF,Manchester City,25,1996,33,33,2884,32.0,7,2,9,7,0,0,5,0,0.21875,0.0625,0.28125,0.21875,0.28125,False,2021-22,2021,0.28125,1,2884,,,0.28125,,,625,38.0,68.5,18.763157894736842,6.657894736842105,6.2368421052631575,99.0,26.0,0.7505263157894737,0.24767801857585142,32.3,2022-23,True
Rodri,Spain,"MF,DF",Manchester City,26,1996,36,34,2911,32.3,2,6,8,2,0,0,5,0,0.061919504643962855,0.18575851393188855,0.24767801857585142,0.061919504643962855,0.24767801857585142,False,2022-23,2022,0.24767801857585142,2,5795,2884.0,27.0,0.2588686790505676,0.28125,,676,38.0,65.34210526315789,15.789473684210526,5.7631578947368425,7.7105263157894735,94.0,33.0,0.6718924972004479,0.5214723926380368,32.6,2023-24,True
Rodri,Spain,MF,Manchester City,28,1996,3,1,73,0.8,0,0,0,0,0,0,0,0,0.0,0.0,0.0,0.0,0.0,False,2024-25,2024,0.0,4,8799,2931.0,-2858.0,0.14464594048073792,0.5214723926380368,0.24767801857585142,784,38.0,61.73684210526316,16.0,5.7105263157894735,9.31578947368421,72.0,44.0,0.6320166320166319,0.05952380952380952,16.8,2025-26,True
Rodrigo,Spain,"MF,FW",Leeds United,30,1991,31,27,2265,25.2,6,1,7,5,1,1,9,0,0.2380952380952381,0.03968253968253968,0.2777777777777778,0.19841269841269843,0.2380952380952381,False,2021-22,2021,0.2777777777777778,1,2265,,,0.2777777777777778,,,900,38.0,52.473684210526315,12.736842105263158,4.052631578947368,15.289473684210526,42.0,79.0,0.4544600938967136,0.6511627906976745,21.5,2022-23,True
Rodrigo Bentancur,Uruguay,MF,Tottenham,24,1997,17,16,1361,15.1,0,4,4,0,0,0,5,0,0.0,0.26490066225165565,0.26490066225165565,0.0,0.26490066225165565,False,2021-22,2021,0.26490066225165565,1,1361,,,0.26490066225165565,,,576,38.0,52.0,12.921052631578947,5.184210526315789,12.921052631578947,69.0,40.0,0.5,0.4191616766467066,16.7,2022-23,True
Rodrigo Bentancur,Uruguay,MF,Tottenham,25,1997,18,17,1500,16.7,5,2,7,5,0,0,8,0,0.29940119760479045,0.11976047904191617,0.4191616766467066,0.29940119760479045,0.4191616766467066,False,2022-23,2022,0.4191616766467066,2,2861,1361.0,139.0,0.36774133851502294,0.26490066225165565,,625,38.0,49.94736842105263,13.68421052631579,5.2631578947368425,13.68421052631579,70.0,63.0,0.5,0.17857142857142858,11.2,2023-24,True
Rodrigo Bentancur,Uruguay,MF,Tottenham,26,1997,23,13,1005,11.2,1,1,2,1,0,0,7,0,0.08928571428571429,0.08928571428571429,0.17857142857142858,0.08928571428571429,0.17857142857142858,False,2023-24,2023,0.17857142857142858,3,3866,1500.0,-495.0,0.24162806521929336,0.4191616766467066,0.26490066225165565,676,38.0,62.05263157894737,15.31578947368421,5.631578947368421,12.789473684210526,74.0,61.0,0.5449438202247191,0.1092896174863388,18.3,2024-25,True
Rodrigo Bentancur,Uruguay,MF,Tottenham,27,1997,26,21,1645,18.3,2,0,2,2,0,0,9,0,0.1092896174863388,0.0,0.1092896174863388,0.1092896174863388,0.1092896174863388,False,2024-25,2024,0.1092896174863388,4,5511,1005.0,640.0,0.15340243339732365,0.17857142857142858,0.4191616766467066,729,38.0,54.76315789473684,13.078947368421053,4.868421052631579,13.736842105263158,64.0,65.0,0.4877330716388616,0.09569377990430622,20.9,2025-26,True
Rodrigo Gomes,Portugal,MF,Wolves,21,2003,25,7,810,9.0,2,0,2,2,0,0,0,0,0.2222222222222222,0.0,0.2222222222222222,0.2222222222222222,0.2222222222222222,False,2024-25,2024,0.2222222222222222,1,810,,,0.2222222222222222,,,441,,,,,,,,,0.28037383177570097,10.7,2025-26,True
Rodrigo Muniz,Brazil,FW,Fulham,22,2001,26,18,1593,17.7,9,1,10,9,0,0,1,0,0.5084745762711864,0.05649717514124294,0.5649717514124294,0.5084745762711864,0.5649717514124294,False,2023-24,2023,0.5649717514124294,1,1593,,,0.5649717514124294,,,484,38.0,50.73684210526316,13.157894736842104,4.7105263157894735,13.763157894736842,55.0,61.0,0.4887585532746823,0.8411214953271029,10.7,2024-25,True
Rodrigo Muniz,Brazil,FW,Fulham,23,2001,31,8,964,10.7,8,1,9,8,0,0,1,0,0.7476635514018692,0.09345794392523366,0.8411214953271029,0.7476635514018692,0.8411214953271029,False,2024-25,2024,0.8411214953271029,2,2557,1593.0,-629.0,0.7490715806888784,0.5649717514124294,,529,38.0,52.473684210526315,13.710526315789474,4.552631578947368,11.368421052631579,54.0,54.0,0.5466946484784889,0.1801801801801802,11.1,2025-26,True
Romain Perraud,France,"DF,MF",Southampton,23,1997,20,18,1623,18.0,0,1,1,0,0,0,3,0,0.0,0.05555555555555555,0.05555555555555555,0.0,0.05555555555555555,False,2021-22,2021,0.05555555555555555,1,1623,,,0.05555555555555555,,,529,,,,,,,,,0.19607843137254904,20.4,2022-23,True
Roméo Lavia,Belgium,MF,Chelsea,19,2004,1,0,33,0.4,0,0,0,0,0,0,0,0,0.0,0.0,0.0,0.0,0.0,False,2023-24,2023,0.0,2,2254,2221.0,-2188.0,0.013495276653171392,0.04048582995951417,,361,38.0,59.0,14.421052631578947,5.657894736842105,14.631578947368421,77.0,63.0,0.4963768115942029,0.11235955056179775,8.9,2024-25,True
Roméo Lavia,Belgium,MF,Chelsea,20,2004,16,11,797,8.9,0,1,1,0,0,0,4,0,0.0,0.11235955056179775,0.11235955056179775,0.0,0.11235955056179775,False,2024-25,2024,0.11235955056179775,3,3051,33.0,764.0,0.07940479259225562,0.0,0.04048582995951417,400,38.0,57.3421052631579,15.657894736842104,5.7368421052631575,10.447368421052632,64.0,43.0,0.5997983870967741,0.0,4.2,2025-26,True
Ross Barkley,England,MF,Chelsea,27,1993,6,1,179,2.0,1,0,1,1,0,0,0,0,0.5,0.0,0.5,0.5,0.5,False,2021-22,2021,0.5,1,179,,,0.5,,,729,38.0,62.3421052631579,15.578947368421053,5.552631578947368,8.921052631578947,76.0,33.0,0.635875402792696,0.30927835051546393,29.1,2023-24,True
Ross Barkley,England,MF,Luton Town,29,1993,32,30,2618,29.1,5,4,9,5,0,0,6,0,0.1718213058419244,0.1374570446735395,0.30927835051546393,0.1718213058419244,0.30927835051546393,False,2023-24,2023,0.30927835051546393,2,2797,179.0,2439.0,0.37285223367697595,0.5,,841,,,,,,,,,0.6153846153846154,6.5,2024-25,True
Ross Barkley,England,MF,Aston Villa,30,1993,20,3,581,6.5,3,1,4,3,0,0,3,0,0.46153846153846156,0.15384615384615385,0.6153846153846154,0.46153846153846156,0.6153846153846154,False,2024-25,2024,0.6153846153846154,3,3378,2618.0,-2037.0,0.5345404881487356,0.30927835051546393,0.5,900,38.0,50.71052631578947,12.736842105263158,4.473684210526316,12.18421052631579,58.0,51.0,0.5110876451953538,0.42105263157894735,9.5,2025-26,True
Ruben Loftus-Cheek,England,MF,Chelsea,25,1996,24,13,1394,15.5,0,2,2,0,0,0,1,0,0.0,0.12903225806451613,0.12903225806451613,0.0,0.12903225806451613,False,2021-22,2021,0.12903225806451613,1,1394,,,0.12903225806451613,,,625,38.0,62.3421052631579,15.578947368421053,5.552631578947368,8.921052631578947,76.0,33.0,0.635875402792696,0.05847953216374269,17.1,2022-23,True
Ryan Christie,Scotland,MF,Bournemouth,27,1995,32,22,1834,20.4,1,1,2,1,0,0,2,0,0.04901960784313726,0.04901960784313726,0.09803921568627452,0.04901960784313726,0.09803921568627452,False,2022-23,2022,0.09803921568627452,1,1834,,,0.09803921568627452,,,729,38.0,40.078947368421055,9.394736842105264,3.5,16.473684210526315,37.0,71.0,0.3631739572736521,0.15479876160990713,32.3,2023-24,True
Ryan Christie,Scotland,MF,Bournemouth,28,1995,37,35,2907,32.3,0,5,5,0,0,0,6,0,0.0,0.15479876160990713,0.15479876160990713,0.0,0.15479876160990713,False,2023-24,2023,0.15479876160990713,2,4741,1834.0,1073.0,0.13587891296869625,0.09803921568627452,,784,38.0,44.05263157894737,14.263157894736842,4.868421052631579,13.973684210526315,54.0,67.0,0.5051258154706431,0.2127659574468085,23.5,2024-25,True
Ryan Christie,Scotland,MF,Bournemouth,29,1995,29,27,2117,23.5,2,3,5,2,0,0,9,0,0.0851063829787234,0.1276595744680851,0.2127659574468085,0.0851063829787234,0.2127659574468085,False,2024-25,2024,0.2127659574468085,3,6858,2907.0,-790.0,0.18713694262077107,0.15479876160990713,0.09803921568627452,841,38.0,48.578947368421055,15.263157894736842,5.315789473684211,12.842105263157896,58.0,46.0,0.5430711610486891,0.18181818181818182,11.0,2025-26,True
Ryan Fraser,Scotland,"FW,MF",Newcastle,27,1994,27,18,1465,16.3,2,3,5,2,0,0,3,0,0.12269938650306748,0.18404907975460122,0.3067484662576687,0.12269938650306748,0.3067484662576687,False,2021-22,2021,0.3067484662576687,1,1465,,,0.3067484662576687,,,729,38.0,39.94736842105263,11.789473684210526,3.8947368421052633,13.894736842105264,44.0,62.0,0.45901639344262296,0.0,3.5,2022-23,True
Ryan Fraser,Scotland,FW,Newcastle,28,1994,8,3,313,3.5,0,0,0,0,0,0,1,0,0.0,0.0,0.0,0.0,0.0,False,2022-23,2022,0.0,2,1778,1465.0,-1152.0,0.10224948875255625,0.3067484662576687,,784,38.0,52.44736842105263,15.026315789473685,5.184210526315789,10.18421052631579,68.0,33.0,0.5960334029227558,0.0,3.4,2024-25,True
Ryan Fredericks,England,DF,West Ham,28,1992,7,3,307,3.4,0,0,0,0,0,0,1,0,0.0,0.0,0.0,0.0,0.0,False,2021-22,2021,0.0,1,307,,,0.0,,,784,,,,,,,,,0.0,5.9,2022-23,True
Ryan Gravenberch,Netherlands,MF,Liverpool,21,2002,26,12,1121,12.5,1,0,1,1,0,0,0,0,0.08,0.0,0.08,0.08,0.08,False,2023-24,2023,0.08,1,1121,,,0.08,,,441,38.0,61.78947368421053,20.789473684210527,7.2894736842105265,10.894736842105264,86.0,41.0,0.6561461794019934,0.11396011396011396,35.1,2024-25,True
Ryan Gravenberch,Netherlands,MF,Liverpool,22,2002,37,37,3160,35.1,0,4,4,0,0,0,6,1,0.0,0.11396011396011396,0.11396011396011396,0.0,0.11396011396011396,False,2024-25,2024,0.11396011396011396,2,4281,1121.0,2039.0,0.10264007597340931,0.08,,484,38.0,58.078947368421055,17.026315789473685,6.078947368421052,10.18421052631579,86.0,41.0,0.625725338491296,0.24096385542168672,33.2,2025-26,True
Ryan Sessegnon,England,MF,Tottenham,21,2000,15,13,1047,11.6,0,2,2,0,0,0,2,0,0.0,0.1724137931034483,0.1724137931034483,0.0,0.1724137931034483,False,2021-22,2021,0.1724137931034483,1,1047,,,0.1724137931034483,,,441,38.0,52.0,12.921052631578947,5.184210526315789,12.921052631578947,69.0,40.0,0.5,0.2222222222222222,9.0,2022-23,True
Ryan Sessegnon,England,"MF,DF",Tottenham,22,2000,17,9,813,9.0,2,0,2,2,0,0,4,0,0.2222222222222222,0.0,0.2222222222222222,0.2222222222222222,0.2222222222222222,False,2022-23,2022,0.2222222222222222,2,1860,1047.0,-234.0,0.20561941251596424,0.1724137931034483,,484,38.0,49.94736842105263,13.68421052631579,5.2631578947368425,13.68421052631579,70.0,63.0,0.5,0.9375,6.4,2024-25,True
Ryan Sessegnon,England,"MF,DF",Fulham,24,2000,16,7,580,6.4,4,2,6,4,0,0,1,0,0.625,0.3125,0.9375,0.625,0.9375,False,2024-25,2024,0.9375,3,2440,813.0,-233.0,0.6935398041719881,0.2222222222222222,0.1724137931034483,576,38.0,52.473684210526315,13.710526315789474,4.552631578947368,11.368421052631579,54.0,54.0,0.5466946484784889,0.19704433497536944,20.3,2025-26,True
Ryan Yates,England,MF,Nottingham,24,1997,26,21,1837,20.4,0,2,2,0,0,0,5,0,0.0,0.09803921568627452,0.09803921568627452,0.0,0.09803921568627452,False,2022-23,2022,0.09803921568627452,1,1837,,,0.09803921568627452,,,576,38.0,37.21052631578947,9.68421052631579,3.1052631578947367,14.657894736842104,38.0,68.0,0.3978378378378378,0.09049773755656108,22.1,2023-24,True
Ryan Yates,England,MF,Nottingham,25,1997,35,21,1992,22.1,1,1,2,1,0,0,6,0,0.04524886877828054,0.04524886877828054,0.09049773755656108,0.04524886877828054,0.09049773755656108,False,2023-24,2023,0.09049773755656108,2,3829,1837.0,155.0,0.0930115635997989,0.09803921568627452,,625,38.0,40.21052631578947,11.868421052631579,3.8947368421052633,13.421052631578947,49.0,67.0,0.46930280957336107,0.14084507042253522,21.3,2024-25,True
Ryan Yates,England,MF,Nottingham,26,1997,35,18,1915,21.3,2,1,3,2,0,0,10,0,0.09389671361502347,0.046948356807511735,0.14084507042253522,0.09389671361502347,0.14084507042253522,False,2024-25,2024,0.14084507042253522,3,5744,1992.0,-77.0,0.12490056814828977,0.09049773755656108,0.09803921568627452,676,38.0,40.921052631578945,12.18421052631579,4.368421052631579,13.973684210526315,58.0,46.0,0.4657947686116701,0.2898550724637681,6.9,2025-26,True
Rúben Dias,Portugal,DF,Manchester City,24,1997,29,27,2402,26.7,2,4,6,2,0,0,5,0,0.0749063670411985,0.149812734082397,0.2247191011235955,0.0749063670411985,0.2247191011235955,False,2021-22,2021,0.2247191011235955,1,2402,,,0.2247191011235955,,,576,38.0,68.5,18.763157894736842,6.657894736842105,6.2368421052631575,99.0,26.0,0.7505263157894737,0.0,22.2,2022-23,True
Rúben Dias,Portugal,"DF,MF",Manchester City,25,1997,26,22,1998,22.2,0,0,0,0,0,0,3,0,0.0,0.0,0.0,0.0,0.0,False,2022-23,2022,0.0,2,4400,2402.0,-404.0,0.0749063670411985,0.2247191011235955,,625,38.0,65.34210526315789,15.789473684210526,5.7631578947368425,7.7105263157894735,94.0,33.0,0.6718924972004479,0.0,28.4,2023-24,True
Rúben Dias,Portugal,"DF,MF",Manchester City,26,1997,30,28,2559,28.4,0,0,0,0,0,0,0,0,0.0,0.0,0.0,0.0,0.0,False,2023-24,2023,0.0,3,6959,1998.0,561.0,0.024968789013732836,0.0,0.2247191011235955,676,38.0,65.73684210526316,18.263157894736842,7.315789473684211,7.7368421052631575,96.0,34.0,0.7024291497975709,0.0,25.2,2024-25,True
Rúben Dias,Portugal,"DF,MF",Manchester City,27,1997,27,25,2271,25.2,0,0,0,0,0,0,4,0,0.0,0.0,0.0,0.0,0.0,False,2024-25,2024,0.0,4,9230,2559.0,-288.0,0.00832292967124428,0.0,0.0,729,38.0,61.73684210526316,16.0,5.7105263157894735,9.31578947368421,72.0,44.0,0.6320166320166319,0.08403361344537814,23.8,2025-26,True
Rúben Neves,Portugal,MF,Wolves,24,1997,33,31,2661,29.6,4,2,6,4,0,0,9,0,0.13513513513513511,0.06756756756756756,0.2027027027027027,0.13513513513513511,0.2027027027027027,False,2021-22,2021,0.2027027027027027,1,2661,,,0.2027027027027027,,,576,,,,,,,,,0.208955223880597,33.5,2022-23,True
Sam Greenwood,England,MF,Leeds United,19,2002,7,1,237,2.6,0,2,2,0,0,0,0,0,0.0,0.7692307692307692,0.7692307692307692,0.0,0.7692307692307692,False,2021-22,2021,0.7692307692307692,1,237,,,0.7692307692307692,,,361,38.0,52.473684210526315,12.736842105263158,4.052631578947368,15.289473684210526,42.0,79.0,0.4544600938967136,0.6382978723404255,4.7,2022-23,True
Sam Johnstone,England,GK,Crystal Palace,29,1993,9,9,810,9.0,0,0,0,0,0,0,1,0,0.0,0.0,0.0,0.0,0.0,False,2022-23,2022,0.0,1,810,,,0.0,,,841,38.0,46.13157894736842,11.18421052631579,3.5789473684210527,12.0,40.0,49.0,0.48240635641316687,0.0,20.0,2023-24,True
Sam Johnstone,England,GK,Crystal Palace,30,1993,20,20,1796,20.0,0,0,0,0,0,0,1,0,0.0,0.0,0.0,0.0,0.0,False,2023-24,2023,0.0,2,2606,810.0,986.0,0.0,0.0,,900,38.0,42.1578947368421,12.0,4.447368421052632,12.078947368421053,57.0,58.0,0.4983606557377049,0.0,7.0,2024-25,True
Sam Johnstone,England,GK,Wolves,31,1993,7,7,630,7.0,0,0,0,0,0,0,0,0,0.0,0.0,0.0,0.0,0.0,False,2024-25,2024,0.0,3,3236,1796.0,-1166.0,0.0,0.0,0.0,961,,,,,,,,,0.0,12.0,2025-26,True
Saman Ghoddos,Iran,"FW,MF",Brentford,28,1993,15,0,139,1.5,0,0,0,0,0,0,0,0,0.0,0.0,0.0,0.0,0.0,False,2022-23,2022,0.0,2,675,536.0,-397.0,0.11111111111111112,0.3333333333333333,,784,38.0,43.39473684210526,10.710526315789474,4.2631578947368425,14.763157894736842,58.0,46.0,0.42045454545454547,0.12195121951219513,8.2,2023-24,True
Sander Berge,Norway,MF,Burnley,25,1998,37,34,3005,33.4,1,2,3,1,0,0,10,1,0.029940119760479042,0.059880239520958084,0.08982035928143713,0.029940119760479042,0.08982035928143713,False,2023-24,2023,0.08982035928143713,1,3005,,,0.08982035928143713,,,625,,,,,,,,,0.0,24.7,2024-25,True
Sander Berge,Norway,MF,Fulham,26,1998,31,26,2224,24.7,0,0,0,0,0,0,6,0,0.0,0.0,0.0,0.0,0.0,False,2024-25,2024,0.0,2,5229,3005.0,-781.0,0.029940119760479045,0.08982035928143713,,676,38.0,52.473684210526315,13.710526315789474,4.552631578947368,11.368421052631579,54.0,54.0,0.5466946484784889,0.030959752321981428,32.3,2025-26,True
Sandro Tonali,Italy,MF,Newcastle,23,2000,8,5,438,4.9,1,0,1,1,0,0,2,0,0.2040816326530612,0.0,0.2040816326530612,0.2040816326530612,0.2040816326530612,False,2023-24,2023,0.2040816326530612,1,438,,,0.2040816326530612,,,529,38.0,52.21052631578947,14.5,5.605263157894737,14.052631578947368,85.0,62.0,0.5078341013824884,0.20547945205479454,29.2,2024-25,True
Sandro Tonali,Italy,MF,Newcastle,24,2000,36,28,2630,29.2,4,2,6,4,0,0,5,0,0.136986301369863,0.0684931506849315,0.20547945205479454,0.136986301369863,0.20547945205479454,False,2024-25,2024,0.20547945205479454,2,3068,438.0,2192.0,0.20501351225421677,0.2040816326530612,,576,38.0,51.05263157894737,13.789473684210526,4.578947368421052,12.447368421052632,68.0,47.0,0.5255767301905717,0.07092198581560284,28.2,2025-26,True
Santiago Bueno,Uruguay,DF,Wolves,24,1998,12,9,822,9.1,0,0,0,0,0,0,1,0,0.0,0.0,0.0,0.0,0.0,False,2023-24,2023,0.0,1,822,,,0.0,,,576,,,,,,,,,0.0,18.7,2024-25,True
Santiago Bueno,Uruguay,DF,Wolves,25,1998,29,18,1687,18.7,0,0,0,0,0,0,2,0,0.0,0.0,0.0,0.0,0.0,False,2024-25,2024,0.0,2,2509,822.0,865.0,0.0,0.0,,625,,,,,,,,,0.14084507042253522,28.4,2025-26,True
Saïd Benrahma,Algeria,MF,West Ham,25,1995,32,26,2168,24.1,8,6,14,8,0,0,0,0,0.33195020746887965,0.24896265560165973,0.5809128630705394,0.33195020746887965,0.5809128630705394,False,2021-22,2021,0.5809128630705394,1,2168,,,0.5809128630705394,,,625,,,,,,,,,0.391304347826087,23.0,2022-23,True
Saïd Benrahma,Algeria,"MF,FW",West Ham,26,1995,35,22,2069,23.0,6,3,9,2,4,4,0,0,0.2608695652173913,0.13043478260869565,0.391304347826087,0.08695652173913043,0.2173913043478261,False,2022-23,2022,0.391304347826087,2,4237,2168.0,-99.0,0.45450718624090447,0.5809128630705394,,676,,,,,,,,,0.14492753623188406,6.9,2023-24,True
Saša Lukić,Serbia,MF,Fulham,25,1996,12,4,412,4.6,0,0,0,0,0,0,1,0,0.0,0.0,0.0,0.0,0.0,False,2022-23,2022,0.0,1,412,,,0.0,,,625,38.0,48.68421052631579,11.289473684210526,3.8947368421052633,13.289473684210526,55.0,53.0,0.45931477516059954,0.08,12.5,2023-24,True
Saša Lukić,Serbia,MF,Fulham,26,1996,24,13,1122,12.5,1,0,1,1,0,0,3,0,0.08,0.0,0.08,0.08,0.08,False,2023-24,2023,0.08,2,1534,412.0,710.0,0.05333333333333333,0.0,,676,38.0,50.73684210526316,13.157894736842104,4.7105263157894735,13.763157894736842,55.0,61.0,0.4887585532746823,0.07692307692307693,26.0,2024-25,True
Saša Lukić,Serbia,MF,Fulham,27,1996,30,28,2344,26.0,0,2,2,0,0,0,12,0,0.0,0.07692307692307693,0.07692307692307693,0.0,0.07692307692307693,False,2024-25,2024,0.07692307692307693,3,3878,1122.0,1222.0,0.06905982905982906,0.08,0.0,729,38.0,52.473684210526315,13.710526315789474,4.552631578947368,11.368421052631579,54.0,54.0,0.5466946484784889,0.15544041450777202,19.3,2025-26,True
Scott McKenna,Scotland,DF,Nottingham,25,1996,20,19,1571,17.5,0,0,0,0,0,0,4,0,0.0,0.0,0.0,0.0,0.0,False,2022-23,2022,0.0,1,1571,,,0.0,,,625,38.0,37.21052631578947,9.68421052631579,3.1052631578947367,14.657894736842104,38.0,68.0,0.3978378378378378,0.0,4.6,2023-24,True
Scott McTominay,Scotland,MF,Manchester Utd,24,1996,30,28,2387,26.5,1,1,2,1,0,0,9,0,0.03773584905660377,0.03773584905660377,0.07547169811320754,0.03773584905660377,0.07547169811320754,False,2021-22,2021,0.07547169811320754,1,2387,,,0.07547169811320754,,,576,38.0,52.921052631578945,13.368421052631579,4.921052631578948,13.447368421052632,57.0,57.0,0.4985279685966634,0.07751937984496124,12.9,2022-23,True
Scott McTominay,Scotland,MF,Manchester Utd,25,1996,24,10,1160,12.9,1,0,1,1,0,0,8,0,0.07751937984496124,0.0,0.07751937984496124,0.07751937984496124,0.07751937984496124,False,2022-23,2022,0.07751937984496124,2,3547,2387.0,-1227.0,0.07683681926771001,0.07547169811320754,,625,38.0,53.973684210526315,15.578947368421053,5.631578947368421,12.657894736842104,58.0,43.0,0.5517241379310345,0.3791469194312796,21.1,2023-24,True
Sean Longstaff,England,MF,Newcastle,23,1997,24,15,1464,16.3,1,1,2,1,0,0,1,0,0.06134969325153374,0.06134969325153374,0.12269938650306748,0.06134969325153374,0.12269938650306748,False,2021-22,2021,0.12269938650306748,1,1464,,,0.12269938650306748,,,529,38.0,39.94736842105263,11.789473684210526,3.8947368421052633,13.894736842105264,44.0,62.0,0.45901639344262296,0.17857142857142858,28.0,2022-23,True
Sean Longstaff,England,MF,Newcastle,24,1997,33,28,2518,28.0,1,4,5,1,0,0,2,0,0.03571428571428571,0.14285714285714285,0.17857142857142858,0.03571428571428571,0.17857142857142858,False,2022-23,2022,0.17857142857142858,2,3982,1464.0,1054.0,0.15994741454864153,0.12269938650306748,,576,38.0,52.44736842105263,15.026315789473685,5.184210526315789,10.18421052631579,68.0,33.0,0.5960334029227558,0.26229508196721313,30.5,2023-24,True
Sean Longstaff,England,MF,Newcastle,25,1997,35,30,2747,30.5,6,2,8,6,0,0,7,0,0.19672131147540983,0.06557377049180328,0.26229508196721313,0.19672131147540983,0.26229508196721313,False,2023-24,2023,0.26229508196721313,3,6729,2518.0,229.0,0.22817919282768925,0.17857142857142858,0.12269938650306748,625,38.0,52.21052631578947,14.5,5.605263157894737,14.052631578947368,85.0,62.0,0.5078341013824884,0.0,8.9,2024-25,True
Sean Longstaff,England,MF,Newcastle,26,1997,25,8,798,8.9,0,0,0,0,0,0,2,0,0.0,0.0,0.0,0.0,0.0,False,2024-25,2024,0.0,4,7527,2747.0,-1949.0,0.07605973094256309,0.26229508196721313,0.17857142857142858,676,38.0,51.05263157894737,13.789473684210526,4.578947368421052,12.447368421052632,68.0,47.0,0.5255767301905717,0.35714285714285715,11.2,2025-26,True
Sepp van den Berg,Netherlands,DF,Brentford,22,2001,31,29,2586,28.7,0,0,0,0,0,0,3,0,0.0,0.0,0.0,0.0,0.0,False,2024-25,2024,0.0,1,2586,,,0.0,,,484,38.0,47.81578947368421,11.578947368421053,4.842105263157895,17.026315789473685,66.0,57.0,0.40478380864765406,0.06514657980456026,30.7,2025-26,True
Serge Aurier,Ivory Coast,"DF,MF",Nottingham,29,1992,24,22,1943,21.6,1,0,1,1,0,0,2,0,0.046296296296296294,0.0,0.046296296296296294,0.046296296296296294,0.046296296296296294,False,2022-23,2022,0.046296296296296294,1,1943,,,0.046296296296296294,,,841,38.0,37.21052631578947,9.68421052631579,3.1052631578947367,14.657894736842104,38.0,68.0,0.3978378378378378,0.2150537634408602,9.3,2023-24,True
Shandon Baptiste,Grenada,MF,Brentford,23,1998,22,9,910,10.1,1,0,1,1,0,0,2,1,0.09900990099009901,0.0,0.09900990099009901,0.09900990099009901,0.09900990099009901,False,2021-22,2021,0.09900990099009901,1,910,,,0.09900990099009901,,,529,38.0,44.5,11.631578947368421,4.052631578947368,13.210526315789474,48.0,56.0,0.4682203389830508,0.14492753623188406,6.9,2022-23,True
Simon Adingra,Ivory Coast,MF,Brighton,21,2002,31,25,2222,24.7,6,1,7,6,0,0,3,0,0.24291497975708504,0.04048582995951417,0.2834008097165992,0.24291497975708504,0.2834008097165992,False,2023-24,2023,0.2834008097165992,1,2222,,,0.2834008097165992,,,441,38.0,60.3421052631579,14.789473684210526,5.473684210526316,12.289473684210526,55.0,62.0,0.5461613216715258,0.3278688524590164,12.2,2024-25,True
Simon Adingra,Ivory Coast,MF,Brighton,22,2002,29,12,1097,12.2,2,2,4,2,0,0,0,0,0.1639344262295082,0.1639344262295082,0.3278688524590164,0.1639344262295082,0.3278688524590164,False,2024-25,2024,0.3278688524590164,2,3319,2222.0,-1125.0,0.31304617154487735,0.2834008097165992,,484,38.0,52.63157894736842,14.026315789473685,5.026315789473684,11.236842105263158,66.0,59.0,0.5552083333333333,0.136986301369863,7.3,2025-26,True
Solly March,England,MF,Brighton,27,1994,31,17,1746,19.4,0,2,2,0,0,0,1,0,0.0,0.10309278350515465,0.10309278350515465,0.0,0.10309278350515465,False,2021-22,2021,0.10309278350515465,1,1746,,,0.10309278350515465,,,729,38.0,54.73684210526316,12.868421052631579,4.0,12.526315789473685,42.0,44.0,0.5067357512953368,0.43046357615894043,30.2,2022-23,True
Solly March,England,MF,Brighton,28,1994,33,31,2715,30.2,6,7,13,6,0,0,2,0,0.19867549668874174,0.2317880794701987,0.43046357615894043,0.19867549668874174,0.43046357615894043,False,2022-23,2022,0.43046357615894043,2,4461,1746.0,969.0,0.3213399786076785,0.10309278350515465,,784,38.0,60.526315789473685,16.105263157894736,6.078947368421052,10.210526315789474,72.0,53.0,0.612,0.6451612903225806,6.2,2023-24,True
Son Heung-min,South Korea,"MF,FW",Tottenham,29,1992,35,35,3006,33.4,23,7,30,23,0,0,2,0,0.688622754491018,0.2095808383233533,0.8982035928143713,0.688622754491018,0.8982035928143713,False,2021-22,2021,0.8982035928143713,1,3006,,,0.8982035928143713,,,841,38.0,52.0,12.921052631578947,5.184210526315789,12.921052631578947,69.0,40.0,0.5,0.4984423676012461,32.1,2022-23,True
Son Heung-min,South Korea,"MF,FW",Tottenham,30,1992,36,33,2888,32.1,10,6,16,10,0,0,2,0,0.3115264797507788,0.18691588785046728,0.4984423676012461,0.3115264797507788,0.4984423676012461,False,2022-23,2022,0.4984423676012461,2,5894,3006.0,-118.0,0.6316961093389546,0.8982035928143713,,900,38.0,49.94736842105263,13.68421052631579,5.2631578947368425,13.68421052631579,70.0,63.0,0.5,0.8282208588957055,32.6,2023-24,True
Son Heung-min,South Korea,"FW,MF",Tottenham,31,1992,35,34,2934,32.6,17,10,27,15,2,2,1,0,0.5214723926380368,0.3067484662576687,0.8282208588957055,0.460122699386503,0.7668711656441718,False,2023-24,2023,0.8282208588957055,3,8828,2888.0,46.0,0.7627126090434552,0.4984423676012461,0.8982035928143713,961,38.0,62.05263157894737,15.31578947368421,5.631578947368421,12.789473684210526,74.0,61.0,0.5449438202247191,0.6837606837606838,23.4,2024-25,True
Stefan Ortega,Germany,GK,Manchester City,29,1992,3,3,270,3.0,0,0,0,0,0,0,0,0,0.0,0.0,0.0,0.0,0.0,False,2022-23,2022,0.0,1,270,,,0.0,,,841,38.0,65.34210526315789,15.789473684210526,5.7631578947368425,7.7105263157894735,94.0,33.0,0.6718924972004479,0.0,7.1,2023-24,True
Stefan Ortega,Germany,GK,Manchester City,30,1992,9,5,635,7.1,0,0,0,0,0,0,0,0,0.0,0.0,0.0,0.0,0.0,False,2023-24,2023,0.0,2,905,270.0,365.0,0.0,0.0,,900,38.0,65.73684210526316,18.263157894736842,7.315789473684211,7.7368421052631575,96.0,34.0,0.7024291497975709,0.0,12.2,2024-25,True
Stefan Ortega,Germany,GK,Manchester City,31,1992,13,12,1100,12.2,0,0,0,0,0,0,1,0,0.0,0.0,0.0,0.0,0.0,False,2024-25,2024,0.0,3,2005,635.0,465.0,0.0,0.0,0.0,961,38.0,61.73684210526316,16.0,5.7105263157894735,9.31578947368421,72.0,44.0,0.6320166320166319,0.0,3.0,2025-26,True
Stuart Armstrong,Scotland,"MF,FW",Southampton,29,1992,25,15,1473,16.4,2,0,2,2,0,0,1,0,0.12195121951219513,0.0,0.12195121951219513,0.12195121951219513,0.12195121951219513,False,2021-22,2021,0.12195121951219513,1,1473,,,0.12195121951219513,,,841,,,,,,,,,0.19230769230769232,15.6,2022-23,True
Sven Botman,Netherlands,DF,Newcastle,22,2000,36,35,3127,34.7,0,0,0,0,0,0,2,0,0.0,0.0,0.0,0.0,0.0,False,2022-23,2022,0.0,1,3127,,,0.0,,,484,38.0,52.44736842105263,15.026315789473685,5.184210526315789,10.18421052631579,68.0,33.0,0.5960334029227558,0.26143790849673204,15.3,2023-24,True
Sven Botman,Netherlands,DF,Newcastle,23,2000,17,15,1377,15.3,2,2,4,2,0,0,2,0,0.13071895424836602,0.13071895424836602,0.26143790849673204,0.13071895424836602,0.26143790849673204,False,2023-24,2023,0.26143790849673204,2,4504,3127.0,-1750.0,0.17429193899782136,0.0,,529,38.0,52.21052631578947,14.5,5.605263157894737,14.052631578947368,85.0,62.0,0.5078341013824884,0.0,4.6,2024-25,True
Sven Botman,Netherlands,DF,Newcastle,24,2000,8,6,412,4.6,0,0,0,0,0,0,1,0,0.0,0.0,0.0,0.0,0.0,False,2024-25,2024,0.0,3,4916,1377.0,-965.0,0.058097312999273794,0.26143790849673204,0.0,576,38.0,51.05263157894737,13.789473684210526,4.578947368421052,12.447368421052632,68.0,47.0,0.5255767301905717,0.09803921568627452,20.4,2025-26,True
Sávio,Brazil,"MF,FW",Manchester City,20,2004,29,21,1766,19.6,1,8,9,1,0,0,3,0,0.0510204081632653,0.4081632653061224,0.4591836734693877,0.0510204081632653,0.4591836734693877,False,2024-25,2024,0.4591836734693877,1,1766,,,0.4591836734693877,,,400,38.0,61.73684210526316,16.0,5.7105263157894735,9.31578947368421,72.0,44.0,0.6320166320166319,0.2150537634408602,9.3,2025-26,True
Séamus Coleman,Ireland,"DF,MF",Everton,32,1988,30,30,2656,29.5,1,0,1,1,0,0,4,0,0.03389830508474576,0.0,0.03389830508474576,0.03389830508474576,0.03389830508474576,False,2021-22,2021,0.03389830508474576,1,2656,,,0.03389830508474576,,,1024,38.0,39.68421052631579,11.526315789473685,3.6315789473684212,13.710526315789474,43.0,66.0,0.45672575599582904,0.05434782608695653,18.4,2022-23,True
Séamus Coleman,Ireland,"DF,MF",Everton,33,1988,23,20,1656,18.4,1,0,1,1,0,0,1,0,0.05434782608695653,0.0,0.05434782608695653,0.05434782608695653,0.05434782608695653,False,2022-23,2022,0.05434782608695653,2,4312,2656.0,-1000.0,0.0475313190862196,0.03389830508474576,,1089,38.0,42.578947368421055,11.289473684210526,4.0,15.105263157894736,34.0,57.0,0.42771684945164506,0.0,7.4,2023-24,True
Taiwo Awoniyi,Nigeria,FW,Nottingham,24,1997,27,17,1404,15.6,10,1,11,10,0,0,2,0,0.6410256410256411,0.06410256410256411,0.7051282051282052,0.6410256410256411,0.7051282051282052,False,2022-23,2022,0.7051282051282052,1,1404,,,0.7051282051282052,,,576,38.0,37.21052631578947,9.68421052631579,3.1052631578947367,14.657894736842104,38.0,68.0,0.3978378378378378,0.7758620689655172,11.6,2023-24,True
Taiwo Awoniyi,Nigeria,FW,Nottingham,25,1997,20,12,1042,11.6,6,3,9,6,0,0,2,0,0.5172413793103449,0.25862068965517243,0.7758620689655172,0.5172413793103449,0.7758620689655172,False,2023-24,2023,0.7758620689655172,2,2446,1404.0,-362.0,0.7522841143530798,0.7051282051282052,,625,38.0,40.21052631578947,11.868421052631579,3.8947368421052633,13.421052631578947,49.0,67.0,0.46930280957336107,0.2173913043478261,4.6,2024-25,True
Taiwo Awoniyi,Nigeria,FW,Nottingham,26,1997,26,3,416,4.6,1,0,1,1,0,0,0,0,0.2173913043478261,0.0,0.2173913043478261,0.2173913043478261,0.2173913043478261,False,2024-25,2024,0.2173913043478261,3,2862,1042.0,-626.0,0.39568890768291076,0.7758620689655172,0.7051282051282052,676,38.0,40.921052631578945,12.18421052631579,4.368421052631579,13.973684210526315,58.0,46.0,0.4657947686116701,0.9090909090909091,5.5,2025-26,True
Takehiro Tomiyasu,Japan,DF,Arsenal,22,1998,21,20,1679,18.7,0,1,1,0,0,0,2,0,0.0,0.053475935828877004,0.053475935828877004,0.0,0.053475935828877004,False,2021-22,2021,0.053475935828877004,1,1679,,,0.053475935828877004,,,484,38.0,53.18421052631579,15.473684210526315,5.157894736842105,11.18421052631579,61.0,48.0,0.5804540967423495,0.13513513513513511,7.4,2022-23,True
Takehiro Tomiyasu,Japan,DF,Arsenal,23,1998,21,6,663,7.4,0,1,1,0,0,0,2,0,0.0,0.13513513513513511,0.13513513513513511,0.0,0.13513513513513511,False,2022-23,2022,0.13513513513513511,2,2342,1679.0,-1016.0,0.10791540203304907,0.053475935828877004,,529,38.0,59.94736842105263,15.605263157894736,5.368421052631579,8.973684210526315,88.0,43.0,0.6349036402569593,0.234375,12.8,2023-24,True
Tariq Lamptey,Ghana,"MF,DF",Brighton,20,2000,30,16,1561,17.3,0,2,2,0,0,0,4,0,0.0,0.11560693641618497,0.11560693641618497,0.0,0.11560693641618497,False,2021-22,2021,0.11560693641618497,1,1561,,,0.11560693641618497,,,400,38.0,54.73684210526316,12.868421052631579,4.0,12.526315789473685,42.0,44.0,0.5067357512953368,0.0,5.0,2022-23,True
Tariq Lamptey,Ghana,"DF,MF",Brighton,21,2000,20,3,453,5.0,0,0,0,0,0,0,1,0,0.0,0.0,0.0,0.0,0.0,False,2022-23,2022,0.0,2,2014,1561.0,-1108.0,0.03853564547206166,0.11560693641618497,,441,38.0,60.526315789473685,16.105263157894736,6.078947368421052,10.210526315789474,72.0,53.0,0.612,0.29411764705882354,10.2,2023-24,True
Tariq Lamptey,Ghana,"DF,MF",Brighton,22,2000,19,10,914,10.2,0,3,3,0,0,0,3,0,0.0,0.29411764705882354,0.29411764705882354,0.0,0.29411764705882354,False,2023-24,2023,0.29411764705882354,3,2928,453.0,461.0,0.20892364652990292,0.0,0.11560693641618497,484,38.0,60.3421052631579,14.789473684210526,5.473684210526316,12.289473684210526,55.0,62.0,0.5461613216715258,0.4166666666666667,9.6,2024-25,True
Theo Walcott,England,MF,Southampton,32,1989,9,5,379,4.2,0,0,0,0,0,0,0,0,0.0,0.0,0.0,0.0,0.0,False,2021-22,2021,0.0,1,379,,,0.0,,,1024,,,,,,,,,0.32,12.5,2022-23,True
Thiago Alcántara,Spain,MF,Liverpool,30,1991,25,17,1534,17.0,1,4,5,1,0,0,2,0,0.058823529411764705,0.23529411764705882,0.29411764705882354,0.058823529411764705,0.29411764705882354,False,2021-22,2021,0.29411764705882354,1,1534,,,0.29411764705882354,,,900,38.0,63.3421052631579,19.18421052631579,6.7631578947368425,7.7894736842105265,94.0,26.0,0.7112195121951219,0.0,13.9,2022-23,True
Thiago Silva,Brazil,DF,Chelsea,36,1984,32,28,2650,29.4,3,0,3,3,0,0,2,0,0.10204081632653061,0.0,0.10204081632653061,0.10204081632653061,0.10204081632653061,False,2021-22,2021,0.10204081632653061,1,2650,,,0.10204081632653061,,,1296,38.0,62.3421052631579,15.578947368421053,5.552631578947368,8.921052631578947,76.0,33.0,0.635875402792696,0.07662835249042145,26.1,2022-23,True
Thiago Silva,Brazil,DF,Chelsea,37,1984,27,26,2352,26.1,0,2,2,0,0,0,2,0,0.0,0.07662835249042145,0.07662835249042145,0.0,0.07662835249042145,False,2022-23,2022,0.07662835249042145,2,5002,2650.0,-298.0,0.08509917376912451,0.10204081632653061,,1369,38.0,59.026315789473685,12.736842105263158,4.157894736842105,11.526315789473685,38.0,47.0,0.5249457700650759,0.14234875444839856,28.1,2023-24,True
Thomas Partey,Ghana,MF,Arsenal,28,1993,24,23,2028,22.5,2,1,3,2,0,0,6,0,0.08888888888888889,0.044444444444444446,0.13333333333333333,0.08888888888888889,0.13333333333333333,False,2021-22,2021,0.13333333333333333,1,2028,,,0.13333333333333333,,,784,38.0,53.18421052631579,15.473684210526315,5.157894736842105,11.18421052631579,61.0,48.0,0.5804540967423495,0.10869565217391304,27.6,2022-23,True
Thomas Partey,Ghana,MF,Arsenal,29,1993,33,28,2483,27.6,3,0,3,3,0,0,5,0,0.10869565217391304,0.0,0.10869565217391304,0.10869565217391304,0.10869565217391304,False,2022-23,2022,0.10869565217391304,2,4511,2028.0,455.0,0.11690821256038647,0.13333333333333333,,841,38.0,59.94736842105263,15.605263157894736,5.368421052631579,8.973684210526315,88.0,43.0,0.6349036402569593,0.0,8.8,2023-24,True
Thomas Partey,Ghana,"MF,DF",Arsenal,30,1993,14,9,788,8.8,0,0,0,0,0,0,3,0,0.0,0.0,0.0,0.0,0.0,False,2023-24,2023,0.0,3,5299,2483.0,-1695.0,0.038969404186795495,0.10869565217391304,0.13333333333333333,900,38.0,58.63157894736842,17.263157894736842,5.973684210526316,8.473684210526315,91.0,29.0,0.6707566462167689,0.19292604501607716,31.1,2024-25,True
Tim Iroegbunam,England,MF,Aston Villa,20,2003,9,1,164,1.8,0,0,0,0,0,0,0,0,0.0,0.0,0.0,0.0,0.0,False,2023-24,2023,0.0,2,256,92.0,72.0,0.0,0.0,,400,38.0,53.421052631578945,13.5,5.0,11.947368421052632,76.0,61.0,0.5305067218200621,0.15625,6.4,2024-25,True
Tim Iroegbunam,England,MF,Everton,21,2003,18,5,574,6.4,0,1,1,0,0,0,4,0,0.0,0.15625,0.15625,0.0,0.15625,False,2024-25,2024,0.15625,3,830,164.0,410.0,0.10416666666666666,0.0,0.0,441,38.0,40.63157894736842,10.657894736842104,3.763157894736842,12.605263157894736,42.0,44.0,0.4581447963800905,0.12121212121212122,16.5,2025-26,True
Tim Ream,USA,DF,Fulham,34,1987,33,33,2897,32.2,1,0,1,1,0,0,2,0,0.03105590062111801,0.0,0.03105590062111801,0.03105590062111801,0.03105590062111801,False,2022-23,2022,0.03105590062111801,1,2897,,,0.03105590062111801,,,1156,38.0,48.68421052631579,11.289473684210526,3.8947368421052633,13.289473684210526,55.0,53.0,0.45931477516059954,0.059880239520958084,16.7,2023-24,True
Timo Werner,Germany,"FW,MF",Chelsea,25,1996,21,15,1283,14.3,4,1,5,4,0,0,1,0,0.2797202797202797,0.06993006993006992,0.34965034965034963,0.2797202797202797,0.34965034965034963,False,2021-22,2021,0.34965034965034963,1,1283,,,0.34965034965034963,,,625,38.0,62.3421052631579,15.578947368421053,5.552631578947368,8.921052631578947,76.0,33.0,0.635875402792696,0.5555555555555556,9.0,2023-24,True
Timo Werner,Germany,"MF,FW",Tottenham,27,1996,13,10,809,9.0,2,3,5,2,0,0,1,0,0.2222222222222222,0.3333333333333333,0.5555555555555556,0.2222222222222222,0.5555555555555556,False,2023-24,2023,0.5555555555555556,2,2092,1283.0,-474.0,0.4869204869204869,0.34965034965034963,,729,38.0,62.05263157894737,15.31578947368421,5.631578947368421,12.789473684210526,74.0,61.0,0.5449438202247191,0.5263157894736842,5.7,2024-25,True
Timothy Castagne,Belgium,"DF,MF",Leicester City,25,1995,27,22,2127,23.6,1,0,1,1,0,0,1,0,0.0423728813559322,0.0,0.0423728813559322,0.0423728813559322,0.0423728813559322,False,2021-22,2021,0.0423728813559322,1,2127,,,0.0423728813559322,,,625,,,,,,,,,0.13812154696132595,36.2,2022-23,True
Timothy Castagne,Belgium,"DF,MF",Leicester City,26,1995,37,36,3254,36.2,2,3,5,2,0,0,3,0,0.055248618784530384,0.08287292817679558,0.13812154696132595,0.055248618784530384,0.13812154696132595,False,2022-23,2022,0.13812154696132595,2,5381,2127.0,1127.0,0.10620532509286137,0.0423728813559322,,676,,,,,,,,,0.13651877133105803,29.3,2023-24,True
Timothy Castagne,Belgium,DF,Fulham,27,1995,34,29,2634,29.3,1,3,4,1,0,0,3,0,0.034129692832764506,0.10238907849829351,0.13651877133105803,0.034129692832764506,0.13651877133105803,False,2023-24,2023,0.13651877133105803,3,8015,3254.0,-620.0,0.12641428925165915,0.13812154696132595,0.0423728813559322,729,38.0,50.73684210526316,13.157894736842104,4.7105263157894735,13.763157894736842,55.0,61.0,0.4887585532746823,0.0546448087431694,18.3,2024-25,True
Timothy Castagne,Belgium,"DF,MF",Fulham,28,1995,24,17,1649,18.3,0,1,1,0,0,0,1,0,0.0,0.0546448087431694,0.0546448087431694,0.0,0.0546448087431694,False,2024-25,2024,0.0546448087431694,4,9664,2634.0,-985.0,0.07856796891266599,0.13651877133105803,0.13812154696132595,784,38.0,52.473684210526315,13.710526315789474,4.552631578947368,11.368421052631579,54.0,54.0,0.5466946484784889,0.0,20.5,2025-26,True
Tino Livramento,England,"DF,MF",Southampton,19,2002,2,0,28,0.3,0,0,0,0,0,0,0,0,0.0,0.0,0.0,0.0,0.0,False,2022-23,2022,0.0,2,2230,2202.0,-2174.0,0.0272108843537415,0.08163265306122448,,361,,,,,,,,,0.0684931506849315,14.6,2023-24,True
Tino Livramento,England,DF,Newcastle,20,2002,26,12,1314,14.6,1,0,1,1,0,0,1,0,0.0684931506849315,0.0,0.0684931506849315,0.0684931506849315,0.0684931506849315,False,2023-24,2023,0.0684931506849315,3,3544,28.0,1286.0,0.054732395241201506,0.0,0.08163265306122448,400,38.0,52.21052631578947,14.5,5.605263157894737,14.052631578947368,85.0,62.0,0.5078341013824884,0.03164556962025316,31.6,2024-25,True
Tino Livramento,England,DF,Newcastle,21,2002,37,32,2840,31.6,0,1,1,0,0,0,1,0,0.0,0.03164556962025316,0.03164556962025316,0.0,0.03164556962025316,False,2024-25,2024,0.03164556962025316,4,6384,1314.0,1526.0,0.03934117816056928,0.0684931506849315,0.0,441,38.0,51.05263157894737,13.789473684210526,4.578947368421052,12.447368421052632,68.0,47.0,0.5255767301905717,0.06756756756756756,14.8,2025-26,True
Tom Cairney,Scotland,MF,Fulham,31,1991,33,6,988,11.0,2,0,2,2,0,0,2,0,0.18181818181818182,0.0,0.18181818181818182,0.18181818181818182,0.18181818181818182,False,2022-23,2022,0.18181818181818182,1,988,,,0.18181818181818182,,,961,38.0,48.68421052631579,11.289473684210526,3.8947368421052633,13.289473684210526,55.0,53.0,0.45931477516059954,0.30303030303030304,16.5,2023-24,True
Tom Cairney,Scotland,MF,Fulham,32,1991,34,14,1488,16.5,1,4,5,1,0,0,3,0,0.06060606060606061,0.24242424242424243,0.30303030303030304,0.06060606060606061,0.30303030303030304,False,2023-24,2023,0.30303030303030304,2,2476,988.0,500.0,0.26262626262626265,0.18181818181818182,,1024,38.0,50.73684210526316,13.157894736842104,4.7105263157894735,13.763157894736842,55.0,61.0,0.4887585532746823,0.2857142857142857,7.0,2024-25,True
Tom Cairney,Scotland,MF,Fulham,33,1991,25,3,628,7.0,2,0,2,2,0,0,3,1,0.2857142857142857,0.0,0.2857142857142857,0.2857142857142857,0.2857142857142857,False,2024-25,2024,0.2857142857142857,3,3104,1488.0,-860.0,0.27801827801827805,0.30303030303030304,0.18181818181818182,1089,38.0,52.473684210526315,13.710526315789474,4.552631578947368,11.368421052631579,54.0,54.0,0.5466946484784889,0.23255813953488372,8.6,2025-26,True
Tom Davies,England,MF,Everton,23,1998,6,2,234,2.6,1,0,1,1,0,0,1,0,0.3846153846153846,0.0,0.3846153846153846,0.3846153846153846,0.3846153846153846,False,2021-22,2021,0.3846153846153846,1,234,,,0.3846153846153846,,,529,38.0,39.68421052631579,11.526315789473685,3.6315789473684212,13.710526315789474,43.0,66.0,0.45672575599582904,0.0,6.0,2022-23,True
Tommy Doyle,England,MF,Wolves,21,2001,26,11,1222,13.6,0,0,0,0,0,0,2,0,0.0,0.0,0.0,0.0,0.0,False,2023-24,2023,0.0,1,1222,,,0.0,,,441,,,,,,,,,0.18518518518518517,5.4,2024-25,True
Tomáš Souček,Czechia,MF,West Ham,26,1995,35,34,3062,34.0,5,1,6,5,0,0,3,0,0.14705882352941177,0.029411764705882353,0.17647058823529413,0.14705882352941177,0.17647058823529413,False,2021-22,2021,0.17647058823529413,1,3062,,,0.17647058823529413,,,676,,,,,,,,,0.1597444089456869,31.3,2022-23,True
Tomáš Souček,Czechia,MF,West Ham,27,1995,36,32,2815,31.3,2,3,5,2,0,0,3,0,0.06389776357827476,0.09584664536741214,0.1597444089456869,0.06389776357827476,0.1597444089456869,False,2022-23,2022,0.1597444089456869,2,5877,3062.0,-247.0,0.16531980204222263,0.17647058823529413,,729,,,,,,,,,0.2821316614420063,31.9,2023-24,True
Tomáš Souček,Czechia,MF,West Ham,28,1995,37,34,2870,31.9,7,2,9,7,0,0,7,0,0.219435736677116,0.06269592476489029,0.2821316614420063,0.219435736677116,0.2821316614420063,False,2023-24,2023,0.2821316614420063,3,8747,2815.0,55.0,0.24319437497541174,0.1597444089456869,0.17647058823529413,784,,,,,,,,,0.3508771929824561,28.5,2024-25,True
Tomáš Souček,Czechia,MF,West Ham,29,1995,35,30,2567,28.5,9,1,10,9,0,0,8,0,0.3157894736842105,0.03508771929824561,0.3508771929824561,0.3157894736842105,0.3508771929824561,False,2024-25,2024,0.3508771929824561,4,11314,2870.0,-303.0,0.31498292031344133,0.2821316614420063,0.1597444089456869,841,,,,,,,,,0.20491803278688525,24.4,2025-26,True
Tosin Adarabioyo,England,DF,Fulham,24,1997,25,23,2085,23.2,1,0,1,1,0,0,4,0,0.04310344827586207,0.0,0.04310344827586207,0.04310344827586207,0.04310344827586207,False,2022-23,2022,0.04310344827586207,1,2085,,,0.04310344827586207,,,576,38.0,48.68421052631579,11.289473684210526,3.8947368421052633,13.289473684210526,55.0,53.0,0.45931477516059954,0.1111111111111111,18.0,2023-24,True
Tosin Adarabioyo,England,DF,Fulham,25,1997,20,18,1617,18.0,2,0,2,2,0,0,2,0,0.1111111111111111,0.0,0.1111111111111111,0.1111111111111111,0.1111111111111111,False,2023-24,2023,0.1111111111111111,2,3702,2085.0,-468.0,0.0884418901660281,0.04310344827586207,,625,38.0,50.73684210526316,13.157894736842104,4.7105263157894735,13.763157894736842,55.0,61.0,0.4887585532746823,0.12738853503184713,15.7,2024-25,True
Tosin Adarabioyo,England,DF,Chelsea,26,1997,22,15,1409,15.7,1,1,2,1,0,0,4,0,0.06369426751592357,0.06369426751592357,0.12738853503184713,0.06369426751592357,0.12738853503184713,False,2024-25,2024,0.12738853503184713,3,5111,1617.0,-208.0,0.11440632007657411,0.1111111111111111,0.04310344827586207,676,38.0,57.3421052631579,15.657894736842104,5.7368421052631575,10.447368421052632,64.0,43.0,0.5997983870967741,0.0,8.8,2025-26,True
Toti Gomes,Portugal,DF,Wolves,22,1999,4,4,360,4.0,0,0,0,0,0,0,1,0,0.0,0.0,0.0,0.0,0.0,False,2021-22,2021,0.0,1,360,,,0.0,,,484,,,,,,,,,0.09174311926605504,10.9,2022-23,True
Toti Gomes,Portugal,DF,Wolves,23,1999,17,10,984,10.9,1,0,1,1,0,0,6,0,0.09174311926605504,0.0,0.09174311926605504,0.09174311926605504,0.09174311926605504,False,2022-23,2022,0.09174311926605504,2,1344,360.0,624.0,0.061162079510703356,0.0,,529,,,,,,,,,0.12987012987012986,30.8,2023-24,True
Toti Gomes,Portugal,DF,Wolves,24,1999,35,31,2772,30.8,1,3,4,1,0,0,7,0,0.032467532467532464,0.09740259740259741,0.12987012987012986,0.032467532467532464,0.12987012987012986,False,2023-24,2023,0.12987012987012986,3,4116,984.0,1788.0,0.10696744641698769,0.09174311926605504,0.0,576,,,,,,,,,0.034482758620689655,29.0,2024-25,True
Toti Gomes,Portugal,DF,Wolves,25,1999,31,30,2614,29.0,0,1,1,0,0,0,7,0,0.0,0.034482758620689655,0.034482758620689655,0.0,0.034482758620689655,False,2024-25,2024,0.034482758620689655,4,6730,2772.0,-158.0,0.05864432121945567,0.12987012987012986,0.09174311926605504,625,,,,,,,,,0.0,15.8,2025-26,True
Trent Alexander-Arnold,England,DF,Liverpool,22,1998,32,32,2853,31.7,2,12,14,2,0,0,2,0,0.06309148264984227,0.37854889589905366,0.44164037854889593,0.06309148264984227,0.44164037854889593,False,2021-22,2021,0.44164037854889593,1,2853,,,0.44164037854889593,,,484,38.0,63.3421052631579,19.18421052631579,6.7631578947368425,7.7894736842105265,94.0,26.0,0.7112195121951219,0.3384615384615385,32.5,2022-23,True
Trent Alexander-Arnold,England,DF,Liverpool,23,1998,37,34,2923,32.5,2,9,11,2,0,0,5,0,0.06153846153846154,0.27692307692307694,0.3384615384615385,0.06153846153846154,0.3384615384615385,False,2022-23,2022,0.3384615384615385,2,5776,2853.0,70.0,0.37285448515732433,0.44164037854889593,,529,38.0,61.10526315789474,15.921052631578947,5.578947368421052,9.710526315789474,75.0,47.0,0.6211498973305954,0.29288702928870297,23.9,2023-24,True
Trent Alexander-Arnold,England,DF,Liverpool,24,1998,28,25,2155,23.9,3,4,7,3,0,0,6,0,0.12552301255230125,0.1673640167364017,0.29288702928870297,0.12552301255230125,0.29288702928870297,False,2023-24,2023,0.29288702928870297,3,7931,2923.0,-768.0,0.3195428479115767,0.3384615384615385,0.44164037854889593,576,38.0,61.78947368421053,20.789473684210527,7.2894736842105265,10.894736842105264,86.0,41.0,0.6561461794019934,0.34220532319391633,26.3,2024-25,True
Trevoh Chalobah,England,DF,Chelsea,22,1999,20,17,1449,16.1,3,1,4,3,0,0,2,0,0.18633540372670807,0.06211180124223602,0.24844720496894407,0.18633540372670807,0.24844720496894407,False,2021-22,2021,0.24844720496894407,1,1449,,,0.24844720496894407,,,484,38.0,62.3421052631579,15.578947368421053,5.552631578947368,8.921052631578947,76.0,33.0,0.635875402792696,0.0,17.9,2022-23,True
Trevoh Chalobah,England,DF,Chelsea,23,1999,25,18,1608,17.9,0,0,0,0,0,0,4,0,0.0,0.0,0.0,0.0,0.0,False,2022-23,2022,0.0,2,3057,1449.0,159.0,0.08281573498964803,0.24844720496894407,,529,38.0,59.026315789473685,12.736842105263158,4.157894736842105,11.526315789473685,38.0,47.0,0.5249457700650759,0.09433962264150944,10.6,2023-24,True
Trevoh Chalobah,England,DF,Chelsea,24,1999,13,10,952,10.6,1,0,1,1,0,0,1,0,0.09433962264150944,0.0,0.09433962264150944,0.09433962264150944,0.09433962264150944,False,2023-24,2023,0.09433962264150944,3,4009,1608.0,-656.0,0.09049832675755563,0.0,0.24844720496894407,576,38.0,59.0,14.421052631578947,5.657894736842105,14.631578947368421,77.0,63.0,0.4963768115942029,0.0970873786407767,30.9,2025-26,True
Tyler Adams,USA,MF,Bournemouth,24,1999,3,1,121,1.3,0,0,0,0,0,0,0,0,0.0,0.0,0.0,0.0,0.0,False,2023-24,2023,0.0,2,2277,2156.0,-2035.0,0.0,0.0,,576,38.0,44.05263157894737,14.263157894736842,4.868421052631579,13.973684210526315,54.0,67.0,0.5051258154706431,0.13761467889908258,21.8,2024-25,True
Tyler Adams,USA,MF,Bournemouth,25,1999,28,21,1965,21.8,0,3,3,0,0,0,7,0,0.0,0.13761467889908258,0.13761467889908258,0.0,0.13761467889908258,False,2024-25,2024,0.13761467889908258,3,4242,121.0,1844.0,0.09174311926605505,0.0,0.0,625,38.0,48.578947368421055,15.263157894736842,5.315789473684211,12.842105263157896,58.0,46.0,0.5430711610486891,0.20304568527918782,19.7,2025-26,True
Tyler Dibling,England,"MF,FW",Southampton,18,2006,33,20,1874,20.8,2,0,2,2,0,0,6,0,0.09615384615384615,0.0,0.09615384615384615,0.09615384615384615,0.09615384615384615,False,2024-25,2024,0.09615384615384615,1,1874,,,0.09615384615384615,,,324,,,,,,,,,0.0,4.0,2025-26,True
Tyrick Mitchell,England,DF,Crystal Palace,21,1999,36,35,3101,34.5,0,2,2,0,0,0,1,0,0.0,0.057971014492753624,0.057971014492753624,0.0,0.057971014492753624,False,2021-22,2021,0.057971014492753624,1,3101,,,0.057971014492753624,,,441,38.0,50.94736842105263,10.81578947368421,3.8684210526315788,11.657894736842104,50.0,46.0,0.48126463700234196,0.06230529595015576,32.1,2022-23,True
Tyrick Mitchell,England,DF,Crystal Palace,22,1999,36,34,2891,32.1,0,2,2,0,0,0,5,1,0.0,0.06230529595015576,0.06230529595015576,0.0,0.06230529595015576,False,2022-23,2022,0.06230529595015576,2,5992,3101.0,-210.0,0.06086053546435505,0.057971014492753624,,484,38.0,46.13157894736842,11.18421052631579,3.5789473684210527,12.0,40.0,49.0,0.48240635641316687,0.14044943820224717,35.6,2023-24,True
Tyrick Mitchell,England,"DF,MF",Crystal Palace,23,1999,37,37,3204,35.6,2,3,5,2,0,0,6,0,0.056179775280898875,0.08426966292134831,0.14044943820224717,0.056179775280898875,0.14044943820224717,False,2023-24,2023,0.14044943820224717,3,9196,2891.0,313.0,0.11391980395628312,0.06230529595015576,0.057971014492753624,529,38.0,42.1578947368421,12.0,4.447368421052632,12.078947368421053,57.0,58.0,0.4983606557377049,0.14534883720930233,34.4,2024-25,True
Tyrick Mitchell,England,MF,Crystal Palace,24,1999,37,37,3092,34.4,0,5,5,0,0,0,2,0,0.0,0.14534883720930233,0.14534883720930233,0.0,0.14534883720930233,False,2024-25,2024,0.14534883720930233,4,12288,3204.0,-112.0,0.13487249279162927,0.14044943820224717,0.06230529595015576,576,38.0,42.5,13.552631578947368,4.894736842105263,12.710526315789474,51.0,51.0,0.5160320641282565,0.08310249307479224,36.1,2025-26,True
Tyrone Mings,England,DF,Aston Villa,28,1993,36,35,3189,35.4,1,3,4,1,0,0,11,0,0.02824858757062147,0.08474576271186442,0.11299435028248588,0.02824858757062147,0.11299435028248588,False,2021-22,2021,0.11299435028248588,1,3189,,,0.11299435028248588,,,784,38.0,46.473684210526315,12.210526315789474,4.2631578947368425,12.552631578947368,52.0,54.0,0.49309245483528164,0.08571428571428572,35.0,2022-23,True
Tyrone Mings,England,DF,Aston Villa,30,1993,1,1,30,0.3,0,0,0,0,0,0,0,0,0.0,0.0,0.0,0.0,0.0,False,2023-24,2023,0.0,3,6369,3150.0,-3120.0,0.031602546856784146,0.08571428571428572,0.11299435028248588,900,38.0,53.421052631578945,13.5,5.0,11.947368421052632,76.0,61.0,0.5305067218200621,0.0,12.4,2024-25,True
Tyrone Mings,England,DF,Aston Villa,31,1993,14,12,1120,12.4,0,0,0,0,0,0,1,0,0.0,0.0,0.0,0.0,0.0,False,2024-25,2024,0.0,4,7489,30.0,1090.0,0.010534182285594716,0.0,0.08571428571428572,961,38.0,50.71052631578947,12.736842105263158,4.473684210526316,12.18421052631579,58.0,51.0,0.5110876451953538,0.0,14.7,2025-26,True
Vicente Guaita,Spain,GK,Crystal Palace,34,1987,30,30,2655,29.5,0,0,0,0,0,0,2,0,0.0,0.0,0.0,0.0,0.0,False,2021-22,2021,0.0,1,2655,,,0.0,,,1156,38.0,50.94736842105263,10.81578947368421,3.8684210526315788,11.657894736842104,50.0,46.0,0.48126463700234196,0.0,27.0,2022-23,True
Victor Bernth Kristiansen,Denmark,DF,Leicester City,19,2002,12,11,892,9.9,0,1,1,0,0,0,2,0,0.0,0.10101010101010101,0.10101010101010101,0.0,0.10101010101010101,False,2022-23,2022,0.10101010101010101,1,892,,,0.10101010101010101,,,361,,,,,,,,,0.036231884057971016,27.6,2024-25,True
Victor Lindelöf,Sweden,DF,Manchester Utd,27,1994,28,26,2355,26.2,0,2,2,0,0,0,4,0,0.0,0.07633587786259542,0.07633587786259542,0.0,0.07633587786259542,False,2021-22,2021,0.07633587786259542,1,2355,,,0.07633587786259542,,,729,38.0,52.921052631578945,13.368421052631579,4.921052631578948,13.447368421052632,57.0,57.0,0.4985279685966634,0.0,15.2,2022-23,True
Victor Lindelöf,Sweden,DF,Manchester Utd,28,1994,20,14,1365,15.2,0,0,0,0,0,0,1,0,0.0,0.0,0.0,0.0,0.0,False,2022-23,2022,0.0,2,3720,2355.0,-990.0,0.025445292620865142,0.07633587786259542,,784,38.0,53.973684210526315,15.578947368421053,5.631578947368421,12.657894736842104,58.0,43.0,0.5517241379310345,0.13513513513513511,14.8,2023-24,True
Victor Lindelöf,Sweden,DF,Manchester Utd,29,1994,19,14,1328,14.8,1,1,2,1,0,0,2,0,0.06756756756756756,0.06756756756756756,0.13513513513513511,0.06756756756756756,0.13513513513513511,False,2023-24,2023,0.13513513513513511,3,5048,1365.0,-37.0,0.09857185429704513,0.0,0.07633587786259542,841,38.0,50.526315789473685,14.473684210526315,5.078947368421052,17.55263157894737,57.0,58.0,0.4519309778142974,0.0,7.8,2024-25,True
Victor Lindelöf,Sweden,DF,Manchester Utd,30,1994,16,6,704,7.8,0,0,0,0,0,0,1,0,0.0,0.0,0.0,0.0,0.0,False,2024-25,2024,0.0,4,5752,1328.0,-624.0,0.03285728476568171,0.13513513513513511,0.0,900,38.0,53.55263157894737,13.868421052631579,4.605263157894737,10.921052631578947,44.0,54.0,0.559447983014862,0.09523809523809523,10.5,2025-26,True
Virgil van Dijk,Netherlands,DF,Liverpool,30,1991,34,34,3060,34.0,3,1,4,3,0,0,3,0,0.08823529411764706,0.029411764705882353,0.11764705882352941,0.08823529411764706,0.11764705882352941,False,2021-22,2021,0.11764705882352941,1,3060,,,0.11764705882352941,,,900,38.0,63.3421052631579,19.18421052631579,6.7631578947368425,7.7894736842105265,94.0,26.0,0.7112195121951219,0.12698412698412698,31.5,2022-23,True
Virgil van Dijk,Netherlands,DF,Liverpool,31,1991,32,32,2835,31.5,3,1,4,3,0,0,3,0,0.09523809523809523,0.031746031746031744,0.12698412698412698,0.09523809523809523,0.12698412698412698,False,2022-23,2022,0.12698412698412698,2,5895,3060.0,-225.0,0.12387177093059445,0.11764705882352941,,961,38.0,61.10526315789474,15.921052631578947,5.578947368421052,9.710526315789474,75.0,47.0,0.6211498973305954,0.113314447592068,35.3,2023-24,True
Virgil van Dijk,Netherlands,DF,Liverpool,32,1991,36,36,3177,35.3,2,2,4,2,0,0,3,1,0.056657223796034,0.056657223796034,0.113314447592068,0.056657223796034,0.113314447592068,False,2023-24,2023,0.113314447592068,3,9072,2835.0,342.0,0.11683355537157683,0.12698412698412698,0.11764705882352941,1024,38.0,61.78947368421053,20.789473684210527,7.2894736842105265,10.894736842105264,86.0,41.0,0.6561461794019934,0.10810810810810811,37.0,2024-25,True
Virgil van Dijk,Netherlands,DF,Liverpool,33,1991,37,37,3330,37.0,3,1,4,3,0,0,5,0,0.08108108108108109,0.02702702702702703,0.10810810810810811,0.08108108108108109,0.10810810810810811,False,2024-25,2024,0.10810810810810811,4,12402,3177.0,153.0,0.11101659052926435,0.113314447592068,0.12698412698412698,1089,38.0,58.078947368421055,17.026315789473685,6.078947368421052,10.18421052631579,86.0,41.0,0.625725338491296,0.15789473684210525,38.0,2025-26,True
Vitaliy Mykolenko,Ukraine,"DF,MF",Everton,22,1999,13,12,1055,11.7,1,0,1,1,0,0,0,0,0.08547008547008547,0.0,0.08547008547008547,0.08547008547008547,0.08547008547008547,False,2021-22,2021,0.08547008547008547,1,1055,,,0.08547008547008547,,,484,38.0,39.68421052631579,11.526315789473685,3.6315789473684212,13.710526315789474,43.0,66.0,0.45672575599582904,0.0,29.5,2022-23,True
Vitaliy Mykolenko,Ukraine,"DF,MF",Everton,23,1999,34,30,2655,29.5,0,0,0,0,0,0,4,0,0.0,0.0,0.0,0.0,0.0,False,2022-23,2022,0.0,2,3710,1055.0,1600.0,0.028490028490028494,0.08547008547008547,,529,38.0,42.578947368421055,11.289473684210526,4.0,15.105263157894736,34.0,57.0,0.42771684945164506,0.07299270072992702,27.4,2023-24,True
Vitaliy Mykolenko,Ukraine,DF,Everton,24,1999,28,28,2469,27.4,2,0,2,2,0,0,1,0,0.07299270072992702,0.0,0.07299270072992702,0.07299270072992702,0.07299270072992702,False,2023-24,2023,0.07299270072992702,3,6179,2655.0,-186.0,0.05815847664996084,0.0,0.08547008547008547,576,38.0,40.73684210526316,13.342105263157896,4.2631578947368425,14.157894736842104,40.0,51.0,0.4851674641148326,0.08771929824561403,34.2,2024-25,True
Vitaliy Mykolenko,Ukraine,DF,Everton,25,1999,35,35,3082,34.2,1,2,3,1,0,0,4,0,0.029239766081871343,0.05847953216374269,0.08771929824561403,0.029239766081871343,0.08771929824561403,False,2024-25,2024,0.08771929824561403,4,9261,2469.0,613.0,0.07786569104706297,0.07299270072992702,0.0,625,38.0,40.63157894736842,10.657894736842104,3.763157894736842,12.605263157894736,42.0,44.0,0.4581447963800905,0.030395136778115502,32.9,2025-26,True
Vitaly Janelt,Germany,MF,Brentford,23,1998,31,27,2298,25.5,4,0,4,4,0,0,3,0,0.1568627450980392,0.0,0.1568627450980392,0.1568627450980392,0.1568627450980392,False,2021-22,2021,0.1568627450980392,1,2298,,,0.1568627450980392,,,529,38.0,44.5,11.631578947368421,4.052631578947368,13.210526315789474,48.0,56.0,0.4682203389830508,0.16326530612244897,24.5,2022-23,True
Vitaly Janelt,Germany,MF,Brentford,24,1998,35,24,2208,24.5,3,1,4,3,0,0,3,0,0.12244897959183673,0.04081632653061224,0.16326530612244897,0.12244897959183673,0.16326530612244897,False,2022-23,2022,0.16326530612244897,2,4506,2298.0,-90.0,0.16113111911431238,0.1568627450980392,,576,38.0,43.39473684210526,10.710526315789474,4.2631578947368425,14.763157894736842,58.0,46.0,0.42045454545454547,0.11799410029498525,33.9,2023-24,True
Vitaly Janelt,Germany,"MF,DF",Brentford,25,1998,38,37,3054,33.9,1,3,4,1,0,0,8,0,0.029498525073746312,0.08849557522123894,0.11799410029498525,0.029498525073746312,0.11799410029498525,False,2023-24,2023,0.11799410029498525,3,7560,2208.0,846.0,0.1323731065680943,0.16326530612244897,0.1568627450980392,625,38.0,44.973684210526315,12.447368421052632,4.526315789473684,14.421052631578947,56.0,65.0,0.4632713026444662,0.16,25.0,2024-25,True
Vitaly Janelt,Germany,MF,Brentford,26,1998,32,27,2254,25.0,1,3,4,1,0,0,3,0,0.04,0.12,0.16,0.04,0.16,False,2024-25,2024,0.16,4,9814,3054.0,-800.0,0.1507910355226981,0.11799410029498525,0.16326530612244897,676,38.0,47.81578947368421,11.578947368421053,4.842105263157895,17.026315789473685,66.0,57.0,0.40478380864765406,0.3125,16.0,2025-26,True
Vladimír Coufal,Czechia,DF,West Ham,28,1992,28,25,2209,24.5,0,4,4,0,0,0,5,1,0.0,0.16326530612244897,0.16326530612244897,0.0,0.16326530612244897,False,2021-22,2021,0.16326530612244897,1,2209,,,0.16326530612244897,,,784,,,,,,,,,0.04219409282700422,23.7,2022-23,True
Vladimír Coufal,Czechia,"DF,MF",West Ham,29,1992,27,24,2136,23.7,0,1,1,0,0,0,5,0,0.0,0.04219409282700422,0.04219409282700422,0.0,0.04219409282700422,False,2022-23,2022,0.04219409282700422,2,4345,2209.0,-73.0,0.08255116392548581,0.16326530612244897,,841,,,,,,,,,0.20114942528735633,34.8,2023-24,True
Vladimír Coufal,Czechia,DF,West Ham,30,1992,36,36,3132,34.8,0,7,7,0,0,0,7,1,0.0,0.20114942528735633,0.20114942528735633,0.0,0.20114942528735633,False,2023-24,2023,0.20114942528735633,3,7477,2136.0,996.0,0.16161667150006614,0.04219409282700422,0.16326530612244897,900,,,,,,,,,0.0,11.9,2024-25,True
Wataru Endo,Japan,MF,Liverpool,30,1993,29,20,1722,19.1,1,0,1,1,0,0,10,0,0.05235602094240837,0.0,0.05235602094240837,0.05235602094240837,0.05235602094240837,False,2023-24,2023,0.05235602094240837,1,1722,,,0.05235602094240837,,,900,38.0,61.78947368421053,20.789473684210527,7.2894736842105265,10.894736842105264,86.0,41.0,0.6561461794019934,0.0,3.0,2024-25,True
Wayne Hennessey,Wales,GK,Burnley,34,1987,2,2,180,2.0,0,0,0,0,0,0,0,0,0.0,0.0,0.0,0.0,0.0,False,2021-22,2021,0.0,1,180,,,0.0,,,1156,,,,,,,,,0.0,3.0,2022-23,True
Wesley Fofana,France,DF,Leicester City,20,2000,7,7,630,7.0,0,0,0,0,0,0,2,0,0.0,0.0,0.0,0.0,0.0,False,2021-22,2021,0.0,1,630,,,0.0,,,400,,,,,,,,,0.0,13.0,2024-25,True
Wesley Fofana,France,DF,Chelsea,23,2000,14,14,1172,13.0,0,0,0,0,0,0,7,0,0.0,0.0,0.0,0.0,0.0,False,2024-25,2024,0.0,2,1802,630.0,542.0,0.0,0.0,,529,38.0,57.3421052631579,15.657894736842104,5.7368421052631575,10.447368421052632,64.0,43.0,0.5997983870967741,0.05235602094240837,19.1,2025-26,True
Wilfred Ndidi,Nigeria,"MF,DF",Leicester City,24,1996,19,18,1618,18.0,0,0,0,0,0,0,4,0,0.0,0.0,0.0,0.0,0.0,False,2021-22,2021,0.0,1,1618,,,0.0,,,576,,,,,,,,,0.0,18.7,2022-23,True
Wilfred Ndidi,Nigeria,"MF,DF",Leicester City,25,1996,27,19,1679,18.7,0,0,0,0,0,0,4,0,0.0,0.0,0.0,0.0,0.0,False,2022-23,2022,0.0,2,3297,1618.0,61.0,0.0,0.0,,625,,,,,,,,,0.19379844961240308,25.8,2024-25,True
Wilfried Gnonto,Italy,"MF,FW",Leeds United,18,2003,24,14,1354,15.0,2,4,6,2,0,0,7,0,0.13333333333333333,0.26666666666666666,0.4,0.13333333333333333,0.4,False,2022-23,2022,0.4,1,1354,,,0.4,,,324,38.0,46.94736842105263,12.157894736842104,3.8157894736842106,13.868421052631579,48.0,78.0,0.4671385237613751,0.16666666666666666,6.0,2025-26,True
Wilfried Zaha,Ivory Coast,"FW,MF",Crystal Palace,28,1992,33,31,2760,30.7,14,1,15,9,5,7,6,1,0.45602605863192186,0.03257328990228013,0.48859934853420195,0.2931596091205212,0.3257328990228013,False,2021-22,2021,0.48859934853420195,1,2760,,,0.48859934853420195,,,784,38.0,50.94736842105263,10.81578947368421,3.8684210526315788,11.657894736842104,50.0,46.0,0.48126463700234196,0.35433070866141736,25.4,2022-23,True
Will Hughes,England,MF,Crystal Palace,26,1995,16,13,1053,11.7,0,1,1,0,0,0,6,0,0.0,0.08547008547008547,0.08547008547008547,0.0,0.08547008547008547,False,2021-22,2021,0.08547008547008547,1,1053,,,0.08547008547008547,,,676,38.0,50.94736842105263,10.81578947368421,3.8684210526315788,11.657894736842104,50.0,46.0,0.48126463700234196,0.2127659574468085,9.4,2022-23,True
Will Hughes,England,MF,Crystal Palace,27,1995,27,7,842,9.4,1,1,2,1,0,0,4,0,0.10638297872340426,0.10638297872340426,0.2127659574468085,0.10638297872340426,0.2127659574468085,False,2022-23,2022,0.2127659574468085,2,1895,1053.0,-211.0,0.17033400012123415,0.08547008547008547,,729,38.0,46.13157894736842,11.18421052631579,3.5789473684210527,12.0,40.0,49.0,0.48240635641316687,0.047619047619047616,21.0,2023-24,True
Will Hughes,England,MF,Crystal Palace,28,1995,30,23,1891,21.0,0,1,1,0,0,0,6,0,0.0,0.047619047619047616,0.047619047619047616,0.0,0.047619047619047616,False,2023-24,2023,0.047619047619047616,3,3786,842.0,1049.0,0.08852403178644314,0.2127659574468085,0.08547008547008547,784,38.0,42.1578947368421,12.0,4.447368421052632,12.078947368421053,57.0,58.0,0.4983606557377049,0.12820512820512822,23.4,2024-25,True
Will Hughes,England,MF,Crystal Palace,29,1995,33,24,2108,23.4,0,3,3,0,0,0,11,0,0.0,0.12820512820512822,0.12820512820512822,0.0,0.12820512820512822,False,2024-25,2024,0.12820512820512822,4,5894,1891.0,217.0,0.11497809606556653,0.047619047619047616,0.2127659574468085,841,38.0,42.5,13.552631578947368,4.894736842105263,12.710526315789474,51.0,51.0,0.5160320641282565,0.0,17.5,2025-26,True
William Osula,Denmark,FW,Newcastle,20,2003,14,0,134,1.5,1,0,1,1,0,0,0,0,0.6666666666666666,0.0,0.6666666666666666,0.6666666666666666,0.6666666666666666,False,2024-25,2024,0.6666666666666666,2,920,786.0,-652.0,0.4444444444444444,0.0,,400,38.0,51.05263157894737,13.789473684210526,4.578947368421052,12.447368421052632,68.0,47.0,0.5255767301905717,0.7692307692307693,9.1,2025-26,True
William Saliba,France,DF,Arsenal,21,2001,27,27,2415,26.8,2,1,3,2,0,0,4,0,0.07462686567164178,0.03731343283582089,0.11194029850746269,0.07462686567164178,0.11194029850746269,False,2022-23,2022,0.11194029850746269,1,2415,,,0.11194029850746269,,,441,38.0,59.94736842105263,15.605263157894736,5.368421052631579,8.973684210526315,88.0,43.0,0.6349036402569593,0.07894736842105263,38.0,2023-24,True
William Saliba,France,DF,Arsenal,22,2001,38,38,3420,38.0,2,1,3,2,0,0,4,0,0.05263157894736842,0.02631578947368421,0.07894736842105263,0.05263157894736842,0.07894736842105263,False,2023-24,2023,0.07894736842105263,2,5835,2415.0,1005.0,0.08994501178318931,0.11194029850746269,,484,38.0,58.63157894736842,17.263157894736842,5.973684210526316,8.473684210526315,91.0,29.0,0.6707566462167689,0.0591715976331361,33.8,2024-25,True
William Saliba,France,DF,Arsenal,23,2001,35,35,3039,33.8,2,0,2,2,0,0,2,1,0.0591715976331361,0.0,0.0591715976331361,0.0591715976331361,0.0591715976331361,False,2024-25,2024,0.0591715976331361,3,8874,3420.0,-381.0,0.06942940234982051,0.07894736842105263,0.11194029850746269,529,38.0,57.18421052631579,14.394736842105264,4.947368421052632,9.526315789473685,69.0,34.0,0.6017601760176018,0.034482758620689655,29.0,2025-26,True
William Smallbone,Ireland,"MF,FW",Southampton,21,2000,4,2,133,1.5,0,0,0,0,0,0,0,0,0.0,0.0,0.0,0.0,0.0,False,2021-22,2021,0.0,1,133,,,0.0,,,441,,,,,,,,,0.12987012987012986,7.7,2024-25,True
Willian,Brazil,MF,Fulham,33,1988,27,25,2126,23.6,5,5,10,5,0,0,2,0,0.211864406779661,0.211864406779661,0.423728813559322,0.211864406779661,0.423728813559322,False,2022-23,2022,0.423728813559322,1,2126,,,0.423728813559322,,,1089,38.0,48.68421052631579,11.289473684210526,3.8947368421052633,13.289473684210526,55.0,53.0,0.45931477516059954,0.2631578947368421,22.8,2023-24,True
Willy Boly,Ivory Coast,DF,Wolves,30,1991,10,10,900,10.0,0,0,0,0,0,0,1,0,0.0,0.0,0.0,0.0,0.0,False,2021-22,2021,0.0,1,900,,,0.0,,,900,,,,,,,,,0.13157894736842105,7.6,2022-23,True
Willy Boly,Ivory Coast,DF,Nottingham,31,1991,11,9,685,7.6,0,1,1,0,0,0,2,0,0.0,0.13157894736842105,0.13157894736842105,0.0,0.13157894736842105,False,2022-23,2022,0.13157894736842105,2,1585,900.0,-215.0,0.08771929824561403,0.0,,961,38.0,37.21052631578947,9.68421052631579,3.1052631578947367,14.657894736842104,38.0,68.0,0.3978378378378378,0.1875,16.0,2023-24,True
Wilson Odobert,France,"MF,FW",Burnley,18,2004,29,25,2098,23.3,3,2,5,3,0,0,3,0,0.12875536480686695,0.08583690987124463,0.2145922746781116,0.12875536480686695,0.2145922746781116,False,2023-24,2023,0.2145922746781116,1,2098,,,0.2145922746781116,,,324,,,,,,,,,0.10638297872340426,9.4,2024-25,True
Wilson Odobert,France,"FW,MF",Tottenham,19,2004,16,9,850,9.4,1,0,1,1,0,0,0,0,0.10638297872340426,0.0,0.10638297872340426,0.10638297872340426,0.10638297872340426,False,2024-25,2024,0.10638297872340426,2,2948,2098.0,-1248.0,0.14245274404164004,0.2145922746781116,,361,38.0,54.76315789473684,13.078947368421053,4.868421052631579,13.736842105263158,64.0,65.0,0.4877330716388616,0.18348623853211007,10.9,2025-26,True
Wout Faes,Belgium,DF,Leicester City,24,1998,31,31,2786,31.0,1,2,3,1,0,0,6,1,0.03225806451612903,0.06451612903225806,0.0967741935483871,0.03225806451612903,0.0967741935483871,False,2022-23,2022,0.0967741935483871,1,2786,,,0.0967741935483871,,,576,,,,,,,,,0.03194888178913738,31.3,2024-25,True
Wout Weghorst,Netherlands,FW,Burnley,28,1992,20,17,1450,16.1,2,3,5,2,0,0,3,0,0.12422360248447203,0.18633540372670807,0.3105590062111801,0.12422360248447203,0.3105590062111801,False,2021-22,2021,0.3105590062111801,1,1450,,,0.3105590062111801,,,784,,,,,,,,,0.11235955056179775,8.9,2022-23,True
Yankuba Minteh,Gambian,MF,Brighton,20,2004,32,20,1838,20.4,6,4,10,6,0,0,6,0,0.29411764705882354,0.19607843137254904,0.4901960784313726,0.29411764705882354,0.4901960784313726,False,2024-25,2024,0.4901960784313726,1,1838,,,0.4901960784313726,,,400,38.0,52.63157894736842,14.026315789473685,5.026315789473684,11.236842105263158,66.0,59.0,0.5552083333333333,0.2631578947368421,26.6,2025-26,True
Yasin Ayari,Sweden,MF,Brighton,18,2003,3,1,67,0.7,0,0,0,0,0,0,0,0,0.0,0.0,0.0,0.0,0.0,False,2022-23,2022,0.0,1,67,,,0.0,,,324,38.0,60.526315789473685,16.105263157894736,6.078947368421052,10.210526315789474,72.0,53.0,0.612,0.13761467889908258,21.8,2024-25,True
Yasin Ayari,Sweden,MF,Brighton,20,2003,34,22,1965,21.8,2,1,3,2,0,0,3,0,0.09174311926605504,0.04587155963302752,0.13761467889908258,0.09174311926605504,0.13761467889908258,False,2024-25,2024,0.13761467889908258,2,2032,67.0,1898.0,0.09174311926605505,0.0,,400,38.0,52.63157894736842,14.026315789473685,5.026315789473684,11.236842105263158,66.0,59.0,0.5552083333333333,0.28037383177570097,21.4,2025-26,True
Yehor Yarmoliuk,Ukraine,MF,Brentford,19,2004,27,6,688,7.6,0,0,0,0,0,0,2,0,0.0,0.0,0.0,0.0,0.0,False,2023-24,2023,0.0,1,688,,,0.0,,,361,38.0,44.973684210526315,12.447368421052632,4.526315789473684,14.421052631578947,56.0,65.0,0.4632713026444662,0.0,16.1,2024-25,True
Yehor Yarmoliuk,Ukraine,MF,Brentford,20,2004,31,15,1450,16.1,0,0,0,0,0,0,6,0,0.0,0.0,0.0,0.0,0.0,False,2024-25,2024,0.0,2,2138,688.0,762.0,0.0,0.0,,400,38.0,47.81578947368421,11.578947368421053,4.842105263157895,17.026315789473685,66.0,57.0,0.40478380864765406,0.1016949152542373,29.5,2025-26,True
Yerry Mina,Colombia,DF,Everton,26,1994,13,11,846,9.4,0,0,0,0,0,0,3,0,0.0,0.0,0.0,0.0,0.0,False,2021-22,2021,0.0,1,846,,,0.0,,,676,38.0,39.68421052631579,11.526315789473685,3.6315789473684212,13.710526315789474,43.0,66.0,0.45672575599582904,0.30303030303030304,6.6,2022-23,True
Yerson Mosquera,Colombia,DF,Wolves,23,2001,5,5,441,4.9,0,0,0,0,0,0,2,0,0.0,0.0,0.0,0.0,0.0,False,2024-25,2024,0.0,1,441,,,0.0,,,529,,,,,,,,,0.0,23.7,2025-26,True
Yoane Wissa,DR Congo,FW,Brentford,24,1996,30,12,1284,14.3,7,1,8,7,0,0,0,0,0.4895104895104895,0.06993006993006992,0.5594405594405594,0.4895104895104895,0.5594405594405594,False,2021-22,2021,0.5594405594405594,1,1284,,,0.5594405594405594,,,576,38.0,44.5,11.631578947368421,4.052631578947368,13.210526315789474,48.0,56.0,0.4682203389830508,0.5617977528089887,17.8,2022-23,True
Yoane Wissa,DR Congo,FW,Brentford,25,1996,38,16,1606,17.8,7,3,10,7,0,0,3,0,0.3932584269662921,0.16853932584269662,0.5617977528089887,0.3932584269662921,0.5617977528089887,False,2022-23,2022,0.5617977528089887,2,2890,1284.0,322.0,0.5610120216861789,0.5594405594405594,,625,38.0,43.39473684210526,10.710526315789474,4.2631578947368425,14.763157894736842,58.0,46.0,0.42045454545454547,0.5415162454873647,27.7,2023-24,True
Yoane Wissa,DR Congo,FW,Brentford,26,1996,34,29,2493,27.7,12,3,15,12,0,0,7,0,0.4332129963898917,0.10830324909747292,0.5415162454873647,0.4332129963898917,0.5415162454873647,False,2023-24,2023,0.5415162454873647,3,5383,1606.0,887.0,0.5480148375536361,0.5617977528089887,0.5594405594405594,676,38.0,44.973684210526315,12.447368421052632,4.526315789473684,14.421052631578947,56.0,65.0,0.4632713026444662,0.7098765432098766,32.4,2024-25,True
Yoane Wissa,DR Congo,FW,Brentford,27,1996,35,34,2919,32.4,19,4,23,19,0,0,5,0,0.5864197530864198,0.1234567901234568,0.7098765432098766,0.5864197530864198,0.7098765432098766,False,2024-25,2024,0.7098765432098766,4,8302,2493.0,426.0,0.6559226413244631,0.5415162454873647,0.5617977528089887,729,38.0,47.81578947368421,11.578947368421053,4.842105263157895,17.026315789473685,66.0,57.0,0.40478380864765406,0.3389830508474576,5.9,2025-26,True
Youri Tielemans,Belgium,MF,Leicester City,24,1997,32,29,2631,29.2,6,4,10,4,2,2,3,0,0.20547945205479454,0.136986301369863,0.3424657534246575,0.136986301369863,0.273972602739726,False,2021-22,2021,0.3424657534246575,1,2631,,,0.3424657534246575,,,576,,,,,,,,,0.19230769230769232,26.0,2022-23,True
Youri Tielemans,Belgium,MF,Leicester City,25,1997,31,27,2344,26.0,3,2,5,2,1,2,4,0,0.11538461538461539,0.07692307692307693,0.19230769230769232,0.07692307692307693,0.15384615384615385,False,2022-23,2022,0.19230769230769232,2,4975,2631.0,-287.0,0.2423603793466807,0.3424657534246575,,625,,,,,,,,,0.4444444444444444,18.0,2023-24,True
Youri Tielemans,Belgium,"MF,FW",Aston Villa,26,1997,32,17,1622,18.0,2,6,8,2,0,0,3,0,0.1111111111111111,0.3333333333333333,0.4444444444444444,0.1111111111111111,0.4444444444444444,False,2023-24,2023,0.4444444444444444,3,6597,2344.0,-722.0,0.37708308941185653,0.19230769230769232,0.3424657534246575,676,38.0,53.421052631578945,13.5,5.0,11.947368421052632,76.0,61.0,0.5305067218200621,0.2976190476190476,33.6,2024-25,True
Youri Tielemans,Belgium,MF,Aston Villa,27,1997,36,35,3026,33.6,3,7,10,3,0,1,4,0,0.08928571428571429,0.20833333333333331,0.2976190476190476,0.08928571428571429,0.2976190476190476,False,2024-25,2024,0.2976190476190476,4,9623,1622.0,1404.0,0.3241070615499839,0.4444444444444444,0.19230769230769232,729,38.0,50.71052631578947,12.736842105263158,4.473684210526316,12.18421052631579,58.0,51.0,0.5110876451953538,0.1932367149758454,20.7,2025-26,True
Yves Bissouma,Mali,MF,Brighton,24,1996,26,25,2111,23.5,1,2,3,1,0,0,10,0,0.0425531914893617,0.0851063829787234,0.1276595744680851,0.0425531914893617,0.1276595744680851,False,2021-22,2021,0.1276595744680851,1,2111,,,0.1276595744680851,,,576,38.0,54.73684210526316,12.868421052631579,4.0,12.526315789473685,42.0,44.0,0.5067357512953368,0.0,11.2,2022-23,True
Yves Bissouma,Mali,MF,Tottenham,25,1996,23,10,1010,11.2,0,0,0,0,0,0,6,0,0.0,0.0,0.0,0.0,0.0,False,2022-23,2022,0.0,2,3121,2111.0,-1101.0,0.0425531914893617,0.1276595744680851,,625,38.0,49.94736842105263,13.68421052631579,5.2631578947368425,13.68421052631579,70.0,63.0,0.5,0.0,23.0,2023-24,True
Yves Bissouma,Mali,MF,Tottenham,26,1996,28,26,2068,23.0,0,0,0,0,0,0,10,2,0.0,0.0,0.0,0.0,0.0,False,2023-24,2023,0.0,3,5189,1010.0,1058.0,0.014184397163120569,0.0,0.1276595744680851,676,38.0,62.05263157894737,15.31578947368421,5.631578947368421,12.789473684210526,74.0,61.0,0.5449438202247191,0.12820512820512822,15.6,2024-25,True
Yves Bissouma,Mali,MF,Tottenham,27,1996,28,16,1408,15.6,2,0,2,2,0,0,7,0,0.12820512820512822,0.0,0.12820512820512822,0.12820512820512822,0.12820512820512822,False,2024-25,2024,0.12820512820512822,4,6597,2068.0,-660.0,0.09019821785779233,0.0,0.0,729,38.0,54.76315789473684,13.078947368421053,4.868421052631579,13.736842105263158,64.0,65.0,0.4877330716388616,0.0,6.7,2025-26,True
Álex Moreno,Spain,DF,Aston Villa,29,1993,19,14,1329,14.8,0,3,3,0,0,0,3,0,0.0,0.2027027027027027,0.2027027027027027,0.0,0.2027027027027027,False,2022-23,2022,0.2027027027027027,1,1329,,,0.2027027027027027,,,841,38.0,49.44736842105263,11.31578947368421,3.973684210526316,11.289473684210526,51.0,46.0,0.5005820721769499,0.17391304347826086,11.5,2023-24,True
Álex Moreno,Spain,DF,Aston Villa,30,1993,21,11,1031,11.5,2,0,2,2,0,0,2,0,0.17391304347826086,0.0,0.17391304347826086,0.17391304347826086,0.17391304347826086,False,2023-24,2023,0.17391304347826086,2,2360,1329.0,-298.0,0.1835095965530748,0.2027027027027027,,900,38.0,53.421052631578945,13.5,5.0,11.947368421052632,76.0,61.0,0.5305067218200621,0.09433962264150944,10.6,2024-25,True
Çağlar Söyüncü,Turkey,DF,Leicester City,25,1996,28,28,2497,27.7,1,0,1,1,0,0,5,0,0.036101083032490974,0.0,0.036101083032490974,0.036101083032490974,0.036101083032490974,False,2021-22,2021,0.036101083032490974,1,2497,,,0.036101083032490974,,,625,,,,,,,,,0.1694915254237288,5.9,2022-23,True
Édouard Mendy,Senegal,GK,Chelsea,29,1992,34,34,3060,34.0,0,0,0,0,0,0,3,0,0.0,0.0,0.0,0.0,0.0,False,2021-22,2021,0.0,1,3060,,,0.0,,,841,38.0,62.3421052631579,15.578947368421053,5.552631578947368,8.921052631578947,76.0,33.0,0.635875402792696,0.0,9.5,2022-23,True
Đorđe Petrović,Serbia,GK,Chelsea,23,1999,23,22,1987,22.1,0,0,0,0,0,0,2,0,0.0,0.0,0.0,0.0,0.0,False,2023-24,2023,0.0,1,1987,,,0.0,,,529,38.0,59.0,14.421052631578947,5.657894736842105,14.631578947368421,77.0,63.0,0.4963768115942029,0.0,38.0,2025-26,True
İlkay Gündoğan,Germany,MF,Manchester City,30,1990,27,20,1857,20.6,8,4,12,8,0,0,1,0,0.3883495145631068,0.1941747572815534,0.5825242718446602,0.3883495145631068,0.5825242718446602,False,2021-22,2021,0.5825242718446602,1,1857,,,0.5825242718446602,,,900,38.0,68.5,18.763157894736842,6.657894736842105,6.2368421052631575,99.0,26.0,0.7505263157894737,0.45977011494252873,26.1,2022-23,True
İlkay Gündoğan,Germany,MF,Manchester City,31,1990,31,27,2353,26.1,8,4,12,8,0,1,0,0,0.3065134099616858,0.1532567049808429,0.45977011494252873,0.3065134099616858,0.45977011494252873,False,2022-23,2022,0.45977011494252873,2,4210,1857.0,496.0,0.5006881672432392,0.5825242718446602,,961,38.0,65.34210526315789,15.789473684210526,5.7631578947368425,7.7105263157894735,94.0,33.0,0.6718924972004479,0.2834008097165992,24.7,2024-25,True
Łukasz Fabiański,Poland,GK,West Ham,36,1985,37,37,3330,37.0,0,0,0,0,0,0,2,0,0.0,0.0,0.0,0.0,0.0,False,2021-22,2021,0.0,1,3330,,,0.0,,,1296,,,,,,,,,0.0,34.6,2022-23,True
Łukasz Fabiański,Poland,GK,West Ham,37,1985,36,36,3111,34.6,0,0,0,0,0,0,1,0,0.0,0.0,0.0,0.0,0.0,False,2022-23,2022,0.0,2,6441,3330.0,-219.0,0.0,0.0,,1369,,,,,,,,,0.0,8.0,2023-24,True
Łukasz Fabiański,Poland,GK,West Ham,38,1985,10,7,721,8.0,0,0,0,0,0,0,0,0,0.0,0.0,0.0,0.0,0.0,False,2023-24,2023,0.0,3,7162,3111.0,-2390.0,0.0,0.0,0.0,1444,,,,,,,,,0.0,12.9,2024-25,True
